DD/MM/YYYY,Time,Hours,Month,Season,wind speed,Wind direction ,Air temperature,Rain collection ,Solar radiation,Pressure,Humidity,Min Wind speed Min,Min Air temperature Min,Max Wind speed ,Max Air temperature ,Time,Date,ReceiveTime,ReceiveDate
01-03-18,12:00:13 AM,1,March-18,Summer-2018,0.7,63.6,22.9,0.0,0.0,1025.1,41.2,0.0,22.2,5.1,25.5,00:13.0,03-01-18,01:12.0,03-01-18
01-03-18,1:00:10 AM,2,March-18,Summer-2018,0.2,100.9,22.5,0.0,0.0,1024.4,37.9,0.0,22.1,4.3,22.9,00:10.0,03-01-18,01:09.0,03-01-18
01-03-18,2:00:15 AM,3,March-18,Summer-2018,0.2,84.9,20.8,0.0,0.0,1024.0,44.5,0.0,20.3,3.6,22.1,00:15.0,03-01-18,01:09.0,03-01-18
01-03-18,3:00:10 AM,4,March-18,Summer-2018,0.4,17.8,20.7,0.0,0.0,1023.5,41.7,0.0,20.5,5.1,21.3,00:10.0,03-01-18,01:10.0,03-01-18
01-03-18,4:00:15 AM,5,March-18,Summer-2018,0.3,69.2,21.7,0.0,0.0,1023.2,40.3,0.0,21.1,3.6,22.4,00:15.0,03-01-18,01:02.0,03-01-18
01-03-18,6:00:14 AM,6,March-18,Summer-2018,1.2,119.8,20.5,0.0,0.0,1023.3,45.5,0.0,20.0,8.7,21.4,00:14.0,03-01-18,01:14.0,03-01-18
01-03-18,7:00:13 AM,7,March-18,Summer-2018,2.4,26.0,19.5,0.0,0.6,1023.9,47.3,0.0,19.1,7.2,20.2,00:13.0,03-01-18,01:09.0,03-01-18
01-03-18,8:00:19 AM,8,March-18,Summer-2018,2.6,122.3,20.8,0.0,59.8,1025.0,43.3,0.0,20.2,5.8,21.8,00:19.0,03-01-18,00:54.0,03-01-18
01-03-18,9:00:18 AM,9,March-18,Summer-2018,2.0,47.1,25.4,0.0,250.3,1026.5,33.0,0.0,21.9,5.8,28.0,00:18.0,03-01-18,01:00.0,03-01-18
01-03-18,10:00:19 AM,10,March-18,Summer-2018,6.6,33.7,30.0,0.0,454.8,1028.0,24.4,0.0,28.1,11.6,31.2,00:19.0,03-01-18,01:20.0,03-01-18
01-03-18,11:00:19 AM,11,March-18,Summer-2018,9.3,55.7,31.9,0.0,627.7,1028.3,21.7,0.0,31.2,16.7,32.7,00:19.0,03-01-18,01:10.0,03-01-18
01-03-18,12:00:14 PM,12,March-18,Summer-2018,13.3,36.9,32.9,0.0,752.8,1027.7,20.4,6.5,32.5,19.6,33.4,00:14.0,03-01-18,01:11.0,03-01-18
01-03-18,1:00:13 PM,13,March-18,Summer-2018,10.1,28.6,33.7,0.0,798.0,1026.9,19.4,0.0,33.3,18.1,34.1,00:13.0,03-01-18,01:05.0,03-01-18
01-03-18,2:00:19 PM,14,March-18,Summer-2018,7.7,82.7,34.4,0.0,785.2,1026.2,17.5,0.0,33.9,15.9,35.0,00:19.0,03-01-18,01:16.0,03-01-18
01-03-18,3:00:14 PM,15,March-18,Summer-2018,8.1,258.1,35.3,0.0,618.8,1025.1,16.4,0.0,34.7,19.6,35.8,00:14.0,03-01-18,01:11.0,03-01-18
01-03-18,4:00:18 PM,16,March-18,Summer-2018,8.5,308.5,35.3,0.0,540.4,1024.0,16.5,0.0,34.7,18.1,35.6,00:18.0,03-01-18,01:20.0,03-01-18
01-03-18,5:00:13 PM,17,March-18,Summer-2018,8.6,276.7,35.0,0.0,333.4,1023.4,16.8,0.0,34.8,16.7,35.5,00:13.0,03-01-18,01:11.0,03-01-18
01-03-18,6:00:19 PM,18,March-18,Summer-2018,11.3,272.8,34.0,0.0,114.0,1023.2,17.8,6.5,33.3,18.1,35.0,00:19.0,03-01-18,01:16.0,03-01-18
01-03-18,7:00:14 PM,19,March-18,Summer-2018,6.6,278.3,32.0,0.0,13.5,1023.4,19.6,0.0,30.5,15.2,33.3,00:14.0,03-01-18,01:07.0,03-01-18
01-03-18,8:00:18 PM,20,March-18,Summer-2018,1.7,305.3,29.5,0.0,0.0,1023.6,21.3,0.0,28.8,4.3,30.5,00:18.0,03-01-18,01:16.0,03-01-18
01-03-18,9:00:10 PM,21,March-18,Summer-2018,6.4,240.8,29.4,0.0,0.0,1024.3,23.7,0.0,28.7,15.2,30.3,00:10.0,03-01-18,01:08.0,03-01-18
01-03-18,10:00:18 PM,22,March-18,Summer-2018,7.2,281.2,29.1,0.0,0.0,1025.1,26.2,4.3,28.3,11.6,30.2,00:18.0,03-01-18,01:21.0,03-01-18
01-03-18,11:00:12 PM,23,March-18,Summer-2018,3.3,293.9,27.7,0.0,0.0,1025.3,29.3,0.0,26.6,8.0,28.4,00:12.0,03-01-18,01:04.0,03-01-18
02-03-18,12:00:18 AM,24,March-18,Summer-2018,2.3,294.9,26.3,0.0,0.0,1025.0,33.3,0.0,25.2,5.8,26.7,00:18.0,03-02-18,01:21.0,03-02-18
02-03-18,1:00:19 AM,1,March-18,Summer-2018,0.0,294.9,23.8,0.0,0.0,1024.1,40.6,0.0,22.9,3.6,25.1,00:19.0,03-02-18,01:17.0,03-02-18
02-03-18,2:00:14 AM,2,March-18,Summer-2018,1.1,103.5,22.2,0.0,0.0,1023.9,48.7,0.0,20.9,5.8,23.0,00:14.0,03-02-18,01:08.0,03-02-18
02-03-18,3:00:18 AM,3,March-18,Summer-2018,0.5,0.0,21.2,0.0,0.0,1023.5,49.5,0.0,20.8,5.1,21.8,00:18.0,03-02-18,01:17.0,03-02-18
02-03-18,4:00:19 AM,4,March-18,Summer-2018,1.4,116.4,20.8,0.0,0.0,1023.2,50.3,0.0,20.4,5.1,21.5,00:19.0,03-02-18,01:06.0,03-02-18
02-03-18,5:00:19 AM,5,March-18,Summer-2018,1.0,97.7,20.7,0.0,0.0,1023.2,48.3,0.0,20.3,4.3,21.4,00:19.0,03-02-18,01:14.0,03-02-18
02-03-18,6:00:13 AM,6,March-18,Summer-2018,1.6,140.4,20.7,0.0,0.0,1023.5,53.2,0.0,19.8,6.5,21.4,00:13.0,03-02-18,01:06.0,03-02-18
02-03-18,7:00:13 AM,7,March-18,Summer-2018,1.5,271.0,22.1,0.0,0.7,1024.3,45.0,0.0,19.6,5.8,24.3,00:13.0,03-02-18,01:10.0,03-02-18
02-03-18,8:00:18 AM,8,March-18,Summer-2018,1.5,136.7,21.8,0.0,56.3,1025.5,46.3,0.0,21.2,5.8,23.4,00:18.0,03-02-18,01:13.0,03-02-18
02-03-18,9:00:13 AM,9,March-18,Summer-2018,0.0,72.6,25.0,0.0,243.5,1026.7,40.7,0.0,22.3,3.6,28.3,00:13.0,03-02-18,01:10.0,03-02-18
02-03-18,10:00:10 AM,10,March-18,Summer-2018,5.2,19.8,30.2,0.0,452.6,1028.1,27.1,0.0,28.4,11.6,31.1,00:10.0,03-02-18,01:07.0,03-02-18
02-03-18,11:00:18 AM,11,March-18,Summer-2018,7.9,351.5,31.8,0.0,626.3,1028.3,22.6,0.0,31.0,15.9,32.4,00:18.0,03-02-18,01:14.0,03-02-18
02-03-18,12:00:13 PM,12,March-18,Summer-2018,6.1,22.6,33.0,0.0,743.1,1028.0,20.0,0.0,32.4,15.2,33.6,00:13.0,03-02-18,01:11.0,03-02-18
02-03-18,1:00:10 PM,13,March-18,Summer-2018,7.3,345.0,33.6,0.0,794.7,1026.9,19.0,0.0,33.4,17.4,33.9,00:10.0,03-02-18,01:03.0,03-02-18
02-03-18,2:00:10 PM,14,March-18,Summer-2018,11.0,298.1,34.5,0.0,776.6,1025.8,18.3,0.0,33.9,19.6,35.1,00:10.0,03-02-18,01:08.0,03-02-18
02-03-18,3:00:18 PM,15,March-18,Summer-2018,16.2,275.9,34.7,0.0,686.3,1024.5,18.3,7.2,34.4,23.2,34.9,00:18.0,03-02-18,01:23.0,03-02-18
02-03-18,4:00:13 PM,16,March-18,Summer-2018,13.2,240.7,34.6,0.0,531.3,1023.5,18.1,3.6,34.3,21.7,34.9,00:13.0,03-02-18,01:14.0,03-02-18
02-03-18,5:00:19 PM,17,March-18,Summer-2018,11.0,265.9,34.3,0.0,336.4,1023.0,18.2,4.3,34.1,19.6,34.6,00:19.0,03-02-18,01:14.0,03-02-18
02-03-18,6:00:18 PM,18,March-18,Summer-2018,10.2,272.4,33.5,0.0,130.1,1022.9,18.4,5.1,32.8,15.9,34.1,00:18.0,03-02-18,01:19.0,03-02-18
02-03-18,7:00:14 PM,19,March-18,Summer-2018,8.2,262.8,31.8,0.0,14.9,1023.0,20.1,4.3,30.7,18.1,32.8,00:14.0,03-02-18,01:15.0,03-02-18
02-03-18,8:00:18 PM,20,March-18,Summer-2018,11.2,283.6,30.2,0.0,0.0,1023.3,23.8,6.5,29.2,17.4,31.0,00:18.0,03-02-18,01:17.0,03-02-18
02-03-18,9:00:15 PM,21,March-18,Summer-2018,8.0,279.2,28.7,0.0,0.0,1024.0,26.2,5.1,28.2,13.0,29.2,00:15.0,03-02-18,01:16.0,03-02-18
02-03-18,10:00:18 PM,22,March-18,Summer-2018,2.7,295.8,27.2,0.0,0.0,1024.1,29.0,0.0,26.3,7.2,28.3,00:18.0,03-02-18,01:24.0,03-02-18
02-03-18,11:00:13 PM,23,March-18,Summer-2018,1.0,293.2,25.6,0.0,0.0,1024.4,30.7,0.0,24.5,5.1,26.3,00:13.0,03-02-18,01:15.0,03-02-18
03-03-18,12:00:18 AM,24,March-18,Summer-2018,3.2,233.0,24.6,0.0,0.0,1024.1,31.1,0.0,24.2,6.5,25.4,00:18.0,03-03-18,01:20.0,03-03-18
03-03-18,1:00:14 AM,1,March-18,Summer-2018,0.7,0.0,24.0,0.0,0.0,1023.9,33.8,0.0,22.0,5.1,25.6,00:14.0,03-03-18,01:11.0,03-03-18
03-03-18,2:00:18 AM,2,March-18,Summer-2018,2.0,248.7,21.8,0.0,0.0,1023.4,39.2,0.0,21.5,5.8,22.2,00:18.0,03-03-18,01:19.0,03-03-18
03-03-18,3:00:14 AM,3,March-18,Summer-2018,0.2,59.7,22.7,0.0,0.0,1023.0,34.7,0.0,21.2,4.3,23.3,00:14.0,03-03-18,01:11.0,03-03-18
03-03-18,4:00:14 AM,4,March-18,Summer-2018,1.2,0.0,20.2,0.0,0.0,1022.6,46.7,0.0,19.6,10.1,21.1,00:14.0,03-03-18,01:09.0,03-03-18
03-03-18,5:00:19 AM,5,March-18,Summer-2018,0.5,111.8,20.5,0.0,0.0,1022.6,43.9,0.0,19.7,7.2,21.3,00:19.0,03-03-18,01:16.0,03-03-18
03-03-18,6:00:13 AM,6,March-18,Summer-2018,1.1,70.0,19.0,0.0,0.0,1022.9,52.1,0.0,18.4,5.1,19.9,00:13.0,03-03-18,00:55.0,03-06-18
03-03-18,7:00:14 AM,7,March-18,Summer-2018,1.4,79.8,19.4,0.0,0.7,1023.5,46.7,0.0,19.0,5.1,19.9,00:14.0,03-03-18,01:06.0,03-06-18
03-03-18,8:00:14 AM,8,March-18,Summer-2018,1.7,119.4,19.8,0.0,49.2,1024.4,49.6,0.0,19.2,8.0,21.2,00:14.0,03-03-18,01:11.0,03-06-18
03-03-18,9:00:12 AM,9,March-18,Summer-2018,2.9,12.9,23.2,0.0,191.6,1025.6,40.4,0.0,21.1,8.7,26.1,00:12.0,03-03-18,01:16.0,03-06-18
03-03-18,10:00:13 AM,10,March-18,Summer-2018,8.8,58.2,28.7,0.0,452.3,1026.8,25.2,3.6,26.1,13.8,30.0,00:13.0,03-03-18,01:22.0,03-06-18
03-03-18,11:00:13 AM,11,March-18,Summer-2018,8.2,108.3,30.9,0.0,628.0,1027.2,21.4,0.0,30.0,13.0,31.8,00:13.0,03-03-18,01:29.0,03-06-18
03-03-18,12:00:16 PM,12,March-18,Summer-2018,10.2,244.5,32.5,0.0,737.1,1026.9,20.7,0.0,31.9,20.3,32.9,00:16.0,03-03-18,01:36.0,03-06-18
03-03-18,1:00:19 PM,13,March-18,Summer-2018,13.1,310.8,33.0,0.0,801.4,1026.2,20.8,5.8,32.5,21.7,33.4,00:19.0,03-03-18,01:41.0,03-06-18
03-03-18,2:00:18 PM,14,March-18,Summer-2018,8.1,262.1,33.8,0.0,772.7,1025.3,17.0,0.0,32.9,15.9,34.6,00:18.0,03-03-18,01:46.0,03-06-18
03-03-18,3:00:15 PM,15,March-18,Summer-2018,12.9,287.0,33.8,0.0,678.7,1024.0,16.9,3.6,33.4,23.2,34.2,00:15.0,03-03-18,01:52.0,03-06-18
03-03-18,4:00:19 PM,16,March-18,Summer-2018,12.6,0.0,33.7,0.0,519.1,1023.2,16.5,0.0,33.3,23.2,34.2,00:19.0,03-03-18,01:59.0,03-06-18
03-03-18,5:00:10 PM,17,March-18,Summer-2018,13.8,282.0,33.3,0.0,323.7,1022.8,16.9,5.1,32.9,36.2,33.6,00:10.0,03-03-18,02:06.0,03-06-18
03-03-18,6:00:15 PM,18,March-18,Summer-2018,14.6,269.3,32.1,0.0,108.0,1022.8,18.4,9.4,31.3,20.3,32.9,00:15.0,03-03-18,02:11.0,03-06-18
03-03-18,7:00:10 PM,19,March-18,Summer-2018,14.6,262.7,30.3,0.0,13.6,1022.8,21.4,10.1,29.3,21.0,31.3,00:10.0,03-03-18,02:16.0,03-06-18
03-03-18,8:00:12 PM,20,March-18,Summer-2018,11.7,276.8,28.5,0.0,0.0,1023.2,24.5,7.2,27.9,20.3,29.3,00:12.0,03-03-18,02:22.0,03-06-18
03-03-18,9:00:15 PM,21,March-18,Summer-2018,8.9,264.6,27.4,0.0,0.0,1023.7,26.3,4.3,26.8,18.1,27.9,00:15.0,03-03-18,02:26.0,03-06-18
03-03-18,10:00:18 PM,22,March-18,Summer-2018,5.6,264.3,26.3,0.0,0.0,1023.8,28.0,0.0,25.3,10.1,26.8,00:18.0,03-03-18,02:36.0,03-06-18
03-03-18,11:00:10 PM,23,March-18,Summer-2018,2.9,285.4,25.2,0.0,0.0,1023.7,29.2,0.0,25.0,9.4,25.5,00:10.0,03-03-18,02:41.0,03-06-18
04-03-18,12:00:15 AM,24,March-18,Summer-2018,1.7,148.6,24.3,0.0,0.0,1023.4,29.6,0.0,22.5,7.2,25.0,00:15.0,03-04-18,02:46.0,03-06-18
04-03-18,1:00:13 AM,1,March-18,Summer-2018,0.1,117.3,21.6,0.0,0.0,1022.9,38.7,0.0,21.4,4.3,22.5,00:13.0,03-04-18,02:52.0,03-06-18
04-03-18,2:00:14 AM,2,March-18,Summer-2018,0.6,97.7,21.4,0.0,0.0,1022.3,40.6,0.0,21.1,4.3,21.9,00:14.0,03-04-18,02:59.0,03-06-18
04-03-18,3:00:19 AM,3,March-18,Summer-2018,0.1,162.9,22.5,0.0,0.0,1022.1,33.7,0.0,21.9,3.6,23.2,00:19.0,03-04-18,03:06.0,03-06-18
04-03-18,4:00:14 AM,4,March-18,Summer-2018,0.0,157.4,21.8,0.0,0.0,1021.9,38.5,0.0,21.3,3.6,22.4,00:14.0,03-04-18,03:11.0,03-06-18
04-03-18,5:00:19 AM,5,March-18,Summer-2018,1.3,220.7,22.1,0.0,0.0,1022.0,35.0,0.0,21.1,5.8,23.1,00:19.0,03-04-18,03:16.0,03-06-18
04-03-18,6:00:18 AM,6,March-18,Summer-2018,0.8,284.7,22.4,0.0,0.0,1022.4,33.3,0.0,21.8,5.1,23.4,00:18.0,03-04-18,03:22.0,03-06-18
04-03-18,7:00:19 AM,7,March-18,Summer-2018,0.0,285.0,21.6,0.0,0.7,1023.0,37.3,0.0,19.8,3.6,22.8,00:19.0,03-04-18,03:29.0,03-06-18
04-03-18,8:00:19 AM,8,March-18,Summer-2018,1.6,240.1,20.5,0.0,55.8,1023.7,42.0,0.0,19.6,7.2,23.6,00:19.0,03-04-18,03:36.0,03-06-18
04-03-18,9:00:13 AM,9,March-18,Summer-2018,8.8,279.3,25.4,0.0,237.0,1025.1,31.5,5.1,23.6,12.3,26.3,00:13.0,03-04-18,03:41.0,03-06-18
04-03-18,10:00:14 AM,10,March-18,Summer-2018,7.6,244.2,27.2,0.0,440.5,1026.2,28.6,4.3,26.3,10.9,28.3,00:14.0,03-04-18,03:46.0,03-06-18
04-03-18,11:00:13 AM,11,March-18,Summer-2018,3.0,83.3,29.7,0.0,607.0,1026.9,23.9,0.0,28.3,8.7,31.1,00:13.0,03-04-18,03:52.0,03-06-18
04-03-18,12:00:13 PM,12,March-18,Summer-2018,5.2,186.5,31.3,0.0,696.8,1026.5,20.0,0.0,30.7,13.0,32.6,00:13.0,03-04-18,03:59.0,03-06-18
04-03-18,1:00:14 PM,13,March-18,Summer-2018,5.4,301.0,32.5,0.0,783.5,1025.9,19.9,0.0,32.3,13.0,32.7,00:14.0,03-04-18,04:06.0,03-06-18
04-03-18,2:00:14 PM,14,March-18,Summer-2018,10.7,265.2,32.7,0.0,760.2,1024.7,20.9,0.0,32.4,17.4,33.0,00:14.0,03-04-18,04:11.0,03-06-18
04-03-18,3:00:12 PM,15,March-18,Summer-2018,11.5,269.4,33.0,0.0,664.4,1023.5,20.7,0.0,32.6,21.0,33.2,00:12.0,03-04-18,04:16.0,03-06-18
04-03-18,4:00:19 PM,16,March-18,Summer-2018,15.4,271.6,32.7,0.0,501.4,1022.7,21.3,7.2,32.4,22.5,33.0,00:19.0,03-04-18,04:22.0,03-06-18
04-03-18,5:00:15 PM,17,March-18,Summer-2018,14.3,271.0,32.3,0.0,317.7,1022.4,21.8,8.0,31.8,21.0,32.6,00:15.0,03-04-18,04:29.0,03-06-18
04-03-18,6:00:13 PM,18,March-18,Summer-2018,12.4,263.5,31.3,0.0,123.2,1022.3,22.1,5.8,30.6,16.7,31.8,00:13.0,03-04-18,04:36.0,03-06-18
04-03-18,7:00:10 PM,19,March-18,Summer-2018,9.0,246.1,29.8,0.0,14.1,1022.3,24.3,3.6,29.0,15.2,30.6,00:10.0,03-04-18,04:41.0,03-06-18
04-03-18,8:00:18 PM,20,March-18,Summer-2018,10.9,258.4,28.5,0.0,0.0,1022.8,29.8,7.2,28.0,18.8,29.0,00:18.0,03-04-18,04:46.0,03-06-18
04-03-18,9:00:13 PM,21,March-18,Summer-2018,10.5,257.7,27.5,0.0,0.0,1023.4,32.7,6.5,27.0,15.2,28.0,00:13.0,03-04-18,04:52.0,03-06-18
04-03-18,10:00:13 PM,22,March-18,Summer-2018,10.8,270.6,26.7,0.0,0.0,1024.0,34.4,6.5,26.3,15.9,27.0,00:13.0,03-04-18,04:59.0,03-06-18
04-03-18,11:00:10 PM,23,March-18,Summer-2018,5.7,248.7,25.5,0.0,0.0,1024.1,34.9,0.0,24.1,12.3,26.4,00:10.0,03-04-18,05:06.0,03-06-18
05-03-18,12:00:14 AM,24,March-18,Summer-2018,0.2,249.4,23.0,0.0,0.0,1024.0,39.5,0.0,22.1,5.1,24.1,00:14.0,03-05-18,05:11.0,03-06-18
05-03-18,1:00:14 AM,1,March-18,Summer-2018,0.0,249.4,22.0,0.0,0.0,1023.6,44.5,0.0,21.8,0.0,22.1,00:14.0,03-05-18,05:16.0,03-06-18
05-03-18,2:00:17 AM,2,March-18,Summer-2018,0.0,249.4,21.3,0.0,0.0,1023.1,48.6,0.0,21.0,0.0,21.8,00:17.0,03-05-18,05:22.0,03-06-18
05-03-18,3:00:13 AM,3,March-18,Summer-2018,0.0,249.4,21.1,0.0,0.0,1022.8,47.1,0.0,20.6,0.0,22.1,00:13.0,03-05-18,05:29.0,03-06-18
05-03-18,4:00:14 AM,4,March-18,Summer-2018,0.0,249.4,22.6,0.0,0.0,1022.7,38.6,0.0,22.1,0.0,23.0,00:14.0,03-05-18,05:36.0,03-06-18
05-03-18,5:00:19 AM,5,March-18,Summer-2018,4.9,232.4,23.1,0.0,0.0,1023.0,37.6,0.0,22.5,8.7,23.8,00:19.0,03-05-18,05:41.0,03-06-18
05-03-18,6:00:18 AM,6,March-18,Summer-2018,1.6,128.0,21.9,0.0,0.0,1023.5,40.8,0.0,20.4,5.8,23.0,00:18.0,03-05-18,05:46.0,03-06-18
05-03-18,7:00:19 AM,7,March-18,Summer-2018,0.0,224.3,20.2,0.0,0.6,1024.0,46.5,0.0,19.9,0.0,20.5,00:19.0,03-05-18,05:52.0,03-06-18
05-03-18,8:00:10 AM,8,March-18,Summer-2018,0.0,226.9,21.3,0.0,52.5,1025.2,43.3,0.0,20.4,0.0,22.6,00:10.0,03-05-18,05:56.0,03-06-18
05-03-18,9:00:14 AM,9,March-18,Summer-2018,2.6,272.8,25.3,0.0,244.2,1026.6,35.9,0.0,22.7,6.5,27.4,00:14.0,03-05-18,06:06.0,03-06-18
05-03-18,10:00:14 AM,10,March-18,Summer-2018,3.0,275.6,28.2,0.0,422.2,1028.2,29.1,0.0,27.4,9.4,29.3,00:14.0,03-05-18,06:11.0,03-06-18
05-03-18,11:00:13 AM,11,March-18,Summer-2018,2.3,257.4,30.5,0.0,613.8,1028.6,26.1,0.0,29.3,13.8,31.4,00:13.0,03-05-18,06:16.0,03-06-18
05-03-18,12:00:14 PM,12,March-18,Summer-2018,10.6,266.0,30.4,0.0,724.7,1028.2,27.3,4.3,30.1,16.7,31.2,00:14.0,03-05-18,06:22.0,03-06-18
05-03-18,1:00:18 PM,13,March-18,Summer-2018,11.0,264.9,31.1,0.0,775.8,1027.2,25.9,0.0,30.4,18.1,31.5,00:18.0,03-05-18,06:26.0,03-06-18
05-03-18,2:00:18 PM,14,March-18,Summer-2018,13.4,308.0,31.9,0.0,763.9,1026.2,23.5,3.6,31.4,22.5,32.4,00:18.0,03-05-18,06:36.0,03-06-18
05-03-18,3:00:13 PM,15,March-18,Summer-2018,14.9,255.5,32.5,0.0,680.6,1025.4,21.6,6.5,32.3,26.1,32.8,00:13.0,03-05-18,06:41.0,03-06-18
05-03-18,4:00:14 PM,16,March-18,Summer-2018,13.4,244.9,32.6,0.0,502.5,1024.6,20.7,0.0,32.0,21.0,32.9,00:14.0,03-05-18,06:46.0,03-06-18
05-03-18,5:00:19 PM,17,March-18,Summer-2018,10.1,275.1,32.2,0.0,298.4,1024.1,20.2,0.0,31.9,18.1,32.4,00:19.0,03-05-18,06:52.0,03-06-18
05-03-18,6:00:10 PM,18,March-18,Summer-2018,6.0,276.7,31.7,0.0,125.9,1024.1,20.5,0.0,31.3,13.0,32.1,00:10.0,03-05-18,06:59.0,03-06-18
05-03-18,7:00:14 PM,19,March-18,Summer-2018,4.7,280.0,30.2,0.0,16.0,1024.7,22.3,0.0,28.6,8.0,31.3,00:14.0,03-05-18,07:06.0,03-06-18
05-03-18,8:00:18 PM,20,March-18,Summer-2018,3.9,258.4,28.2,0.0,0.0,1025.2,25.0,0.0,27.7,6.5,28.6,00:18.0,03-05-18,07:11.0,03-06-18
05-03-18,9:00:13 PM,21,March-18,Summer-2018,4.3,276.7,27.1,0.0,0.0,1025.8,26.7,0.0,26.3,6.5,27.7,00:13.0,03-05-18,07:16.0,03-06-18
05-03-18,10:00:15 PM,22,March-18,Summer-2018,2.1,272.1,26.0,0.0,0.0,1026.3,28.4,0.0,25.2,5.8,26.4,00:15.0,03-05-18,07:22.0,03-06-18
05-03-18,11:00:14 PM,23,March-18,Summer-2018,0.8,296.2,25.1,0.0,0.0,1026.5,29.5,0.0,25.0,8.0,25.3,00:14.0,03-05-18,07:29.0,03-06-18
06-03-18,12:00:18 AM,24,March-18,Summer-2018,2.2,270.1,24.7,0.0,0.0,1026.4,31.0,0.0,24.0,6.5,25.2,00:18.0,03-06-18,07:36.0,03-06-18
06-03-18,1:00:14 AM,1,March-18,Summer-2018,0.5,274.7,23.5,0.0,0.0,1026.0,34.2,0.0,22.8,5.1,23.9,00:14.0,03-06-18,07:41.0,03-06-18
06-03-18,2:00:12 AM,2,March-18,Summer-2018,0.2,75.4,21.3,0.0,0.0,1025.3,44.1,0.0,20.3,4.3,22.8,00:12.0,03-06-18,07:46.0,03-06-18
06-03-18,3:00:17 AM,3,March-18,Summer-2018,0.4,46.4,20.1,0.0,0.0,1024.4,48.7,0.0,19.1,5.8,20.7,00:17.0,03-06-18,07:52.0,03-06-18
06-03-18,4:00:18 AM,4,March-18,Summer-2018,0.1,77.0,19.0,0.0,0.0,1024.1,50.9,0.0,18.8,3.6,19.1,00:18.0,03-06-18,07:59.0,03-06-18
06-03-18,5:00:19 AM,5,March-18,Summer-2018,0.1,91.6,18.7,0.0,0.0,1024.1,51.6,0.0,18.6,3.6,19.0,00:19.0,03-06-18,08:07.0,03-06-18
06-03-18,6:00:18 AM,6,March-18,Summer-2018,0.5,113.2,18.9,0.0,0.0,1024.5,51.4,0.0,17.8,5.8,19.5,00:18.0,03-06-18,08:11.0,03-06-18
06-03-18,7:00:19 AM,7,March-18,Summer-2018,0.0,113.7,18.4,0.0,1.3,1025.2,52.8,0.0,17.9,0.0,18.7,00:19.0,03-06-18,08:16.0,03-06-18
06-03-18,8:00:29 AM,8,March-18,Summer-2018,1.1,67.1,19.4,0.0,80.9,1026.0,52.1,0.0,18.0,5.8,21.3,00:29.0,03-06-18,08:22.0,03-06-18
06-03-18,9:00:14 AM,9,March-18,Summer-2018,4.3,72.3,24.4,0.0,297.3,1027.6,36.8,0.0,21.3,10.9,26.8,00:14.0,03-06-18,08:29.0,03-06-18
06-03-18,10:00:13 AM,10,March-18,Summer-2018,12.6,61.8,28.1,0.0,502.2,1028.6,27.2,6.5,26.8,20.3,29.0,00:13.0,03-06-18,08:36.0,03-06-18
06-03-18,11:00:13 AM,11,March-18,Summer-2018,15.5,72.9,29.6,0.0,674.4,1028.9,24.4,8.0,29.1,22.5,30.0,00:13.0,03-06-18,08:41.0,03-06-18
06-03-18,12:00:10 PM,12,March-18,Summer-2018,17.6,60.3,30.3,0.0,793.1,1028.5,23.4,9.4,29.9,25.3,31.0,00:10.0,03-06-18,08:46.0,03-06-18
06-03-18,1:00:10 PM,13,March-18,Summer-2018,17.1,63.0,31.4,0.0,837.5,1027.5,22.2,5.8,30.8,25.3,32.1,00:10.0,03-06-18,08:52.0,03-06-18
06-03-18,2:00:14 PM,14,March-18,Summer-2018,16.5,82.2,32.0,0.0,809.4,1026.4,21.2,6.5,31.4,23.2,32.6,00:14.0,03-06-18,08:59.0,03-06-18
06-03-18,3:00:18 PM,15,March-18,Summer-2018,9.0,123.6,32.8,0.0,711.7,1025.5,19.7,0.0,32.6,21.7,33.3,00:18.0,03-06-18,09:06.0,03-06-18
06-03-18,4:00:18 PM,16,March-18,Summer-2018,8.3,166.5,33.4,0.0,549.9,1024.5,18.9,0.0,33.1,19.6,33.8,00:18.0,03-06-18,01:09.0,03-06-18
06-03-18,5:00:13 PM,17,March-18,Summer-2018,5.1,57.9,33.6,0.0,354.4,1024.1,18.7,0.0,33.2,13.0,34.2,00:13.0,03-06-18,01:14.0,03-06-18
06-03-18,6:00:14 PM,18,March-18,Summer-2018,6.2,66.3,32.8,0.0,135.4,1024.0,19.9,0.0,32.1,11.6,33.2,00:14.0,03-06-18,01:10.0,03-06-18
06-03-18,7:00:18 PM,19,March-18,Summer-2018,3.4,340.1,31.2,0.0,14.7,1024.1,21.6,0.0,30.3,8.0,32.1,00:18.0,03-06-18,01:15.0,03-06-18
06-03-18,8:00:12 PM,20,March-18,Summer-2018,4.7,342.2,29.7,0.0,0.0,1024.6,22.9,0.0,29.4,8.7,30.3,00:12.0,03-06-18,01:04.0,03-06-18
06-03-18,9:00:18 PM,21,March-18,Summer-2018,1.4,292.4,28.9,0.0,0.0,1025.4,23.7,0.0,28.1,4.3,29.4,00:18.0,03-06-18,01:15.0,03-06-18
06-03-18,10:00:14 PM,22,March-18,Summer-2018,2.1,346.1,27.7,0.0,0.0,1025.8,25.1,0.0,27.4,5.8,28.0,00:14.0,03-06-18,01:11.0,03-06-18
06-03-18,11:00:18 PM,23,March-18,Summer-2018,8.1,121.6,27.5,0.0,0.0,1025.5,26.2,0.0,26.5,14.5,28.5,00:18.0,03-06-18,01:09.0,03-06-18
07-03-18,12:00:13 AM,24,March-18,Summer-2018,2.3,91.4,25.1,0.0,0.0,1025.2,32.7,0.0,23.1,6.5,27.8,00:13.0,03-07-18,01:05.0,03-07-18
07-03-18,1:00:14 AM,1,March-18,Summer-2018,4.0,28.6,23.2,0.0,0.0,1024.1,34.5,0.0,22.6,8.7,23.9,00:14.0,03-07-18,01:16.0,03-07-18
07-03-18,2:00:14 AM,2,March-18,Summer-2018,5.3,75.7,24.2,0.0,0.0,1023.9,32.1,0.0,23.4,8.7,24.6,00:14.0,03-07-18,01:11.0,03-07-18
07-03-18,3:00:18 AM,3,March-18,Summer-2018,6.2,41.1,22.6,0.0,0.0,1023.2,35.7,3.6,22.1,8.7,23.4,00:18.0,03-07-18,01:20.0,03-07-18
07-03-18,4:00:13 AM,4,March-18,Summer-2018,7.6,63.3,23.6,0.0,0.0,1023.0,35.0,5.8,22.8,10.1,24.3,00:13.0,03-07-18,01:00.0,03-07-18
07-03-18,5:00:14 AM,5,March-18,Summer-2018,9.4,81.7,24.4,0.0,0.0,1023.0,34.8,6.5,23.8,15.2,25.0,00:14.0,03-07-18,01:06.0,03-07-18
07-03-18,6:00:10 AM,6,March-18,Summer-2018,12.8,79.2,24.8,0.0,0.0,1023.4,33.5,8.0,24.4,21.0,25.0,00:10.0,03-07-18,01:11.0,03-07-18
07-03-18,7:00:14 AM,7,March-18,Summer-2018,13.7,69.7,24.7,0.0,0.7,1023.9,34.4,10.9,24.4,18.1,25.0,00:14.0,03-07-18,01:05.0,03-07-18
07-03-18,8:00:18 AM,8,March-18,Summer-2018,9.0,53.2,24.4,0.0,13.3,1025.0,35.5,5.8,24.2,11.6,24.8,00:18.0,03-07-18,01:14.0,03-07-18
07-03-18,9:00:12 AM,9,March-18,Summer-2018,12.1,74.5,25.3,0.0,78.6,1025.9,34.0,5.8,24.6,19.6,26.2,00:12.0,03-07-18,01:08.0,03-07-18
07-03-18,10:00:18 AM,10,March-18,Summer-2018,20.8,74.3,28.0,0.0,445.7,1026.7,29.6,13.8,26.2,31.1,29.0,00:18.0,03-07-18,01:19.0,03-07-18
07-03-18,11:00:13 AM,11,March-18,Summer-2018,27.4,55.7,29.5,0.0,619.8,1027.0,27.0,19.6,28.9,33.3,30.3,00:13.0,03-07-18,01:10.0,03-07-18
07-03-18,12:00:13 PM,12,March-18,Summer-2018,23.3,74.8,30.9,0.0,721.6,1026.5,26.0,17.4,30.3,31.1,31.5,00:13.0,03-07-18,01:10.0,03-07-18
07-03-18,1:00:18 PM,13,March-18,Summer-2018,17.9,74.0,32.0,0.0,714.2,1025.8,24.6,9.4,31.5,25.3,32.6,00:18.0,03-07-18,01:15.0,03-07-18
07-03-18,2:00:14 PM,14,March-18,Summer-2018,16.9,60.0,32.5,0.0,705.7,1024.6,24.1,10.1,32.1,24.6,33.0,00:14.0,03-07-18,01:10.0,03-07-18
07-03-18,3:00:18 PM,15,March-18,Summer-2018,15.5,51.0,33.0,0.0,652.7,1023.7,23.3,8.0,32.6,24.6,33.4,00:18.0,03-07-18,01:20.0,03-07-18
07-03-18,4:00:14 PM,16,March-18,Summer-2018,14.1,50.3,33.2,0.0,409.2,1023.0,23.1,7.2,32.9,21.7,33.5,00:14.0,03-07-18,01:06.0,03-07-18
07-03-18,5:00:13 PM,17,March-18,Summer-2018,9.3,10.4,32.9,0.0,215.5,1022.7,23.4,0.0,32.7,16.7,33.3,00:13.0,03-07-18,01:05.0,03-07-18
07-03-18,6:00:10 PM,18,March-18,Summer-2018,10.2,24.5,32.5,0.0,114.9,1022.8,24.2,4.3,32.0,17.4,32.8,00:10.0,03-07-18,01:02.0,03-07-18
07-03-18,7:00:12 PM,19,March-18,Summer-2018,9.0,0.0,31.1,0.0,16.0,1023.1,25.8,3.6,30.3,15.2,32.0,00:12.0,03-07-18,01:10.0,03-07-18
07-03-18,8:00:18 PM,20,March-18,Summer-2018,3.6,23.3,29.1,0.0,0.0,1023.5,28.5,0.0,28.5,10.1,30.2,00:18.0,03-07-18,01:20.0,03-07-18
07-03-18,9:00:13 PM,21,March-18,Summer-2018,4.4,74.8,27.6,0.0,0.0,1024.2,30.1,0.0,26.8,10.1,28.4,00:13.0,03-07-18,01:11.0,03-07-18
07-03-18,10:00:18 PM,22,March-18,Summer-2018,4.3,54.1,26.3,0.0,0.0,1025.1,32.5,0.0,26.0,6.5,26.9,00:18.0,03-07-18,01:16.0,03-07-18
07-03-18,11:00:14 PM,23,March-18,Summer-2018,3.3,47.7,25.6,0.0,0.0,1025.5,33.2,0.0,25.1,5.8,26.0,00:14.0,03-07-18,01:07.0,03-07-18
08-03-18,12:00:13 AM,24,March-18,Summer-2018,3.9,31.2,24.6,0.0,0.0,1025.2,35.1,0.0,24.4,7.2,25.1,00:13.0,03-08-18,01:11.0,03-08-18
08-03-18,1:00:18 AM,1,March-18,Summer-2018,4.8,57.9,24.4,0.0,0.0,1024.8,35.3,0.0,24.3,8.7,24.6,00:18.0,03-08-18,01:21.0,03-08-18
08-03-18,2:00:13 AM,2,March-18,Summer-2018,3.8,57.9,23.5,0.0,0.0,1024.0,37.7,0.0,22.8,8.0,24.4,00:13.0,03-08-18,01:11.0,03-08-18
08-03-18,3:00:19 AM,3,March-18,Summer-2018,2.0,58.8,21.9,0.0,0.0,1023.5,40.8,0.0,21.1,6.5,22.7,00:19.0,03-08-18,01:17.0,03-08-18
08-03-18,4:00:14 AM,4,March-18,Summer-2018,1.2,0.0,21.2,0.0,0.0,1023.1,43.1,0.0,20.9,5.1,21.5,00:14.0,03-08-18,01:05.0,03-08-18
08-03-18,5:00:19 AM,5,March-18,Summer-2018,2.2,323.9,21.6,0.0,0.0,1023.2,40.2,0.0,21.3,6.5,22.1,00:19.0,03-08-18,01:13.0,03-08-18
08-03-18,6:00:13 AM,6,March-18,Summer-2018,4.5,38.7,20.9,0.0,0.0,1023.7,40.7,0.0,20.4,8.0,21.6,00:13.0,03-08-18,01:05.0,03-08-18
08-03-18,7:00:13 AM,7,March-18,Summer-2018,5.1,37.6,20.7,0.0,1.2,1024.0,42.3,0.0,20.4,7.2,21.0,00:13.0,03-08-18,01:10.0,03-08-18
08-03-18,8:00:10 AM,8,March-18,Summer-2018,9.8,84.9,21.3,0.0,68.1,1025.3,42.6,5.1,20.0,12.3,22.5,00:10.0,03-08-18,01:03.0,03-08-18
08-03-18,9:00:18 AM,9,March-18,Summer-2018,11.2,84.3,23.9,0.0,235.4,1026.4,38.1,7.2,22.5,15.2,25.5,00:18.0,03-08-18,01:15.0,03-08-18
08-03-18,10:00:14 AM,10,March-18,Summer-2018,16.1,81.4,27.1,0.0,459.7,1027.3,32.9,10.1,25.6,23.9,28.9,00:14.0,03-08-18,01:07.0,03-08-18
08-03-18,11:00:14 AM,11,March-18,Summer-2018,24.7,66.3,29.4,0.0,645.6,1027.8,27.2,15.2,28.9,31.9,29.9,00:14.0,03-08-18,01:12.0,03-08-18
08-03-18,12:00:19 PM,12,March-18,Summer-2018,25.6,47.4,30.3,0.0,771.7,1027.2,26.5,18.1,29.9,31.9,31.2,00:19.0,03-08-18,01:17.0,03-08-18
08-03-18,1:00:14 PM,13,March-18,Summer-2018,18.4,63.3,31.4,0.0,826.7,1026.5,25.4,9.4,30.8,26.8,31.9,00:14.0,03-08-18,01:08.0,03-08-18
08-03-18,2:00:12 PM,14,March-18,Summer-2018,12.7,24.5,32.4,0.0,795.2,1025.6,24.3,0.0,31.8,22.5,32.8,00:12.0,03-08-18,01:11.0,03-08-18
08-03-18,3:00:18 PM,15,March-18,Summer-2018,8.3,87.5,33.2,0.0,692.6,1024.4,21.8,0.0,32.8,15.9,33.5,00:18.0,03-08-18,01:21.0,03-08-18
08-03-18,4:00:14 PM,16,March-18,Summer-2018,3.7,82.5,34.0,0.0,494.7,1023.8,19.3,0.0,33.3,12.3,34.5,00:14.0,03-08-18,01:13.0,03-08-18
08-03-18,5:00:18 PM,17,March-18,Summer-2018,9.5,288.4,33.4,0.0,182.0,1023.5,20.8,0.0,33.1,18.1,34.1,00:18.0,03-08-18,01:16.0,03-08-18
08-03-18,6:00:18 PM,18,March-18,Summer-2018,11.4,325.1,33.1,0.0,152.6,1023.8,20.4,4.3,32.7,18.1,33.5,00:18.0,03-08-18,01:21.0,03-08-18
08-03-18,7:00:13 PM,19,March-18,Summer-2018,6.0,248.3,31.7,0.0,18.8,1024.0,21.4,0.0,30.6,10.1,32.7,00:13.0,03-08-18,01:42.0,03-08-18
08-03-18,8:00:18 PM,20,March-18,Summer-2018,1.7,282.9,29.3,0.0,0.0,1024.1,21.9,0.0,28.1,5.8,30.6,00:18.0,03-08-18,01:17.0,03-08-18
08-03-18,9:00:15 PM,21,March-18,Summer-2018,4.8,199.8,28.3,0.0,0.0,1025.1,31.7,0.0,27.3,8.7,28.6,00:15.0,03-08-18,01:19.0,03-08-18
08-03-18,10:00:13 PM,22,March-18,Summer-2018,7.5,219.0,26.8,0.0,0.0,1025.6,49.5,3.6,26.4,12.3,27.3,00:13.0,03-08-18,01:13.0,03-08-18
08-03-18,11:00:10 PM,23,March-18,Summer-2018,8.7,241.7,26.5,0.0,0.0,1025.8,41.8,3.6,26.3,14.5,26.7,00:10.0,03-08-18,01:09.0,03-08-18
09-03-18,12:00:18 AM,24,March-18,Summer-2018,7.3,245.1,26.0,0.0,0.0,1025.7,33.6,4.3,25.5,10.1,26.5,00:18.0,03-09-18,01:22.0,03-09-18
09-03-18,1:00:13 AM,1,March-18,Summer-2018,5.2,250.1,25.3,0.0,0.0,1025.4,31.9,0.0,24.9,8.7,25.7,00:13.0,03-09-18,01:13.0,03-09-18
09-03-18,2:00:19 AM,2,March-18,Summer-2018,5.1,254.3,24.6,0.0,0.0,1025.1,34.2,0.0,23.9,8.7,24.9,00:19.0,03-09-18,01:18.0,03-09-18
09-03-18,3:00:14 AM,3,March-18,Summer-2018,7.0,230.1,23.3,0.0,0.0,1024.9,41.2,0.0,23.0,11.6,23.9,00:14.0,03-09-18,01:09.0,03-09-18
09-03-18,4:00:18 AM,4,March-18,Summer-2018,7.2,267.4,24.3,0.0,0.0,1025.0,33.8,3.6,23.1,14.5,25.2,00:18.0,03-09-18,01:38.0,03-09-18
09-03-18,5:00:12 AM,5,March-18,Summer-2018,6.0,227.7,24.1,0.0,0.0,1024.7,38.1,0.0,23.5,10.1,24.5,00:12.0,03-09-18,01:44.0,03-09-18
09-03-18,6:00:18 AM,6,March-18,Summer-2018,3.7,310.8,22.9,0.0,0.0,1025.0,41.5,0.0,22.3,8.0,23.5,00:18.0,03-09-18,01:20.0,03-09-18
09-03-18,7:00:13 AM,7,March-18,Summer-2018,2.1,282.1,22.5,0.0,1.1,1025.5,43.0,0.0,21.7,8.0,23.1,00:13.0,03-09-18,01:10.0,03-09-18
09-03-18,8:00:18 AM,8,March-18,Summer-2018,0.2,292.3,21.7,0.0,51.3,1026.3,46.3,0.0,21.3,4.3,22.6,00:18.0,03-09-18,01:15.0,03-09-18
09-03-18,9:00:14 AM,9,March-18,Summer-2018,2.1,228.1,25.0,0.0,198.3,1027.6,39.0,0.0,22.6,5.1,26.8,00:14.0,03-09-18,01:16.0,03-09-18
09-03-18,10:00:13 AM,10,March-18,Summer-2018,5.7,279.5,27.8,0.0,435.4,1028.9,31.3,0.0,26.8,9.4,28.7,00:13.0,03-09-18,01:11.0,03-09-18
09-03-18,11:00:15 AM,11,March-18,Summer-2018,8.2,64.5,29.7,0.0,595.9,1029.0,31.6,0.0,28.7,15.9,30.1,00:15.0,03-09-18,01:07.0,03-09-18
09-03-18,12:00:19 PM,12,March-18,Summer-2018,7.4,259.5,30.9,0.0,720.6,1028.4,29.8,0.0,30.1,14.5,31.4,00:19.0,03-09-18,01:16.0,03-09-18
09-03-18,1:00:14 PM,13,March-18,Summer-2018,9.5,323.4,31.7,0.0,776.2,1027.5,29.0,0.0,31.0,14.5,32.3,00:14.0,03-09-18,01:11.0,03-09-18
09-03-18,2:00:15 PM,14,March-18,Summer-2018,12.4,303.9,32.7,0.0,758.1,1026.4,28.4,0.0,32.1,21.0,33.3,00:15.0,03-09-18,01:13.0,03-09-18
09-03-18,3:00:11 PM,15,March-18,Summer-2018,14.0,292.4,33.4,0.0,642.9,1025.4,27.5,4.3,33.0,22.5,33.8,00:11.0,03-09-18,01:07.0,03-09-18
09-03-18,4:00:19 PM,16,March-18,Summer-2018,13.4,305.9,33.6,0.0,488.9,1024.4,26.2,5.8,33.4,22.5,33.7,00:19.0,03-09-18,01:22.0,03-09-18
09-03-18,5:00:15 PM,17,March-18,Summer-2018,13.2,338.8,33.3,0.0,305.6,1024.1,26.0,5.8,33.0,22.5,33.6,00:15.0,03-09-18,01:13.0,03-09-18
09-03-18,6:00:14 PM,18,March-18,Summer-2018,11.6,285.0,32.6,0.0,121.5,1024.1,26.6,5.1,31.9,19.6,33.1,00:14.0,03-09-18,01:12.0,03-09-18
09-03-18,7:00:14 PM,19,March-18,Summer-2018,8.0,0.0,31.4,0.0,11.0,1024.8,27.6,0.0,31.0,15.2,31.9,00:14.0,03-09-18,01:12.0,03-09-18
09-03-18,8:00:15 PM,20,March-18,Summer-2018,6.8,134.6,29.9,0.0,0.0,1025.3,29.4,0.0,29.4,17.4,31.0,00:15.0,03-09-18,01:13.0,03-09-18
09-03-18,9:00:12 PM,21,March-18,Summer-2018,0.0,134.0,27.9,0.0,0.0,1025.7,32.0,0.0,26.5,0.0,29.4,00:12.0,03-09-18,01:11.0,03-09-18
09-03-18,10:00:18 PM,22,March-18,Summer-2018,1.9,263.5,26.7,0.0,0.0,1026.0,34.2,0.0,26.3,6.5,27.2,00:18.0,03-09-18,01:21.0,03-09-18
09-03-18,11:00:15 PM,23,March-18,Summer-2018,4.5,188.4,27.3,0.0,0.0,1026.2,34.3,0.0,26.3,8.7,27.8,00:15.0,03-09-18,01:13.0,03-09-18
10-03-18,12:00:12 AM,24,March-18,Summer-2018,1.9,55.4,25.2,0.0,0.0,1025.9,38.5,0.0,23.7,6.5,26.3,00:12.0,03-10-18,01:11.0,03-10-18
10-03-18,1:00:19 AM,1,March-18,Summer-2018,0.9,298.4,24.4,0.0,0.0,1025.7,42.1,0.0,23.4,5.8,25.4,00:19.0,03-10-18,01:18.0,03-10-18
10-03-18,2:00:15 AM,2,March-18,Summer-2018,0.3,53.5,24.8,0.0,0.0,1025.2,41.5,0.0,24.0,4.3,25.2,00:15.0,03-10-18,01:14.0,03-10-18
10-03-18,3:00:19 AM,3,March-18,Summer-2018,0.2,163.9,23.3,0.0,0.0,1024.3,45.2,0.0,22.6,4.3,24.0,00:19.0,03-10-18,01:23.0,03-10-18
10-03-18,4:00:18 AM,4,March-18,Summer-2018,0.8,136.3,22.6,0.0,0.0,1024.1,50.7,0.0,22.3,5.8,22.9,00:18.0,03-10-18,01:07.0,03-10-18
10-03-18,5:00:19 AM,5,March-18,Summer-2018,1.1,129.1,22.5,0.0,0.0,1024.1,52.1,0.0,22.0,5.1,22.8,00:19.0,03-10-18,01:14.0,03-10-18
10-03-18,6:00:13 AM,6,March-18,Summer-2018,2.1,84.3,21.5,0.0,0.0,1024.5,53.4,0.0,21.2,5.8,22.0,00:13.0,03-10-18,01:05.0,03-10-18
10-03-18,7:00:13 AM,7,March-18,Summer-2018,0.0,89.8,21.3,0.0,1.0,1025.5,50.3,0.0,20.9,3.6,21.5,00:13.0,03-10-18,01:10.0,03-10-18
10-03-18,8:00:18 AM,8,March-18,Summer-2018,2.7,116.0,22.1,0.0,51.6,1026.3,49.6,0.0,20.9,6.5,23.4,00:18.0,03-10-18,01:20.0,03-10-18
10-03-18,9:00:12 AM,9,March-18,Summer-2018,5.4,54.5,25.5,0.0,231.8,1027.3,42.7,0.0,22.5,9.4,28.0,00:12.0,03-10-18,01:04.0,03-10-18
10-03-18,10:00:10 AM,10,March-18,Summer-2018,7.1,267.1,29.0,0.0,413.3,1028.6,34.7,0.0,27.3,12.3,30.3,00:10.0,03-10-18,01:12.0,03-10-18
10-03-18,11:00:18 AM,11,March-18,Summer-2018,8.1,0.0,30.2,0.0,504.4,1029.0,31.0,0.0,27.8,21.7,31.2,00:18.0,03-10-18,01:16.0,03-10-18
10-03-18,12:00:14 PM,12,March-18,Summer-2018,10.9,275.6,32.0,0.0,634.6,1028.6,26.8,0.0,31.0,18.1,32.6,00:14.0,03-10-18,01:11.0,03-10-18
10-03-18,1:00:18 PM,13,March-18,Summer-2018,7.8,60.0,32.6,0.0,663.5,1027.7,25.2,0.0,31.4,16.7,34.1,00:18.0,03-10-18,01:13.0,03-10-18
10-03-18,2:00:14 PM,14,March-18,Summer-2018,6.7,75.1,33.7,0.0,701.2,1026.6,21.7,0.0,33.4,15.2,34.3,00:14.0,03-10-18,01:11.0,03-10-18
10-03-18,3:00:19 PM,15,March-18,Summer-2018,6.3,360.0,34.4,0.0,616.4,1025.5,21.4,0.0,34.1,13.8,34.6,00:19.0,03-10-18,01:17.0,03-10-18
10-03-18,4:00:15 PM,16,March-18,Summer-2018,10.1,294.7,34.4,0.0,408.2,1024.2,21.5,0.0,34.1,18.8,34.7,00:15.0,03-10-18,01:13.0,03-10-18
10-03-18,5:00:19 PM,17,March-18,Summer-2018,13.7,276.7,33.9,0.0,235.3,1024.0,22.7,5.8,33.7,20.3,34.3,00:19.0,03-10-18,01:12.0,03-10-18
10-03-18,6:00:13 PM,18,March-18,Summer-2018,10.8,277.3,33.1,0.0,94.8,1024.1,23.3,7.2,32.6,15.9,33.8,00:13.0,03-10-18,01:07.0,03-10-18
10-03-18,7:00:18 PM,19,March-18,Summer-2018,6.0,268.3,31.8,0.0,10.8,1024.1,25.2,0.0,30.9,10.9,32.6,00:18.0,03-10-18,01:11.0,03-10-18
10-03-18,8:00:15 PM,20,March-18,Summer-2018,8.4,238.3,30.8,0.0,0.0,1025.2,27.3,0.0,30.6,18.8,31.1,00:15.0,03-10-18,01:14.0,03-10-18
10-03-18,9:00:13 PM,21,March-18,Summer-2018,14.2,254.4,30.0,0.0,0.0,1026.1,32.5,8.7,29.4,23.9,30.6,00:13.0,03-10-18,01:11.0,03-10-18
10-03-18,10:00:18 PM,22,March-18,Summer-2018,11.4,261.4,29.0,0.0,0.0,1026.5,33.0,6.5,28.5,17.4,29.4,00:18.0,03-10-18,01:22.0,03-10-18
10-03-18,11:00:13 PM,23,March-18,Summer-2018,5.5,241.7,27.9,0.0,0.0,1026.5,34.4,0.0,27.3,10.1,28.5,00:13.0,03-10-18,01:12.0,03-10-18
11-03-18,12:00:19 AM,24,March-18,Summer-2018,2.0,273.3,26.4,0.0,0.0,1026.0,36.9,0.0,26.0,5.1,27.3,00:19.0,03-11-18,01:13.0,03-11-18
11-03-18,1:00:15 AM,1,March-18,Summer-2018,1.3,273.3,26.2,0.0,0.0,1025.6,36.2,0.0,25.3,4.3,26.6,00:15.0,03-11-18,01:14.0,03-11-18
11-03-18,2:00:19 AM,2,March-18,Summer-2018,0.7,206.0,24.3,0.0,0.0,1025.1,40.3,0.0,23.4,5.8,25.2,00:19.0,03-11-18,01:23.0,03-11-18
11-03-18,3:00:18 AM,3,March-18,Summer-2018,0.0,53.2,23.1,0.0,0.0,1024.4,43.3,0.0,22.3,3.6,23.9,00:18.0,03-11-18,01:22.0,03-11-18
11-03-18,4:00:19 AM,4,March-18,Summer-2018,0.0,52.9,21.7,0.0,0.0,1024.0,49.6,0.0,21.2,0.0,22.4,00:19.0,03-11-18,01:07.0,03-11-18
11-03-18,5:00:19 AM,5,March-18,Summer-2018,0.0,136.3,20.9,0.0,0.0,1024.1,54.4,0.0,20.7,0.0,21.2,00:19.0,03-11-18,01:15.0,03-11-18
11-03-18,6:00:13 AM,6,March-18,Summer-2018,2.6,52.6,21.1,0.0,0.0,1024.3,50.5,0.0,20.7,8.0,21.6,00:13.0,03-11-18,01:06.0,03-11-18
11-03-18,7:00:18 AM,7,March-18,Summer-2018,3.4,50.7,21.6,0.0,1.8,1025.4,46.0,0.0,21.3,7.2,21.8,00:18.0,03-11-18,01:15.0,03-11-18
11-03-18,8:00:14 AM,8,March-18,Summer-2018,0.4,66.0,22.7,0.0,74.4,1026.5,44.3,0.0,21.5,5.1,24.5,00:14.0,03-11-18,01:06.0,03-11-18
11-03-18,9:00:24 AM,9,March-18,Summer-2018,2.1,75.9,26.6,0.0,275.7,1028.1,38.4,0.0,24.6,5.8,28.5,00:24.0,03-11-18,01:16.0,03-11-18
11-03-18,10:00:12 AM,10,March-18,Summer-2018,9.2,58.5,30.5,0.0,476.9,1029.0,26.6,0.0,28.5,16.7,31.6,00:12.0,03-11-18,01:09.0,03-11-18
11-03-18,11:00:13 AM,11,March-18,Summer-2018,13.7,79.8,32.0,0.0,649.2,1029.1,23.6,8.0,31.4,18.8,32.5,00:13.0,03-11-18,01:15.0,03-11-18
11-03-18,12:00:15 PM,12,March-18,Summer-2018,9.4,282.6,33.0,0.0,764.7,1028.8,22.7,0.0,32.4,17.4,33.8,00:15.0,03-11-18,01:08.0,03-11-18
11-03-18,1:00:18 PM,13,March-18,Summer-2018,9.6,280.8,33.5,0.0,791.8,1028.2,25.2,0.0,33.0,18.1,34.1,00:18.0,03-11-18,01:16.0,03-11-18
11-03-18,2:00:14 PM,14,March-18,Summer-2018,14.7,269.4,34.6,0.0,765.2,1026.9,20.4,3.6,34.1,28.2,35.4,00:14.0,03-11-18,01:08.0,03-11-18
11-03-18,3:00:18 PM,15,March-18,Summer-2018,14.3,266.5,34.9,0.0,669.8,1026.0,17.4,0.0,34.6,23.9,35.2,00:18.0,03-11-18,01:17.0,03-11-18
11-03-18,4:00:12 PM,16,March-18,Summer-2018,12.4,273.6,34.9,0.0,516.7,1025.3,17.0,0.0,34.6,23.2,35.1,00:12.0,03-11-18,01:10.0,03-11-18
11-03-18,5:00:18 PM,17,March-18,Summer-2018,14.5,233.4,34.3,0.0,317.8,1024.9,17.9,6.5,33.8,24.6,34.7,00:18.0,03-11-18,01:22.0,03-11-18
11-03-18,6:00:19 PM,18,March-18,Summer-2018,14.5,270.5,33.3,0.0,138.5,1024.9,17.3,5.1,32.4,23.2,33.8,00:19.0,03-11-18,01:17.0,03-11-18
11-03-18,7:00:14 PM,19,March-18,Summer-2018,15.9,237.4,31.5,0.0,18.9,1025.2,19.0,8.7,30.8,21.7,32.4,00:14.0,03-11-18,01:13.0,03-11-18
11-03-18,8:00:14 PM,20,March-18,Summer-2018,16.3,243.9,30.4,0.0,0.0,1025.6,19.2,10.1,30.1,22.5,30.8,00:14.0,03-11-18,01:13.0,03-11-18
11-03-18,9:00:19 PM,21,March-18,Summer-2018,15.1,234.0,29.8,0.0,0.0,1026.2,18.5,9.4,29.5,19.6,30.1,00:19.0,03-11-18,01:23.0,03-11-18
11-03-18,10:00:19 PM,22,March-18,Summer-2018,10.7,239.7,29.0,0.0,0.0,1026.7,19.8,5.8,28.6,21.7,29.5,00:19.0,03-11-18,01:12.0,03-11-18
11-03-18,11:00:13 PM,23,March-18,Summer-2018,6.1,276.7,27.7,0.0,0.0,1026.7,20.6,3.6,26.5,12.3,28.5,00:13.0,03-11-18,01:08.0,03-11-18
12-03-18,12:00:18 AM,24,March-18,Summer-2018,4.4,274.3,25.9,0.0,0.0,1026.2,22.0,0.0,25.2,7.2,26.5,00:18.0,03-12-18,01:17.0,03-12-18
12-03-18,1:00:14 AM,1,March-18,Summer-2018,0.5,275.7,23.6,0.0,0.0,1025.8,27.7,0.0,21.6,3.6,25.2,00:14.0,03-12-18,01:15.0,03-12-18
12-03-18,2:00:15 AM,2,March-18,Summer-2018,0.7,5.6,21.3,0.0,0.0,1025.5,31.7,0.0,19.9,10.1,22.5,00:15.0,03-12-18,01:15.0,03-12-18
12-03-18,3:00:15 AM,3,March-18,Summer-2018,0.2,82.7,20.0,0.0,0.0,1025.1,33.5,0.0,19.6,4.3,20.4,00:15.0,03-12-18,01:05.0,03-12-18
12-03-18,4:00:19 AM,4,March-18,Summer-2018,0.6,77.9,19.1,0.0,0.0,1024.9,39.1,0.0,18.5,5.1,19.5,00:19.0,03-12-18,01:04.0,03-12-18
12-03-18,5:00:29 AM,5,March-18,Summer-2018,0.7,319.9,20.1,0.0,0.0,1025.1,31.2,0.0,19.0,6.5,21.1,00:29.0,03-12-18,01:12.0,03-12-18
12-03-18,6:00:13 AM,6,March-18,Summer-2018,0.5,66.8,18.8,0.0,0.0,1025.3,38.7,0.0,17.6,5.8,19.9,00:13.0,03-12-18,01:05.0,03-12-18
12-03-18,7:00:19 AM,7,March-18,Summer-2018,0.1,66.8,17.3,0.0,2.7,1025.8,48.1,0.0,17.0,3.6,17.6,00:19.0,03-12-18,01:11.0,03-12-18
12-03-18,8:00:23 AM,8,March-18,Summer-2018,2.1,105.7,18.5,0.0,100.0,1026.8,43.2,0.0,16.8,5.8,21.0,00:23.0,03-12-18,01:15.0,03-12-18
12-03-18,9:00:28 AM,9,March-18,Summer-2018,6.5,66.3,24.8,0.0,325.3,1028.5,27.1,3.6,21.0,8.7,27.6,00:28.0,03-12-18,01:20.0,03-12-18
12-03-18,10:00:18 AM,10,March-18,Summer-2018,8.4,92.6,29.5,0.0,551.7,1029.4,18.8,0.0,27.6,13.0,31.1,00:18.0,03-12-18,01:15.0,03-12-18
12-03-18,11:00:18 AM,11,March-18,Summer-2018,10.9,104.5,31.7,0.0,728.6,1029.7,17.4,0.0,31.1,17.4,32.3,00:18.0,03-12-18,01:21.0,03-12-18
12-03-18,12:00:13 PM,12,March-18,Summer-2018,9.1,80.3,32.9,0.0,839.6,1029.3,14.8,0.0,32.3,15.9,33.3,00:13.0,03-12-18,01:11.0,03-12-18
12-03-18,1:00:13 PM,13,March-18,Summer-2018,7.0,63.6,33.9,0.0,872.9,1028.5,13.3,0.0,33.2,14.5,34.4,00:13.0,03-12-18,01:11.0,03-12-18
12-03-18,2:00:19 PM,14,March-18,Summer-2018,5.5,193.7,34.6,0.0,833.7,1027.4,13.9,0.0,34.1,15.9,35.3,00:19.0,03-12-18,01:22.0,03-12-18
12-03-18,3:00:19 PM,15,March-18,Summer-2018,11.6,250.3,35.0,0.0,729.8,1026.2,13.9,0.0,34.7,22.5,35.3,00:19.0,03-12-18,01:12.0,03-12-18
12-03-18,4:00:13 PM,16,March-18,Summer-2018,11.1,241.0,34.9,0.0,567.0,1025.3,13.5,0.0,34.4,21.0,35.2,00:13.0,03-12-18,01:07.0,03-12-18
12-03-18,5:00:18 PM,17,March-18,Summer-2018,16.4,276.3,34.6,0.0,373.1,1024.9,12.3,8.0,34.3,23.9,35.1,00:18.0,03-12-18,01:16.0,03-12-18
12-03-18,6:00:14 PM,18,March-18,Summer-2018,13.6,264.8,33.7,0.0,158.1,1024.9,12.3,8.7,33.1,20.3,34.3,00:14.0,03-12-18,01:08.0,03-12-18
12-03-18,7:00:14 PM,19,March-18,Summer-2018,12.2,252.9,32.0,0.0,18.0,1025.0,15.4,8.0,30.9,17.4,33.0,00:14.0,03-12-18,01:13.0,03-12-18
12-03-18,8:00:19 PM,20,March-18,Summer-2018,12.9,231.8,30.6,0.0,0.0,1025.3,18.4,6.5,30.2,28.2,30.9,00:19.0,03-12-18,01:17.0,03-12-18
12-03-18,9:00:14 PM,21,March-18,Summer-2018,9.4,259.2,29.6,0.0,0.0,1025.9,19.9,5.1,28.8,15.2,30.2,00:14.0,03-12-18,01:09.0,03-12-18
12-03-18,10:00:18 PM,22,March-18,Summer-2018,4.1,287.1,28.0,0.0,0.0,1026.4,21.1,0.0,26.9,7.2,28.8,00:18.0,03-12-18,01:17.0,03-12-18
12-03-18,11:00:14 PM,23,March-18,Summer-2018,1.4,275.9,26.2,0.0,0.0,1026.5,23.4,0.0,25.1,5.1,26.9,00:14.0,03-12-18,01:18.0,03-12-18
13-03-18,12:00:15 AM,24,March-18,Summer-2018,0.0,130.6,23.7,0.0,0.0,1026.0,28.0,0.0,22.8,0.0,25.1,00:15.0,3/13/2018,01:15.0,3/13/2018
13-03-18,1:00:15 AM,1,March-18,Summer-2018,0.7,231.3,23.8,0.0,0.0,1025.5,25.4,0.0,22.9,6.5,24.3,00:15.0,3/13/2018,01:14.0,3/13/2018
13-03-18,2:00:23 AM,2,March-18,Summer-2018,0.0,285.1,22.6,0.0,0.0,1025.0,27.8,0.0,22.3,3.6,23.8,00:23.0,3/13/2018,01:03.0,3/13/2018
13-03-18,3:00:14 AM,3,March-18,Summer-2018,0.0,282.2,22.7,0.0,0.0,1024.2,26.4,0.0,21.8,0.0,23.8,00:14.0,3/13/2018,01:10.0,3/13/2018
13-03-18,4:00:14 AM,4,March-18,Summer-2018,0.0,129.7,21.0,0.0,0.0,1023.8,37.2,0.0,20.1,0.0,22.4,00:14.0,3/13/2018,01:04.0,3/13/2018
13-03-18,5:00:19 AM,5,March-18,Summer-2018,0.6,51.9,19.8,0.0,0.0,1023.9,36.3,0.0,18.8,5.1,20.6,00:19.0,3/13/2018,01:12.0,3/13/2018
13-03-18,6:00:13 AM,6,March-18,Summer-2018,0.2,85.4,19.6,0.0,0.0,1024.1,34.8,0.0,19.1,3.6,20.1,00:13.0,3/13/2018,01:06.0,3/13/2018
13-03-18,7:00:12 AM,7,March-18,Summer-2018,2.4,109.0,18.5,0.0,2.5,1025.0,39.2,0.0,18.2,6.5,19.0,00:12.0,3/13/2018,01:05.0,3/13/2018
13-03-18,8:00:18 AM,8,March-18,Summer-2018,1.9,98.4,19.8,0.0,84.0,1026.0,36.5,0.0,18.6,5.8,22.0,00:18.0,3/13/2018,01:21.0,3/13/2018
13-03-18,9:00:13 AM,9,March-18,Summer-2018,3.6,55.7,24.7,0.0,281.9,1027.2,27.8,0.0,22.0,7.2,27.9,00:13.0,3/13/2018,01:11.0,3/13/2018
13-03-18,10:00:14 AM,10,March-18,Summer-2018,11.0,68.0,29.8,0.0,496.2,1028.3,17.8,4.3,27.9,18.1,31.0,00:14.0,3/13/2018,01:12.0,3/13/2018
13-03-18,11:00:29 AM,11,March-18,Summer-2018,12.1,56.3,31.7,0.0,681.4,1028.7,15.5,4.3,31.0,19.6,32.5,00:29.0,3/13/2018,01:28.0,3/13/2018
13-03-18,12:00:13 PM,12,March-18,Summer-2018,8.6,279.9,32.7,0.0,790.3,1028.4,16.1,0.0,32.2,18.1,33.2,00:13.0,3/13/2018,01:06.0,3/13/2018
13-03-18,1:00:19 PM,13,March-18,Summer-2018,13.9,259.5,32.0,0.0,826.0,1027.2,19.8,8.7,31.8,19.6,32.5,00:19.0,3/13/2018,01:17.0,3/13/2018
13-03-18,2:00:15 PM,14,March-18,Summer-2018,15.4,259.1,32.7,0.0,801.0,1026.1,18.8,8.0,32.1,23.2,33.2,00:15.0,3/13/2018,01:18.0,3/13/2018
13-03-18,3:00:14 PM,15,March-18,Summer-2018,13.8,259.9,33.5,0.0,692.4,1025.1,17.1,5.1,33.1,21.0,34.0,00:14.0,3/13/2018,01:12.0,3/13/2018
13-03-18,4:00:19 PM,16,March-18,Summer-2018,13.8,284.9,33.8,0.0,533.8,1024.1,16.3,3.6,33.6,19.6,34.0,00:19.0,3/13/2018,01:23.0,3/13/2018
13-03-18,5:00:18 PM,17,March-18,Summer-2018,12.3,225.2,33.8,0.0,338.0,1023.8,15.9,4.3,33.6,24.6,33.9,00:18.0,3/13/2018,01:22.0,3/13/2018
13-03-18,6:00:14 PM,18,March-18,Summer-2018,13.3,248.4,32.8,0.0,136.0,1023.9,17.0,5.8,31.9,20.3,33.6,00:14.0,3/13/2018,01:13.0,3/13/2018
13-03-18,7:00:18 PM,19,March-18,Summer-2018,15.1,244.5,30.9,0.0,16.1,1024.1,21.0,8.0,30.2,22.5,31.9,00:18.0,3/13/2018,01:17.0,3/13/2018
13-03-18,8:00:24 PM,20,March-18,Summer-2018,15.5,244.8,29.7,0.0,0.0,1025.1,23.5,9.4,29.2,21.7,30.2,00:24.0,3/13/2018,01:23.0,3/13/2018
13-03-18,9:00:14 PM,21,March-18,Summer-2018,14.6,239.1,29.0,0.0,0.0,1025.9,25.6,9.4,28.7,21.0,29.2,00:14.0,3/13/2018,01:09.0,3/13/2018
13-03-18,10:00:18 PM,22,March-18,Summer-2018,13.9,245.4,28.7,0.0,0.0,1026.2,23.2,8.0,28.6,20.3,28.8,00:18.0,3/13/2018,01:22.0,3/13/2018
13-03-18,11:00:19 PM,23,March-18,Summer-2018,12.1,245.5,28.4,0.0,0.0,1026.3,21.6,6.5,28.1,21.0,28.7,00:19.0,3/13/2018,01:16.0,3/13/2018
14-03-18,12:00:18 AM,24,March-18,Summer-2018,11.7,239.4,27.9,0.0,0.0,1025.9,20.8,7.2,27.7,17.4,28.1,00:18.0,3/14/2018,01:18.0,3/14/2018
14-03-18,1:00:14 AM,1,March-18,Summer-2018,11.3,240.6,27.4,0.0,0.0,1025.5,21.5,5.8,27.2,16.7,27.7,00:14.0,3/14/2018,01:18.0,3/14/2018
14-03-18,2:00:13 AM,2,March-18,Summer-2018,10.8,236.1,26.7,0.0,0.0,1024.6,24.2,5.8,26.4,15.2,27.2,00:13.0,3/14/2018,01:13.0,3/14/2018
14-03-18,3:00:15 AM,3,March-18,Summer-2018,10.7,252.0,26.4,0.0,0.0,1024.1,27.4,5.8,26.2,15.9,26.6,00:15.0,3/14/2018,01:16.0,3/14/2018
14-03-18,4:00:13 AM,4,March-18,Summer-2018,12.1,251.7,26.5,0.0,0.0,1023.9,25.5,6.5,26.2,19.6,26.6,00:13.0,3/14/2018,01:05.0,3/14/2018
14-03-18,5:00:19 AM,5,March-18,Summer-2018,15.9,246.2,26.1,0.0,0.0,1023.5,24.4,9.4,25.6,21.7,26.4,00:19.0,3/14/2018,01:12.0,3/14/2018
14-03-18,6:00:12 AM,6,March-18,Summer-2018,13.4,240.4,24.7,0.0,0.0,1023.7,29.9,8.7,24.3,18.1,25.5,00:12.0,3/14/2018,01:04.0,3/14/2018
14-03-18,7:00:18 AM,7,March-18,Summer-2018,13.2,244.9,24.3,0.0,1.5,1024.2,30.4,9.4,24.2,18.8,24.3,00:18.0,3/14/2018,01:09.0,3/14/2018
14-03-18,8:00:18 AM,8,March-18,Summer-2018,12.4,244.1,24.5,0.0,49.7,1025.5,31.8,6.5,24.2,18.1,24.7,00:18.0,3/14/2018,01:20.0,3/14/2018
14-03-18,9:00:14 AM,9,March-18,Summer-2018,11.0,249.1,25.6,0.0,235.0,1026.4,30.5,6.5,24.7,16.7,26.5,00:14.0,3/14/2018,01:11.0,3/14/2018
14-03-18,10:00:23 AM,10,March-18,Summer-2018,14.7,256.3,27.2,0.0,491.8,1027.4,25.5,8.7,26.5,22.5,27.6,00:23.0,3/14/2018,01:14.0,3/14/2018
14-03-18,11:00:13 AM,11,March-18,Summer-2018,15.0,262.5,27.3,0.0,386.0,1027.6,23.6,8.7,26.5,19.6,27.8,00:13.0,3/14/2018,01:15.0,3/14/2018
14-03-18,12:00:19 PM,12,March-18,Summer-2018,13.3,244.9,28.1,0.0,710.9,1027.4,23.4,5.1,26.8,18.8,29.4,00:19.0,3/14/2018,01:22.0,3/14/2018
14-03-18,1:00:14 PM,13,March-18,Summer-2018,11.1,212.6,30.0,0.0,820.4,1026.6,17.9,0.0,29.2,21.7,30.7,00:14.0,3/14/2018,01:12.0,3/14/2018
14-03-18,2:00:18 PM,14,March-18,Summer-2018,15.3,265.0,30.9,0.0,760.2,1025.7,11.7,5.8,30.6,25.3,31.2,00:18.0,3/14/2018,01:06.0,3/14/2018
14-03-18,3:00:13 PM,15,March-18,Summer-2018,14.3,266.5,31.2,0.0,686.1,1024.6,13.0,6.5,30.8,23.2,31.4,00:13.0,3/14/2018,01:06.0,3/14/2018
14-03-18,4:00:19 PM,16,March-18,Summer-2018,15.3,257.2,30.8,0.0,376.6,1023.8,13.2,8.0,30.4,23.2,31.2,00:19.0,3/14/2018,01:17.0,3/14/2018
14-03-18,5:00:15 PM,17,March-18,Summer-2018,15.5,260.3,30.8,0.0,309.2,1023.5,12.4,7.2,30.3,23.9,31.4,00:15.0,3/14/2018,01:18.0,3/14/2018
14-03-18,6:00:14 PM,18,March-18,Summer-2018,10.6,240.4,29.4,0.0,102.2,1023.6,15.1,5.1,28.7,26.1,30.2,00:14.0,3/14/2018,01:13.0,3/14/2018
14-03-18,7:00:14 PM,19,March-18,Summer-2018,8.5,226.7,28.0,0.0,12.4,1023.7,17.3,5.1,27.5,13.8,28.7,00:14.0,3/14/2018,01:12.0,3/14/2018
14-03-18,8:00:18 PM,20,March-18,Summer-2018,5.6,185.4,26.5,0.0,0.0,1023.9,19.1,0.0,26.0,8.7,27.5,00:18.0,3/14/2018,01:22.0,3/14/2018
14-03-18,9:00:13 PM,21,March-18,Summer-2018,4.2,72.3,25.5,0.0,0.0,1024.1,21.1,0.0,24.4,8.0,26.1,00:13.0,3/14/2018,01:12.0,3/14/2018
14-03-18,10:00:19 PM,22,March-18,Summer-2018,0.0,72.9,22.5,0.0,0.0,1024.2,27.8,0.0,21.6,0.0,24.4,00:19.0,3/14/2018,01:18.0,3/14/2018
14-03-18,11:00:14 PM,23,March-18,Summer-2018,0.0,0.0,21.4,0.0,0.0,1024.7,28.9,0.0,21.1,0.0,21.7,00:14.0,3/14/2018,01:08.0,3/14/2018
15-03-18,12:00:19 AM,24,March-18,Summer-2018,1.9,256.1,23.5,0.0,0.0,1024.4,25.3,0.0,21.5,10.1,25.4,00:19.0,3/15/2018,01:18.0,3/15/2018
15-03-18,1:00:14 AM,1,March-18,Summer-2018,5.3,237.6,25.4,0.0,0.0,1024.3,22.4,0.0,24.8,8.7,25.7,00:14.0,3/15/2018,01:09.0,3/15/2018
15-03-18,2:00:18 AM,2,March-18,Summer-2018,3.3,242.5,24.6,0.0,0.0,1023.9,23.6,0.0,24.3,10.1,24.8,00:18.0,3/15/2018,01:17.0,3/15/2018
15-03-18,3:00:14 AM,3,March-18,Summer-2018,3.4,223.5,23.7,0.0,0.0,1023.2,25.8,0.0,22.9,6.5,24.5,00:14.0,3/15/2018,01:09.0,3/15/2018
15-03-18,4:00:18 AM,4,March-18,Summer-2018,3.8,217.3,23.4,0.0,0.0,1022.9,27.8,0.0,23.1,8.0,23.7,00:18.0,3/15/2018,01:05.0,3/15/2018
15-03-18,5:00:19 AM,5,March-18,Summer-2018,7.2,207.3,23.7,0.0,0.0,1023.0,26.0,5.1,23.6,9.4,23.8,00:19.0,3/15/2018,01:13.0,3/15/2018
15-03-18,6:00:13 AM,6,March-18,Summer-2018,7.5,257.0,23.5,0.0,0.0,1023.4,24.8,4.3,23.3,12.3,23.8,00:13.0,3/15/2018,01:06.0,3/15/2018
15-03-18,7:00:13 AM,7,March-18,Summer-2018,6.9,234.2,23.0,0.0,1.4,1024.1,27.1,3.6,22.8,10.9,23.3,00:13.0,3/15/2018,01:15.0,3/15/2018
15-03-18,8:00:18 AM,8,March-18,Summer-2018,7.9,240.0,22.9,0.0,46.9,1025.3,33.5,4.3,22.8,11.6,23.2,00:18.0,3/15/2018,01:20.0,3/15/2018
15-03-18,9:00:13 AM,9,March-18,Summer-2018,6.6,239.1,23.7,0.0,142.7,1026.3,37.4,0.0,23.2,11.6,24.2,00:13.0,3/15/2018,01:16.0,3/15/2018
15-03-18,10:00:14 AM,10,March-18,Summer-2018,3.4,257.8,25.0,0.0,233.1,1027.4,33.4,0.0,24.2,8.7,26.2,00:14.0,3/15/2018,01:12.0,3/15/2018
15-03-18,11:00:14 AM,11,March-18,Summer-2018,11.2,273.7,27.2,0.0,648.2,1028.2,29.1,5.8,26.2,16.7,27.9,00:14.0,3/15/2018,01:12.0,3/15/2018
15-03-18,12:00:15 PM,12,March-18,Summer-2018,13.9,272.4,28.7,0.0,820.2,1027.6,26.4,6.5,27.9,19.6,29.4,00:15.0,3/15/2018,01:13.0,3/15/2018
15-03-18,1:00:19 PM,13,March-18,Summer-2018,13.9,283.0,29.7,0.0,869.3,1026.7,25.1,6.5,29.3,21.0,30.1,00:19.0,3/15/2018,01:22.0,3/15/2018
15-03-18,2:00:14 PM,14,March-18,Summer-2018,14.7,293.8,30.4,0.0,848.0,1025.6,22.3,5.1,29.9,23.2,30.8,00:14.0,3/15/2018,01:07.0,3/15/2018
15-03-18,3:00:18 PM,15,March-18,Summer-2018,12.6,247.6,31.1,0.0,739.7,1024.4,19.9,0.0,30.6,23.9,31.5,00:18.0,3/15/2018,01:16.0,3/15/2018
15-03-18,4:00:11 PM,16,March-18,Summer-2018,12.5,0.0,31.3,0.0,566.6,1023.7,17.3,0.0,31.1,19.6,31.5,00:11.0,3/15/2018,01:10.0,3/15/2018
15-03-18,5:00:14 PM,17,March-18,Summer-2018,10.9,296.8,30.7,0.0,252.1,1023.3,18.0,0.0,30.3,19.6,31.5,00:14.0,3/15/2018,01:12.0,3/15/2018
15-03-18,6:00:11 PM,18,March-18,Summer-2018,9.7,240.0,30.4,0.0,128.9,1023.4,16.2,3.6,30.0,18.8,30.8,00:11.0,3/15/2018,01:14.0,3/15/2018
15-03-18,7:00:19 PM,19,March-18,Summer-2018,5.5,242.9,29.2,0.0,17.0,1023.7,16.9,0.0,28.2,10.9,30.0,00:19.0,3/15/2018,01:23.0,3/15/2018
15-03-18,8:00:19 PM,20,March-18,Summer-2018,1.8,270.8,27.4,0.0,0.0,1024.0,19.1,0.0,26.7,5.8,28.2,00:19.0,3/15/2018,01:12.0,3/15/2018
15-03-18,9:00:13 PM,21,March-18,Summer-2018,5.9,282.0,27.0,0.0,0.0,1024.7,21.6,0.0,26.4,8.7,27.3,00:13.0,3/15/2018,01:07.0,3/15/2018
15-03-18,10:00:12 PM,22,March-18,Summer-2018,1.7,174.9,25.0,0.0,0.0,1025.2,25.7,0.0,23.3,5.8,26.4,00:12.0,3/15/2018,01:16.0,3/15/2018
15-03-18,11:00:12 PM,23,March-18,Summer-2018,0.1,174.8,22.7,0.0,0.0,1025.3,32.0,0.0,21.9,3.6,23.3,00:12.0,3/15/2018,01:16.0,3/15/2018
16-03-18,12:00:15 AM,24,March-18,Summer-2018,0.2,124.9,20.8,0.0,0.0,1025.0,41.0,0.0,20.1,4.3,21.9,00:15.0,3/16/2018,01:14.0,3/16/2018
16-03-18,1:00:18 AM,1,March-18,Summer-2018,0.2,130.8,20.3,0.0,0.0,1024.3,39.9,0.0,20.2,4.3,20.6,00:18.0,3/16/2018,01:22.0,3/16/2018
16-03-18,2:00:13 AM,2,March-18,Summer-2018,0.0,130.8,20.5,0.0,0.0,1023.7,37.4,0.0,19.9,0.0,20.8,00:13.0,3/16/2018,01:13.0,3/16/2018
16-03-18,3:00:18 AM,3,March-18,Summer-2018,0.0,130.8,20.0,0.0,0.0,1023.0,41.5,0.0,19.6,0.0,20.4,00:18.0,3/16/2018,01:18.0,3/16/2018
16-03-18,4:00:14 AM,4,March-18,Summer-2018,0.0,129.5,19.4,0.0,0.0,1022.6,43.5,0.0,18.8,3.6,19.8,00:14.0,3/16/2018,01:06.0,3/16/2018
16-03-18,5:00:19 AM,5,March-18,Summer-2018,0.1,240.8,19.5,0.0,0.0,1022.6,41.9,0.0,18.9,5.8,20.1,00:19.0,3/16/2018,01:14.0,3/16/2018
16-03-18,6:00:11 AM,6,March-18,Summer-2018,3.0,284.9,21.4,0.0,0.0,1022.8,33.6,0.0,19.2,8.0,22.1,00:11.0,3/16/2018,01:13.0,3/16/2018
16-03-18,7:00:12 AM,7,March-18,Summer-2018,5.7,255.1,21.1,0.0,2.5,1023.3,33.5,0.0,20.5,9.4,21.6,00:12.0,3/16/2018,01:04.0,3/16/2018
16-03-18,8:00:18 AM,8,March-18,Summer-2018,5.5,235.7,22.1,0.0,91.5,1024.2,36.5,0.0,20.4,10.1,24.5,00:18.0,3/16/2018,01:21.0,3/16/2018
16-03-18,9:00:14 AM,9,March-18,Summer-2018,8.0,273.5,25.8,0.0,331.6,1025.7,35.4,5.1,24.5,12.3,26.7,00:14.0,3/16/2018,01:12.0,3/16/2018
16-03-18,10:00:19 AM,10,March-18,Summer-2018,9.3,258.2,27.5,0.0,508.9,1026.6,30.7,5.1,26.7,15.9,28.1,00:19.0,3/16/2018,01:16.0,3/16/2018
16-03-18,11:00:14 AM,11,March-18,Summer-2018,13.1,283.6,28.6,0.0,685.9,1026.8,28.9,5.1,27.7,18.8,29.1,00:14.0,3/16/2018,01:08.0,3/16/2018
16-03-18,12:00:18 PM,12,March-18,Summer-2018,11.8,276.9,29.7,0.0,839.3,1026.6,27.5,3.6,29.1,18.8,30.3,00:18.0,3/16/2018,01:16.0,3/16/2018
16-03-18,1:00:14 PM,13,March-18,Summer-2018,10.3,310.9,30.8,0.0,881.1,1026.0,24.0,0.0,30.1,21.7,31.4,00:14.0,3/16/2018,01:07.0,3/16/2018
16-03-18,2:00:14 PM,14,March-18,Summer-2018,9.1,14.6,31.3,0.0,849.5,1025.0,22.7,0.0,31.0,21.0,31.8,00:14.0,3/16/2018,01:12.0,3/16/2018
16-03-18,3:00:18 PM,15,March-18,Summer-2018,9.9,315.9,31.8,0.0,742.1,1023.7,21.9,0.0,31.4,20.3,32.3,00:18.0,3/16/2018,01:22.0,3/16/2018
16-03-18,4:00:13 PM,16,March-18,Summer-2018,10.0,300.5,32.3,0.0,590.0,1022.9,21.0,0.0,32.0,20.3,32.7,00:13.0,3/16/2018,01:12.0,3/16/2018
16-03-18,5:00:19 PM,17,March-18,Summer-2018,12.1,275.2,32.5,0.0,396.6,1022.6,19.3,0.0,32.2,23.2,32.8,00:19.0,3/16/2018,01:17.0,3/16/2018
16-03-18,6:00:14 PM,18,March-18,Summer-2018,13.0,273.1,31.7,0.0,167.4,1022.6,19.9,8.0,31.2,18.1,32.3,00:14.0,3/16/2018,01:08.0,3/16/2018
16-03-18,7:00:14 PM,19,March-18,Summer-2018,10.4,260.9,30.3,0.0,20.3,1022.7,22.4,5.1,29.5,14.5,31.2,00:14.0,3/16/2018,01:14.0,3/16/2018
16-03-18,8:00:15 PM,20,March-18,Summer-2018,8.5,270.5,28.9,0.0,0.0,1023.0,25.4,4.3,28.1,17.4,29.5,00:15.0,3/16/2018,01:19.0,3/16/2018
16-03-18,9:00:15 PM,21,March-18,Summer-2018,11.3,273.7,27.8,0.0,0.0,1023.4,26.3,5.1,27.4,21.0,28.2,00:15.0,3/16/2018,01:19.0,3/16/2018
16-03-18,10:00:15 PM,22,March-18,Summer-2018,8.8,280.5,27.1,0.0,0.0,1024.0,26.7,4.3,26.4,19.6,27.5,00:15.0,3/16/2018,01:09.0,3/16/2018
16-03-18,11:00:19 PM,23,March-18,Summer-2018,3.2,288.5,26.0,0.0,0.0,1024.1,27.3,0.0,25.6,8.0,26.4,00:19.0,3/16/2018,01:18.0,3/16/2018
17-03-18,12:00:14 AM,24,March-18,Summer-2018,3.3,278.7,25.4,0.0,0.0,1024.1,28.3,0.0,25.0,7.2,26.0,00:14.0,3/17/2018,01:14.0,3/17/2018
17-03-18,1:00:18 AM,1,March-18,Summer-2018,3.8,292.5,24.5,0.0,0.0,1024.0,29.5,0.0,24.0,8.7,25.1,00:18.0,3/17/2018,01:18.0,3/17/2018
17-03-18,2:00:13 AM,2,March-18,Summer-2018,0.1,292.4,23.7,0.0,0.0,1023.4,32.0,0.0,21.8,3.6,24.2,00:13.0,3/17/2018,01:08.0,3/17/2018
17-03-18,3:00:13 AM,3,March-18,Summer-2018,1.5,200.4,20.7,0.0,0.0,1022.7,42.5,0.0,19.5,8.7,23.4,00:13.0,3/17/2018,01:13.0,3/17/2018
17-03-18,4:00:18 AM,4,March-18,Summer-2018,6.6,179.4,23.1,0.0,0.0,1022.6,39.4,3.6,22.2,11.6,24.1,00:18.0,3/17/2018,01:07.0,3/17/2018
17-03-18,5:00:19 AM,5,March-18,Summer-2018,8.1,213.3,23.1,0.0,0.0,1022.8,42.8,4.3,22.2,13.8,23.9,00:19.0,3/17/2018,01:14.0,3/17/2018
17-03-18,6:00:19 AM,6,March-18,Summer-2018,8.0,213.1,22.7,0.0,0.0,1023.3,43.1,5.8,22.0,10.9,23.5,00:19.0,3/17/2018,01:21.0,3/17/2018
17-03-18,7:00:14 AM,7,March-18,Summer-2018,5.8,219.0,21.9,0.0,3.7,1023.9,42.7,3.6,21.4,7.2,22.4,00:14.0,3/17/2018,01:06.0,3/17/2018
17-03-18,8:00:19 AM,8,March-18,Summer-2018,2.3,277.7,22.3,0.0,115.9,1024.8,36.4,0.0,21.4,7.2,24.9,00:19.0,3/17/2018,01:16.0,3/17/2018
17-03-18,9:00:14 AM,9,March-18,Summer-2018,9.2,234.5,26.5,0.0,355.5,1026.2,28.3,4.3,25.0,16.7,27.3,00:14.0,3/17/2018,01:11.0,3/17/2018
17-03-18,10:00:14 AM,10,March-18,Summer-2018,4.1,230.2,28.4,0.0,567.3,1027.6,24.6,0.0,27.3,10.9,29.8,00:14.0,3/17/2018,01:11.0,3/17/2018
17-03-18,11:00:14 AM,11,March-18,Summer-2018,9.2,270.9,30.0,0.0,740.4,1028.0,21.1,0.0,29.6,20.3,30.4,00:14.0,3/17/2018,01:16.0,3/17/2018
17-03-18,12:00:14 PM,12,March-18,Summer-2018,9.3,0.0,31.1,0.0,852.6,1027.5,19.6,0.0,30.2,23.2,31.8,00:14.0,3/17/2018,01:12.0,3/17/2018
17-03-18,1:00:15 PM,13,March-18,Summer-2018,13.6,292.5,32.0,0.0,892.9,1026.6,18.2,6.5,31.5,22.5,32.5,00:15.0,3/17/2018,01:13.0,3/17/2018
17-03-18,2:00:13 PM,14,March-18,Summer-2018,12.8,252.0,32.3,0.0,860.6,1025.7,17.1,0.0,31.9,24.6,32.7,00:13.0,3/17/2018,01:10.0,3/17/2018
17-03-18,3:00:18 PM,15,March-18,Summer-2018,12.0,256.5,32.6,0.0,750.4,1024.3,17.8,0.0,32.2,23.2,33.0,00:18.0,3/17/2018,01:21.0,3/17/2018
17-03-18,4:00:13 PM,16,March-18,Summer-2018,12.1,243.6,32.9,0.0,587.6,1023.4,17.8,0.0,32.6,23.2,33.3,00:13.0,3/17/2018,01:12.0,3/17/2018
17-03-18,5:00:18 PM,17,March-18,Summer-2018,7.9,289.7,33.0,0.0,383.0,1023.2,17.5,0.0,32.6,16.7,33.4,00:18.0,3/17/2018,01:16.0,3/17/2018
17-03-18,6:00:14 PM,18,March-18,Summer-2018,11.5,299.9,32.3,0.0,162.4,1023.2,18.3,0.0,31.5,18.1,32.9,00:14.0,3/17/2018,01:08.0,3/17/2018
17-03-18,7:00:18 PM,19,March-18,Summer-2018,8.6,266.0,30.8,0.0,18.9,1023.2,19.8,3.6,29.7,15.2,31.6,00:18.0,3/17/2018,01:16.0,3/17/2018
17-03-18,8:00:10 PM,20,March-18,Summer-2018,2.7,292.4,28.3,0.0,0.0,1023.4,22.1,0.0,27.4,5.8,29.7,00:10.0,3/17/2018,01:04.0,3/17/2018
17-03-18,9:00:12 PM,21,March-18,Summer-2018,5.3,288.4,27.3,0.0,0.0,1023.9,22.9,0.0,27.0,8.0,27.6,00:12.0,3/17/2018,01:15.0,3/17/2018
17-03-18,10:00:13 PM,22,March-18,Summer-2018,5.8,270.2,26.9,0.0,0.0,1024.5,22.7,3.6,26.4,8.0,27.3,00:13.0,3/17/2018,01:07.0,3/17/2018
17-03-18,11:00:14 PM,23,March-18,Summer-2018,2.6,0.0,25.6,0.0,0.0,1024.4,24.0,0.0,24.9,5.8,26.4,00:14.0,3/17/2018,01:13.0,3/17/2018
18-03-18,12:00:15 AM,24,March-18,Summer-2018,1.4,285.8,24.0,0.0,0.0,1024.1,27.6,0.0,23.0,5.1,25.2,00:15.0,3/18/2018,01:18.0,3/18/2018
18-03-18,1:00:12 AM,1,March-18,Summer-2018,1.8,128.6,23.1,0.0,0.0,1023.9,27.6,0.0,22.1,5.1,24.0,00:12.0,3/18/2018,01:16.0,3/18/2018
18-03-18,2:00:13 AM,2,March-18,Summer-2018,3.5,126.9,23.3,0.0,0.0,1023.4,28.8,0.0,21.1,7.2,24.9,00:13.0,3/18/2018,01:12.0,3/18/2018
18-03-18,3:00:15 AM,3,March-18,Summer-2018,0.7,30.8,21.1,0.0,0.0,1022.8,33.2,0.0,20.7,3.6,21.6,00:15.0,3/18/2018,01:14.0,3/18/2018
18-03-18,4:00:13 AM,4,March-18,Summer-2018,1.9,44.8,21.6,0.0,0.0,1022.6,34.9,0.0,21.3,6.5,22.1,00:13.0,3/18/2018,01:07.0,3/18/2018
18-03-18,5:00:19 AM,5,March-18,Summer-2018,2.0,145.9,21.8,0.0,0.0,1022.4,30.6,0.0,21.4,6.5,22.1,00:19.0,3/18/2018,01:15.0,3/18/2018
18-03-18,6:00:12 AM,6,March-18,Summer-2018,1.5,0.0,21.0,0.0,0.0,1022.8,34.1,0.0,20.2,6.5,22.0,00:12.0,3/18/2018,01:04.0,3/18/2018
18-03-18,7:00:13 AM,7,March-18,Summer-2018,0.4,297.2,20.4,0.0,4.4,1023.3,33.3,0.0,20.0,4.3,21.3,00:13.0,3/18/2018,01:11.0,3/18/2018
18-03-18,8:00:18 AM,8,March-18,Summer-2018,0.2,235.7,22.8,0.0,66.6,1024.9,29.1,0.0,21.3,4.3,23.9,00:18.0,3/18/2018,01:16.0,3/18/2018
18-03-18,9:00:12 AM,9,March-18,Summer-2018,2.5,47.4,26.1,0.0,245.3,1026.0,26.0,0.0,24.0,8.0,28.4,00:12.0,3/18/2018,01:10.0,3/18/2018
18-03-18,10:00:18 AM,10,March-18,Summer-2018,12.5,75.4,29.6,0.0,459.2,1026.7,20.5,5.1,28.5,16.7,30.8,00:18.0,3/18/2018,01:14.0,3/18/2018
18-03-18,11:00:10 AM,11,March-18,Summer-2018,17.2,100.4,31.4,0.0,690.5,1026.8,23.6,10.1,30.7,23.9,32.0,00:10.0,3/18/2018,01:08.0,3/18/2018
18-03-18,12:00:15 PM,12,March-18,Summer-2018,16.8,90.9,32.4,0.0,811.4,1026.6,21.4,5.1,31.9,25.3,33.1,00:15.0,3/18/2018,01:18.0,3/18/2018
18-03-18,1:00:13 PM,13,March-18,Summer-2018,15.3,64.8,33.3,0.0,819.4,1025.9,22.2,0.0,33.0,26.1,33.7,00:13.0,3/18/2018,01:12.0,3/18/2018
18-03-18,2:00:18 PM,14,March-18,Summer-2018,14.1,100.6,33.0,0.0,405.6,1024.7,24.4,0.0,32.8,23.9,33.5,00:18.0,3/18/2018,01:17.0,3/18/2018
18-03-18,3:00:14 PM,15,March-18,Summer-2018,12.4,50.7,33.6,0.0,544.1,1023.9,23.8,0.0,33.1,24.6,34.1,00:14.0,3/18/2018,01:08.0,3/18/2018
18-03-18,4:00:13 PM,16,March-18,Summer-2018,10.8,144.7,34.0,0.0,471.3,1023.3,22.9,0.0,33.6,22.5,34.4,00:13.0,3/18/2018,01:12.0,3/18/2018
18-03-18,5:00:18 PM,17,March-18,Summer-2018,6.0,100.6,33.5,0.0,181.8,1023.0,23.6,0.0,33.2,13.8,33.9,00:18.0,3/18/2018,01:21.0,3/18/2018
18-03-18,6:00:13 PM,18,March-18,Summer-2018,6.7,59.1,33.1,0.0,58.7,1023.2,24.3,0.0,32.8,13.0,33.3,00:13.0,3/18/2018,01:13.0,3/18/2018
18-03-18,7:00:19 PM,19,March-18,Summer-2018,2.6,175.7,32.3,0.0,9.3,1023.4,25.4,0.0,31.7,8.7,32.8,00:19.0,3/18/2018,01:17.0,3/18/2018
18-03-18,8:00:14 PM,20,March-18,Summer-2018,10.7,253.1,30.8,0.0,0.0,1024.1,29.3,0.0,30.0,24.6,31.7,00:14.0,3/18/2018,01:09.0,3/18/2018
18-03-18,9:00:18 PM,21,March-18,Summer-2018,10.3,242.3,29.5,0.0,0.0,1025.3,33.7,0.0,28.9,20.3,30.0,00:18.0,3/18/2018,01:17.0,3/18/2018
18-03-18,10:00:14 PM,22,March-18,Summer-2018,8.9,216.6,28.6,0.0,0.0,1025.8,36.9,5.1,28.4,13.0,28.9,00:14.0,3/18/2018,01:08.0,3/18/2018
18-03-18,11:00:18 PM,23,March-18,Summer-2018,4.0,179.4,27.7,0.0,0.0,1026.1,39.0,0.0,26.8,9.4,28.6,00:18.0,3/18/2018,01:17.0,3/18/2018
19-03-18,12:00:14 AM,24,March-18,Summer-2018,4.5,224.7,26.9,0.0,0.0,1025.9,39.6,0.0,26.7,6.5,27.2,00:14.0,3/19/2018,01:09.0,3/19/2018
19-03-18,1:00:14 AM,1,March-18,Summer-2018,5.5,208.9,27.1,0.0,0.0,1025.8,39.7,0.0,26.6,10.9,27.6,00:14.0,3/19/2018,01:14.0,3/19/2018
19-03-18,2:00:19 AM,2,March-18,Summer-2018,4.8,234.5,27.6,0.0,0.0,1025.4,39.2,0.0,27.3,9.4,27.9,00:19.0,3/19/2018,01:18.0,3/19/2018
19-03-18,3:00:14 AM,3,March-18,Summer-2018,7.5,249.0,27.6,0.0,0.0,1024.6,39.3,3.6,26.9,13.8,27.9,00:14.0,3/19/2018,01:09.0,3/19/2018
19-03-18,4:00:18 AM,4,March-18,Summer-2018,11.8,229.0,26.0,0.0,0.0,1024.1,41.9,6.5,25.8,18.1,26.9,00:18.0,3/19/2018,01:34.0,3/19/2018
19-03-18,5:00:18 AM,5,March-18,Summer-2018,8.5,198.1,25.3,0.0,0.0,1024.1,40.6,3.6,24.9,14.5,25.7,00:18.0,3/19/2018,01:40.0,3/19/2018
19-03-18,6:00:10 AM,6,March-18,Summer-2018,14.7,194.5,24.5,0.0,0.0,1024.6,45.9,5.1,24.2,22.5,24.9,00:10.0,3/19/2018,01:07.0,3/19/2018
19-03-18,7:00:13 AM,7,March-18,Summer-2018,13.3,193.2,24.3,0.0,4.5,1025.6,43.9,8.0,24.2,18.1,24.4,00:13.0,3/19/2018,01:10.0,3/19/2018
19-03-18,8:00:18 AM,8,March-18,Summer-2018,11.1,229.2,24.6,0.0,83.8,1026.4,44.3,6.5,24.2,16.7,25.2,00:18.0,3/19/2018,01:20.0,3/19/2018
19-03-18,9:00:10 AM,9,March-18,Summer-2018,10.5,232.5,26.1,0.0,270.8,1027.6,36.7,4.3,25.2,17.4,26.9,00:10.0,3/19/2018,01:02.0,3/19/2018
19-03-18,10:00:15 AM,10,March-18,Summer-2018,9.6,264.1,27.3,0.0,396.8,1028.6,34.0,4.3,26.8,13.8,28.3,00:15.0,3/19/2018,01:07.0,3/19/2018
19-03-18,11:00:12 AM,11,March-18,Summer-2018,6.8,240.4,29.1,0.0,662.2,1029.2,31.1,0.0,28.3,13.0,29.8,00:12.0,3/19/2018,01:05.0,3/19/2018
19-03-18,12:00:18 PM,12,March-18,Summer-2018,6.3,211.5,31.0,0.0,786.1,1029.0,28.7,0.0,29.9,11.6,31.9,00:18.0,3/19/2018,01:15.0,3/19/2018
19-03-18,1:00:18 PM,13,March-18,Summer-2018,12.0,265.0,32.1,0.0,737.6,1028.2,27.4,0.0,31.5,21.7,32.6,00:18.0,3/19/2018,01:21.0,3/19/2018
19-03-18,2:00:14 PM,14,March-18,Summer-2018,14.6,223.2,32.4,0.0,792.2,1027.0,26.9,3.6,32.2,23.2,32.8,00:14.0,3/19/2018,01:12.0,3/19/2018
19-03-18,3:00:18 PM,15,March-18,Summer-2018,13.5,291.6,33.1,0.0,692.4,1026.2,25.4,0.0,32.7,23.2,33.5,00:18.0,3/19/2018,01:16.0,3/19/2018
19-03-18,4:00:14 PM,16,March-18,Summer-2018,19.3,286.2,33.2,0.0,537.1,1025.4,25.2,9.4,32.8,27.5,33.5,00:14.0,3/19/2018,01:08.0,3/19/2018
19-03-18,5:00:18 PM,17,March-18,Summer-2018,17.8,258.5,32.5,0.0,340.8,1025.1,26.5,8.0,32.1,27.5,33.1,00:18.0,3/19/2018,01:16.0,3/19/2018
19-03-18,6:00:14 PM,18,March-18,Summer-2018,15.1,238.3,31.5,0.0,151.9,1025.2,27.6,8.0,30.9,23.9,32.3,00:14.0,3/19/2018,01:08.0,3/19/2018
19-03-18,7:00:14 PM,19,March-18,Summer-2018,14.5,250.1,30.0,0.0,23.4,1025.3,29.0,8.0,29.3,22.5,30.9,00:14.0,3/19/2018,01:13.0,3/19/2018
19-03-18,8:00:19 PM,20,March-18,Summer-2018,16.1,251.6,28.9,0.0,0.0,1025.6,31.8,7.2,28.4,22.5,29.3,00:19.0,3/19/2018,01:12.0,3/19/2018
19-03-18,9:00:14 PM,21,March-18,Summer-2018,12.4,252.1,28.0,0.0,0.0,1026.3,34.3,6.5,27.5,19.6,28.4,00:14.0,3/19/2018,01:13.0,3/19/2018
19-03-18,10:00:18 PM,22,March-18,Summer-2018,10.0,239.5,27.4,0.0,0.0,1026.9,35.0,5.1,27.3,15.2,27.6,00:18.0,3/19/2018,01:17.0,3/19/2018
19-03-18,11:00:14 PM,23,March-18,Summer-2018,9.3,237.7,27.1,0.0,0.0,1027.1,35.6,5.8,26.8,13.0,27.3,00:14.0,3/19/2018,01:08.0,3/19/2018
20-03-18,12:00:18 AM,24,March-18,Summer-2018,9.8,242.0,26.4,0.0,0.0,1026.9,37.7,6.5,26.2,13.8,26.8,00:18.0,3/20/2018,01:17.0,3/20/2018
20-03-18,1:00:14 AM,1,March-18,Summer-2018,5.9,260.3,25.8,0.0,0.0,1026.4,38.9,0.0,25.4,11.6,26.2,00:14.0,3/20/2018,01:18.0,3/20/2018
20-03-18,2:00:12 AM,2,March-18,Summer-2018,3.6,250.0,25.3,0.0,0.0,1025.8,38.9,0.0,24.9,10.9,25.6,00:12.0,3/20/2018,01:06.0,3/20/2018
20-03-18,3:00:18 AM,3,March-18,Summer-2018,2.6,104.8,24.3,0.0,0.0,1025.2,41.0,0.0,23.1,8.7,25.4,00:18.0,3/20/2018,01:22.0,3/20/2018
20-03-18,4:00:13 AM,4,March-18,Summer-2018,1.0,234.9,22.0,0.0,0.0,1024.4,47.4,0.0,21.3,6.5,23.3,00:13.0,3/20/2018,01:09.0,3/20/2018
20-03-18,5:00:19 AM,5,March-18,Summer-2018,8.1,231.6,23.5,0.0,0.0,1024.5,45.1,4.3,22.2,14.5,23.8,00:19.0,3/20/2018,01:17.0,3/20/2018
20-03-18,6:00:13 AM,6,March-18,Summer-2018,9.6,234.3,23.3,0.0,0.0,1025.1,47.8,5.1,23.1,15.9,23.5,00:13.0,3/20/2018,01:06.0,3/20/2018
20-03-18,7:00:18 AM,7,March-18,Summer-2018,6.5,207.8,22.9,0.0,5.2,1025.5,49.8,0.0,22.8,14.5,23.1,00:18.0,3/20/2018,01:15.0,3/20/2018
20-03-18,8:00:14 AM,8,March-18,Summer-2018,8.9,245.8,23.8,0.0,113.0,1026.4,46.9,3.6,22.8,17.4,24.9,00:14.0,3/20/2018,01:07.0,3/20/2018
20-03-18,9:00:14 AM,9,March-18,Summer-2018,12.2,250.6,25.3,0.0,323.2,1027.8,44.3,6.5,24.9,16.7,26.0,00:14.0,3/20/2018,01:12.0,3/20/2018
20-03-18,10:00:19 AM,10,March-18,Summer-2018,8.3,266.1,26.8,0.0,545.6,1028.9,39.3,4.3,25.9,14.5,27.9,00:19.0,3/20/2018,01:17.0,3/20/2018
20-03-18,11:00:14 AM,11,March-18,Summer-2018,11.5,273.2,28.6,0.0,726.9,1028.9,34.0,5.8,27.9,16.7,29.6,00:14.0,3/20/2018,01:07.0,3/20/2018
20-03-18,12:00:18 PM,12,March-18,Summer-2018,12.8,299.6,30.4,0.0,844.9,1028.6,31.1,5.8,29.7,18.8,31.0,00:18.0,3/20/2018,01:16.0,3/20/2018
20-03-18,1:00:14 PM,13,March-18,Summer-2018,11.9,276.8,31.4,0.0,887.1,1027.8,28.4,0.0,30.8,18.1,31.7,00:14.0,3/20/2018,01:07.0,3/20/2018
20-03-18,2:00:19 PM,14,March-18,Summer-2018,13.8,284.7,32.3,0.0,865.0,1026.6,22.6,0.0,31.7,23.2,32.9,00:19.0,3/20/2018,01:22.0,3/20/2018
20-03-18,3:00:14 PM,15,March-18,Summer-2018,16.3,281.9,32.9,0.0,753.9,1025.5,21.8,5.8,32.4,26.8,33.5,00:14.0,3/20/2018,01:08.0,3/20/2018
20-03-18,4:00:14 PM,16,March-18,Summer-2018,14.5,264.2,32.9,0.0,595.4,1024.3,22.0,0.0,32.5,29.0,33.2,00:14.0,3/20/2018,01:13.0,3/20/2018
20-03-18,5:00:19 PM,17,March-18,Summer-2018,16.8,240.6,33.0,0.0,393.6,1023.9,20.8,7.2,32.5,26.8,33.5,00:19.0,3/20/2018,01:17.0,3/20/2018
20-03-18,6:00:14 PM,18,March-18,Summer-2018,16.4,224.0,32.1,0.0,174.1,1023.8,20.8,7.2,31.3,23.9,32.8,00:14.0,3/20/2018,01:08.0,3/20/2018
20-03-18,7:00:18 PM,19,March-18,Summer-2018,14.7,244.4,30.2,0.0,20.9,1023.9,22.9,6.5,29.3,21.7,31.2,00:18.0,3/20/2018,01:17.0,3/20/2018
20-03-18,8:00:14 PM,20,March-18,Summer-2018,13.4,239.1,28.8,0.0,0.0,1024.3,25.2,8.7,28.4,20.3,29.3,00:14.0,3/20/2018,01:08.0,3/20/2018
20-03-18,9:00:18 PM,21,March-18,Summer-2018,10.9,262.4,27.9,0.0,0.0,1025.1,27.0,6.5,27.4,16.7,28.4,00:18.0,3/20/2018,01:17.0,3/20/2018
20-03-18,10:00:14 PM,22,March-18,Summer-2018,8.8,284.1,27.0,0.0,0.0,1025.4,28.6,4.3,26.2,14.5,27.4,00:14.0,3/20/2018,01:08.0,3/20/2018
20-03-18,11:00:14 PM,23,March-18,Summer-2018,4.5,293.0,25.3,0.0,0.0,1025.5,31.1,0.0,24.6,6.5,26.1,00:14.0,3/20/2018,01:14.0,3/20/2018
21-03-18,12:00:19 AM,24,March-18,Summer-2018,3.5,273.5,24.1,0.0,0.0,1025.2,32.9,0.0,23.9,7.2,24.5,00:19.0,3/21/2018,01:18.0,3/21/2018
21-03-18,1:00:15 AM,1,March-18,Summer-2018,2.2,282.6,23.4,0.0,0.0,1024.4,33.9,0.0,23.0,6.5,24.0,00:15.0,3/21/2018,01:14.0,3/21/2018
21-03-18,2:00:15 AM,2,March-18,Summer-2018,0.6,285.3,23.0,0.0,0.0,1023.9,34.6,0.0,22.1,4.3,23.5,00:15.0,3/21/2018,01:09.0,3/21/2018
21-03-18,3:00:18 AM,3,March-18,Summer-2018,0.6,218.7,21.0,0.0,0.0,1023.6,39.1,0.0,20.0,5.8,22.2,00:18.0,3/21/2018,01:18.0,3/21/2018
21-03-18,4:00:14 AM,4,March-18,Summer-2018,3.5,220.5,22.0,0.0,0.0,1023.6,41.4,0.0,21.2,10.9,22.5,00:14.0,3/21/2018,01:39.0,3/21/2018
21-03-18,5:00:18 AM,5,March-18,Summer-2018,3.4,236.3,21.4,0.0,0.0,1023.5,42.8,0.0,20.8,7.2,21.6,00:18.0,3/21/2018,01:45.0,3/21/2018
21-03-18,6:00:18 AM,6,March-18,Summer-2018,0.7,222.3,20.3,0.0,0.0,1023.5,43.2,0.0,19.9,5.1,20.8,00:18.0,3/21/2018,01:11.0,3/21/2018
21-03-18,7:00:14 AM,7,March-18,Summer-2018,6.7,251.9,21.1,0.0,8.5,1024.2,42.3,0.0,19.4,15.2,22.3,00:14.0,3/21/2018,01:12.0,3/21/2018
21-03-18,8:00:19 AM,8,March-18,Summer-2018,5.7,233.1,23.2,0.0,143.5,1025.7,36.0,0.0,22.2,9.4,24.6,00:19.0,3/21/2018,01:16.0,3/21/2018
21-03-18,9:00:14 AM,9,March-18,Summer-2018,8.1,296.8,25.4,0.0,395.7,1027.0,28.5,4.3,24.6,15.9,26.2,00:14.0,3/21/2018,01:17.0,3/21/2018
21-03-18,10:00:15 AM,10,March-18,Summer-2018,12.5,294.2,26.8,0.0,611.7,1027.9,25.1,7.2,26.2,18.1,27.7,00:15.0,3/21/2018,01:08.0,3/21/2018
21-03-18,11:00:18 AM,11,March-18,Summer-2018,13.6,252.9,28.2,0.0,786.9,1028.1,22.2,6.5,27.6,19.6,28.8,00:18.0,3/21/2018,01:10.0,3/21/2018
21-03-18,12:00:13 PM,12,March-18,Summer-2018,12.5,268.5,29.3,0.0,898.1,1027.5,20.3,5.8,28.5,18.8,29.9,00:13.0,3/21/2018,01:07.0,3/21/2018
21-03-18,1:00:18 PM,13,March-18,Summer-2018,12.4,310.3,29.9,0.0,932.3,1026.6,20.5,0.0,29.6,24.6,30.5,00:18.0,3/21/2018,01:17.0,3/21/2018
21-03-18,2:00:12 PM,14,March-18,Summer-2018,13.3,223.7,31.2,0.0,901.8,1025.7,18.3,0.0,30.4,22.5,31.7,00:12.0,3/21/2018,01:10.0,3/21/2018
21-03-18,3:00:19 PM,15,March-18,Summer-2018,13.0,260.7,31.6,0.0,786.9,1024.6,18.2,0.0,31.1,27.5,32.3,00:19.0,3/21/2018,01:18.0,3/21/2018
21-03-18,4:00:14 PM,16,March-18,Summer-2018,18.6,273.1,31.8,0.0,613.3,1023.7,18.7,3.6,31.5,29.7,32.2,00:14.0,3/21/2018,01:13.0,3/21/2018
21-03-18,5:00:13 PM,17,March-18,Summer-2018,21.6,274.7,31.3,0.0,402.3,1023.4,19.2,10.1,30.8,31.9,31.8,00:13.0,3/21/2018,01:07.0,3/21/2018
21-03-18,6:00:19 PM,18,March-18,Summer-2018,20.2,264.2,30.2,0.0,177.6,1023.6,20.9,11.6,29.4,31.9,30.9,00:19.0,3/21/2018,01:18.0,3/21/2018
21-03-18,7:00:12 PM,19,March-18,Summer-2018,12.3,247.4,28.7,0.0,21.2,1023.8,23.1,5.1,27.8,21.7,29.4,00:12.0,3/21/2018,01:12.0,3/21/2018
21-03-18,8:00:18 PM,20,March-18,Summer-2018,11.8,229.3,27.2,0.0,0.0,1024.1,24.8,5.8,26.8,21.0,27.8,00:18.0,3/21/2018,01:13.0,3/21/2018
21-03-18,9:00:14 PM,21,March-18,Summer-2018,8.6,201.1,26.4,0.0,0.0,1024.6,25.6,0.0,25.5,15.2,26.8,00:14.0,3/21/2018,01:14.0,3/21/2018
21-03-18,10:00:13 PM,22,March-18,Summer-2018,7.4,192.7,25.2,0.0,0.0,1025.0,27.0,0.0,24.7,12.3,25.5,00:13.0,3/21/2018,01:08.0,3/21/2018
21-03-18,11:00:19 PM,23,March-18,Summer-2018,7.7,196.9,24.6,0.0,0.0,1025.2,27.7,5.1,24.3,11.6,24.8,00:19.0,3/21/2018,01:18.0,3/21/2018
22-03-18,12:00:15 AM,24,March-18,Summer-2018,11.5,215.2,24.3,0.0,0.0,1025.0,29.5,7.2,24.0,16.7,24.5,00:15.0,3/22/2018,01:10.0,3/22/2018
22-03-18,1:00:18 AM,1,March-18,Summer-2018,12.1,199.6,23.6,0.0,0.0,1024.5,31.3,8.7,22.9,18.1,24.0,00:18.0,3/22/2018,01:18.0,3/22/2018
22-03-18,2:00:14 AM,2,March-18,Summer-2018,15.5,182.8,22.7,0.0,0.0,1024.0,36.5,8.7,22.3,21.0,23.0,00:14.0,3/22/2018,01:09.0,3/22/2018
22-03-18,3:00:15 AM,3,March-18,Summer-2018,15.6,200.4,22.4,0.0,0.0,1023.6,40.1,9.4,22.2,21.7,22.6,00:15.0,3/22/2018,01:15.0,3/22/2018
22-03-18,4:00:13 AM,4,March-18,Summer-2018,13.1,225.8,22.2,0.0,0.0,1023.5,43.9,8.0,21.9,23.9,22.6,00:13.0,3/22/2018,01:10.0,3/22/2018
22-03-18,5:00:19 AM,5,March-18,Summer-2018,10.8,232.7,22.0,0.0,0.0,1023.3,46.2,4.3,21.7,16.7,22.2,00:19.0,3/22/2018,01:18.0,3/22/2018
22-03-18,6:00:13 AM,6,March-18,Summer-2018,10.9,236.4,21.7,0.0,0.0,1023.5,44.8,6.5,21.5,16.7,21.8,00:13.0,3/22/2018,01:06.0,3/22/2018
22-03-18,7:00:18 AM,7,March-18,Summer-2018,4.7,197.4,20.9,0.0,7.1,1023.8,43.7,0.0,20.2,10.9,21.5,00:18.0,3/22/2018,01:15.0,3/22/2018
22-03-18,8:00:14 AM,8,March-18,Summer-2018,4.4,247.8,21.8,0.0,137.1,1024.7,42.3,0.0,20.2,10.1,23.3,00:14.0,3/22/2018,01:06.0,3/22/2018
22-03-18,9:00:18 AM,9,March-18,Summer-2018,8.6,273.1,24.0,0.0,376.1,1026.2,38.6,0.0,23.3,14.5,24.7,00:18.0,3/22/2018,01:15.0,3/22/2018
22-03-18,10:00:11 AM,10,March-18,Summer-2018,7.1,281.2,25.4,0.0,589.8,1027.1,39.5,0.0,24.7,12.3,26.2,00:11.0,3/22/2018,01:09.0,3/22/2018
22-03-18,11:00:14 AM,11,March-18,Summer-2018,11.0,296.3,27.0,0.0,775.5,1027.2,38.4,4.3,26.1,17.4,27.8,00:14.0,3/22/2018,01:12.0,3/22/2018
22-03-18,12:00:14 PM,12,March-18,Summer-2018,10.6,304.5,28.2,0.0,892.9,1026.7,32.3,0.0,27.7,19.6,28.6,00:14.0,3/22/2018,01:12.0,3/22/2018
22-03-18,1:00:18 PM,13,March-18,Summer-2018,11.8,292.3,29.2,0.0,925.6,1025.9,29.3,0.0,28.5,20.3,29.9,00:18.0,3/22/2018,01:16.0,3/22/2018
22-03-18,2:00:14 PM,14,March-18,Summer-2018,13.6,237.0,29.8,0.0,901.4,1024.7,27.0,0.0,29.3,22.5,30.7,00:14.0,3/22/2018,01:12.0,3/22/2018
22-03-18,3:00:18 PM,15,March-18,Summer-2018,12.0,278.1,30.5,0.0,799.0,1023.7,22.6,0.0,30.0,22.5,30.9,00:18.0,3/22/2018,01:21.0,3/22/2018
22-03-18,4:00:13 PM,16,March-18,Summer-2018,13.1,234.9,30.8,0.0,619.4,1022.8,22.2,0.0,30.3,30.4,31.3,00:13.0,3/22/2018,01:12.0,3/22/2018
22-03-18,5:00:19 PM,17,March-18,Summer-2018,12.2,258.1,30.8,0.0,399.3,1022.6,23.8,0.0,30.5,23.2,31.1,00:19.0,3/22/2018,01:17.0,3/22/2018
22-03-18,6:00:14 PM,18,March-18,Summer-2018,14.2,271.2,30.2,0.0,172.0,1022.7,24.2,5.1,29.5,21.7,30.8,00:14.0,3/22/2018,01:08.0,3/22/2018
22-03-18,7:00:18 PM,19,March-18,Summer-2018,13.1,256.1,28.7,0.0,22.3,1022.7,24.8,8.0,27.8,20.3,29.5,00:18.0,3/22/2018,01:17.0,3/22/2018
22-03-18,8:00:15 PM,20,March-18,Summer-2018,12.5,228.0,27.3,0.0,0.0,1023.1,27.8,4.3,27.0,20.3,27.8,00:15.0,3/22/2018,01:14.0,3/22/2018
22-03-18,9:00:18 PM,21,March-18,Summer-2018,14.6,238.0,26.5,0.0,0.0,1023.6,31.5,9.4,25.9,22.5,27.0,00:18.0,3/22/2018,01:17.0,3/22/2018
22-03-18,10:00:14 PM,22,March-18,Summer-2018,12.1,234.2,25.5,0.0,0.0,1024.0,33.3,5.1,25.3,18.8,25.9,00:14.0,3/22/2018,01:08.0,3/22/2018
22-03-18,11:00:14 PM,23,March-18,Summer-2018,11.0,246.4,25.3,0.0,0.0,1024.1,30.5,5.1,25.2,18.8,25.4,00:14.0,3/22/2018,01:13.0,3/22/2018
23-03-18,12:00:15 AM,24,March-18,Summer-2018,12.0,248.3,24.7,0.0,0.0,1023.9,32.6,8.0,24.2,17.4,25.3,00:15.0,3/23/2018,01:09.0,3/23/2018
23-03-18,1:00:18 AM,1,March-18,Summer-2018,8.6,253.7,23.7,0.0,0.0,1023.6,35.6,4.3,23.4,14.5,24.2,00:18.0,3/23/2018,01:18.0,3/23/2018
23-03-18,2:00:25 AM,2,March-18,Summer-2018,8.1,247.4,23.0,0.0,0.0,1023.1,38.2,5.1,22.8,13.0,23.4,00:25.0,3/23/2018,01:24.0,3/23/2018
23-03-18,3:00:13 AM,3,March-18,Summer-2018,6.8,248.7,22.0,0.0,0.0,1022.6,42.3,4.3,21.6,11.6,22.8,00:13.0,3/23/2018,01:08.0,3/23/2018
23-03-18,4:00:19 AM,4,March-18,Summer-2018,7.8,250.7,21.0,0.0,0.0,1022.5,48.5,5.8,20.7,10.1,21.6,00:19.0,3/23/2018,01:39.0,3/23/2018
23-03-18,5:00:16 AM,5,March-18,Summer-2018,7.2,233.7,20.7,0.0,0.0,1022.5,55.0,0.0,20.2,12.3,20.9,00:16.0,3/23/2018,01:45.0,3/23/2018
23-03-18,6:00:18 AM,6,March-18,Summer-2018,8.0,246.1,21.0,0.0,0.0,1022.7,50.6,4.3,20.7,10.9,21.2,00:18.0,3/23/2018,01:20.0,3/23/2018
23-03-18,7:00:18 AM,7,March-18,Summer-2018,7.1,240.4,20.7,0.0,7.0,1023.3,50.4,4.3,20.5,11.6,20.9,00:18.0,3/23/2018,01:15.0,3/23/2018
23-03-18,8:00:18 AM,8,March-18,Summer-2018,6.0,255.3,21.9,0.0,147.6,1024.4,50.5,3.6,20.6,9.4,23.3,00:18.0,3/23/2018,01:20.0,3/23/2018
23-03-18,9:00:18 AM,9,March-18,Summer-2018,8.3,278.4,24.1,0.0,392.7,1026.0,48.0,5.1,23.3,12.3,25.0,00:18.0,3/23/2018,01:17.0,3/23/2018
23-03-18,10:00:15 AM,10,March-18,Summer-2018,8.8,275.2,25.6,0.0,606.0,1026.7,42.6,0.0,24.9,13.0,26.7,00:15.0,3/23/2018,01:13.0,3/23/2018
23-03-18,11:00:15 AM,11,March-18,Summer-2018,9.6,251.4,27.4,0.0,779.1,1026.8,33.3,0.0,26.7,16.7,28.1,00:15.0,3/23/2018,01:13.0,3/23/2018
23-03-18,12:00:19 PM,12,March-18,Summer-2018,7.1,165.2,29.2,0.0,887.3,1026.7,26.6,0.0,28.1,14.5,30.4,00:19.0,3/23/2018,01:22.0,3/23/2018
23-03-18,1:00:18 PM,13,March-18,Summer-2018,10.4,242.2,30.6,0.0,919.7,1025.9,25.7,0.0,30.0,20.3,31.1,00:18.0,3/23/2018,01:21.0,3/23/2018
23-03-18,2:00:13 PM,14,March-18,Summer-2018,12.4,243.5,31.0,0.0,880.7,1025.0,25.7,0.0,30.5,21.7,31.5,00:13.0,3/23/2018,01:12.0,3/23/2018
23-03-18,3:00:14 PM,15,March-18,Summer-2018,11.8,300.4,31.4,0.0,774.7,1024.0,24.3,0.0,30.8,23.9,31.8,00:14.0,3/23/2018,01:12.0,3/23/2018
23-03-18,4:00:18 PM,16,March-18,Summer-2018,12.0,262.0,31.8,0.0,607.3,1023.4,23.0,0.0,31.3,21.7,32.2,00:18.0,3/23/2018,01:21.0,3/23/2018
23-03-18,5:00:13 PM,17,March-18,Summer-2018,12.4,263.5,31.6,0.0,400.1,1023.3,22.6,0.0,31.4,23.2,31.9,00:13.0,3/23/2018,01:12.0,3/23/2018
23-03-18,6:00:12 PM,18,March-18,Summer-2018,13.3,270.1,31.0,0.0,175.1,1023.3,23.8,5.1,30.4,19.6,31.4,00:12.0,3/23/2018,01:11.0,3/23/2018
23-03-18,7:00:14 PM,19,March-18,Summer-2018,10.9,261.0,29.6,0.0,23.5,1023.6,24.7,5.8,28.9,17.4,30.4,00:14.0,3/23/2018,01:13.0,3/23/2018
23-03-18,8:00:12 PM,20,March-18,Summer-2018,8.6,240.3,28.3,0.0,0.0,1024.0,26.5,4.3,27.9,13.8,28.9,00:12.0,3/23/2018,01:11.0,3/23/2018
23-03-18,9:00:18 PM,21,March-18,Summer-2018,9.5,247.0,27.7,0.0,0.0,1024.3,28.6,5.1,27.3,15.2,28.1,00:18.0,3/23/2018,01:22.0,3/23/2018
23-03-18,10:00:13 PM,22,March-18,Summer-2018,10.0,214.4,27.0,0.0,0.0,1025.3,29.4,5.8,26.2,13.8,27.3,00:13.0,3/23/2018,01:13.0,3/23/2018
23-03-18,11:00:15 PM,23,March-18,Summer-2018,6.1,244.1,25.3,0.0,0.0,1025.4,35.6,0.0,25.0,10.9,26.2,00:15.0,3/23/2018,01:14.0,3/23/2018
24-03-18,12:00:19 AM,24,March-18,Summer-2018,7.6,248.7,25.0,0.0,0.0,1025.3,36.7,0.0,24.7,15.9,25.3,00:19.0,3/24/2018,01:23.0,3/24/2018
24-03-18,1:00:18 AM,1,March-18,Summer-2018,5.2,235.1,24.7,0.0,0.0,1024.8,35.4,0.0,23.9,11.6,25.3,00:18.0,3/24/2018,01:23.0,3/24/2018
24-03-18,2:00:13 AM,2,March-18,Summer-2018,0.3,234.2,23.2,0.0,0.0,1024.0,36.7,0.0,22.5,5.1,23.9,00:13.0,3/24/2018,01:13.0,3/24/2018
24-03-18,3:00:18 AM,3,March-18,Summer-2018,0.0,234.3,21.2,0.0,0.0,1023.6,40.1,0.0,20.2,0.0,22.4,00:18.0,3/24/2018,01:18.0,3/24/2018
24-03-18,4:00:14 AM,4,March-18,Summer-2018,0.3,45.4,19.3,0.0,0.0,1023.4,44.9,0.0,18.8,5.8,20.3,00:14.0,3/24/2018,01:12.0,3/24/2018
24-03-18,5:00:19 AM,5,March-18,Summer-2018,0.1,45.4,18.8,0.0,0.0,1023.4,49.9,0.0,18.4,3.6,19.2,00:19.0,3/24/2018,01:19.0,3/24/2018
24-03-18,6:00:13 AM,6,March-18,Summer-2018,0.6,118.0,18.1,0.0,0.0,1023.9,53.3,0.0,17.7,5.1,18.9,00:13.0,3/24/2018,01:07.0,3/24/2018
24-03-18,7:00:18 AM,7,March-18,Summer-2018,2.6,95.4,18.4,0.0,8.7,1024.9,51.1,0.0,17.6,7.2,19.3,00:18.0,3/24/2018,01:16.0,3/24/2018
24-03-18,8:00:14 AM,8,March-18,Summer-2018,3.1,55.7,21.3,0.0,148.7,1026.4,41.2,0.0,18.8,10.9,25.6,00:14.0,3/24/2018,01:07.0,3/24/2018
24-03-18,9:00:14 AM,9,March-18,Summer-2018,14.6,41.4,27.4,0.0,389.9,1028.0,25.5,8.7,25.6,25.3,28.7,00:14.0,3/24/2018,01:13.0,3/24/2018
24-03-18,10:00:19 AM,10,March-18,Summer-2018,23.8,48.4,29.7,0.0,607.3,1029.0,20.7,15.9,28.7,31.1,30.7,00:19.0,3/24/2018,01:16.0,3/24/2018
24-03-18,11:00:14 AM,11,March-18,Summer-2018,27.8,52.9,31.0,0.0,775.8,1029.4,19.0,21.0,30.5,35.5,31.4,00:14.0,3/24/2018,01:07.0,3/24/2018
24-03-18,12:00:18 PM,12,March-18,Summer-2018,23.8,41.8,32.0,0.0,894.7,1029.1,18.1,13.0,31.4,34.0,32.6,00:18.0,3/24/2018,01:16.0,3/24/2018
24-03-18,1:00:14 PM,13,March-18,Summer-2018,20.1,46.4,32.7,0.0,930.6,1028.6,17.0,8.0,32.1,30.4,33.0,00:14.0,3/24/2018,01:08.0,3/24/2018
24-03-18,2:00:18 PM,14,March-18,Summer-2018,12.1,78.1,33.1,0.0,888.3,1027.6,15.8,0.0,32.8,29.0,33.7,00:18.0,3/24/2018,01:17.0,3/24/2018
24-03-18,3:00:14 PM,15,March-18,Summer-2018,9.9,95.7,33.8,0.0,779.6,1026.6,14.3,0.0,33.4,21.7,34.4,00:14.0,3/24/2018,01:08.0,3/24/2018
24-03-18,4:00:19 PM,16,March-18,Summer-2018,8.3,263.5,34.2,0.0,615.0,1025.9,13.1,0.0,33.9,15.9,34.7,00:19.0,3/24/2018,01:23.0,3/24/2018
24-03-18,5:00:19 PM,17,March-18,Summer-2018,7.0,108.3,34.7,0.0,415.2,1025.6,12.2,0.0,34.3,15.2,35.2,00:19.0,3/24/2018,01:12.0,3/24/2018
24-03-18,6:00:13 PM,18,March-18,Summer-2018,6.8,314.2,34.1,0.0,177.2,1025.7,12.6,0.0,33.7,14.5,34.4,00:13.0,3/24/2018,01:08.0,3/24/2018
24-03-18,7:00:18 PM,19,March-18,Summer-2018,10.7,337.7,32.7,0.0,28.3,1025.8,14.5,0.0,31.7,18.8,33.7,00:18.0,3/24/2018,01:17.0,3/24/2018
24-03-18,8:00:13 PM,20,March-18,Summer-2018,7.8,355.3,31.0,0.0,0.0,1025.9,16.3,4.3,30.4,13.0,31.7,00:13.0,3/24/2018,01:08.0,3/24/2018
24-03-18,9:00:14 PM,21,March-18,Summer-2018,6.3,0.0,29.6,0.0,0.0,1026.2,17.3,5.1,28.8,9.4,30.4,00:14.0,3/24/2018,01:14.0,3/24/2018
24-03-18,10:00:19 PM,22,March-18,Summer-2018,5.0,0.0,29.0,0.0,0.0,1026.5,17.4,0.0,27.8,8.0,29.3,00:19.0,3/24/2018,01:19.0,3/24/2018
24-03-18,11:00:14 PM,23,March-18,Summer-2018,2.4,128.6,26.6,0.0,0.0,1026.6,22.8,0.0,25.1,7.2,28.3,00:14.0,3/24/2018,01:19.0,3/24/2018
25-03-18,12:00:15 AM,24,March-18,Summer-2018,3.5,121.8,24.5,0.0,0.0,1026.5,27.4,0.0,23.5,8.7,25.9,00:15.0,3/25/2018,01:11.0,3/25/2018
25-03-18,1:00:18 AM,1,March-18,Summer-2018,3.3,4.2,24.6,0.0,0.0,1026.4,23.0,0.0,23.0,10.1,27.6,00:18.0,3/25/2018,01:12.0,3/25/2018
25-03-18,2:00:15 AM,2,March-18,Summer-2018,2.2,94.9,25.2,0.0,0.0,1026.3,24.5,0.0,22.9,13.0,27.7,00:15.0,3/25/2018,01:10.0,3/25/2018
25-03-18,3:00:15 AM,3,March-18,Summer-2018,3.7,73.4,24.1,0.0,0.0,1025.8,22.9,0.0,23.2,10.1,25.1,00:15.0,3/25/2018,01:15.0,3/25/2018
25-03-18,4:00:13 AM,4,March-18,Summer-2018,1.3,76.2,24.5,0.0,0.0,1025.6,23.3,0.0,23.8,5.8,25.1,00:13.0,3/25/2018,01:12.0,3/25/2018
25-03-18,5:00:19 AM,5,March-18,Summer-2018,5.2,54.8,23.0,0.0,0.0,1025.7,24.5,0.0,21.8,6.5,23.7,00:19.0,3/25/2018,01:19.0,3/25/2018
25-03-18,6:00:13 AM,6,March-18,Summer-2018,6.6,48.7,21.0,0.0,0.0,1026.3,27.5,5.8,20.1,8.0,22.2,00:13.0,3/25/2018,01:05.0,3/25/2018
25-03-18,7:00:13 AM,7,March-18,Summer-2018,7.0,60.9,20.4,0.0,8.2,1027.0,28.5,5.8,19.9,8.0,21.3,00:13.0,3/25/2018,01:10.0,3/25/2018
25-03-18,8:00:28 AM,8,March-18,Summer-2018,6.3,47.4,23.0,0.0,140.6,1028.4,26.0,4.3,20.8,10.1,25.9,00:28.0,3/25/2018,01:25.0,3/25/2018
25-03-18,9:00:19 AM,9,March-18,Summer-2018,12.7,71.4,28.2,0.0,371.9,1029.8,20.8,7.2,25.9,20.3,30.1,00:19.0,3/25/2018,01:11.0,3/25/2018
25-03-18,10:00:15 AM,10,March-18,Summer-2018,21.4,56.3,31.0,0.0,591.9,1030.5,17.4,13.8,30.1,32.6,32.0,00:15.0,3/25/2018,01:07.0,3/25/2018
25-03-18,11:00:19 AM,11,March-18,Summer-2018,26.7,36.9,32.5,0.0,765.5,1030.7,15.3,18.8,31.8,34.0,33.0,00:19.0,3/25/2018,01:16.0,3/25/2018
25-03-18,12:00:14 PM,12,March-18,Summer-2018,25.6,84.3,33.3,0.0,875.9,1030.4,14.3,13.8,32.8,33.3,33.8,00:14.0,3/25/2018,01:12.0,3/25/2018
25-03-18,1:00:18 PM,13,March-18,Summer-2018,21.8,51.0,34.1,0.0,910.6,1029.8,13.7,12.3,33.6,31.9,34.5,00:18.0,3/25/2018,01:13.0,3/25/2018
25-03-18,2:00:13 PM,14,March-18,Summer-2018,15.8,0.0,34.8,0.0,877.4,1029.1,13.3,0.0,34.4,27.5,35.1,00:13.0,3/25/2018,01:11.0,3/25/2018
25-03-18,3:00:18 PM,15,March-18,Summer-2018,12.9,102.8,35.2,0.0,766.0,1028.2,13.1,0.0,34.9,24.6,35.5,00:18.0,3/25/2018,01:14.0,3/25/2018
25-03-18,4:00:12 PM,16,March-18,Summer-2018,9.3,14.1,35.5,0.0,601.4,1027.3,12.9,0.0,35.3,18.8,35.8,00:12.0,3/25/2018,01:11.0,3/25/2018
25-03-18,5:00:18 PM,17,March-18,Summer-2018,6.1,23.7,35.6,0.0,387.0,1026.8,12.6,0.0,35.3,15.2,36.0,00:18.0,3/25/2018,01:17.0,3/25/2018
25-03-18,6:00:14 PM,18,March-18,Summer-2018,6.9,360.0,35.4,0.0,182.0,1027.0,12.8,0.0,35.0,13.8,35.7,00:14.0,3/25/2018,01:07.0,3/25/2018
25-03-18,7:00:18 PM,19,March-18,Summer-2018,6.7,319.6,33.7,0.0,14.7,1027.3,14.0,0.0,32.4,12.3,35.0,00:18.0,3/25/2018,01:16.0,3/25/2018
25-03-18,8:00:14 PM,20,March-18,Summer-2018,4.3,354.1,31.6,0.0,0.0,1027.9,15.8,0.0,31.1,5.8,32.4,00:14.0,3/25/2018,01:10.0,3/25/2018
25-03-18,9:00:19 PM,21,March-18,Summer-2018,6.4,18.2,30.8,0.0,0.0,1028.4,16.6,0.0,30.4,11.6,31.4,00:19.0,3/25/2018,01:12.0,3/25/2018
25-03-18,10:00:13 PM,22,March-18,Summer-2018,4.2,61.2,28.3,0.0,0.0,1028.8,20.5,0.0,26.2,9.4,31.4,00:13.0,3/25/2018,01:07.0,3/25/2018
25-03-18,11:00:14 PM,23,March-18,Summer-2018,2.7,60.3,26.0,0.0,0.0,1028.7,24.9,0.0,25.4,5.8,26.9,00:14.0,3/25/2018,01:14.0,3/25/2018
26-03-18,12:00:19 AM,24,March-18,Summer-2018,1.3,116.0,25.0,0.0,0.0,1028.3,25.6,0.0,24.0,5.8,25.5,00:19.0,3/26/2018,01:18.0,3/26/2018
26-03-18,1:00:14 AM,1,March-18,Summer-2018,0.8,92.9,23.5,0.0,0.0,1027.9,29.8,0.0,22.9,4.3,24.0,00:14.0,3/26/2018,01:09.0,3/26/2018
26-03-18,2:00:15 AM,2,March-18,Summer-2018,1.5,104.3,23.3,0.0,0.0,1027.2,28.8,0.0,22.9,5.8,23.8,00:15.0,3/26/2018,01:00.0,3/26/2018
26-03-18,3:00:23 AM,3,March-18,Summer-2018,1.9,112.3,22.6,0.0,0.0,1026.6,31.8,0.0,21.8,7.2,23.7,00:23.0,3/26/2018,01:08.0,3/26/2018
26-03-18,4:00:14 AM,4,March-18,Summer-2018,5.0,57.6,21.6,0.0,0.0,1026.2,31.8,0.0,20.8,8.0,22.4,00:14.0,3/26/2018,01:03.0,3/26/2018
26-03-18,5:00:19 AM,5,March-18,Summer-2018,6.3,70.9,21.3,0.0,0.0,1026.2,27.2,4.3,20.7,8.0,21.8,00:19.0,3/26/2018,01:11.0,3/26/2018
26-03-18,6:00:14 AM,6,March-18,Summer-2018,5.7,73.1,20.7,0.0,0.0,1026.4,28.6,4.3,20.1,7.2,21.6,00:14.0,3/26/2018,01:11.0,3/26/2018
26-03-18,7:00:19 AM,7,March-18,Summer-2018,5.6,61.2,20.7,0.0,10.2,1027.0,30.1,3.6,20.4,7.2,21.6,00:19.0,3/26/2018,01:21.0,3/26/2018
26-03-18,8:00:19 AM,8,March-18,Summer-2018,6.4,63.3,23.6,0.0,141.8,1028.5,25.7,5.1,21.6,8.0,26.2,00:19.0,3/26/2018,01:11.0,3/26/2018
26-03-18,9:00:15 AM,9,March-18,Summer-2018,11.9,68.0,29.2,0.0,382.9,1029.8,18.9,6.5,26.3,17.4,31.3,00:15.0,3/26/2018,01:12.0,3/26/2018
26-03-18,10:00:12 AM,10,March-18,Summer-2018,19.6,64.8,32.1,0.0,595.8,1030.9,15.3,15.2,31.3,23.9,32.8,00:12.0,3/26/2018,01:10.0,3/26/2018
26-03-18,11:00:14 AM,11,March-18,Summer-2018,18.2,63.3,33.5,0.0,738.6,1031.1,13.8,10.1,32.6,23.9,34.1,00:14.0,3/26/2018,01:56.0,3/29/2018
26-03-18,12:00:12 PM,12,March-18,Summer-2018,16.8,80.0,34.3,0.0,786.3,1030.5,13.1,10.1,33.9,22.5,34.7,00:12.0,3/26/2018,02:01.0,3/29/2018
26-03-18,1:00:11 PM,13,March-18,Summer-2018,15.1,65.4,34.9,0.0,830.3,1029.7,12.1,0.0,34.4,24.6,35.3,00:11.0,3/26/2018,02:07.0,3/29/2018
26-03-18,2:00:16 PM,14,March-18,Summer-2018,8.1,216.1,35.8,0.0,827.6,1028.8,11.7,0.0,35.2,18.1,37.3,00:16.0,3/26/2018,02:12.0,3/29/2018
26-03-18,3:00:13 PM,15,March-18,Summer-2018,6.8,219.0,36.9,0.0,712.9,1027.8,11.1,0.0,36.7,16.7,37.3,00:13.0,3/26/2018,02:22.0,3/29/2018
26-03-18,4:00:14 PM,16,March-18,Summer-2018,9.5,299.0,37.1,0.0,551.0,1026.6,11.0,0.0,36.9,16.7,37.4,00:14.0,3/26/2018,02:26.0,3/29/2018
26-03-18,5:00:12 PM,17,March-18,Summer-2018,11.4,266.4,36.9,0.0,396.5,1026.0,11.1,0.0,36.6,21.7,37.2,00:12.0,3/26/2018,02:31.0,3/29/2018
26-03-18,6:00:13 PM,18,March-18,Summer-2018,13.2,271.2,36.1,0.0,171.2,1025.7,11.0,7.2,35.6,18.8,36.6,00:13.0,3/26/2018,02:37.0,3/29/2018
26-03-18,7:00:12 PM,19,March-18,Summer-2018,8.8,252.3,34.5,0.0,21.2,1025.7,11.8,0.0,33.1,15.2,35.6,00:12.0,3/26/2018,02:42.0,3/29/2018
26-03-18,8:00:18 PM,20,March-18,Summer-2018,1.2,278.5,31.9,0.0,0.0,1025.9,14.5,0.0,30.9,5.8,33.1,00:18.0,3/26/2018,02:52.0,3/29/2018
26-03-18,9:00:16 PM,21,March-18,Summer-2018,7.4,262.7,31.6,0.0,0.0,1026.3,15.8,0.0,30.7,15.2,32.6,00:16.0,3/26/2018,02:56.0,3/29/2018
26-03-18,10:00:14 PM,22,March-18,Summer-2018,5.1,274.3,30.5,0.0,0.0,1026.7,18.1,0.0,28.9,11.6,31.8,00:14.0,3/26/2018,03:01.0,3/29/2018
26-03-18,11:00:13 PM,23,March-18,Summer-2018,0.0,324.1,26.9,0.0,0.0,1026.5,21.9,0.0,25.7,0.0,28.9,00:13.0,3/26/2018,03:07.0,3/29/2018
27-03-18,12:00:10 AM,24,March-18,Summer-2018,1.9,323.3,26.9,0.0,0.0,1026.3,21.0,0.0,25.7,4.3,27.5,00:10.0,3/27/2018,03:12.0,3/29/2018
27-03-18,1:00:18 AM,1,March-18,Summer-2018,0.0,323.3,25.5,0.0,0.0,1025.7,22.7,0.0,24.5,0.0,26.9,00:18.0,3/27/2018,03:22.0,3/29/2018
27-03-18,2:00:16 AM,2,March-18,Summer-2018,0.9,323.4,26.5,0.0,0.0,1025.2,21.4,0.0,24.9,4.3,27.5,00:16.0,3/27/2018,03:26.0,3/29/2018
27-03-18,3:00:14 AM,3,March-18,Summer-2018,0.0,52.3,24.4,0.0,0.0,1024.1,27.3,0.0,22.3,3.6,27.2,00:14.0,3/27/2018,03:32.0,3/29/2018
27-03-18,4:00:12 AM,4,March-18,Summer-2018,0.0,51.9,22.6,0.0,0.0,1023.3,31.2,0.0,21.7,0.0,22.9,00:12.0,3/27/2018,03:37.0,3/29/2018
27-03-18,5:00:12 AM,5,March-18,Summer-2018,0.9,57.6,20.9,0.0,0.0,1023.0,38.4,0.0,20.1,6.5,21.6,00:12.0,3/27/2018,03:42.0,3/29/2018
27-03-18,6:00:19 AM,6,March-18,Summer-2018,1.9,66.5,20.8,0.0,0.0,1023.4,32.4,0.0,20.1,5.1,21.1,00:19.0,3/27/2018,03:52.0,3/29/2018
27-03-18,7:00:17 AM,7,March-18,Summer-2018,0.7,67.4,20.5,0.0,8.1,1024.0,33.3,0.0,20.3,4.3,20.8,00:17.0,3/27/2018,03:56.0,3/29/2018
27-03-18,8:00:15 AM,8,March-18,Summer-2018,1.9,102.3,23.4,0.0,160.2,1025.6,28.4,0.0,20.8,5.1,26.8,00:15.0,3/27/2018,04:01.0,3/29/2018
27-03-18,9:00:11 AM,9,March-18,Summer-2018,1.1,107.6,29.8,0.0,399.9,1027.5,18.6,0.0,26.8,5.1,32.6,00:11.0,3/27/2018,04:07.0,3/29/2018
27-03-18,10:00:18 AM,10,March-18,Summer-2018,4.0,242.0,34.1,0.0,600.4,1028.8,13.7,0.0,32.6,11.6,34.8,00:18.0,3/27/2018,04:12.0,3/29/2018
27-03-18,11:00:17 AM,11,March-18,Summer-2018,11.7,259.1,34.4,0.0,767.0,1028.6,14.6,7.2,34.1,17.4,34.7,00:17.0,3/27/2018,04:22.0,3/29/2018
27-03-18,12:00:17 PM,12,March-18,Summer-2018,13.5,251.7,35.2,0.0,885.3,1028.2,12.3,3.6,34.6,19.6,35.6,00:17.0,3/27/2018,04:26.0,3/29/2018
27-03-18,1:00:18 PM,13,March-18,Summer-2018,11.7,319.6,35.8,0.0,923.0,1027.2,11.5,0.0,35.4,19.6,36.1,00:18.0,3/27/2018,04:31.0,3/29/2018
27-03-18,2:00:12 PM,14,March-18,Summer-2018,11.4,262.3,36.5,0.0,875.5,1026.3,9.8,0.0,36.1,20.3,36.9,00:12.0,3/27/2018,04:38.0,3/29/2018
27-03-18,3:00:17 PM,15,March-18,Summer-2018,13.7,204.5,36.7,0.0,772.7,1025.4,9.6,0.0,36.3,28.2,37.4,00:17.0,3/27/2018,04:42.0,3/29/2018
27-03-18,4:00:14 PM,16,March-18,Summer-2018,16.8,277.1,36.9,0.0,581.4,1024.2,10.5,5.8,36.6,28.2,37.1,00:14.0,3/27/2018,04:52.0,3/29/2018
27-03-18,5:00:11 PM,17,March-18,Summer-2018,16.7,240.7,36.8,0.0,387.2,1023.9,10.6,6.5,36.6,25.3,37.1,00:11.0,3/27/2018,04:56.0,3/29/2018
27-03-18,6:00:19 PM,18,March-18,Summer-2018,16.6,252.7,35.9,0.0,176.8,1023.8,11.2,5.8,35.3,26.1,36.6,00:19.0,3/27/2018,05:02.0,3/29/2018
27-03-18,7:00:12 PM,19,March-18,Summer-2018,16.9,232.7,34.1,0.0,24.6,1023.8,13.3,8.0,33.2,26.1,35.2,00:12.0,3/27/2018,05:07.0,3/29/2018
27-03-18,8:00:10 PM,20,March-18,Summer-2018,10.6,213.1,32.3,0.0,0.0,1024.0,15.7,5.8,31.1,18.8,33.2,00:10.0,3/27/2018,05:12.0,3/29/2018
27-03-18,9:00:17 PM,21,March-18,Summer-2018,11.0,213.1,30.9,0.0,0.0,1024.8,20.2,5.8,30.5,16.7,31.4,00:17.0,3/27/2018,05:22.0,3/29/2018
27-03-18,10:00:12 PM,22,March-18,Summer-2018,8.4,188.2,29.6,0.0,0.0,1025.4,24.6,5.1,28.7,13.0,30.5,00:12.0,3/27/2018,05:26.0,3/29/2018
27-03-18,11:00:10 PM,23,March-18,Summer-2018,7.3,211.7,28.6,0.0,0.0,1025.5,24.7,3.6,28.0,12.3,29.3,00:10.0,3/27/2018,05:32.0,3/29/2018
28-03-18,12:00:18 AM,24,March-18,Summer-2018,8.9,231.0,29.1,0.0,0.0,1025.4,21.8,3.6,28.6,14.5,29.3,00:18.0,3/28/2018,05:38.0,3/29/2018
28-03-18,1:00:12 AM,1,March-18,Summer-2018,6.9,225.4,27.9,0.0,0.0,1024.8,23.8,0.0,27.4,10.9,28.6,00:12.0,3/28/2018,05:42.0,3/29/2018
28-03-18,2:00:11 AM,2,March-18,Summer-2018,9.4,222.7,26.9,0.0,0.0,1024.0,25.0,6.5,26.0,15.2,27.4,00:11.0,3/28/2018,05:52.0,3/29/2018
28-03-18,3:00:10 AM,3,March-18,Summer-2018,7.1,241.7,25.9,0.0,0.0,1023.5,25.4,0.0,25.3,11.6,26.4,00:10.0,3/28/2018,05:56.0,3/29/2018
28-03-18,4:00:18 AM,4,March-18,Summer-2018,5.6,210.9,24.9,0.0,0.0,1023.1,27.6,0.0,24.4,11.6,25.6,00:18.0,3/28/2018,06:02.0,3/29/2018
28-03-18,5:00:17 AM,5,March-18,Summer-2018,9.9,226.7,25.2,0.0,0.0,1023.2,29.0,5.8,24.8,16.7,25.6,00:17.0,3/28/2018,06:08.0,3/29/2018
28-03-18,6:00:17 AM,6,March-18,Summer-2018,5.0,210.7,24.5,0.0,0.0,1023.4,28.4,0.0,24.1,10.1,24.9,00:17.0,3/28/2018,06:12.0,3/29/2018
28-03-18,7:00:15 AM,7,March-18,Summer-2018,1.4,208.8,23.9,0.0,9.6,1023.8,30.4,0.0,23.5,10.9,25.0,00:15.0,3/28/2018,06:22.0,3/29/2018
28-03-18,8:00:14 AM,8,March-18,Summer-2018,7.8,213.9,25.9,0.0,162.3,1025.3,30.1,4.3,25.0,11.6,27.4,00:14.0,3/28/2018,06:26.0,3/29/2018
28-03-18,9:00:11 AM,9,March-18,Summer-2018,6.2,207.8,28.9,0.0,400.9,1026.8,26.7,0.0,27.4,8.7,30.6,00:11.0,3/28/2018,06:32.0,3/29/2018
28-03-18,10:00:18 AM,10,March-18,Summer-2018,9.1,278.7,31.4,0.0,604.9,1027.7,20.7,0.0,30.6,15.2,32.0,00:18.0,3/28/2018,06:38.0,3/29/2018
28-03-18,11:00:26 AM,11,March-18,Summer-2018,11.9,264.5,32.3,0.0,787.3,1027.7,19.1,5.1,31.6,20.3,32.9,00:26.0,3/28/2018,06:42.0,3/29/2018
28-03-18,12:00:14 PM,12,March-18,Summer-2018,12.0,268.7,33.6,0.0,895.9,1027.2,18.6,0.0,32.9,19.6,34.2,00:14.0,3/28/2018,06:52.0,3/29/2018
28-03-18,1:00:18 PM,13,March-18,Summer-2018,14.5,277.9,34.4,0.0,946.6,1026.5,18.2,4.3,33.8,21.7,35.1,00:18.0,3/28/2018,06:56.0,3/29/2018
28-03-18,2:00:18 PM,14,March-18,Summer-2018,14.3,282.5,34.8,0.0,905.8,1025.5,17.2,6.5,34.5,21.7,35.2,00:18.0,3/28/2018,07:02.0,3/29/2018
28-03-18,3:00:15 PM,15,March-18,Summer-2018,14.2,317.8,35.3,0.0,797.8,1024.2,15.6,3.6,35.0,26.8,35.6,00:15.0,3/28/2018,07:08.0,3/29/2018
28-03-18,4:00:16 PM,16,March-18,Summer-2018,15.7,280.3,35.5,0.0,627.6,1023.5,14.1,5.1,35.3,25.3,35.8,00:16.0,3/28/2018,07:12.0,3/29/2018
28-03-18,5:00:14 PM,17,March-18,Summer-2018,15.7,259.1,35.4,0.0,404.0,1023.2,17.2,5.8,35.0,26.1,35.7,00:14.0,3/28/2018,07:22.0,3/29/2018
28-03-18,6:00:15 PM,18,March-18,Summer-2018,13.8,231.6,34.7,0.0,182.9,1023.2,16.1,6.5,34.2,23.2,35.1,00:15.0,3/28/2018,07:26.0,3/29/2018
28-03-18,7:00:17 PM,19,March-18,Summer-2018,14.0,235.8,33.0,0.0,21.9,1023.4,20.1,7.2,32.2,21.7,34.1,00:17.0,3/28/2018,07:32.0,3/29/2018
28-03-18,8:00:14 PM,20,March-18,Summer-2018,11.8,223.5,31.6,0.0,0.0,1023.7,23.4,0.0,30.9,20.3,32.2,00:14.0,3/28/2018,07:38.0,3/29/2018
28-03-18,9:00:12 PM,21,March-18,Summer-2018,7.5,222.7,30.3,0.0,0.0,1024.1,24.7,0.0,29.7,13.0,30.9,00:12.0,3/28/2018,07:42.0,3/29/2018
28-03-18,10:00:12 PM,22,March-18,Summer-2018,10.5,229.9,29.3,0.0,0.0,1024.8,31.3,5.8,29.0,15.9,29.7,00:12.0,3/28/2018,07:52.0,3/29/2018
28-03-18,11:00:18 PM,23,March-18,Summer-2018,6.8,221.5,29.0,0.0,0.0,1025.0,29.7,0.0,28.1,15.9,29.4,00:18.0,3/28/2018,07:56.0,3/29/2018
29-03-18,12:00:12 AM,24,March-18,Summer-2018,6.5,220.4,27.2,0.0,0.0,1024.5,33.7,3.6,25.7,8.7,28.1,00:12.0,3/29/2018,08:02.0,3/29/2018
29-03-18,1:00:13 AM,1,March-18,Summer-2018,8.8,253.0,25.6,0.0,0.0,1024.0,43.5,6.5,25.0,13.8,25.7,00:13.0,3/29/2018,08:08.0,3/29/2018
29-03-18,2:00:18 AM,2,March-18,Summer-2018,7.8,219.3,24.1,0.0,0.0,1023.7,52.5,4.3,23.2,13.0,25.0,00:18.0,3/29/2018,08:12.0,3/29/2018
29-03-18,3:00:18 AM,3,March-18,Summer-2018,11.3,210.4,24.8,0.0,0.0,1023.4,28.4,6.5,24.4,17.4,25.2,00:18.0,3/29/2018,08:22.0,3/29/2018
29-03-18,4:00:18 AM,4,March-18,Summer-2018,9.1,196.1,25.1,0.0,0.0,1023.2,19.8,4.3,24.6,15.9,25.3,00:18.0,3/29/2018,08:26.0,3/29/2018
29-03-18,5:00:19 AM,5,March-18,Summer-2018,9.5,219.9,25.1,0.0,0.0,1023.0,19.4,5.1,24.7,13.8,25.8,00:19.0,3/29/2018,08:32.0,3/29/2018
29-03-18,6:00:12 AM,6,March-18,Summer-2018,9.0,232.4,25.8,0.0,0.0,1023.6,18.1,5.1,25.3,16.7,26.2,00:12.0,3/29/2018,08:38.0,3/29/2018
29-03-18,7:00:18 AM,7,March-18,Summer-2018,8.6,241.4,25.8,0.0,12.0,1024.0,19.8,5.1,25.0,13.8,26.3,00:18.0,3/29/2018,08:42.0,3/29/2018
29-03-18,8:00:16 AM,8,March-18,Summer-2018,8.4,225.7,27.0,0.0,160.6,1025.2,23.5,5.8,26.0,12.3,28.2,00:16.0,3/29/2018,08:52.0,3/29/2018
29-03-18,9:00:15 AM,9,March-18,Summer-2018,8.4,289.7,29.7,0.0,397.8,1026.7,23.9,0.0,28.2,13.8,31.3,00:15.0,3/29/2018,08:56.0,3/29/2018
29-03-18,10:00:13 AM,10,March-18,Summer-2018,12.4,289.2,31.6,0.0,610.5,1027.6,20.2,7.2,31.3,16.7,32.1,00:13.0,3/29/2018,09:02.0,3/29/2018
29-03-18,11:00:10 AM,11,March-18,Summer-2018,14.8,284.3,32.5,0.0,783.0,1027.9,18.5,10.9,31.8,20.3,33.2,00:10.0,3/29/2018,09:08.0,3/29/2018
29-03-18,12:00:18 PM,12,March-18,Summer-2018,15.4,261.7,33.7,0.0,893.8,1027.3,18.4,8.0,32.9,22.5,34.6,00:18.0,3/29/2018,09:12.0,3/29/2018
29-03-18,1:00:12 PM,13,March-18,Summer-2018,15.6,278.5,34.5,0.0,951.7,1026.4,16.6,8.0,34.0,23.2,35.3,00:12.0,3/29/2018,09:22.0,3/29/2018
29-03-18,2:00:13 PM,14,March-18,Summer-2018,14.8,233.0,35.3,0.0,854.1,1025.5,17.1,4.3,35.0,24.6,35.7,00:13.0,3/29/2018,09:26.0,3/29/2018
29-03-18,3:00:12 PM,15,March-18,Summer-2018,15.4,270.9,35.6,0.0,785.1,1024.2,17.9,6.5,35.0,23.9,36.0,00:12.0,3/29/2018,09:32.0,3/29/2018
29-03-18,4:00:18 PM,16,March-18,Summer-2018,13.6,260.7,36.2,0.0,601.1,1023.6,16.2,5.1,35.8,21.7,36.6,00:18.0,3/29/2018,01:13.0,3/29/2018
29-03-18,5:00:14 PM,17,March-18,Summer-2018,12.4,250.1,36.2,0.0,399.5,1023.0,13.3,0.0,35.9,22.5,36.5,00:14.0,3/29/2018,01:05.0,3/29/2018
29-03-18,6:00:14 PM,18,March-18,Summer-2018,12.4,238.3,35.8,0.0,180.3,1022.9,14.5,6.5,35.3,18.8,36.2,00:14.0,3/29/2018,01:10.0,3/29/2018
29-03-18,7:00:17 PM,19,March-18,Summer-2018,9.8,256.1,34.3,0.0,24.4,1022.9,16.4,5.1,33.2,15.9,35.3,00:17.0,3/29/2018,01:13.0,3/29/2018
29-03-18,8:00:14 PM,20,March-18,Summer-2018,11.0,239.8,32.6,0.0,0.0,1023.2,19.2,5.8,32.4,19.6,33.2,00:14.0,3/29/2018,01:15.0,3/29/2018
29-03-18,9:00:15 PM,21,March-18,Summer-2018,14.7,233.3,32.1,0.0,0.0,1023.8,20.6,8.7,31.4,22.5,32.5,00:15.0,3/29/2018,01:07.0,3/29/2018
29-03-18,10:00:18 PM,22,March-18,Summer-2018,13.5,258.4,30.9,0.0,0.0,1024.4,27.5,8.0,30.4,18.8,31.4,00:18.0,3/29/2018,01:09.0,3/29/2018
29-03-18,11:00:11 PM,23,March-18,Summer-2018,8.3,244.9,29.5,0.0,0.0,1024.5,29.7,6.5,28.5,13.0,30.4,00:11.0,3/29/2018,01:23.0,3/29/2018
30-03-18,12:00:13 AM,24,March-18,Summer-2018,6.9,219.3,28.0,0.0,0.0,1024.0,35.8,3.6,27.5,11.6,28.5,00:13.0,3/30/2018,01:05.0,3/30/2018
30-03-18,1:00:18 AM,1,March-18,Summer-2018,11.1,242.9,27.8,0.0,0.0,1023.6,41.8,7.2,27.5,14.5,28.2,00:18.0,3/30/2018,01:14.0,3/30/2018
30-03-18,2:00:14 AM,2,March-18,Summer-2018,8.4,231.0,27.2,0.0,0.0,1023.2,41.9,6.5,26.6,11.6,27.7,00:14.0,3/30/2018,01:06.0,3/30/2018
30-03-18,3:00:14 AM,3,March-18,Summer-2018,9.2,220.4,26.6,0.0,0.0,1022.8,45.1,6.5,26.2,12.3,27.0,00:14.0,3/30/2018,01:11.0,3/30/2018
30-03-18,4:00:19 AM,4,March-18,Summer-2018,9.7,213.0,25.5,0.0,0.0,1022.7,52.8,5.8,25.1,15.9,26.3,00:19.0,3/30/2018,01:35.0,3/30/2018
30-03-18,5:00:11 AM,5,March-18,Summer-2018,11.3,211.8,24.9,0.0,0.0,1022.8,53.4,7.2,24.6,15.2,25.5,00:11.0,3/30/2018,01:40.0,3/30/2018
30-03-18,6:00:10 AM,6,March-18,Summer-2018,10.1,196.9,24.8,0.0,0.0,1023.0,43.0,4.3,24.6,14.5,25.1,00:10.0,3/30/2018,01:05.0,3/30/2018
30-03-18,7:00:15 AM,7,March-18,Summer-2018,9.2,225.0,26.0,0.0,11.4,1023.7,32.9,5.1,24.8,14.5,27.2,00:15.0,3/30/2018,01:06.0,3/30/2018
30-03-18,8:00:18 AM,8,March-18,Summer-2018,7.9,183.3,27.9,0.0,164.0,1025.0,27.4,3.6,27.0,14.5,29.1,00:18.0,3/30/2018,01:06.0,3/30/2018
30-03-18,9:00:10 AM,9,March-18,Summer-2018,10.0,259.1,30.9,0.0,405.1,1026.4,22.5,5.1,29.1,15.9,31.6,00:10.0,3/30/2018,01:05.0,3/30/2018
30-03-18,10:00:18 AM,10,March-18,Summer-2018,15.5,278.8,31.8,0.0,624.3,1026.8,23.4,8.7,31.1,21.0,32.6,00:18.0,3/30/2018,01:09.0,3/30/2018
30-03-18,11:00:13 AM,11,March-18,Summer-2018,16.0,278.1,33.2,0.0,802.5,1026.6,20.1,10.9,32.4,21.7,33.8,00:13.0,3/30/2018,01:05.0,3/30/2018
30-03-18,12:00:10 PM,12,March-18,Summer-2018,16.9,271.3,33.9,0.0,917.7,1026.2,21.0,10.9,33.5,23.2,34.3,00:10.0,3/30/2018,01:01.0,3/30/2018
30-03-18,1:00:13 PM,13,March-18,Summer-2018,19.5,263.0,34.8,0.0,955.0,1025.4,20.0,14.5,34.2,28.2,36.0,00:13.0,3/30/2018,01:05.0,3/30/2018
30-03-18,2:00:10 PM,14,March-18,Summer-2018,17.9,270.6,35.8,0.0,913.9,1024.1,15.9,8.7,35.3,26.8,36.3,00:10.0,3/30/2018,01:01.0,3/30/2018
30-03-18,3:00:13 PM,15,March-18,Summer-2018,15.6,291.6,36.4,0.0,773.4,1023.0,15.6,7.2,36.1,26.8,36.7,00:13.0,3/30/2018,01:05.0,3/30/2018
30-03-18,4:00:12 PM,16,March-18,Summer-2018,14.1,265.0,36.6,0.0,609.0,1022.2,14.8,5.1,36.4,27.5,36.9,00:12.0,3/30/2018,01:03.0,3/30/2018
30-03-18,5:00:12 PM,17,March-18,Summer-2018,15.0,266.0,36.4,0.0,403.3,1021.9,14.9,5.1,36.1,26.1,36.9,00:12.0,3/30/2018,01:04.0,3/30/2018
30-03-18,6:00:10 PM,18,March-18,Summer-2018,14.4,260.3,35.7,0.0,184.0,1021.8,15.6,8.0,35.1,21.7,36.1,00:10.0,3/30/2018,01:02.0,3/30/2018
30-03-18,7:00:13 PM,19,March-18,Summer-2018,14.8,239.5,34.2,0.0,24.8,1021.9,17.6,6.5,33.2,21.0,35.1,00:13.0,3/30/2018,01:06.0,3/30/2018
30-03-18,8:00:19 PM,20,March-18,Summer-2018,16.9,241.4,32.1,0.0,0.0,1022.1,36.1,10.1,31.3,25.3,33.2,00:19.0,3/30/2018,01:12.0,3/30/2018
30-03-18,9:00:12 PM,21,March-18,Summer-2018,11.7,251.3,30.7,0.0,0.0,1022.7,45.3,5.8,30.2,19.6,31.3,00:12.0,3/30/2018,01:04.0,3/30/2018
30-03-18,10:00:12 PM,22,March-18,Summer-2018,7.7,258.8,29.9,0.0,0.0,1023.2,44.3,0.0,29.5,13.0,30.2,00:12.0,3/30/2018,01:04.0,3/30/2018
30-03-18,11:00:15 PM,23,March-18,Summer-2018,3.5,267.4,28.8,0.0,0.0,1023.4,41.9,0.0,28.1,8.7,29.5,00:15.0,3/30/2018,01:13.0,3/30/2018
31-03-18,12:00:10 AM,24,March-18,Summer-2018,3.9,257.4,27.5,0.0,0.0,1023.0,40.6,0.0,26.9,8.0,28.1,00:10.0,3/31/2018,01:03.0,3/31/2018
31-03-18,1:00:10 AM,1,March-18,Summer-2018,6.2,230.7,26.8,0.0,0.0,1022.7,43.3,3.6,25.8,8.0,27.8,00:10.0,3/31/2018,01:03.0,3/31/2018
31-03-18,2:00:10 AM,2,March-18,Summer-2018,8.0,232.8,26.6,0.0,0.0,1022.1,47.1,5.1,25.6,11.6,27.7,00:10.0,3/31/2018,01:03.0,3/31/2018
31-03-18,3:00:10 AM,3,March-18,Summer-2018,12.3,202.9,25.0,0.0,0.0,1021.8,60.4,6.5,24.2,18.1,25.6,00:10.0,3/31/2018,01:03.0,3/31/2018
31-03-18,4:00:10 AM,4,March-18,Summer-2018,9.1,242.8,25.5,0.0,0.0,1021.4,45.1,5.1,24.4,15.2,27.5,00:10.0,3/31/2018,01:07.0,3/31/2018
31-03-18,5:00:19 AM,5,March-18,Summer-2018,6.6,223.0,26.3,0.0,0.0,1021.8,31.7,0.0,25.4,14.5,27.6,00:19.0,3/31/2018,01:14.0,3/31/2018
31-03-18,6:00:14 AM,6,March-18,Summer-2018,8.9,218.2,25.6,0.0,0.0,1022.1,35.6,5.1,24.4,13.0,26.5,00:14.0,3/31/2018,01:07.0,3/31/2018
31-03-18,7:00:14 AM,7,March-18,Summer-2018,11.8,228.9,25.0,0.0,12.3,1022.6,38.4,10.1,24.5,15.2,25.2,00:14.0,3/31/2018,01:12.0,3/31/2018
31-03-18,8:00:18 AM,8,March-18,Summer-2018,14.1,229.0,26.1,0.0,158.8,1023.7,40.1,9.4,25.2,19.6,27.0,00:18.0,3/31/2018,01:21.0,3/31/2018
31-03-18,9:00:14 AM,9,March-18,Summer-2018,13.5,261.8,28.0,0.0,393.1,1024.9,38.2,9.4,27.0,19.6,28.8,00:14.0,3/31/2018,01:12.0,3/31/2018
31-03-18,10:00:14 AM,10,March-18,Summer-2018,15.6,261.4,29.7,0.0,613.0,1025.5,32.8,10.1,28.8,20.3,30.7,00:14.0,3/31/2018,01:12.0,3/31/2018
31-03-18,11:00:18 AM,11,March-18,Summer-2018,16.0,271.4,31.4,0.0,783.6,1025.7,26.3,9.4,30.6,23.9,32.1,00:18.0,3/31/2018,01:11.0,3/31/2018
31-03-18,12:00:15 PM,12,March-18,Summer-2018,18.3,246.4,32.4,0.0,893.7,1025.6,23.7,10.1,31.7,25.3,33.1,00:15.0,3/31/2018,01:08.0,3/31/2018
31-03-18,1:00:19 PM,13,March-18,Summer-2018,19.9,265.2,33.1,0.0,928.4,1024.7,25.8,8.0,32.8,30.4,33.9,00:19.0,3/31/2018,01:17.0,3/31/2018
31-03-18,2:00:14 PM,14,March-18,Summer-2018,20.2,277.3,33.9,0.0,882.3,1023.6,26.7,8.0,33.5,28.2,34.2,00:14.0,3/31/2018,01:13.0,3/31/2018
31-03-18,3:00:18 PM,15,March-18,Summer-2018,19.6,281.1,34.6,0.0,765.5,1022.8,24.8,6.5,34.2,29.0,35.1,00:18.0,3/31/2018,01:22.0,3/31/2018
31-03-18,4:00:14 PM,16,March-18,Summer-2018,19.9,284.7,34.8,0.0,593.6,1022.0,24.5,10.1,34.5,29.7,35.1,00:14.0,3/31/2018,01:13.0,3/31/2018
31-03-18,5:00:19 PM,17,March-18,Summer-2018,19.8,264.3,34.8,0.0,393.2,1021.9,23.3,9.4,34.5,27.5,35.1,00:19.0,3/31/2018,01:18.0,3/31/2018
31-03-18,6:00:14 PM,18,March-18,Summer-2018,18.3,251.7,34.0,0.0,170.6,1021.9,24.0,9.4,33.3,27.5,34.6,00:14.0,3/31/2018,01:08.0,3/31/2018
31-03-18,7:00:14 PM,19,March-18,Summer-2018,17.1,228.7,32.1,0.0,25.2,1022.0,31.5,10.1,31.1,24.6,33.3,00:14.0,3/31/2018,01:14.0,3/31/2018
31-03-18,8:00:15 PM,20,March-18,Summer-2018,14.3,216.3,30.5,0.0,0.0,1022.4,39.9,6.5,29.9,21.7,31.1,00:15.0,3/31/2018,01:14.0,3/31/2018
31-03-18,9:00:15 PM,21,March-18,Summer-2018,11.0,229.5,29.3,0.0,0.0,1022.9,45.3,5.1,29.1,16.7,29.9,00:15.0,3/31/2018,01:09.0,3/31/2018
31-03-18,10:00:18 PM,22,March-18,Summer-2018,2.8,139.6,28.5,0.0,0.0,1023.2,43.2,0.0,27.4,9.4,29.1,00:18.0,3/31/2018,01:18.0,3/31/2018
31-03-18,11:00:14 PM,23,March-18,Summer-2018,3.2,238.6,26.4,0.0,0.0,1023.3,48.5,0.0,25.7,8.7,27.4,00:14.0,3/31/2018,01:14.0,3/31/2018
01-04-18,12:00:18 AM,24,March-18,Summer-2018,5.4,248.3,24.1,0.0,0.0,1022.9,65.3,3.6,23.3,7.2,25.7,00:18.0,04-01-18,01:23.0,04-01-18
01-04-18,1:00:14 AM,1,April-18,Summer-2018,6.2,234.3,23.1,0.0,0.0,1022.4,71.9,4.3,22.7,9.4,23.8,00:14.0,04-01-18,01:14.0,04-01-18
01-04-18,2:00:18 AM,2,April-18,Summer-2018,11.4,195.1,23.5,0.0,0.0,1022.1,69.1,5.1,22.6,17.4,24.5,00:18.0,04-01-18,01:18.0,04-01-18
01-04-18,3:00:14 AM,3,April-18,Summer-2018,8.6,211.7,25.0,0.0,0.0,1021.8,43.4,3.6,24.5,16.7,25.6,00:14.0,04-01-18,01:09.0,04-01-18
01-04-18,4:00:14 AM,4,April-18,Summer-2018,14.0,234.0,26.2,0.0,0.0,1021.3,35.2,7.2,25.4,21.7,26.7,00:14.0,04-01-18,01:08.0,04-01-18
01-04-18,5:00:19 AM,5,April-18,Summer-2018,11.8,231.9,25.6,0.0,0.0,1021.6,37.7,6.5,25.1,20.3,26.2,00:19.0,04-01-18,01:15.0,04-01-18
01-04-18,6:00:14 AM,6,April-18,Summer-2018,12.5,242.6,25.3,0.0,0.0,1022.0,40.0,7.2,25.2,19.6,25.6,00:14.0,04-01-18,01:07.0,04-01-18
01-04-18,7:00:14 AM,7,April-18,Summer-2018,10.2,247.3,24.8,0.0,13.0,1022.5,39.2,7.2,24.6,14.5,25.1,00:14.0,04-01-18,01:11.0,04-01-18
01-04-18,8:00:18 AM,8,April-18,Summer-2018,11.4,247.4,25.8,0.0,160.8,1023.5,38.3,7.2,24.9,21.7,26.8,00:18.0,04-01-18,01:21.0,04-01-18
01-04-18,9:00:14 AM,9,April-18,Summer-2018,16.0,285.9,27.7,0.0,393.1,1024.9,34.0,10.9,26.8,22.5,28.3,00:14.0,04-01-18,01:12.0,04-01-18
01-04-18,10:00:14 AM,10,April-18,Summer-2018,16.3,269.5,29.2,0.0,605.8,1025.6,30.1,11.6,28.3,23.9,30.0,00:14.0,04-01-18,01:17.0,04-01-18
01-04-18,11:00:18 AM,11,April-18,Summer-2018,15.1,282.1,30.8,0.0,777.1,1026.0,26.9,8.7,30.0,21.0,32.0,00:18.0,04-01-18,01:14.0,04-01-18
01-04-18,12:00:14 PM,12,April-18,Summer-2018,15.7,269.0,32.3,0.0,885.0,1025.8,25.0,8.0,31.9,22.5,33.1,00:14.0,04-01-18,01:12.0,04-01-18
01-04-18,1:00:19 PM,13,April-18,Summer-2018,15.2,280.8,33.6,0.0,925.2,1025.1,24.9,8.0,33.1,21.7,34.3,00:19.0,04-01-18,01:18.0,04-01-18
01-04-18,2:00:14 PM,14,April-18,Summer-2018,15.3,276.7,34.8,0.0,892.7,1023.9,21.1,6.5,34.0,22.5,35.4,00:14.0,04-01-18,01:13.0,04-01-18
01-04-18,3:00:18 PM,15,April-18,Summer-2018,12.8,242.9,35.8,0.0,784.9,1022.9,17.2,4.3,35.4,19.6,36.1,00:18.0,04-01-18,01:17.0,04-01-18
01-04-18,4:00:14 PM,16,April-18,Summer-2018,11.4,208.1,36.4,0.0,613.8,1022.1,15.3,3.6,35.9,19.6,36.9,00:14.0,04-01-18,01:08.0,04-01-18
01-04-18,5:00:14 PM,17,April-18,Summer-2018,11.4,310.5,36.4,0.0,402.5,1021.6,14.6,0.0,36.1,22.5,36.7,00:14.0,04-01-18,01:13.0,04-01-18
01-04-18,6:00:18 PM,18,April-18,Summer-2018,14.2,269.3,35.9,0.0,177.9,1021.2,14.3,7.2,35.5,21.0,36.3,00:18.0,04-01-18,01:22.0,04-01-18
01-04-18,7:00:14 PM,19,April-18,Summer-2018,13.1,240.0,34.5,0.0,24.7,1021.3,16.2,8.7,33.5,19.6,35.5,00:14.0,04-01-18,01:14.0,04-01-18
01-04-18,8:00:19 PM,20,April-18,Summer-2018,15.7,240.3,32.6,0.0,0.0,1021.9,22.9,10.9,31.9,21.7,33.5,00:19.0,04-01-18,01:18.0,04-01-18
01-04-18,9:00:14 PM,21,April-18,Summer-2018,15.3,239.8,31.5,0.0,0.0,1022.7,24.1,10.1,31.1,20.3,31.9,00:14.0,04-01-18,01:09.0,04-01-18
01-04-18,10:00:14 PM,22,April-18,Summer-2018,11.8,234.9,30.5,0.0,0.0,1023.4,26.3,6.5,29.9,18.8,31.1,00:14.0,04-01-18,01:14.0,04-01-18
01-04-18,11:00:15 PM,23,April-18,Summer-2018,7.9,216.9,28.9,0.0,0.0,1023.7,34.6,4.3,27.8,12.3,29.9,00:15.0,04-01-18,01:14.0,04-01-18
02-04-18,12:00:15 AM,24,April-18,Summer-2018,8.4,213.4,28.1,0.0,0.0,1023.5,34.1,6.5,27.6,11.6,28.5,00:15.0,04-02-18,01:09.0,04-02-18
02-04-18,1:00:18 AM,1,April-18,Summer-2018,10.8,228.1,27.9,0.0,0.0,1023.2,31.0,7.2,27.5,14.5,28.2,00:18.0,04-02-18,01:18.0,04-02-18
02-04-18,2:00:14 AM,2,April-18,Summer-2018,12.0,226.6,27.4,0.0,0.0,1022.9,33.2,9.4,26.5,15.9,27.9,00:14.0,04-02-18,01:14.0,04-02-18
02-04-18,3:00:18 AM,3,April-18,Summer-2018,13.2,233.4,25.8,0.0,0.0,1022.5,35.4,8.7,25.5,23.2,26.5,00:18.0,04-02-18,01:24.0,04-02-18
02-04-18,4:00:25 AM,4,April-18,Summer-2018,10.0,240.8,25.8,0.0,0.0,1022.1,28.4,6.5,25.5,14.5,26.6,00:25.0,04-02-18,01:09.0,04-02-18
02-04-18,5:00:19 AM,5,April-18,Summer-2018,14.0,231.6,26.8,0.0,0.0,1021.9,30.2,10.1,26.4,20.3,27.4,00:19.0,04-02-18,01:16.0,04-02-18
02-04-18,6:00:14 AM,6,April-18,Summer-2018,11.3,243.6,26.1,0.0,0.0,1022.4,32.8,8.0,25.7,16.7,26.5,00:14.0,04-02-18,01:06.0,04-02-18
02-04-18,7:00:14 AM,7,April-18,Summer-2018,10.0,68.3,25.2,0.0,13.3,1023.1,37.1,0.0,24.4,14.5,25.7,00:14.0,04-02-18,01:11.0,04-02-18
02-04-18,8:00:18 AM,8,April-18,Summer-2018,4.0,112.5,25.3,0.0,160.3,1024.5,39.2,0.0,24.1,10.9,26.3,00:18.0,04-02-18,01:20.0,04-02-18
02-04-18,9:00:14 AM,9,April-18,Summer-2018,2.6,66.3,27.6,0.0,384.8,1025.9,35.4,0.0,25.8,7.2,29.7,00:14.0,04-02-18,01:11.0,04-02-18
02-04-18,10:00:14 AM,10,April-18,Summer-2018,5.6,51.9,31.0,0.0,609.3,1026.9,26.9,0.0,29.7,16.7,32.0,00:14.0,04-02-18,01:11.0,04-02-18
02-04-18,11:00:18 AM,11,April-18,Summer-2018,14.7,72.6,32.6,0.0,768.3,1027.0,21.9,5.8,31.9,21.7,33.8,00:18.0,04-02-18,01:10.0,04-02-18
02-04-18,12:00:15 PM,12,April-18,Summer-2018,9.5,240.8,34.8,0.0,866.7,1026.8,18.5,0.0,33.8,15.9,35.3,00:15.0,04-02-18,01:07.0,04-02-18
02-04-18,1:00:19 PM,13,April-18,Summer-2018,13.2,312.2,35.7,0.0,905.0,1026.2,17.3,0.0,35.2,22.5,36.6,00:19.0,04-02-18,01:17.0,04-02-18
02-04-18,2:00:14 PM,14,April-18,Summer-2018,12.7,252.6,37.1,0.0,870.4,1025.3,12.8,0.0,36.5,24.6,37.4,00:14.0,04-02-18,01:12.0,04-02-18
02-04-18,3:00:18 PM,15,April-18,Summer-2018,16.5,262.3,37.3,0.0,763.4,1023.9,11.0,4.3,36.9,26.1,37.6,00:18.0,04-02-18,01:21.0,04-02-18
02-04-18,4:00:14 PM,16,April-18,Summer-2018,15.4,299.9,37.5,0.0,590.9,1023.0,10.7,4.3,37.2,25.3,38.0,00:14.0,04-02-18,01:13.0,04-02-18
02-04-18,5:00:14 PM,17,April-18,Summer-2018,13.1,238.5,37.4,0.0,388.2,1022.5,10.8,0.0,37.0,21.0,38.0,00:14.0,04-02-18,01:17.0,04-02-18
02-04-18,6:00:18 PM,18,April-18,Summer-2018,13.9,261.4,36.7,0.0,174.7,1022.5,9.8,8.0,36.2,21.0,37.2,00:18.0,04-02-18,01:21.0,04-02-18
02-04-18,7:00:14 PM,19,April-18,Summer-2018,9.9,304.0,35.1,0.0,25.6,1022.7,10.7,5.8,33.6,15.2,36.2,00:14.0,04-02-18,01:13.0,04-02-18
02-04-18,8:00:15 PM,20,April-18,Summer-2018,11.9,254.3,32.8,0.0,0.0,1023.1,21.6,5.8,32.3,19.6,33.6,00:15.0,04-02-18,01:13.0,04-02-18
02-04-18,9:00:12 PM,21,April-18,Summer-2018,14.1,226.3,31.7,0.0,0.0,1023.8,30.4,5.8,30.7,23.2,32.3,00:12.0,04-02-18,01:10.0,04-02-18
02-04-18,10:00:14 PM,22,April-18,Summer-2018,11.5,242.8,30.4,0.0,0.0,1024.2,33.1,6.5,30.1,16.7,30.8,00:14.0,04-02-18,01:08.0,04-02-18
02-04-18,11:00:18 PM,23,April-18,Summer-2018,8.7,237.6,29.6,0.0,0.0,1024.2,31.4,5.8,29.1,13.0,30.2,00:18.0,04-02-18,01:11.0,04-02-18
03-04-18,12:00:12 AM,24,April-18,Summer-2018,7.7,246.2,28.8,0.0,0.0,1024.0,30.5,5.1,28.6,13.0,29.1,00:12.0,04-03-18,01:07.0,04-03-18
03-04-18,1:00:19 AM,1,April-18,Summer-2018,9.8,221.5,28.8,0.0,0.0,1023.7,30.2,4.3,28.2,16.7,29.1,00:19.0,04-03-18,01:23.0,04-03-18
03-04-18,2:00:19 AM,2,April-18,Summer-2018,10.7,238.5,27.7,0.0,0.0,1023.2,34.4,5.8,27.4,18.1,28.2,00:19.0,04-03-18,01:13.0,04-03-18
03-04-18,3:00:14 AM,3,April-18,Summer-2018,13.6,236.1,26.6,0.0,0.0,1022.9,40.1,6.5,26.1,21.7,27.4,00:14.0,04-03-18,01:09.0,04-03-18
03-04-18,4:00:14 AM,4,April-18,Summer-2018,8.4,235.7,26.7,0.0,0.0,1022.5,29.2,0.0,26.1,15.9,27.4,00:14.0,04-03-18,01:09.0,04-03-18
03-04-18,5:00:19 AM,5,April-18,Summer-2018,11.3,248.3,27.5,0.0,0.0,1022.4,27.1,7.2,27.4,15.2,27.6,00:19.0,04-03-18,01:16.0,04-03-18
03-04-18,6:00:14 AM,6,April-18,Summer-2018,10.1,263.1,27.0,0.0,0.0,1022.7,29.1,5.1,26.5,15.2,27.4,00:14.0,04-03-18,01:06.0,04-03-18
03-04-18,7:00:14 AM,7,April-18,Summer-2018,7.4,239.2,26.3,0.0,12.2,1023.3,31.4,0.0,25.3,13.0,27.2,00:14.0,04-03-18,01:11.0,04-03-18
03-04-18,8:00:18 AM,8,April-18,Summer-2018,8.4,257.7,27.5,0.0,146.4,1024.3,30.4,5.8,26.5,13.0,29.0,00:18.0,04-03-18,01:20.0,04-03-18
03-04-18,9:00:14 AM,9,April-18,Summer-2018,10.5,281.9,30.1,0.0,369.2,1025.8,26.6,7.2,29.0,14.5,31.0,00:14.0,04-03-18,01:12.0,04-03-18
03-04-18,10:00:19 AM,10,April-18,Summer-2018,11.9,286.4,31.3,0.0,578.2,1026.7,24.3,6.5,30.9,16.7,31.5,00:19.0,04-03-18,01:16.0,04-03-18
03-04-18,11:00:14 AM,11,April-18,Summer-2018,10.0,274.9,32.0,0.0,741.2,1027.0,24.9,0.0,31.5,15.9,32.9,00:14.0,04-03-18,01:07.0,04-03-18
03-04-18,12:00:14 PM,12,April-18,Summer-2018,10.3,0.0,33.9,0.0,839.6,1026.7,23.3,0.0,32.9,20.3,34.5,00:14.0,04-03-18,01:12.0,04-03-18
03-04-18,1:00:10 PM,13,April-18,Summer-2018,10.3,339.2,35.2,0.0,878.6,1026.0,20.0,0.0,34.5,20.3,35.9,00:10.0,04-03-18,01:03.0,04-03-18
03-04-18,2:00:12 PM,14,April-18,Summer-2018,11.8,333.1,36.1,0.0,851.9,1025.0,17.2,0.0,35.5,21.7,36.5,00:12.0,04-03-18,01:10.0,04-03-18
03-04-18,3:00:18 PM,15,April-18,Summer-2018,13.5,272.7,36.5,0.0,750.4,1023.6,16.1,5.8,36.0,20.3,37.0,00:18.0,04-03-18,01:21.0,04-03-18
03-04-18,4:00:14 PM,16,April-18,Summer-2018,11.6,287.2,36.7,0.0,589.0,1022.9,15.5,0.0,36.5,21.0,36.9,00:14.0,04-03-18,01:17.0,04-03-18
03-04-18,5:00:14 PM,17,April-18,Summer-2018,12.2,278.8,36.6,0.0,385.3,1022.3,15.1,5.1,36.4,20.3,36.9,00:14.0,04-03-18,01:13.0,04-03-18
03-04-18,6:00:15 PM,18,April-18,Summer-2018,12.0,276.1,36.3,0.0,171.2,1022.3,14.3,5.8,35.9,18.8,36.5,00:15.0,04-03-18,01:13.0,04-03-18
03-04-18,7:00:19 PM,19,April-18,Summer-2018,9.3,235.5,34.9,0.0,25.1,1022.5,16.2,5.8,33.9,14.5,35.9,00:19.0,04-03-18,01:22.0,04-03-18
03-04-18,8:00:10 PM,20,April-18,Summer-2018,12.4,236.9,33.1,0.0,0.0,1022.9,22.2,6.5,32.3,21.7,33.9,00:10.0,04-03-18,01:03.0,04-03-18
03-04-18,9:00:18 PM,21,April-18,Summer-2018,14.7,247.4,31.9,0.0,0.0,1023.5,24.8,8.7,31.4,22.5,32.4,00:18.0,04-03-18,01:22.0,04-03-18
03-04-18,10:00:15 PM,22,April-18,Summer-2018,11.8,234.5,31.1,0.0,0.0,1023.9,25.8,7.2,30.9,17.4,31.4,00:15.0,04-03-18,01:14.0,04-03-18
03-04-18,11:00:15 PM,23,April-18,Summer-2018,9.7,243.9,30.6,0.0,0.0,1024.0,26.4,5.8,30.3,14.5,30.9,00:15.0,04-03-18,01:09.0,04-03-18
04-04-18,12:00:18 AM,24,April-18,Summer-2018,10.6,243.6,30.2,0.0,0.0,1023.8,26.8,7.2,29.9,15.2,30.5,00:18.0,04-04-18,01:17.0,04-04-18
04-04-18,1:00:14 AM,1,April-18,Summer-2018,9.8,246.1,29.4,0.0,0.0,1023.3,27.6,7.2,28.9,13.0,30.0,00:14.0,04-04-18,01:13.0,04-04-18
04-04-18,2:00:18 AM,2,April-18,Summer-2018,8.6,246.8,28.2,0.0,0.0,1022.7,29.1,5.8,27.3,13.0,29.0,00:18.0,04-04-18,01:22.0,04-04-18
04-04-18,3:00:14 AM,3,April-18,Summer-2018,10.8,251.7,27.2,0.0,0.0,1022.0,33.2,7.2,26.5,16.7,27.6,00:14.0,04-04-18,01:14.0,04-04-18
04-04-18,4:00:19 AM,4,April-18,Summer-2018,12.1,241.4,27.1,0.0,0.0,1021.9,29.4,7.2,26.4,17.4,27.5,00:19.0,04-04-18,01:09.0,04-04-18
04-04-18,5:00:19 AM,5,April-18,Summer-2018,9.3,250.9,27.0,0.0,0.0,1021.7,28.1,5.1,26.7,13.0,27.4,00:19.0,04-04-18,01:17.0,04-04-18
04-04-18,6:00:14 AM,6,April-18,Summer-2018,9.4,265.0,26.8,0.0,0.0,1021.9,29.7,5.1,26.5,15.9,27.3,00:14.0,04-04-18,01:06.0,04-04-18
04-04-18,7:00:14 AM,7,April-18,Summer-2018,7.7,257.0,26.1,0.0,13.1,1022.5,33.8,0.0,25.7,12.3,26.8,00:14.0,04-04-18,01:11.0,04-04-18
04-04-18,8:00:18 AM,8,April-18,Summer-2018,0.5,206.7,26.0,0.0,150.2,1023.3,35.4,0.0,25.1,4.3,28.0,00:18.0,04-04-18,01:13.0,04-04-18
04-04-18,9:00:15 AM,9,April-18,Summer-2018,3.9,262.1,30.0,0.0,369.5,1024.7,26.2,0.0,28.0,9.4,31.4,00:15.0,04-04-18,01:12.0,04-04-18
04-04-18,10:00:18 AM,10,April-18,Summer-2018,8.2,269.9,32.0,0.0,578.8,1025.3,22.0,3.6,31.4,13.0,32.7,00:18.0,04-04-18,01:20.0,04-04-18
04-04-18,11:00:14 AM,11,April-18,Summer-2018,8.7,283.0,33.6,0.0,743.3,1025.4,20.3,0.0,32.7,13.8,34.2,00:14.0,04-04-18,01:12.0,04-04-18
04-04-18,12:00:18 PM,12,April-18,Summer-2018,9.7,276.7,34.9,0.0,850.0,1024.5,19.9,0.0,34.2,15.2,35.5,00:18.0,04-04-18,01:16.0,04-04-18
04-04-18,1:00:14 PM,13,April-18,Summer-2018,12.5,292.6,36.0,0.0,892.6,1023.7,17.7,3.6,35.5,19.6,36.6,00:14.0,04-04-18,01:07.0,04-04-18
04-04-18,2:00:14 PM,14,April-18,Summer-2018,12.7,313.9,36.5,0.0,850.7,1022.8,16.8,0.0,35.7,20.3,37.1,00:14.0,04-04-18,01:12.0,04-04-18
04-04-18,3:00:18 PM,15,April-18,Summer-2018,13.5,268.9,37.0,0.0,740.6,1021.8,15.5,0.0,36.6,21.0,37.6,00:18.0,04-04-18,01:21.0,04-04-18
04-04-18,4:00:14 PM,16,April-18,Summer-2018,16.4,310.8,37.3,0.0,573.4,1020.7,15.4,7.2,37.1,25.3,37.6,00:14.0,04-04-18,01:13.0,04-04-18
04-04-18,5:00:19 PM,17,April-18,Summer-2018,17.5,288.8,37.1,0.0,370.8,1020.2,16.4,8.0,36.7,23.9,37.3,00:19.0,04-04-18,01:17.0,04-04-18
04-04-18,6:00:14 PM,18,April-18,Summer-2018,14.3,247.7,36.2,0.0,161.2,1020.2,17.1,6.5,35.7,24.6,36.9,00:14.0,04-04-18,01:08.0,04-04-18
04-04-18,7:00:14 PM,19,April-18,Summer-2018,14.4,242.9,34.5,0.0,25.0,1020.3,20.7,7.2,33.6,22.5,35.7,00:14.0,04-04-18,01:13.0,04-04-18
04-04-18,8:00:15 PM,20,April-18,Summer-2018,13.1,235.5,33.0,0.0,0.0,1020.7,24.4,7.2,32.5,18.8,33.6,00:15.0,04-04-18,01:14.0,04-04-18
04-04-18,9:00:15 PM,21,April-18,Summer-2018,14.8,260.9,32.1,0.0,0.0,1021.3,25.1,7.2,31.8,23.9,32.5,00:15.0,04-04-18,01:19.0,04-04-18
04-04-18,10:00:15 PM,22,April-18,Summer-2018,9.8,254.7,31.4,0.0,0.0,1022.0,25.7,5.1,31.2,17.4,31.8,00:15.0,04-04-18,01:14.0,04-04-18
04-04-18,11:00:14 PM,23,April-18,Summer-2018,3.4,262.7,30.5,0.0,0.0,1022.0,26.4,0.0,29.4,8.7,31.2,00:14.0,04-04-18,01:13.0,04-04-18
05-04-18,12:00:18 AM,24,April-18,Summer-2018,1.7,244.2,28.7,0.0,0.0,1021.4,28.1,0.0,28.3,7.2,29.4,00:18.0,04-05-18,01:22.0,04-05-18
05-04-18,1:00:14 AM,1,April-18,Summer-2018,6.0,238.5,28.8,0.0,0.0,1021.0,28.1,0.0,28.5,10.1,29.1,00:14.0,04-05-18,01:14.0,04-05-18
05-04-18,2:00:14 AM,2,April-18,Summer-2018,7.4,237.4,28.1,0.0,0.0,1020.7,30.0,4.3,27.6,14.5,28.7,00:14.0,04-05-18,01:13.0,04-05-18
05-04-18,3:00:18 AM,3,April-18,Summer-2018,7.5,262.0,27.2,0.0,0.0,1020.4,32.0,5.1,26.8,10.9,27.7,00:18.0,04-05-18,01:12.0,04-05-18
05-04-18,4:00:15 AM,4,April-18,Summer-2018,8.4,240.0,27.6,0.0,0.0,1019.9,29.0,4.3,27.3,13.0,27.9,00:15.0,04-05-18,01:22.0,04-05-18
05-04-18,5:00:12 AM,5,April-18,Summer-2018,8.7,255.4,27.4,0.0,0.0,1019.8,28.2,5.8,27.1,15.9,27.9,00:12.0,04-05-18,01:34.0,04-05-18
05-04-18,6:00:10 AM,6,April-18,Summer-2018,9.1,230.2,27.2,0.0,0.0,1020.1,31.0,5.8,26.7,18.1,27.8,00:10.0,04-05-18,01:00.0,04-05-18
05-04-18,7:00:10 AM,7,April-18,Summer-2018,10.9,233.1,26.4,0.0,13.1,1020.6,37.0,8.7,26.2,15.2,26.7,00:10.0,04-05-18,01:01.0,04-05-18
05-04-18,8:00:15 AM,8,April-18,Summer-2018,8.7,264.6,27.3,0.0,146.8,1021.8,35.7,5.8,26.4,13.0,28.9,00:15.0,04-05-18,01:10.0,04-05-18
05-04-18,9:00:10 AM,9,April-18,Summer-2018,11.5,255.5,29.9,0.0,359.6,1022.9,25.2,8.0,28.9,16.7,30.7,00:10.0,04-05-18,01:01.0,04-05-18
05-04-18,10:00:17 AM,10,April-18,Summer-2018,13.1,261.8,31.2,0.0,579.3,1023.5,23.9,7.2,30.5,17.4,32.0,00:17.0,04-05-18,01:13.0,04-05-18
05-04-18,11:00:15 AM,11,April-18,Summer-2018,11.3,272.8,32.2,0.0,621.5,1023.5,22.2,6.5,31.8,18.1,33.0,00:15.0,04-05-18,01:11.0,04-05-18
05-04-18,12:00:10 PM,12,April-18,Summer-2018,13.2,269.3,33.6,0.0,825.8,1023.2,20.9,7.2,33.0,19.6,33.9,00:10.0,04-05-18,01:01.0,04-05-18
05-04-18,1:00:10 PM,13,April-18,Summer-2018,13.8,250.9,34.1,0.0,803.0,1022.5,20.3,6.5,33.6,22.5,35.0,00:10.0,04-05-18,01:06.0,04-05-18
05-04-18,2:00:15 PM,14,April-18,Summer-2018,15.4,285.9,35.3,0.0,787.8,1021.5,18.7,7.2,34.9,23.2,35.8,00:15.0,04-05-18,01:11.0,04-05-18
05-04-18,3:00:16 PM,15,April-18,Summer-2018,14.8,302.3,35.2,0.0,486.2,1020.6,19.1,5.1,34.7,24.6,35.9,00:16.0,04-05-18,01:08.0,04-05-18
05-04-18,4:00:15 PM,16,April-18,Summer-2018,14.4,236.9,35.1,0.0,413.6,1020.0,20.8,6.5,34.6,23.9,35.6,00:15.0,04-05-18,01:12.0,04-05-18
05-04-18,5:00:18 PM,17,April-18,Summer-2018,16.6,240.0,35.3,0.0,367.5,1019.6,21.1,8.7,34.8,25.3,35.7,00:18.0,04-05-18,01:10.0,04-05-18
05-04-18,6:00:15 PM,18,April-18,Summer-2018,15.2,243.9,34.4,0.0,174.5,1019.5,22.2,8.0,33.9,23.2,34.8,00:15.0,04-05-18,01:12.0,04-05-18
05-04-18,7:00:16 PM,19,April-18,Summer-2018,13.9,242.5,33.0,0.0,32.0,1019.8,24.7,7.2,32.1,21.7,33.9,00:16.0,04-05-18,01:08.0,04-05-18
05-04-18,8:00:15 PM,20,April-18,Summer-2018,15.5,237.6,31.7,0.0,0.0,1020.3,26.9,10.1,31.3,21.0,32.1,00:15.0,04-05-18,01:12.0,04-05-18
05-04-18,9:00:16 PM,21,April-18,Summer-2018,13.5,239.1,30.7,0.0,0.0,1020.8,29.6,8.7,30.3,18.8,31.3,00:16.0,04-05-18,01:08.0,04-05-18
05-04-18,10:00:15 PM,22,April-18,Summer-2018,11.8,230.2,30.1,0.0,0.0,1021.4,30.2,6.5,29.7,18.1,30.3,00:15.0,04-05-18,01:12.0,04-05-18
05-04-18,11:00:16 PM,23,April-18,Summer-2018,4.3,219.1,28.9,0.0,0.0,1021.5,31.2,0.0,28.5,9.4,29.7,00:16.0,04-05-18,01:09.0,04-05-18
06-04-18,12:00:15 AM,24,April-18,Summer-2018,5.1,219.8,28.5,0.0,0.0,1021.1,30.1,0.0,27.7,12.3,29.3,00:15.0,04-06-18,01:12.0,04-06-18
06-04-18,1:00:16 AM,1,April-18,Summer-2018,1.6,302.4,26.6,0.0,0.0,1020.7,36.5,0.0,26.0,6.5,28.1,00:16.0,04-06-18,01:09.0,04-06-18
06-04-18,2:00:15 AM,2,April-18,Summer-2018,2.8,224.9,26.8,0.0,0.0,1020.3,39.1,0.0,26.5,9.4,26.9,00:15.0,04-06-18,01:13.0,04-06-18
06-04-18,3:00:16 AM,3,April-18,Summer-2018,9.9,217.3,26.4,0.0,0.0,1020.0,33.1,6.5,26.3,15.9,26.6,00:16.0,04-06-18,01:09.0,04-06-18
06-04-18,4:00:15 AM,4,April-18,Summer-2018,6.1,360.0,26.2,0.0,0.0,1019.6,27.7,0.0,25.7,13.8,26.5,00:15.0,04-06-18,01:11.0,04-06-18
06-04-18,5:00:19 AM,5,April-18,Summer-2018,2.1,269.4,26.3,0.0,0.0,1020.0,24.5,0.0,25.7,10.1,26.5,00:19.0,04-06-18,01:18.0,04-06-18
06-04-18,6:00:14 AM,6,April-18,Summer-2018,6.1,219.3,25.9,0.0,0.0,1020.3,28.7,0.0,25.3,12.3,26.7,00:14.0,04-06-18,01:07.0,04-06-18
06-04-18,7:00:10 AM,7,April-18,Summer-2018,10.5,249.9,25.7,0.0,17.9,1020.9,40.5,5.8,25.6,18.8,25.8,00:10.0,04-06-18,01:08.0,04-06-18
06-04-18,8:00:10 AM,8,April-18,Summer-2018,13.7,247.3,26.2,0.0,189.6,1022.4,47.0,8.7,25.6,20.3,26.9,00:10.0,04-06-18,01:08.0,04-06-18
06-04-18,9:00:15 AM,9,April-18,Summer-2018,13.7,240.6,27.4,0.0,298.4,1023.5,41.1,6.5,26.9,26.1,27.8,00:15.0,04-06-18,01:13.0,04-06-18
06-04-18,10:00:10 AM,10,April-18,Summer-2018,11.0,273.7,28.5,0.0,449.6,1024.0,33.4,6.5,27.8,18.1,29.6,00:10.0,04-06-18,01:03.0,04-06-18
06-04-18,11:00:14 AM,11,April-18,Summer-2018,11.0,231.9,30.3,0.0,702.3,1024.2,27.0,0.0,29.5,20.3,31.1,00:14.0,04-06-18,01:12.0,04-06-18
06-04-18,12:00:14 PM,12,April-18,Summer-2018,9.9,233.3,31.5,0.0,656.6,1024.1,25.1,0.0,30.8,18.1,32.1,00:14.0,04-06-18,01:12.0,04-06-18
06-04-18,1:00:10 PM,13,April-18,Summer-2018,6.8,313.3,32.0,0.0,533.6,1023.8,25.0,0.0,31.6,13.8,32.5,00:10.0,04-06-18,01:04.0,04-06-18
06-04-18,2:00:16 PM,14,April-18,Summer-2018,8.9,271.6,33.8,0.0,809.4,1023.2,20.8,0.0,32.4,20.3,34.6,00:16.0,04-06-18,01:15.0,04-06-18
06-04-18,3:00:14 PM,15,April-18,Summer-2018,16.7,271.2,34.5,0.0,698.8,1022.4,18.9,0.0,33.9,25.3,34.9,00:14.0,04-06-18,01:13.0,04-06-18
06-04-18,4:00:18 PM,16,April-18,Summer-2018,17.2,296.3,34.9,0.0,561.8,1021.9,16.8,5.8,34.7,24.6,35.0,00:18.0,04-06-18,01:11.0,04-06-18
06-04-18,5:00:15 PM,17,April-18,Summer-2018,15.4,232.5,34.6,0.0,354.5,1021.6,17.9,5.8,34.2,25.3,35.1,00:15.0,04-06-18,01:09.0,04-06-18
06-04-18,6:00:19 PM,18,April-18,Summer-2018,11.0,275.9,33.7,0.0,154.9,1021.4,21.6,5.1,33.3,18.1,34.3,00:19.0,04-06-18,01:18.0,04-06-18
06-04-18,7:00:14 PM,19,April-18,Summer-2018,10.9,234.3,32.6,0.0,24.9,1021.6,26.4,6.5,31.7,16.7,33.3,00:14.0,04-06-18,01:13.0,04-06-18
06-04-18,8:00:18 PM,20,April-18,Summer-2018,10.0,198.8,31.0,0.0,0.0,1022.1,31.9,4.3,30.2,15.9,31.7,00:18.0,04-06-18,01:18.0,04-11-18
06-04-18,9:00:19 PM,21,April-18,Summer-2018,5.5,229.9,29.7,0.0,0.0,1022.6,33.7,0.0,28.8,11.6,30.2,00:19.0,04-06-18,01:37.0,04-11-18
06-04-18,10:00:14 PM,22,April-18,Summer-2018,4.3,116.7,28.8,0.0,0.0,1022.9,35.4,0.0,27.8,10.9,29.5,00:14.0,04-06-18,02:01.0,04-11-18
06-04-18,11:00:14 PM,23,April-18,Summer-2018,0.2,116.4,26.3,0.0,0.0,1022.9,40.1,0.0,25.6,4.3,27.8,00:14.0,04-06-18,02:18.0,04-11-18
07-04-18,12:00:14 AM,24,April-18,Summer-2018,7.3,259.9,26.1,0.0,0.0,1022.8,42.6,0.0,25.5,11.6,26.8,00:14.0,04-07-18,02:36.0,04-11-18
07-04-18,1:00:18 AM,1,April-18,Summer-2018,5.3,214.7,24.6,0.0,0.0,1022.9,59.7,0.0,24.0,9.4,25.5,00:18.0,04-07-18,02:53.0,04-11-18
07-04-18,2:00:18 AM,2,April-18,Summer-2018,10.5,205.7,24.7,0.0,0.0,1022.7,55.9,4.3,24.0,15.9,25.2,00:18.0,04-07-18,03:13.0,04-11-18
07-04-18,3:00:14 AM,3,April-18,Summer-2018,9.0,251.0,25.6,0.0,0.0,1022.4,38.6,5.8,25.2,13.8,26.0,00:14.0,04-07-18,03:38.0,04-11-18
07-04-18,4:00:19 AM,4,April-18,Summer-2018,4.2,221.6,26.1,0.0,0.0,1022.3,32.2,0.0,25.8,10.1,26.5,00:19.0,04-07-18,04:02.0,04-11-18
07-04-18,5:00:19 AM,5,April-18,Summer-2018,3.4,281.9,25.7,0.0,0.0,1022.3,34.4,0.0,25.4,7.2,26.4,00:19.0,04-07-18,04:19.0,04-11-18
07-04-18,6:00:13 AM,6,April-18,Summer-2018,6.1,228.4,26.2,0.0,0.0,1022.9,36.6,3.6,25.6,9.4,26.8,00:13.0,04-07-18,04:38.0,04-11-18
07-04-18,7:00:18 AM,7,April-18,Summer-2018,6.2,241.7,25.1,0.0,14.7,1023.5,38.8,0.0,24.6,10.1,25.7,00:18.0,04-07-18,04:56.0,04-11-18
07-04-18,8:00:18 AM,8,April-18,Summer-2018,7.9,240.1,26.9,0.0,151.6,1024.6,38.5,5.1,25.7,12.3,27.7,00:18.0,04-07-18,05:14.0,04-11-18
07-04-18,9:00:14 AM,9,April-18,Summer-2018,11.1,272.3,28.5,0.0,278.0,1025.7,35.2,7.2,27.8,15.2,28.9,00:14.0,04-07-18,05:37.0,04-11-18
07-04-18,10:00:14 AM,10,April-18,Summer-2018,12.2,296.6,30.2,0.0,588.8,1026.5,29.7,8.0,28.9,16.7,31.1,00:14.0,04-07-18,05:59.0,04-11-18
07-04-18,11:00:10 AM,11,April-18,Summer-2018,15.1,272.9,31.6,0.0,766.1,1026.6,27.1,9.4,31.1,20.3,32.0,00:10.0,04-07-18,06:22.0,04-11-18
07-04-18,12:00:14 PM,12,April-18,Summer-2018,16.4,296.0,32.9,0.0,889.7,1026.2,27.2,0.0,32.1,22.5,33.4,00:14.0,04-07-18,06:39.0,04-11-18
07-04-18,1:00:15 PM,13,April-18,Summer-2018,12.1,268.0,33.8,0.0,910.0,1025.7,26.8,3.6,33.2,22.5,34.9,00:15.0,04-07-18,06:55.0,04-11-18
07-04-18,2:00:12 PM,14,April-18,Summer-2018,14.7,242.5,35.0,0.0,869.7,1024.6,24.4,0.0,34.4,26.1,35.6,00:12.0,04-07-18,07:21.0,04-11-18
07-04-18,3:00:12 PM,15,April-18,Summer-2018,15.9,296.5,35.7,0.0,775.5,1023.5,18.3,4.3,35.2,26.1,36.1,00:12.0,04-07-18,07:33.0,04-11-18
07-04-18,4:00:14 PM,16,April-18,Summer-2018,16.7,296.0,36.1,0.0,598.0,1022.7,15.7,6.5,35.8,26.1,36.4,00:14.0,04-07-18,07:52.0,04-11-18
07-04-18,5:00:14 PM,17,April-18,Summer-2018,17.6,282.1,36.0,0.0,390.1,1022.2,16.1,6.5,35.6,28.2,36.4,00:14.0,04-07-18,08:11.0,04-11-18
07-04-18,6:00:15 PM,18,April-18,Summer-2018,19.2,260.2,35.0,0.0,179.0,1021.9,17.4,10.1,34.1,29.0,35.7,00:15.0,04-07-18,08:25.0,04-11-18
07-04-18,7:00:14 PM,19,April-18,Summer-2018,17.9,240.7,33.2,0.0,29.4,1022.0,19.7,8.7,32.3,29.0,34.1,00:14.0,04-07-18,08:43.0,04-11-18
07-04-18,8:00:12 PM,20,April-18,Summer-2018,19.2,234.9,31.8,0.0,0.0,1022.1,27.8,12.3,31.3,25.3,32.3,00:12.0,04-07-18,09:07.0,04-11-18
07-04-18,9:00:15 PM,21,April-18,Summer-2018,15.2,230.2,30.7,0.0,0.0,1022.4,36.1,8.0,30.1,23.2,31.3,00:15.0,04-07-18,09:27.0,04-11-18
07-04-18,10:00:19 PM,22,April-18,Summer-2018,10.8,223.8,29.5,0.0,0.0,1023.0,36.7,7.2,28.9,15.9,30.1,00:19.0,04-07-18,09:46.0,04-11-18
07-04-18,11:00:14 PM,23,April-18,Summer-2018,11.0,235.1,29.1,0.0,0.0,1023.2,28.4,6.5,28.5,17.4,29.6,00:14.0,04-07-18,10:03.0,04-11-18
08-04-18,12:00:16 AM,24,April-18,Summer-2018,7.8,230.4,28.3,0.0,0.0,1023.3,25.2,0.0,27.6,14.5,28.9,00:16.0,04-08-18,10:18.0,04-11-18
08-04-18,1:00:19 AM,1,April-18,Summer-2018,6.9,211.7,27.5,0.0,0.0,1023.2,29.3,0.0,26.4,15.9,27.9,00:19.0,04-08-18,10:38.0,04-11-18
08-04-18,2:00:15 AM,2,April-18,Summer-2018,4.9,194.0,25.7,0.0,0.0,1022.7,32.6,0.0,25.1,12.3,26.5,00:15.0,04-08-18,10:54.0,04-11-18
08-04-18,3:00:14 AM,3,April-18,Summer-2018,8.4,243.2,25.9,0.0,0.0,1022.1,28.5,4.3,25.2,13.8,26.3,00:14.0,04-08-18,11:12.0,04-11-18
08-04-18,4:00:15 AM,4,April-18,Summer-2018,7.8,178.9,27.2,0.0,0.0,1021.8,26.7,0.0,26.3,15.9,27.6,00:15.0,04-08-18,11:32.0,04-11-18
08-04-18,5:00:19 AM,5,April-18,Summer-2018,3.1,39.0,23.4,0.0,0.0,1021.9,33.0,0.0,22.2,11.6,26.4,00:19.0,04-08-18,11:50.0,04-11-18
08-04-18,6:00:13 AM,6,April-18,Summer-2018,2.1,102.1,22.6,0.0,0.0,1022.0,37.1,0.0,21.7,6.5,23.5,00:13.0,04-08-18,12:16.0,04-11-18
08-04-18,7:00:10 AM,7,April-18,Summer-2018,1.6,128.6,21.2,0.0,14.0,1022.7,42.8,0.0,20.6,5.8,22.2,00:10.0,04-08-18,12:36.0,04-11-18
08-04-18,8:00:10 AM,8,April-18,Summer-2018,1.1,0.0,24.8,0.0,176.0,1023.8,39.9,0.0,22.3,6.5,27.5,00:10.0,04-08-18,12:57.0,04-11-18
08-04-18,9:00:18 AM,9,April-18,Summer-2018,6.4,300.6,29.0,0.0,407.1,1025.7,36.9,0.0,27.5,10.9,29.9,00:18.0,04-08-18,13:14.0,04-11-18
08-04-18,10:00:14 AM,10,April-18,Summer-2018,7.6,248.0,30.2,0.0,610.0,1026.6,35.1,0.0,29.9,14.5,30.7,00:14.0,04-08-18,13:33.0,04-11-18
08-04-18,11:00:15 AM,11,April-18,Summer-2018,8.4,277.6,31.6,0.0,772.1,1026.7,33.8,0.0,30.7,13.0,32.4,00:15.0,04-08-18,13:53.0,04-11-18
08-04-18,12:00:14 PM,12,April-18,Summer-2018,11.0,274.1,33.3,0.0,876.9,1026.2,30.8,0.0,32.4,17.4,34.0,00:14.0,04-08-18,14:13.0,04-11-18
08-04-18,1:00:15 PM,13,April-18,Summer-2018,13.9,267.8,34.3,0.0,905.6,1025.3,27.0,5.8,33.8,21.0,34.9,00:15.0,04-08-18,14:35.0,04-11-18
08-04-18,2:00:17 PM,14,April-18,Summer-2018,11.5,273.6,34.9,0.0,793.9,1024.1,24.7,0.0,34.5,21.0,35.3,00:17.0,04-08-18,14:58.0,04-11-18
08-04-18,3:00:18 PM,15,April-18,Summer-2018,10.1,292.9,35.3,0.0,538.6,1023.1,23.1,0.0,34.7,24.6,36.0,00:18.0,04-08-18,15:17.0,04-11-18
08-04-18,4:00:08 PM,16,April-18,Summer-2018,20.3,141.9,32.9,1.0,108.7,1022.2,26.3,0.0,27.9,51.4,34.7,00:08.0,04-08-18,15:33.0,04-11-18
08-04-18,5:00:11 PM,17,April-18,Summer-2018,19.1,120.3,27.5,43.7,29.2,1022.1,38.7,0.0,25.9,43.5,28.6,00:11.0,04-08-18,15:54.0,04-11-18
08-04-18,6:00:15 PM,18,April-18,Summer-2018,6.8,285.5,27.1,0.0,32.2,1021.9,41.4,0.0,26.4,25.3,28.6,00:15.0,04-08-18,16:12.0,04-11-18
08-04-18,7:00:14 PM,19,April-18,Summer-2018,6.8,266.5,29.2,0.0,56.9,1021.8,38.5,0.0,28.4,13.8,29.8,00:14.0,04-08-18,16:33.0,04-11-18
08-04-18,8:00:12 PM,20,April-18,Summer-2018,8.3,223.2,29.1,0.0,0.0,1022.6,36.0,4.3,28.3,15.9,29.6,00:12.0,04-08-18,16:55.0,04-11-18
08-04-18,9:00:15 PM,21,April-18,Summer-2018,9.1,253.1,27.2,0.0,0.0,1023.2,51.9,5.8,26.8,13.0,28.8,00:15.0,04-08-18,17:16.0,04-11-18
08-04-18,10:00:19 PM,22,April-18,Summer-2018,6.9,264.1,26.7,0.0,0.0,1023.9,55.9,4.3,26.1,12.3,27.2,00:19.0,04-08-18,17:35.0,04-11-18
08-04-18,11:00:14 PM,23,April-18,Summer-2018,5.7,251.3,25.4,0.0,0.0,1024.1,60.3,0.0,24.7,7.2,26.1,00:14.0,04-08-18,17:55.0,04-11-18
09-04-18,12:00:14 AM,24,April-18,Summer-2018,5.5,176.9,24.7,0.0,0.0,1024.1,57.7,0.0,24.1,12.3,25.5,00:14.0,04-09-18,18:15.0,04-11-18
09-04-18,1:00:14 AM,1,April-18,Summer-2018,6.2,260.3,24.8,0.0,0.0,1024.1,53.9,0.0,23.9,16.7,25.6,00:14.0,04-09-18,18:35.0,04-11-18
09-04-18,2:00:15 AM,2,April-18,Summer-2018,8.8,228.9,24.2,0.0,0.0,1023.6,47.7,4.3,23.7,15.9,24.9,00:15.0,04-09-18,18:55.0,04-11-18
09-04-18,3:00:14 AM,3,April-18,Summer-2018,9.2,213.9,24.2,0.0,0.0,1023.3,42.6,5.1,23.6,15.9,24.5,00:14.0,04-09-18,19:13.0,04-11-18
09-04-18,4:00:14 AM,4,April-18,Summer-2018,10.5,199.6,23.4,0.0,0.0,1023.1,47.2,6.5,22.9,15.9,23.9,00:14.0,04-09-18,19:34.0,04-11-18
09-04-18,5:00:19 AM,5,April-18,Summer-2018,8.1,188.2,23.2,0.0,0.0,1023.1,47.0,0.0,22.9,14.5,23.5,00:19.0,04-09-18,19:54.0,04-11-18
09-04-18,6:00:13 AM,6,April-18,Summer-2018,4.4,206.0,23.0,0.0,0.0,1023.5,43.1,0.0,22.6,7.2,23.9,00:13.0,04-09-18,20:12.0,04-11-18
09-04-18,7:00:18 AM,7,April-18,Summer-2018,2.4,208.1,22.8,0.0,20.5,1024.0,43.0,0.0,21.5,8.7,23.9,00:18.0,04-09-18,20:33.0,04-11-18
09-04-18,8:00:18 AM,8,April-18,Summer-2018,0.7,89.8,23.4,0.0,193.2,1025.5,50.1,0.0,22.5,8.0,24.6,00:18.0,04-09-18,20:50.0,04-11-18
09-04-18,9:00:14 AM,9,April-18,Summer-2018,2.5,157.2,26.7,0.0,430.6,1026.9,37.5,0.0,24.7,7.2,28.0,00:14.0,04-09-18,21:10.0,04-11-18
09-04-18,10:00:14 AM,10,April-18,Summer-2018,1.7,0.0,30.1,0.0,640.7,1027.9,28.2,0.0,28.1,6.5,31.3,00:14.0,04-09-18,21:28.0,04-11-18
09-04-18,11:00:15 AM,11,April-18,Summer-2018,1.8,228.4,32.5,0.0,801.4,1028.0,24.2,0.0,31.3,6.5,33.5,00:15.0,04-09-18,21:50.0,04-11-18
09-04-18,12:00:14 PM,12,April-18,Summer-2018,5.6,313.4,33.3,0.0,902.5,1027.2,22.2,0.0,33.1,13.0,33.8,00:14.0,04-09-18,22:09.0,04-11-18
09-04-18,1:00:14 PM,13,April-18,Summer-2018,10.6,293.3,33.9,0.0,943.5,1026.2,21.3,4.3,33.5,18.8,34.2,00:14.0,04-09-18,22:34.0,04-11-18
09-04-18,2:00:18 PM,14,April-18,Summer-2018,15.1,276.7,34.5,0.0,893.3,1024.8,21.8,0.0,33.9,23.2,34.8,00:18.0,04-09-18,22:57.0,04-11-18
09-04-18,3:00:17 PM,15,April-18,Summer-2018,15.0,294.8,35.0,0.0,780.4,1023.6,20.3,5.1,34.5,22.5,35.4,00:17.0,04-09-18,23:22.0,04-11-18
09-04-18,4:00:14 PM,16,April-18,Summer-2018,13.5,262.3,35.4,0.0,609.1,1022.9,18.8,4.3,35.2,23.9,35.9,00:14.0,04-09-18,23:45.0,04-11-18
09-04-18,5:00:18 PM,17,April-18,Summer-2018,13.1,276.7,35.1,0.0,361.4,1022.5,19.2,4.3,34.7,21.0,35.4,00:18.0,04-09-18,24:02.0,04-11-18
09-04-18,6:00:14 PM,18,April-18,Summer-2018,15.6,249.1,34.2,0.0,174.1,1022.3,22.0,8.0,33.1,26.8,34.7,00:14.0,04-09-18,24:25.0,04-11-18
09-04-18,7:00:14 PM,19,April-18,Summer-2018,17.1,230.2,32.3,0.0,28.8,1022.4,27.0,8.7,31.5,25.3,33.1,00:14.0,04-09-18,24:44.0,04-11-18
09-04-18,8:00:15 PM,20,April-18,Summer-2018,13.5,243.3,30.6,0.0,0.0,1022.9,40.6,6.5,29.7,21.0,31.5,00:15.0,04-09-18,25:06.0,04-11-18
09-04-18,9:00:18 PM,21,April-18,Summer-2018,13.2,252.0,29.5,0.0,0.0,1023.5,36.8,8.0,29.0,22.5,29.7,00:18.0,04-09-18,25:25.0,04-11-18
09-04-18,10:00:19 PM,22,April-18,Summer-2018,9.1,251.9,28.6,0.0,0.0,1023.9,30.3,4.3,27.5,16.7,29.2,00:19.0,04-09-18,25:46.0,04-11-18
09-04-18,11:00:14 PM,23,April-18,Summer-2018,6.9,227.7,27.2,0.0,0.0,1024.1,35.2,0.0,26.6,12.3,27.7,00:14.0,04-09-18,26:14.0,04-11-18
10-04-18,12:00:10 AM,24,April-18,Summer-2018,5.6,192.5,27.0,0.0,0.0,1024.0,32.8,0.0,26.1,11.6,27.5,00:10.0,04-10-18,26:35.0,04-11-18
10-04-18,1:00:19 AM,1,April-18,Summer-2018,4.9,223.3,26.2,0.0,0.0,1023.5,33.3,0.0,25.6,10.1,27.3,00:19.0,04-10-18,26:55.0,04-11-18
10-04-18,2:00:18 AM,2,April-18,Summer-2018,6.5,252.0,26.9,0.0,0.0,1023.1,26.9,0.0,26.5,12.3,27.4,00:18.0,04-10-18,27:17.0,04-11-18
10-04-18,3:00:10 AM,3,April-18,Summer-2018,7.9,247.7,25.1,0.0,0.0,1022.5,35.4,4.3,23.3,10.9,26.8,00:10.0,04-10-18,27:36.0,04-11-18
10-04-18,4:00:14 AM,4,April-18,Summer-2018,8.3,247.1,23.4,0.0,0.0,1022.2,46.5,5.1,22.2,12.3,24.2,00:14.0,04-10-18,27:57.0,04-11-18
10-04-18,5:00:18 AM,5,April-18,Summer-2018,7.1,240.6,21.4,0.0,0.0,1022.2,65.6,0.0,20.5,10.9,22.3,00:18.0,04-10-18,28:14.0,04-11-18
10-04-18,6:00:18 AM,6,April-18,Summer-2018,4.8,237.7,22.3,0.0,0.0,1022.6,51.6,0.0,20.8,11.6,22.8,00:18.0,04-10-18,28:33.0,04-11-18
10-04-18,7:00:15 AM,7,April-18,Summer-2018,7.5,192.0,23.1,0.0,15.7,1023.0,39.9,3.6,22.7,12.3,23.3,00:15.0,04-10-18,28:54.0,04-11-18
10-04-18,8:00:14 AM,8,April-18,Summer-2018,3.9,182.3,24.0,0.0,173.4,1024.3,40.5,0.0,22.9,10.9,25.8,00:14.0,04-10-18,29:11.0,04-11-18
10-04-18,9:00:14 AM,9,April-18,Summer-2018,2.7,200.1,28.0,0.0,403.9,1026.0,40.5,0.0,25.8,7.2,29.7,00:14.0,04-10-18,29:29.0,04-11-18
10-04-18,10:00:15 AM,10,April-18,Summer-2018,4.6,290.2,30.2,0.0,609.8,1026.5,37.2,0.0,29.7,10.9,30.6,00:15.0,04-10-18,29:52.0,04-11-18
10-04-18,11:00:14 AM,11,April-18,Summer-2018,9.0,238.0,31.6,0.0,773.1,1026.0,32.8,3.6,30.6,16.7,32.3,00:14.0,04-10-18,30:08.0,04-11-18
10-04-18,12:00:10 PM,12,April-18,Summer-2018,7.8,249.1,33.2,0.0,875.1,1025.4,28.8,0.0,32.3,13.8,34.1,00:10.0,04-10-18,30:26.0,04-11-18
10-04-18,1:00:14 PM,13,April-18,Summer-2018,13.1,222.7,34.3,0.0,901.2,1024.4,25.3,5.8,33.8,21.0,35.1,00:14.0,04-10-18,30:46.0,04-11-18
10-04-18,2:00:15 PM,14,April-18,Summer-2018,14.5,289.2,35.2,0.0,878.7,1023.3,23.3,6.5,34.8,22.5,35.5,00:15.0,04-10-18,31:05.0,04-11-18
10-04-18,3:00:14 PM,15,April-18,Summer-2018,15.1,345.2,35.9,0.0,781.9,1022.2,19.8,5.8,35.5,23.2,36.4,00:14.0,04-10-18,31:25.0,04-11-18
10-04-18,4:00:15 PM,16,April-18,Summer-2018,12.7,231.8,36.1,0.0,623.2,1021.2,18.5,0.0,35.7,22.5,36.5,00:15.0,04-10-18,31:44.0,04-11-18
10-04-18,5:00:14 PM,17,April-18,Summer-2018,16.4,240.3,36.2,0.0,413.4,1020.8,17.6,8.0,35.5,25.3,36.6,00:14.0,04-10-18,32:04.0,04-11-18
10-04-18,6:00:14 PM,18,April-18,Summer-2018,17.4,256.1,34.8,0.0,179.3,1020.8,21.0,7.2,34.0,28.2,35.5,00:14.0,04-10-18,32:26.0,04-11-18
10-04-18,7:00:14 PM,19,April-18,Summer-2018,17.1,239.2,33.1,0.0,29.0,1021.0,22.1,9.4,32.2,25.3,34.0,00:14.0,04-10-18,32:51.0,04-11-18
10-04-18,8:00:14 PM,20,April-18,Summer-2018,13.3,244.8,31.3,0.0,0.0,1021.5,33.7,8.0,30.5,21.7,32.2,00:14.0,04-10-18,33:09.0,04-11-18
10-04-18,9:00:15 PM,21,April-18,Summer-2018,13.5,252.9,30.1,0.0,0.0,1022.1,32.4,5.8,29.6,22.5,30.5,00:15.0,04-10-18,33:29.0,04-11-18
10-04-18,10:00:17 PM,22,April-18,Summer-2018,10.5,238.2,28.7,0.0,0.0,1022.7,37.9,5.8,28.1,13.8,29.6,00:17.0,04-10-18,33:51.0,04-11-18
10-04-18,11:00:10 PM,23,April-18,Summer-2018,10.0,242.3,27.7,0.0,0.0,1023.2,36.2,0.0,27.3,16.7,28.1,00:10.0,04-10-18,34:14.0,04-11-18
11-04-18,12:00:18 AM,24,April-18,Summer-2018,11.3,244.1,27.2,0.0,0.0,1023.2,33.1,5.8,26.9,19.6,27.5,00:18.0,04-11-18,34:36.0,04-11-18
11-04-18,1:00:14 AM,1,April-18,Summer-2018,10.5,229.2,26.7,0.0,0.0,1022.8,33.8,4.3,26.5,16.7,26.9,00:14.0,04-11-18,34:57.0,04-11-18
11-04-18,2:00:14 AM,2,April-18,Summer-2018,9.6,241.7,26.1,0.0,0.0,1022.6,36.6,5.1,25.7,15.2,26.6,00:14.0,04-11-18,35:21.0,04-11-18
11-04-18,3:00:15 AM,3,April-18,Summer-2018,9.2,233.0,25.6,0.0,0.0,1022.1,37.9,4.3,25.4,13.8,25.7,00:15.0,04-11-18,35:45.0,04-11-18
11-04-18,4:00:14 AM,4,April-18,Summer-2018,10.7,237.2,24.8,0.0,0.0,1021.7,43.1,5.1,23.9,16.7,25.4,00:14.0,04-11-18,36:07.0,04-11-18
11-04-18,5:00:19 AM,5,April-18,Summer-2018,13.3,218.8,24.5,0.0,0.0,1021.7,40.9,7.2,24.2,30.4,24.7,00:19.0,04-11-18,36:28.0,04-11-18
11-04-18,6:00:13 AM,6,April-18,Summer-2018,8.9,199.4,23.8,0.0,0.0,1022.4,40.5,0.0,22.6,19.6,24.4,00:13.0,04-11-18,36:51.0,04-11-18
11-04-18,7:00:10 AM,7,April-18,Summer-2018,4.8,55.4,22.8,0.0,17.0,1023.0,43.4,0.0,22.3,11.6,23.3,00:10.0,04-11-18,37:09.0,04-11-18
11-04-18,8:00:18 AM,8,April-18,Summer-2018,3.8,122.9,24.2,0.0,140.7,1024.4,41.4,0.0,22.6,7.2,26.0,00:18.0,04-11-18,37:27.0,04-11-18
11-04-18,9:00:16 AM,9,April-18,Summer-2018,6.3,143.3,27.4,0.0,307.3,1025.6,33.6,0.0,26.0,9.4,28.8,00:16.0,04-11-18,37:47.0,04-11-18
11-04-18,10:00:15 AM,10,April-18,Summer-2018,2.7,238.2,30.0,0.0,495.3,1026.5,34.3,0.0,28.8,10.1,30.5,00:15.0,04-11-18,38:07.0,04-11-18
11-04-18,11:00:14 AM,11,April-18,Summer-2018,3.7,71.7,31.7,0.0,704.6,1026.5,27.8,0.0,30.3,9.4,33.0,00:14.0,04-11-18,38:28.0,04-11-18
11-04-18,12:00:18 PM,12,April-18,Summer-2018,5.8,61.2,33.8,0.0,903.3,1026.2,19.5,0.0,32.8,15.2,34.5,00:18.0,04-11-18,38:50.0,04-11-18
11-04-18,1:00:14 PM,13,April-18,Summer-2018,11.4,225.8,34.0,0.0,886.8,1025.6,23.6,0.0,33.5,20.3,34.6,00:14.0,04-11-18,39:09.0,04-11-18
11-04-18,2:00:18 PM,14,April-18,Summer-2018,11.0,250.4,34.5,0.0,858.0,1024.2,23.1,0.0,33.7,21.7,35.1,00:18.0,04-11-18,39:26.0,04-11-18
11-04-18,3:00:18 PM,15,April-18,Summer-2018,14.7,274.8,35.2,0.0,768.0,1023.0,22.9,5.1,34.8,25.3,35.7,00:18.0,04-11-18,39:44.0,04-11-18
11-04-18,4:00:12 PM,16,April-18,Summer-2018,15.0,263.8,35.7,0.0,600.2,1022.2,21.9,0.0,35.3,26.8,36.1,00:12.0,04-11-18,40:04.0,04-11-18
11-04-18,5:00:19 PM,17,April-18,Summer-2018,13.8,252.6,35.3,0.0,396.0,1021.5,21.1,4.3,35.0,22.5,35.8,00:19.0,04-11-18,40:24.0,04-11-18
11-04-18,6:00:17 PM,18,April-18,Summer-2018,18.1,279.2,34.2,0.0,179.4,1021.0,24.1,10.1,33.0,25.3,35.1,00:17.0,04-11-18,01:21.0,04-11-18
11-04-18,7:00:18 PM,19,April-18,Summer-2018,16.7,269.3,32.1,0.0,26.3,1021.1,31.2,9.4,31.1,25.3,33.0,00:18.0,04-11-18,01:26.0,04-11-18
11-04-18,8:00:19 PM,20,April-18,Summer-2018,12.1,247.0,30.1,0.0,0.0,1021.6,43.9,5.8,29.3,21.0,31.1,00:19.0,04-11-18,01:19.0,04-11-18
11-04-18,9:00:40 PM,21,April-18,Summer-2018,8.7,203.4,28.7,0.0,0.0,1021.9,53.7,5.1,28.7,13.0,29.3,00:40.0,04-11-18,01:31.0,04-11-18
11-04-18,10:00:40 PM,22,April-18,Summer-2018,8.7,203.4,28.7,0.0,0.0,1021.9,53.7,5.1,28.7,13.0,29.3,00:40.0,04-11-18,01:31.0,04-11-18
11-04-18,11:00:42 PM,23,April-18,Summer-2018,8.7,203.4,28.7,0.0,0.0,1021.9,53.7,5.1,28.7,13.0,29.3,00:42.0,04-11-18,01:35.0,04-11-18
12-04-18,12:00:40 AM,24,April-18,Summer-2018,8.7,203.4,28.7,0.0,0.0,1021.9,53.7,5.1,28.7,13.0,29.3,00:40.0,04-12-18,01:35.0,04-12-18
12-04-18,1:00:40 AM,1,April-18,Summer-2018,8.7,203.4,28.7,0.0,0.0,1021.9,53.7,5.1,28.7,13.0,29.3,00:40.0,04-12-18,01:31.0,04-12-18
12-04-18,2:00:42 AM,2,April-18,Summer-2018,8.7,203.4,28.7,0.0,0.0,1021.9,53.7,5.1,28.7,13.0,29.3,00:42.0,04-12-18,01:36.0,04-12-18
12-04-18,3:00:40 AM,3,April-18,Summer-2018,8.7,203.4,28.7,0.0,0.0,1021.9,53.7,5.1,28.7,13.0,29.3,00:40.0,04-12-18,01:35.0,04-12-18
12-04-18,4:00:40 AM,4,April-18,Summer-2018,8.7,203.4,28.7,0.0,0.0,1021.9,53.7,5.1,28.7,13.0,29.3,00:40.0,04-12-18,01:21.0,04-12-18
12-04-18,5:00:42 AM,5,April-18,Summer-2018,0.0,0.0,0.0,0.0,0.0,0.0,0.0,0.0,0.0,0.0,0.0,00:42.0,04-12-18,01:31.0,04-12-18
12-04-18,6:00:40 AM,6,April-18,Summer-2018,0.0,0.0,0.0,0.0,0.0,0.0,0.0,0.0,0.0,0.0,0.0,00:40.0,04-12-18,01:35.0,04-12-18
12-04-18,7:00:42 AM,7,April-18,Summer-2018,0.0,0.0,0.0,0.0,0.0,0.0,0.0,0.0,0.0,0.0,0.0,00:42.0,04-12-18,01:32.0,04-12-18
12-04-18,8:00:40 AM,8,April-18,Summer-2018,0.0,0.0,0.0,0.0,0.0,0.0,0.0,0.0,0.0,0.0,0.0,00:40.0,04-12-18,01:26.0,04-12-18
12-04-18,9:00:40 AM,9,April-18,Summer-2018,0.0,0.0,0.0,0.0,0.0,0.0,0.0,0.0,0.0,0.0,0.0,00:40.0,04-12-18,01:28.0,04-12-18
12-04-18,10:00:42 AM,10,April-18,Summer-2018,0.0,0.0,0.0,0.0,0.0,0.0,0.0,0.0,0.0,0.0,0.0,00:42.0,04-12-18,01:30.0,04-12-18
12-04-18,11:00:45 AM,11,April-18,Summer-2018,0.0,0.0,0.0,0.0,0.0,0.0,0.0,0.0,0.0,0.0,0.0,00:45.0,04-12-18,01:34.0,04-12-18
12-04-18,12:00:40 PM,12,April-18,Summer-2018,0.0,0.0,0.0,0.0,0.0,0.0,0.0,0.0,0.0,0.0,0.0,00:40.0,04-12-18,01:36.0,04-12-18
12-04-18,1:00:40 PM,13,April-18,Summer-2018,0.0,0.0,0.0,0.0,0.0,0.0,0.0,0.0,0.0,0.0,0.0,00:40.0,04-12-18,01:33.0,04-12-18
12-04-18,2:00:42 PM,14,April-18,Summer-2018,0.0,0.0,0.0,0.0,0.0,0.0,0.0,0.0,0.0,0.0,0.0,00:42.0,04-12-18,01:32.0,04-12-18
12-04-18,3:00:40 PM,15,April-18,Summer-2018,0.0,0.0,0.0,0.0,0.0,0.0,0.0,0.0,0.0,0.0,0.0,00:40.0,04-12-18,01:31.0,04-12-18
12-04-18,4:00:40 PM,16,April-18,Summer-2018,0.0,0.0,0.0,0.0,0.0,0.0,0.0,0.0,0.0,0.0,0.0,00:40.0,04-12-18,01:34.0,04-12-18
12-04-18,5:00:40 PM,17,April-18,Summer-2018,0.0,0.0,0.0,0.0,0.0,0.0,0.0,0.0,0.0,0.0,0.0,00:40.0,04-12-18,01:35.0,04-12-18
12-04-18,6:00:42 PM,18,April-18,Summer-2018,0.0,0.0,0.0,0.0,0.0,0.0,0.0,0.0,0.0,0.0,0.0,00:42.0,04-12-18,01:31.0,04-12-18
12-04-18,7:00:40 PM,19,April-18,Summer-2018,0.0,0.0,0.0,0.0,0.0,0.0,0.0,0.0,0.0,0.0,0.0,00:40.0,04-12-18,01:29.0,04-12-18
12-04-18,8:00:45 PM,20,April-18,Summer-2018,0.0,0.0,0.0,0.0,0.0,0.0,0.0,0.0,0.0,0.0,0.0,00:45.0,04-12-18,01:31.0,04-12-18
12-04-18,9:00:42 PM,21,April-18,Summer-2018,0.0,0.0,0.0,0.0,0.0,0.0,0.0,0.0,0.0,0.0,0.0,00:42.0,04-12-18,01:28.0,04-12-18
12-04-18,10:00:42 PM,22,April-18,Summer-2018,0.0,0.0,0.0,0.0,0.0,0.0,0.0,0.0,0.0,0.0,0.0,00:42.0,04-12-18,00:53.0,04-12-18
12-04-18,11:00:40 PM,23,April-18,Summer-2018,0.0,0.0,0.0,0.0,0.0,0.0,0.0,0.0,0.0,0.0,0.0,00:40.0,04-12-18,01:39.0,04-12-18
13-04-18,12:00:42 AM,24,April-18,Summer-2018,0.0,0.0,0.0,0.0,0.0,0.0,0.0,0.0,0.0,0.0,0.0,00:42.0,4/13/2018,01:39.0,4/13/2018
13-04-18,1:00:42 AM,1,April-18,Summer-2018,0.0,0.0,0.0,0.0,0.0,0.0,0.0,0.0,0.0,0.0,0.0,00:42.0,4/13/2018,01:34.0,4/13/2018
13-04-18,2:00:40 AM,2,April-18,Summer-2018,0.0,0.0,0.0,0.0,0.0,0.0,0.0,0.0,0.0,0.0,0.0,00:40.0,4/13/2018,01:33.0,4/13/2018
13-04-18,3:00:42 AM,3,April-18,Summer-2018,0.0,0.0,0.0,0.0,0.0,0.0,0.0,0.0,0.0,0.0,0.0,00:42.0,4/13/2018,01:35.0,4/13/2018
13-04-18,4:00:42 AM,4,April-18,Summer-2018,0.0,0.0,0.0,0.0,0.0,0.0,0.0,0.0,0.0,0.0,0.0,00:42.0,4/13/2018,01:16.0,4/13/2018
13-04-18,5:00:42 AM,5,April-18,Summer-2018,0.0,0.0,0.0,0.0,0.0,0.0,0.0,0.0,0.0,0.0,0.0,00:42.0,4/13/2018,01:28.0,4/13/2018
13-04-18,6:00:42 AM,6,April-18,Summer-2018,0.0,0.0,0.0,0.0,0.0,0.0,0.0,0.0,0.0,0.0,0.0,00:42.0,4/13/2018,01:31.0,4/13/2018
13-04-18,7:00:40 AM,7,April-18,Summer-2018,0.0,0.0,0.0,0.0,0.0,0.0,0.0,0.0,0.0,0.0,0.0,00:40.0,4/13/2018,01:31.0,4/13/2018
13-04-18,8:00:40 AM,8,April-18,Summer-2018,0.0,0.0,0.0,0.0,0.0,0.0,0.0,0.0,0.0,0.0,0.0,00:40.0,4/13/2018,01:30.0,4/13/2018
13-04-18,9:00:45 AM,9,April-18,Summer-2018,0.0,0.0,0.0,0.0,0.0,0.0,0.0,0.0,0.0,0.0,0.0,00:45.0,4/13/2018,01:35.0,4/13/2018
13-04-18,10:00:40 AM,10,April-18,Summer-2018,0.0,0.0,0.0,0.0,0.0,0.0,0.0,0.0,0.0,0.0,0.0,00:40.0,4/13/2018,01:43.0,4/13/2018
13-04-18,11:00:15 AM,11,April-18,Summer-2018,10.0,257.1,32.0,0.0,792.0,1026.0,33.9,0.0,0.0,15.2,33.2,00:15.0,4/13/2018,01:24.0,4/13/2018
13-04-18,12:00:18 PM,12,April-18,Summer-2018,14.0,266.9,33.7,0.0,899.7,1025.6,30.1,5.8,33.1,20.3,34.2,00:18.0,4/13/2018,01:24.0,4/13/2018
13-04-18,1:00:14 PM,13,April-18,Summer-2018,15.9,309.2,34.5,0.0,924.8,1025.0,28.2,5.1,33.9,25.3,34.8,00:14.0,4/13/2018,01:31.0,4/13/2018
13-04-18,2:00:15 PM,14,April-18,Summer-2018,16.7,320.3,35.6,0.0,882.1,1023.8,25.0,4.3,34.8,29.0,36.3,00:15.0,4/13/2018,01:14.0,4/13/2018
13-04-18,3:00:18 PM,15,April-18,Summer-2018,16.6,285.3,36.0,0.0,775.1,1022.8,23.6,5.1,35.6,28.2,36.5,00:18.0,4/13/2018,01:26.0,4/13/2018
13-04-18,4:00:19 PM,16,April-18,Summer-2018,15.9,282.9,35.8,0.0,598.2,1022.0,24.6,0.0,35.4,28.2,36.3,00:19.0,4/13/2018,01:32.0,4/13/2018
13-04-18,5:00:15 PM,17,April-18,Summer-2018,18.4,289.2,35.5,0.0,389.1,1021.7,25.0,7.2,35.1,31.1,35.9,00:15.0,4/13/2018,01:15.0,4/13/2018
13-04-18,6:00:14 PM,18,April-18,Summer-2018,17.5,285.4,34.6,0.0,182.0,1021.6,25.7,8.0,34.1,25.3,35.2,00:14.0,4/13/2018,01:25.0,4/13/2018
13-04-18,7:00:14 PM,19,April-18,Summer-2018,13.4,255.3,33.1,0.0,37.1,1022.1,32.2,6.5,32.2,25.3,34.1,00:14.0,4/13/2018,01:25.0,4/13/2018
13-04-18,8:00:14 PM,20,April-18,Summer-2018,13.6,245.4,31.8,0.0,0.0,1022.6,35.4,7.2,31.4,20.3,32.2,00:14.0,4/13/2018,01:25.0,4/13/2018
13-04-18,9:00:15 PM,21,April-18,Summer-2018,9.1,211.5,30.8,0.0,0.0,1023.1,35.8,4.3,30.1,15.9,31.4,00:15.0,4/13/2018,01:18.0,4/13/2018
13-04-18,10:00:15 PM,22,April-18,Summer-2018,6.4,215.5,29.2,0.0,0.0,1023.3,42.9,0.0,28.6,13.0,30.1,00:15.0,4/13/2018,01:19.0,4/13/2018
13-04-18,11:00:14 PM,23,April-18,Summer-2018,0.0,281.1,27.8,0.0,0.0,1023.5,39.4,0.0,27.4,3.6,28.6,00:14.0,4/13/2018,01:29.0,4/13/2018
14-04-18,12:00:19 AM,24,April-18,Summer-2018,4.7,232.2,27.8,0.0,0.0,1023.5,36.2,0.0,27.1,8.7,28.4,00:19.0,4/14/2018,01:23.0,4/14/2018
14-04-18,1:00:19 AM,1,April-18,Summer-2018,6.5,234.9,25.5,0.0,0.0,1022.9,54.0,0.0,24.8,11.6,27.1,00:19.0,4/14/2018,01:33.0,4/14/2018
14-04-18,2:00:18 AM,2,April-18,Summer-2018,5.7,228.1,25.7,0.0,0.0,1022.4,49.8,0.0,24.9,10.1,26.3,00:18.0,4/14/2018,01:30.0,4/14/2018
14-04-18,3:00:18 AM,3,April-18,Summer-2018,12.3,209.6,25.2,0.0,0.0,1021.9,54.2,6.5,24.9,19.6,25.6,00:18.0,4/14/2018,01:29.0,4/14/2018
14-04-18,4:00:10 AM,4,April-18,Summer-2018,13.5,205.0,25.5,0.0,0.0,1021.3,39.5,9.4,25.1,18.1,26.1,00:10.0,4/14/2018,01:58.0,4/14/2018
14-04-18,5:00:17 AM,5,April-18,Summer-2018,11.3,220.9,26.0,0.0,0.0,1021.5,34.6,8.0,25.8,16.7,26.3,00:17.0,4/14/2018,02:16.0,4/14/2018
14-04-18,6:00:10 AM,6,April-18,Summer-2018,9.7,203.7,26.1,0.0,0.0,1022.0,36.3,5.1,25.7,14.5,26.5,00:10.0,4/14/2018,01:06.0,4/14/2018
14-04-18,7:00:14 AM,7,April-18,Summer-2018,10.2,227.3,25.9,0.0,22.5,1022.6,38.5,8.0,25.6,15.9,26.6,00:14.0,4/14/2018,01:20.0,4/14/2018
14-04-18,8:00:19 AM,8,April-18,Summer-2018,12.1,220.1,27.6,0.0,181.4,1023.7,40.9,5.8,26.6,18.1,28.4,00:19.0,4/14/2018,01:21.0,4/14/2018
14-04-18,9:00:14 AM,9,April-18,Summer-2018,11.1,229.3,28.8,0.0,402.9,1025.1,40.5,5.8,28.5,18.1,29.3,00:14.0,4/14/2018,01:11.0,4/14/2018
14-04-18,10:00:24 AM,10,April-18,Summer-2018,11.7,255.5,30.2,0.0,608.0,1025.7,37.2,5.1,29.3,19.6,31.2,00:24.0,4/14/2018,01:30.0,4/14/2018
14-04-18,11:00:18 AM,11,April-18,Summer-2018,12.9,275.3,32.1,0.0,770.2,1026.0,32.1,6.5,31.2,19.6,32.7,00:18.0,4/14/2018,01:22.0,4/14/2018
14-04-18,12:00:12 PM,12,April-18,Summer-2018,14.3,246.1,33.1,0.0,873.7,1025.5,29.4,6.5,32.5,21.7,33.9,00:12.0,4/14/2018,01:15.0,4/14/2018
14-04-18,1:00:18 PM,13,April-18,Summer-2018,15.1,275.6,34.3,0.0,905.1,1024.9,29.5,6.5,33.8,25.3,34.7,00:18.0,4/14/2018,01:15.0,4/14/2018
14-04-18,2:00:14 PM,14,April-18,Summer-2018,15.3,289.2,34.9,0.0,862.2,1023.7,28.4,5.8,34.7,26.8,35.4,00:14.0,4/14/2018,01:17.0,4/14/2018
14-04-18,3:00:14 PM,15,April-18,Summer-2018,14.5,296.3,35.3,0.0,752.2,1022.6,26.5,0.0,35.0,26.8,36.0,00:14.0,4/14/2018,01:25.0,4/14/2018
14-04-18,4:00:14 PM,16,April-18,Summer-2018,16.0,240.8,36.0,0.0,591.6,1021.8,24.2,0.0,35.6,29.7,36.3,00:14.0,4/14/2018,01:20.0,4/14/2018
14-04-18,5:00:14 PM,17,April-18,Summer-2018,15.9,284.0,35.9,0.0,396.5,1021.1,22.9,7.2,35.6,28.2,36.2,00:14.0,4/14/2018,01:24.0,4/14/2018
14-04-18,6:00:18 PM,18,April-18,Summer-2018,14.8,226.0,35.3,0.0,182.7,1020.9,23.7,7.2,34.7,24.6,35.8,00:18.0,4/14/2018,01:22.0,4/14/2018
14-04-18,7:00:18 PM,19,April-18,Summer-2018,16.1,241.9,34.0,0.0,26.7,1021.1,26.5,8.7,33.2,23.2,34.7,00:18.0,4/14/2018,01:13.0,4/14/2018
14-04-18,8:00:18 PM,20,April-18,Summer-2018,12.5,225.5,32.7,0.0,0.0,1021.6,30.8,5.8,32.0,19.6,33.2,00:18.0,4/14/2018,01:28.0,4/14/2018
14-04-18,9:00:14 PM,21,April-18,Summer-2018,11.5,227.5,31.5,0.0,0.0,1022.2,37.3,6.5,30.7,15.9,32.0,00:14.0,4/14/2018,01:22.0,4/14/2018
14-04-18,10:00:14 PM,22,April-18,Summer-2018,8.6,227.7,30.3,0.0,0.0,1022.6,47.1,5.8,30.0,13.8,30.7,00:14.0,4/14/2018,01:12.0,4/14/2018
14-04-18,11:00:15 PM,23,April-18,Summer-2018,5.0,256.5,29.6,0.0,0.0,1023.0,45.9,0.0,29.2,13.0,30.0,00:15.0,4/14/2018,01:25.0,4/14/2018
15-04-18,12:00:10 AM,24,April-18,Summer-2018,7.8,260.3,27.8,0.0,0.0,1022.9,62.3,5.1,26.8,9.4,29.4,00:10.0,4/15/2018,01:12.0,4/15/2018
15-04-18,1:00:14 AM,1,April-18,Summer-2018,6.6,242.3,26.3,0.0,0.0,1022.4,71.7,3.6,26.0,9.4,26.8,00:14.0,4/15/2018,01:15.0,4/15/2018
15-04-18,2:00:15 AM,2,April-18,Summer-2018,8.7,262.1,25.8,0.0,0.0,1022.1,74.6,6.5,25.3,12.3,26.7,00:15.0,4/15/2018,01:22.0,4/15/2018
15-04-18,3:00:15 AM,3,April-18,Summer-2018,9.8,231.0,25.7,0.0,0.0,1021.7,68.9,5.8,25.3,18.8,26.0,00:15.0,4/15/2018,01:26.0,4/15/2018
15-04-18,4:00:18 AM,4,April-18,Summer-2018,9.9,196.1,25.6,0.0,0.0,1021.4,59.3,4.3,25.1,18.1,26.0,00:18.0,4/15/2018,01:17.0,4/15/2018
15-04-18,5:00:19 AM,5,April-18,Summer-2018,5.9,240.1,24.7,0.0,0.0,1021.7,62.2,0.0,24.4,13.0,25.1,00:19.0,4/15/2018,01:26.0,4/15/2018
15-04-18,6:00:15 AM,6,April-18,Summer-2018,6.0,204.1,25.6,0.0,0.0,1022.0,41.9,0.0,25.1,12.3,26.1,00:15.0,4/15/2018,01:20.0,4/15/2018
15-04-18,7:00:18 AM,7,April-18,Summer-2018,6.6,183.0,26.4,0.0,23.9,1022.6,29.6,0.0,25.8,13.8,27.3,00:18.0,4/15/2018,01:17.0,4/15/2018
15-04-18,8:00:18 AM,8,April-18,Summer-2018,7.6,228.4,28.4,0.0,191.4,1024.0,25.4,0.0,27.3,14.5,30.0,00:18.0,4/15/2018,01:23.0,4/15/2018
15-04-18,9:00:18 AM,9,April-18,Summer-2018,9.3,253.1,31.0,0.0,413.8,1025.4,21.0,5.1,30.0,16.7,31.6,00:18.0,4/15/2018,01:22.0,4/15/2018
15-04-18,10:00:14 AM,10,April-18,Summer-2018,10.9,246.5,32.2,0.0,613.1,1026.3,20.6,5.1,31.6,17.4,32.8,00:14.0,4/15/2018,01:19.0,4/15/2018
15-04-18,11:00:18 AM,11,April-18,Summer-2018,11.5,276.3,33.7,0.0,774.7,1026.3,20.9,4.3,32.8,18.8,34.3,00:18.0,4/15/2018,01:21.0,4/15/2018
15-04-18,12:00:14 PM,12,April-18,Summer-2018,14.4,269.9,34.4,0.0,870.1,1025.8,22.2,6.5,34.2,21.0,34.7,00:14.0,4/15/2018,01:12.0,4/15/2018
15-04-18,1:00:18 PM,13,April-18,Summer-2018,14.4,245.2,34.9,0.0,896.7,1025.4,27.3,4.3,34.5,21.0,35.2,00:18.0,4/15/2018,01:19.0,4/15/2018
15-04-18,2:00:19 PM,14,April-18,Summer-2018,11.3,265.6,35.5,0.0,852.8,1024.3,27.0,0.0,34.9,20.3,36.1,00:19.0,4/15/2018,01:27.0,4/15/2018
15-04-18,3:00:18 PM,15,April-18,Summer-2018,10.6,264.5,36.2,0.0,749.4,1023.3,25.1,0.0,35.8,23.2,36.6,00:18.0,4/15/2018,01:25.0,4/15/2018
15-04-18,4:00:19 PM,16,April-18,Summer-2018,14.0,308.0,36.7,0.0,588.3,1022.3,23.3,0.0,36.5,26.1,37.0,00:19.0,4/15/2018,01:14.0,4/15/2018
15-04-18,5:00:15 PM,17,April-18,Summer-2018,16.5,263.2,36.7,0.0,388.6,1021.6,22.4,5.1,36.4,26.1,37.1,00:15.0,4/15/2018,01:30.0,4/15/2018
15-04-18,6:00:14 PM,18,April-18,Summer-2018,14.4,252.1,36.2,0.0,176.8,1021.2,23.5,6.5,35.7,22.5,36.5,00:14.0,4/15/2018,01:21.0,4/15/2018
15-04-18,7:00:15 PM,19,April-18,Summer-2018,13.3,242.9,34.8,0.0,29.3,1021.7,26.9,7.2,33.9,21.7,35.7,00:15.0,4/15/2018,01:22.0,4/15/2018
15-04-18,8:00:18 PM,20,April-18,Summer-2018,14.5,245.7,33.3,0.0,0.0,1022.3,32.1,7.2,32.8,23.2,33.9,00:18.0,4/15/2018,01:25.0,4/15/2018
15-04-18,9:00:14 PM,21,April-18,Summer-2018,12.0,251.6,32.1,0.0,0.0,1023.1,42.4,5.1,31.1,17.4,32.8,00:14.0,4/15/2018,01:14.0,4/15/2018
15-04-18,10:00:14 PM,22,April-18,Summer-2018,12.3,211.0,30.5,0.0,0.0,1023.7,57.6,7.2,30.1,17.4,31.1,00:14.0,4/15/2018,01:31.0,4/15/2018
15-04-18,11:00:15 PM,23,April-18,Summer-2018,8.7,267.9,29.8,0.0,0.0,1024.0,57.3,3.6,29.8,15.2,30.1,00:15.0,4/15/2018,01:22.0,4/15/2018
16-04-18,12:00:14 AM,24,April-18,Summer-2018,7.3,211.7,28.7,0.0,0.0,1024.1,64.1,5.1,27.6,11.6,29.8,00:14.0,4/16/2018,01:23.0,4/16/2018
16-04-18,1:00:14 AM,1,April-18,Summer-2018,9.8,254.8,27.3,0.0,0.0,1023.9,72.6,5.8,25.9,17.4,27.8,00:14.0,4/16/2018,01:07.0,4/16/2018
16-04-18,2:00:18 AM,2,April-18,Summer-2018,10.0,245.7,25.4,0.0,0.0,1023.6,79.4,0.0,25.1,17.4,25.9,00:18.0,4/16/2018,01:15.0,4/16/2018
16-04-18,3:00:19 AM,3,April-18,Summer-2018,12.0,239.4,25.0,0.0,0.0,1023.4,80.0,5.8,24.9,22.5,25.2,00:19.0,4/16/2018,01:16.0,4/16/2018
16-04-18,4:00:18 AM,4,April-18,Summer-2018,10.9,224.4,25.2,0.0,0.0,1023.0,70.5,7.2,25.0,16.7,25.5,00:18.0,4/16/2018,01:05.0,4/16/2018
16-04-18,5:00:19 AM,5,April-18,Summer-2018,9.3,240.0,25.8,0.0,0.0,1022.8,52.5,4.3,25.3,17.4,26.0,00:19.0,4/16/2018,01:20.0,4/16/2018
16-04-18,6:00:15 AM,6,April-18,Summer-2018,3.1,92.4,25.6,0.0,0.0,1023.3,48.0,0.0,25.3,9.4,26.2,00:15.0,4/16/2018,01:26.0,4/16/2018
16-04-18,7:00:19 AM,7,April-18,Summer-2018,3.7,98.4,24.3,0.0,27.1,1024.3,57.6,0.0,24.0,9.4,25.2,00:19.0,4/16/2018,01:23.0,4/16/2018
16-04-18,8:00:25 AM,8,April-18,Summer-2018,7.0,215.2,27.4,0.0,180.0,1025.9,43.1,0.0,24.6,13.0,29.8,00:25.0,4/16/2018,01:27.0,4/16/2018
16-04-18,9:00:18 AM,9,April-18,Summer-2018,9.3,244.9,30.9,0.0,390.4,1027.6,27.4,4.3,29.8,13.8,31.6,00:18.0,4/16/2018,01:21.0,4/16/2018
16-04-18,10:00:19 AM,10,April-18,Summer-2018,9.5,270.5,31.9,0.0,600.5,1028.4,28.2,0.0,31.5,17.4,32.3,00:19.0,4/16/2018,01:28.0,4/16/2018
16-04-18,11:00:14 AM,11,April-18,Summer-2018,12.4,317.8,32.7,0.0,756.1,1028.5,32.6,3.6,32.3,19.6,33.2,00:14.0,4/16/2018,01:23.0,4/16/2018
16-04-18,12:00:19 PM,12,April-18,Summer-2018,14.6,273.7,33.3,0.0,850.3,1027.8,33.4,7.2,32.9,21.0,33.8,00:19.0,4/16/2018,01:39.0,4/16/2018
16-04-18,1:00:20 PM,13,April-18,Summer-2018,17.0,307.7,34.1,0.0,886.7,1027.0,31.5,5.8,33.8,26.1,34.5,00:20.0,4/16/2018,01:20.0,4/16/2018
16-04-18,2:00:14 PM,14,April-18,Summer-2018,16.5,262.5,34.8,0.0,847.1,1026.1,29.2,7.2,34.4,23.9,35.2,00:14.0,4/16/2018,01:25.0,4/16/2018
16-04-18,3:00:15 PM,15,April-18,Summer-2018,14.6,273.2,35.5,0.0,735.4,1025.0,29.5,4.3,35.0,24.6,35.9,00:15.0,4/16/2018,01:32.0,4/16/2018
16-04-18,4:00:12 PM,16,April-18,Summer-2018,16.4,315.0,35.9,0.0,566.9,1024.0,29.6,8.7,35.6,29.7,36.2,00:12.0,4/16/2018,01:20.0,4/16/2018
16-04-18,5:00:15 PM,17,April-18,Summer-2018,15.1,279.3,35.9,0.0,370.1,1023.5,28.9,5.1,35.8,23.9,36.0,00:15.0,4/16/2018,01:22.0,4/16/2018
16-04-18,6:00:14 PM,18,April-18,Summer-2018,16.2,259.1,35.4,0.0,169.2,1023.1,30.8,8.7,35.0,22.5,35.8,00:14.0,4/16/2018,01:19.0,4/16/2018
16-04-18,7:00:14 PM,19,April-18,Summer-2018,15.1,269.4,34.3,0.0,28.9,1023.2,34.1,10.1,33.5,21.0,35.0,00:14.0,4/16/2018,01:20.0,4/16/2018
16-04-18,8:00:14 PM,20,April-18,Summer-2018,10.9,233.4,32.7,0.0,0.0,1023.7,42.3,5.1,32.0,16.7,33.5,00:14.0,4/16/2018,01:13.0,4/16/2018
16-04-18,9:00:14 PM,21,April-18,Summer-2018,10.0,234.9,31.5,0.0,0.0,1024.4,49.8,5.8,31.3,15.9,32.0,00:14.0,4/16/2018,01:24.0,4/16/2018
16-04-18,10:00:18 PM,22,April-18,Summer-2018,7.8,257.5,31.2,0.0,0.0,1025.1,45.5,5.1,31.0,12.3,31.3,00:18.0,4/16/2018,01:26.0,4/16/2018
16-04-18,11:00:14 PM,23,April-18,Summer-2018,3.5,259.6,30.1,0.0,0.0,1025.2,42.8,0.0,29.5,6.5,31.0,00:14.0,4/16/2018,01:21.0,4/16/2018
17-04-18,12:00:15 AM,24,April-18,Summer-2018,4.5,245.4,29.2,0.0,0.0,1025.0,41.9,0.0,28.8,7.2,29.6,00:15.0,4/17/2018,01:21.0,4/17/2018
17-04-18,1:00:10 AM,1,April-18,Summer-2018,5.4,264.2,28.8,0.0,0.0,1024.3,39.1,0.0,28.5,8.7,29.5,00:10.0,4/17/2018,01:14.0,4/17/2018
17-04-18,2:00:18 AM,2,April-18,Summer-2018,6.2,268.7,29.5,0.0,0.0,1024.0,35.8,0.0,28.5,9.4,29.7,00:18.0,4/17/2018,01:27.0,4/17/2018
17-04-18,3:00:14 AM,3,April-18,Summer-2018,1.8,285.0,28.1,0.0,0.0,1023.6,38.3,0.0,27.7,5.8,28.5,00:14.0,4/17/2018,01:21.0,4/17/2018
17-04-18,4:00:18 AM,4,April-18,Summer-2018,5.0,246.4,28.4,0.0,0.0,1023.5,37.8,0.0,27.8,7.2,28.8,00:18.0,4/17/2018,01:07.0,4/17/2018
17-04-18,5:00:19 AM,5,April-18,Summer-2018,4.6,203.7,26.7,0.0,0.0,1023.8,54.3,0.0,26.2,13.0,28.1,00:19.0,4/17/2018,01:20.0,4/17/2018
17-04-18,6:00:18 AM,6,April-18,Summer-2018,0.0,194.7,25.5,0.0,0.0,1024.1,52.9,0.0,24.5,3.6,26.5,00:18.0,4/17/2018,01:20.0,4/17/2018
17-04-18,7:00:18 AM,7,April-18,Summer-2018,3.9,228.7,25.8,0.0,20.8,1025.0,51.8,0.0,24.4,8.0,27.5,00:18.0,4/17/2018,01:27.0,4/17/2018
17-04-18,8:00:19 AM,8,April-18,Summer-2018,6.8,222.9,29.0,0.0,168.5,1026.3,45.4,3.6,27.5,10.1,30.2,00:19.0,4/17/2018,01:13.0,4/17/2018
17-04-18,9:00:14 AM,9,April-18,Summer-2018,8.0,282.5,31.5,0.0,400.0,1027.9,34.8,3.6,30.3,12.3,32.7,00:14.0,4/17/2018,01:19.0,4/17/2018
17-04-18,10:00:11 AM,10,April-18,Summer-2018,11.6,282.1,32.9,0.0,605.8,1028.8,31.2,5.8,32.7,16.7,33.5,00:11.0,4/17/2018,01:08.0,4/17/2018
17-04-18,11:00:19 AM,11,April-18,Summer-2018,11.4,277.2,34.0,0.0,745.6,1028.9,28.7,0.0,33.3,16.7,34.6,00:19.0,4/17/2018,01:21.0,4/17/2018
17-04-18,12:00:18 PM,12,April-18,Summer-2018,12.6,278.5,34.9,0.0,847.0,1028.5,26.1,5.1,34.6,19.6,35.7,00:18.0,4/17/2018,01:21.0,4/17/2018
17-04-18,1:00:14 PM,13,April-18,Summer-2018,12.3,309.8,36.1,0.0,827.2,1027.9,24.7,3.6,35.3,20.3,37.0,00:14.0,4/17/2018,01:17.0,4/17/2018
17-04-18,2:00:18 PM,14,April-18,Summer-2018,14.9,298.6,37.0,0.0,757.0,1026.9,21.4,5.8,36.7,21.7,37.6,00:18.0,4/17/2018,01:24.0,4/17/2018
17-04-18,3:00:15 PM,15,April-18,Summer-2018,15.7,259.3,37.0,0.0,556.9,1025.8,20.9,0.0,36.4,23.9,37.4,00:15.0,4/17/2018,01:22.0,4/17/2018
17-04-18,4:00:19 PM,16,April-18,Summer-2018,16.9,280.3,37.5,0.0,569.3,1024.7,19.8,6.5,37.2,26.1,37.9,00:19.0,4/17/2018,01:16.0,4/17/2018
17-04-18,5:00:14 PM,17,April-18,Summer-2018,19.7,276.7,37.6,0.0,382.2,1024.0,18.6,8.7,37.3,28.2,37.8,00:14.0,4/17/2018,01:10.0,4/17/2018
17-04-18,6:00:15 PM,18,April-18,Summer-2018,22.3,265.9,36.6,0.0,182.9,1023.7,18.8,13.8,35.8,31.1,37.4,00:15.0,4/17/2018,01:22.0,4/17/2018
17-04-18,7:00:14 PM,19,April-18,Summer-2018,17.4,267.1,34.9,0.0,31.9,1024.0,21.0,13.0,34.2,23.9,35.8,00:14.0,4/17/2018,01:15.0,4/17/2018
17-04-18,8:00:19 PM,20,April-18,Summer-2018,19.0,264.8,33.7,0.0,0.0,1024.8,23.0,10.1,33.2,26.8,34.2,00:19.0,4/17/2018,01:18.0,4/17/2018
17-04-18,9:00:15 PM,21,April-18,Summer-2018,16.5,272.4,32.9,0.0,0.0,1025.5,24.3,10.1,32.6,25.3,33.3,00:15.0,4/17/2018,01:21.0,4/17/2018
17-04-18,10:00:14 PM,22,April-18,Summer-2018,10.9,277.7,31.8,0.0,0.0,1025.9,26.4,6.5,31.4,18.8,32.6,00:14.0,4/17/2018,01:18.0,4/17/2018
17-04-18,11:00:13 PM,23,April-18,Summer-2018,7.7,272.4,30.6,0.0,0.0,1025.9,27.6,5.8,30.2,9.4,31.4,00:13.0,4/17/2018,01:35.0,4/17/2018
18-04-18,12:00:18 AM,24,April-18,Summer-2018,2.3,271.4,29.9,0.0,0.0,1025.8,28.1,0.0,29.5,7.2,30.4,00:18.0,4/18/2018,01:32.0,4/18/2018
18-04-18,1:00:14 AM,1,April-18,Summer-2018,2.3,226.6,29.0,0.0,0.0,1025.4,29.3,0.0,28.4,8.7,30.3,00:14.0,4/18/2018,01:21.0,4/18/2018
18-04-18,2:00:16 AM,2,April-18,Summer-2018,2.7,15.4,30.1,0.0,0.0,1025.2,27.2,0.0,29.4,10.9,30.6,00:16.0,4/18/2018,01:16.0,4/18/2018
18-04-18,3:00:15 AM,3,April-18,Summer-2018,7.8,258.5,29.6,0.0,0.0,1024.5,26.9,0.0,28.8,17.4,30.3,00:15.0,4/18/2018,01:15.0,4/18/2018
18-04-18,4:00:15 AM,4,April-18,Summer-2018,13.9,251.0,30.1,0.0,0.0,1024.7,26.7,8.0,29.8,19.6,30.3,00:15.0,4/18/2018,01:07.0,4/18/2018
18-04-18,5:00:19 AM,5,April-18,Summer-2018,7.1,240.6,29.2,0.0,0.0,1025.0,30.5,0.0,28.9,15.2,29.8,00:19.0,4/18/2018,01:20.0,4/18/2018
18-04-18,6:00:15 AM,6,April-18,Summer-2018,2.6,153.1,27.8,0.0,0.0,1025.4,39.9,0.0,26.8,8.0,28.9,00:15.0,4/18/2018,01:21.0,4/18/2018
18-04-18,7:00:18 AM,7,April-18,Summer-2018,7.4,197.1,26.3,0.0,29.5,1025.7,53.1,0.0,25.9,14.5,26.8,00:18.0,4/18/2018,01:14.0,4/18/2018
18-04-18,8:00:15 AM,8,April-18,Summer-2018,9.2,263.8,28.3,0.0,200.3,1026.8,46.8,5.1,26.8,15.9,30.2,00:15.0,4/18/2018,01:17.0,4/18/2018
18-04-18,9:00:18 AM,9,April-18,Summer-2018,12.3,266.3,30.7,0.0,426.5,1028.2,36.3,5.8,30.2,18.8,31.2,00:18.0,4/18/2018,01:17.0,4/18/2018
18-04-18,10:00:19 AM,10,April-18,Summer-2018,15.0,266.4,31.7,0.0,637.0,1028.9,36.0,6.5,31.2,22.5,32.2,00:19.0,4/18/2018,01:21.0,4/18/2018
18-04-18,11:00:19 AM,11,April-18,Summer-2018,17.2,291.4,32.5,0.0,799.6,1028.8,34.4,7.2,32.0,24.6,33.3,00:19.0,4/18/2018,01:24.0,4/18/2018
18-04-18,12:00:15 PM,12,April-18,Summer-2018,17.8,244.8,33.8,0.0,895.5,1028.4,30.5,9.4,33.3,25.3,34.5,00:15.0,4/18/2018,01:13.0,4/18/2018
18-04-18,1:00:15 PM,13,April-18,Summer-2018,15.8,224.1,35.0,0.0,915.6,1027.8,27.0,0.0,34.2,26.8,35.9,00:15.0,4/18/2018,01:19.0,4/18/2018
18-04-18,2:00:14 PM,14,April-18,Summer-2018,20.7,276.9,36.3,0.0,881.6,1026.6,22.8,8.0,35.8,31.9,36.8,00:14.0,4/18/2018,01:20.0,4/18/2018
18-04-18,3:00:10 PM,15,April-18,Summer-2018,21.0,269.4,36.9,0.0,776.1,1025.5,18.9,7.2,36.3,31.9,37.3,00:10.0,4/18/2018,01:13.0,4/18/2018
18-04-18,4:00:18 PM,16,April-18,Summer-2018,21.0,234.8,37.1,0.0,618.6,1024.2,15.7,8.0,36.7,31.9,37.7,00:18.0,4/18/2018,01:19.0,4/18/2018
18-04-18,5:00:18 PM,17,April-18,Summer-2018,19.4,246.1,36.8,0.0,414.1,1023.9,15.4,8.7,36.6,34.0,37.3,00:18.0,4/18/2018,01:24.0,4/18/2018
18-04-18,6:00:15 PM,18,April-18,Summer-2018,19.2,246.2,36.0,0.0,195.8,1023.6,16.1,10.1,35.4,29.0,36.6,00:15.0,4/18/2018,01:17.0,4/18/2018
18-04-18,7:00:10 PM,19,April-18,Summer-2018,15.2,244.5,34.6,0.0,31.2,1023.5,17.6,10.1,33.8,23.2,35.4,00:10.0,4/18/2018,01:18.0,4/18/2018
18-04-18,8:00:14 PM,20,April-18,Summer-2018,10.8,256.3,33.2,0.0,0.1,1023.5,19.8,5.8,32.8,15.9,33.8,00:14.0,4/18/2018,01:23.0,4/18/2018
18-04-18,9:00:19 PM,21,April-18,Summer-2018,9.9,262.1,32.2,0.0,0.0,1023.7,22.4,5.8,31.6,18.1,32.8,00:19.0,4/18/2018,01:27.0,4/18/2018
18-04-18,10:00:19 PM,22,April-18,Summer-2018,6.1,283.7,30.8,0.0,0.0,1023.8,23.5,4.3,30.0,9.4,31.6,00:19.0,4/18/2018,01:28.0,4/18/2018
18-04-18,11:00:18 PM,23,April-18,Summer-2018,5.3,276.3,29.5,0.0,0.0,1023.7,24.5,3.6,28.8,6.5,30.0,00:18.0,4/18/2018,01:18.0,4/18/2018
19-04-18,12:00:14 AM,24,April-18,Summer-2018,5.0,275.7,29.2,0.0,0.0,1023.5,24.4,3.6,28.8,7.2,29.7,00:14.0,4/19/2018,01:16.0,4/19/2018
19-04-18,1:00:15 AM,1,April-18,Summer-2018,1.3,142.3,27.3,0.0,0.0,1022.8,26.9,0.0,25.9,6.5,28.9,00:15.0,4/19/2018,01:25.0,4/19/2018
19-04-18,2:00:19 AM,2,April-18,Summer-2018,1.6,258.1,27.7,0.0,0.0,1022.4,25.7,0.0,26.5,8.0,28.4,00:19.0,4/19/2018,01:28.0,4/19/2018
19-04-18,3:00:14 AM,3,April-18,Summer-2018,2.7,226.1,28.4,0.0,0.0,1022.4,26.6,0.0,27.8,9.4,28.8,00:14.0,4/19/2018,01:29.0,4/19/2018
19-04-18,4:00:14 AM,4,April-18,Summer-2018,0.4,247.8,26.8,0.0,0.0,1022.2,30.0,0.0,26.1,5.1,27.8,00:14.0,4/19/2018,01:10.0,4/19/2018
19-04-18,5:00:19 AM,5,April-18,Summer-2018,3.6,223.7,26.6,0.0,0.0,1022.2,31.9,0.0,25.9,10.9,27.3,00:19.0,4/19/2018,01:23.0,4/19/2018
19-04-18,6:00:15 AM,6,April-18,Summer-2018,6.4,230.1,27.2,0.0,0.0,1022.5,32.4,0.0,26.6,13.0,27.8,00:15.0,4/19/2018,01:13.0,4/19/2018
19-04-18,7:00:18 AM,7,April-18,Summer-2018,6.6,250.0,27.4,0.0,32.5,1022.8,31.0,0.0,27.0,12.3,28.2,00:18.0,4/19/2018,01:13.0,4/19/2018
19-04-18,8:00:15 AM,8,April-18,Summer-2018,10.4,251.3,28.9,0.0,219.6,1023.8,31.8,6.5,28.2,15.2,29.7,00:15.0,4/19/2018,01:19.0,4/19/2018
19-04-18,9:00:14 AM,9,April-18,Summer-2018,12.6,279.2,30.3,0.0,456.4,1025.0,30.2,7.2,29.7,20.3,31.1,00:14.0,4/19/2018,01:09.0,4/19/2018
19-04-18,10:00:15 AM,10,April-18,Summer-2018,14.8,288.8,31.8,0.0,669.4,1025.6,25.3,8.7,31.0,21.0,32.3,00:15.0,4/19/2018,01:18.0,4/19/2018
19-04-18,11:00:14 AM,11,April-18,Summer-2018,15.3,259.3,33.2,0.0,833.1,1025.6,23.1,7.2,32.3,21.0,33.7,00:14.0,4/19/2018,01:10.0,4/19/2018
19-04-18,12:00:14 PM,12,April-18,Summer-2018,16.9,276.3,34.1,0.0,927.5,1025.1,22.8,8.0,33.6,24.6,34.6,00:14.0,4/19/2018,01:20.0,4/19/2018
19-04-18,1:00:19 PM,13,April-18,Summer-2018,16.8,247.8,35.4,0.0,956.9,1024.1,18.4,5.1,34.6,27.5,36.1,00:19.0,4/19/2018,01:28.0,4/19/2018
19-04-18,2:00:18 PM,14,April-18,Summer-2018,17.8,278.7,36.2,0.0,925.8,1023.2,16.1,3.6,35.5,27.5,36.7,00:18.0,4/19/2018,01:28.0,4/19/2018
19-04-18,3:00:13 PM,15,April-18,Summer-2018,20.9,269.3,37.1,0.0,812.5,1022.1,14.3,8.0,36.5,33.3,37.6,00:13.0,4/19/2018,01:19.0,4/19/2018
19-04-18,4:00:18 PM,16,April-18,Summer-2018,23.1,275.5,37.2,0.0,645.7,1021.0,13.1,10.1,36.7,35.5,37.7,00:18.0,4/19/2018,01:24.0,4/19/2018
19-04-18,5:00:18 PM,17,April-18,Summer-2018,22.9,283.6,36.8,0.0,425.8,1020.6,14.5,14.5,36.5,33.3,37.1,00:18.0,4/19/2018,01:24.0,4/19/2018
19-04-18,6:00:12 PM,18,April-18,Summer-2018,20.8,264.5,36.0,0.0,204.6,1020.7,15.0,10.9,35.3,29.0,36.6,00:12.0,4/19/2018,01:01.0,4/19/2018
19-04-18,7:00:18 PM,19,April-18,Summer-2018,16.5,239.4,34.5,0.0,33.3,1020.9,15.9,8.7,33.5,27.5,35.3,00:18.0,4/19/2018,01:13.0,4/19/2018
19-04-18,8:00:15 PM,20,April-18,Summer-2018,12.6,208.8,32.9,0.0,0.0,1021.1,19.5,6.5,32.4,19.6,33.5,00:15.0,4/19/2018,01:19.0,4/19/2018
19-04-18,9:00:18 PM,21,April-18,Summer-2018,11.7,202.2,31.8,0.0,0.0,1021.7,21.5,8.0,31.4,17.4,32.4,00:18.0,4/19/2018,01:22.0,4/19/2018
19-04-18,10:00:19 PM,22,April-18,Summer-2018,9.0,211.0,30.9,0.0,0.0,1022.0,22.8,6.5,30.5,15.2,31.4,00:19.0,4/19/2018,01:23.0,4/19/2018
19-04-18,11:00:18 PM,23,April-18,Summer-2018,10.3,215.7,30.4,0.0,0.0,1022.3,23.3,7.2,30.2,14.5,30.6,00:18.0,4/19/2018,01:22.0,4/19/2018
20-04-18,12:00:19 AM,24,April-18,Summer-2018,6.8,204.9,29.2,0.0,0.0,1022.2,25.1,3.6,28.4,10.1,30.3,00:19.0,4/20/2018,01:24.0,4/20/2018
20-04-18,1:00:15 AM,1,April-18,Summer-2018,5.0,185.4,27.7,0.0,0.0,1021.4,27.5,0.0,27.4,10.9,28.4,00:15.0,4/20/2018,01:18.0,4/20/2018
20-04-18,2:00:14 AM,2,April-18,Summer-2018,9.6,191.1,27.6,0.0,0.0,1020.5,26.9,3.6,27.3,14.5,27.9,00:14.0,4/20/2018,01:08.0,4/20/2018
20-04-18,3:00:18 AM,3,April-18,Summer-2018,11.5,192.0,27.7,0.0,0.0,1020.1,24.7,7.2,27.3,17.4,27.8,00:18.0,4/20/2018,01:17.0,4/20/2018
20-04-18,4:00:14 AM,4,April-18,Summer-2018,13.8,197.4,27.7,0.0,0.0,1019.9,26.0,8.0,27.2,19.6,28.0,00:14.0,4/20/2018,01:16.0,4/20/2018
20-04-18,5:00:19 AM,5,April-18,Summer-2018,12.3,187.3,26.6,0.0,0.0,1020.0,37.5,6.5,26.0,18.8,27.2,00:19.0,4/20/2018,01:30.0,4/20/2018
20-04-18,6:00:15 AM,6,April-18,Summer-2018,3.8,158.5,25.1,0.0,0.0,1020.2,44.5,0.0,24.6,10.9,26.0,00:15.0,4/20/2018,01:20.0,4/20/2018
20-04-18,7:00:15 AM,7,April-18,Summer-2018,0.3,341.7,24.3,0.0,35.0,1020.6,45.8,0.0,23.8,5.1,25.0,00:15.0,4/20/2018,01:14.0,4/20/2018
20-04-18,8:00:18 AM,8,April-18,Summer-2018,9.6,219.1,27.2,0.0,235.4,1022.5,40.4,0.0,25.0,16.7,28.7,00:18.0,4/20/2018,01:25.0,4/20/2018
20-04-18,9:00:14 AM,9,April-18,Summer-2018,11.7,247.1,29.3,0.0,461.0,1023.7,34.0,4.3,28.7,20.3,29.7,00:14.0,4/20/2018,01:19.0,4/20/2018
20-04-18,10:00:19 AM,10,April-18,Summer-2018,11.7,212.0,30.2,0.0,662.5,1024.4,32.2,4.3,29.6,19.6,30.9,00:19.0,4/20/2018,01:24.0,4/20/2018
20-04-18,11:00:18 AM,11,April-18,Summer-2018,13.8,273.9,31.8,0.0,818.6,1024.9,30.5,0.0,30.9,24.6,32.5,00:18.0,4/20/2018,01:16.0,4/20/2018
20-04-18,12:00:14 PM,12,April-18,Summer-2018,13.7,276.3,33.0,0.0,914.1,1024.4,28.7,3.6,32.2,25.3,33.9,00:14.0,4/20/2018,01:22.0,4/20/2018
20-04-18,1:00:13 PM,13,April-18,Summer-2018,18.3,294.4,34.7,0.0,946.3,1023.9,25.0,6.5,34.0,34.0,35.1,00:13.0,4/20/2018,01:08.0,4/20/2018
20-04-18,2:00:24 PM,14,April-18,Summer-2018,22.8,286.6,35.3,0.0,895.9,1023.2,24.8,12.3,34.8,39.8,35.9,00:24.0,4/20/2018,01:29.0,4/20/2018
20-04-18,3:00:18 PM,15,April-18,Summer-2018,22.7,279.7,35.7,0.0,791.0,1022.5,23.9,4.3,35.0,34.0,36.2,00:18.0,4/20/2018,01:25.0,4/20/2018
20-04-18,4:00:10 PM,16,April-18,Summer-2018,22.5,256.8,35.6,0.0,618.7,1022.1,24.4,11.6,35.0,38.4,35.9,00:10.0,4/20/2018,01:08.0,4/20/2018
20-04-18,5:00:12 PM,17,April-18,Summer-2018,22.1,261.2,34.9,0.0,408.1,1021.9,26.4,10.1,34.6,33.3,35.2,00:12.0,4/20/2018,01:15.0,4/20/2018
20-04-18,6:00:18 PM,18,April-18,Summer-2018,18.6,261.7,34.5,0.0,193.7,1022.1,25.3,8.7,33.6,29.7,35.2,00:18.0,4/20/2018,01:25.0,4/20/2018
20-04-18,7:00:10 PM,19,April-18,Summer-2018,16.0,236.4,32.9,0.0,30.2,1022.2,32.6,8.7,32.2,26.8,33.6,00:10.0,4/20/2018,01:08.0,4/20/2018
20-04-18,8:00:12 PM,20,April-18,Summer-2018,15.3,208.6,31.6,0.0,0.0,1022.4,30.4,9.4,31.1,21.7,32.2,00:12.0,4/20/2018,01:11.0,4/20/2018
20-04-18,9:00:14 PM,21,April-18,Summer-2018,15.5,223.3,30.5,0.0,0.0,1022.7,32.5,10.9,29.8,22.5,31.1,00:14.0,4/20/2018,01:21.0,4/20/2018
20-04-18,10:00:18 PM,22,April-18,Summer-2018,12.0,186.8,29.0,0.0,0.0,1023.0,42.7,5.8,28.1,18.1,29.8,00:18.0,4/20/2018,01:21.0,4/20/2018
20-04-18,11:00:14 PM,23,April-18,Summer-2018,10.7,173.9,27.3,0.0,0.0,1023.3,51.4,4.3,26.9,19.6,28.1,00:14.0,4/20/2018,01:21.0,4/20/2018
21-04-18,12:00:15 AM,24,April-18,Summer-2018,5.1,223.3,26.7,0.0,0.0,1023.5,45.1,0.0,26.6,10.9,26.9,00:15.0,4/21/2018,01:24.0,4/21/2018
21-04-18,1:00:15 AM,1,April-18,Summer-2018,7.3,178.9,26.6,0.0,0.0,1023.1,44.6,0.0,26.5,13.0,26.8,00:15.0,4/21/2018,01:16.0,4/21/2018
21-04-18,2:00:14 AM,2,April-18,Summer-2018,6.7,230.7,26.4,0.0,0.0,1022.7,44.4,0.0,26.4,13.0,26.6,00:14.0,4/21/2018,01:15.0,4/21/2018
21-04-18,3:00:10 AM,3,April-18,Summer-2018,7.4,193.4,26.3,0.0,0.0,1022.6,44.7,0.0,25.8,15.2,26.6,00:10.0,4/21/2018,01:08.0,4/21/2018
21-04-18,4:00:19 AM,4,April-18,Summer-2018,8.3,216.9,25.8,0.0,0.0,1022.4,47.1,4.3,25.7,16.7,25.9,00:19.0,4/21/2018,01:10.0,4/21/2018
21-04-18,5:00:19 AM,5,April-18,Summer-2018,11.8,222.4,25.7,0.0,0.0,1022.4,54.5,6.5,25.5,18.1,25.9,00:19.0,4/21/2018,01:20.0,4/21/2018
21-04-18,6:00:18 AM,6,April-18,Summer-2018,10.7,225.4,25.1,0.0,0.0,1022.7,60.4,5.8,24.9,17.4,25.5,00:18.0,4/21/2018,01:20.0,4/21/2018
21-04-18,7:00:15 AM,7,April-18,Summer-2018,12.0,226.3,24.9,0.0,32.8,1023.1,63.9,8.0,24.6,17.4,25.3,00:15.0,4/21/2018,01:19.0,4/21/2018
21-04-18,8:00:13 AM,8,April-18,Summer-2018,12.3,241.4,26.1,0.0,215.0,1024.3,63.0,8.0,25.4,18.1,26.6,00:13.0,4/21/2018,01:14.0,4/21/2018
21-04-18,9:00:23 AM,9,April-18,Summer-2018,12.4,247.4,27.2,0.0,442.6,1025.6,60.1,7.2,26.6,18.8,28.0,00:23.0,4/21/2018,01:21.0,4/21/2018
21-04-18,10:00:10 AM,10,April-18,Summer-2018,13.4,306.3,29.1,0.0,647.2,1026.2,51.9,8.7,28.0,21.0,30.2,00:10.0,4/21/2018,01:02.0,4/21/2018
21-04-18,11:00:18 AM,11,April-18,Summer-2018,17.8,263.5,30.4,0.0,806.9,1026.0,47.1,10.1,29.8,24.6,30.9,00:18.0,4/21/2018,01:23.0,4/21/2018
21-04-18,12:00:15 PM,12,April-18,Summer-2018,17.1,303.1,31.8,0.0,902.4,1025.7,41.8,7.2,30.9,23.2,32.7,00:15.0,4/21/2018,01:13.0,4/21/2018
21-04-18,1:00:15 PM,13,April-18,Summer-2018,17.8,275.3,33.1,0.0,937.5,1025.3,34.5,7.2,32.6,26.1,33.9,00:15.0,4/21/2018,01:18.0,4/21/2018
21-04-18,2:00:14 PM,14,April-18,Summer-2018,18.8,278.4,34.1,0.0,900.4,1024.2,30.4,8.0,33.7,31.1,34.7,00:14.0,4/21/2018,01:18.0,4/21/2018
21-04-18,3:00:12 PM,15,April-18,Summer-2018,20.2,289.0,35.0,0.0,790.3,1023.3,23.7,6.5,34.6,29.0,35.5,00:12.0,4/21/2018,01:07.0,4/21/2018
21-04-18,4:00:15 PM,16,April-18,Summer-2018,21.9,268.3,35.3,0.0,627.3,1022.6,20.0,8.7,34.8,32.6,35.6,00:15.0,4/21/2018,01:13.0,4/21/2018
21-04-18,5:00:18 PM,17,April-18,Summer-2018,19.9,247.4,35.0,0.0,428.1,1022.3,19.0,9.4,34.7,43.5,35.4,00:18.0,4/21/2018,01:22.0,4/21/2018
21-04-18,6:00:15 PM,18,April-18,Summer-2018,15.1,250.3,34.4,0.0,208.2,1022.2,17.1,6.5,33.9,23.2,35.0,00:15.0,4/21/2018,01:18.0,4/21/2018
21-04-18,7:00:18 PM,19,April-18,Summer-2018,16.9,238.0,33.0,0.0,34.3,1022.3,16.8,10.1,32.2,23.2,33.9,00:18.0,4/21/2018,01:23.0,4/21/2018
21-04-18,8:00:18 PM,20,April-18,Summer-2018,15.1,229.2,31.6,0.0,0.1,1022.7,19.8,10.1,31.1,22.5,32.1,00:18.0,4/21/2018,01:17.0,4/21/2018
21-04-18,9:00:14 PM,21,April-18,Summer-2018,8.4,215.0,30.4,0.0,0.0,1023.0,23.9,4.3,29.4,14.5,31.1,00:14.0,4/21/2018,01:19.0,4/21/2018
21-04-18,10:00:19 PM,22,April-18,Summer-2018,5.5,235.4,29.3,0.0,0.0,1023.2,26.2,0.0,28.9,10.1,29.6,00:19.0,4/21/2018,01:18.0,4/21/2018
21-04-18,11:00:14 PM,23,April-18,Summer-2018,0.6,232.5,27.3,0.0,0.0,1023.3,28.1,0.0,25.5,5.8,28.9,00:14.0,4/21/2018,01:14.0,4/21/2018
22-04-18,12:00:19 AM,24,April-18,Summer-2018,0.9,275.9,26.0,0.0,0.0,1023.2,33.5,0.0,24.6,8.7,27.9,00:19.0,4/22/2018,01:21.0,4/22/2018
22-04-18,1:00:14 AM,1,April-18,Summer-2018,4.3,247.8,26.7,0.0,0.0,1022.9,33.4,0.0,25.5,8.7,28.2,00:14.0,4/22/2018,01:12.0,4/22/2018
22-04-18,2:00:19 AM,2,April-18,Summer-2018,6.1,263.1,24.7,0.0,0.0,1022.5,42.7,3.6,24.3,8.0,25.6,00:19.0,4/22/2018,01:27.0,4/22/2018
22-04-18,3:00:15 AM,3,April-18,Summer-2018,0.9,252.0,23.6,0.0,0.0,1022.1,45.5,0.0,22.8,4.3,24.4,00:15.0,4/22/2018,01:19.0,4/22/2018
22-04-18,4:00:18 AM,4,April-18,Summer-2018,2.1,149.9,24.0,0.0,0.0,1021.9,40.4,0.0,22.4,8.0,26.1,00:18.0,4/22/2018,01:09.0,4/22/2018
22-04-18,5:00:19 AM,5,April-18,Summer-2018,2.1,194.9,26.2,0.0,0.0,1022.1,34.4,0.0,25.7,6.5,26.4,00:19.0,4/22/2018,01:17.0,4/22/2018
22-04-18,6:00:18 AM,6,April-18,Summer-2018,3.4,260.9,25.8,0.0,0.0,1022.4,35.2,0.0,25.6,12.3,26.1,00:18.0,4/22/2018,01:16.0,4/22/2018
22-04-18,7:00:18 AM,7,April-18,Summer-2018,4.9,247.4,25.4,0.0,36.5,1022.9,35.4,0.0,24.9,9.4,25.9,00:18.0,4/22/2018,01:10.0,4/22/2018
22-04-18,8:00:18 AM,8,April-18,Summer-2018,1.1,357.3,26.3,0.0,230.6,1024.2,35.8,0.0,25.3,6.5,28.5,00:18.0,4/22/2018,01:16.0,4/22/2018
22-04-18,9:00:14 AM,9,April-18,Summer-2018,8.9,307.7,29.3,0.0,464.4,1025.6,31.5,0.0,28.6,13.0,29.9,00:14.0,4/22/2018,01:17.0,4/22/2018
22-04-18,10:00:14 AM,10,April-18,Summer-2018,8.8,252.7,30.8,0.0,670.6,1026.1,28.0,0.0,29.9,14.5,31.8,00:14.0,4/22/2018,01:19.0,4/22/2018
22-04-18,11:00:15 AM,11,April-18,Summer-2018,7.8,131.2,32.8,0.0,832.8,1026.2,23.4,0.0,31.8,14.5,33.5,00:15.0,4/22/2018,01:21.0,4/22/2018
22-04-18,12:00:18 PM,12,April-18,Summer-2018,10.4,269.4,34.0,0.0,935.3,1025.8,21.8,0.0,33.5,21.0,34.6,00:18.0,4/22/2018,01:18.0,4/22/2018
22-04-18,1:00:18 PM,13,April-18,Summer-2018,12.7,263.9,34.9,0.0,961.5,1025.2,19.5,0.0,34.4,23.9,35.5,00:18.0,4/22/2018,01:11.0,4/22/2018
22-04-18,2:00:16 PM,14,April-18,Summer-2018,13.2,240.4,35.7,0.0,909.6,1024.0,17.9,0.0,35.2,23.2,36.2,00:16.0,4/22/2018,01:21.0,4/22/2018
22-04-18,3:00:18 PM,15,April-18,Summer-2018,13.7,306.1,36.3,0.0,808.4,1023.2,15.4,0.0,35.8,26.8,37.1,00:18.0,4/22/2018,01:18.0,4/22/2018
22-04-18,4:00:18 PM,16,April-18,Summer-2018,15.2,254.8,36.5,0.0,633.1,1022.6,14.9,6.5,36.3,23.2,37.1,00:18.0,4/22/2018,01:13.0,4/22/2018
22-04-18,5:00:14 PM,17,April-18,Summer-2018,16.2,249.7,36.5,0.0,432.4,1022.1,14.0,5.8,36.2,27.5,36.8,00:14.0,4/22/2018,01:24.0,4/22/2018
22-04-18,6:00:14 PM,18,April-18,Summer-2018,14.0,287.7,36.1,0.0,201.8,1022.0,13.7,7.2,35.5,22.5,36.8,00:14.0,4/22/2018,01:19.0,4/22/2018
22-04-18,7:00:14 PM,19,April-18,Summer-2018,13.8,269.4,34.5,0.0,33.2,1022.0,19.4,8.7,33.5,20.3,35.5,00:14.0,4/22/2018,01:24.0,4/22/2018
22-04-18,8:00:18 PM,20,April-18,Summer-2018,15.4,244.1,32.7,0.0,0.1,1022.3,26.6,7.2,32.2,23.2,33.5,00:18.0,4/22/2018,01:18.0,4/22/2018
22-04-18,9:00:18 PM,21,April-18,Summer-2018,19.6,251.6,31.8,0.0,0.0,1023.0,26.7,11.6,31.5,34.8,32.2,00:18.0,4/22/2018,01:19.0,4/22/2018
22-04-18,10:00:15 PM,22,April-18,Summer-2018,14.5,208.0,30.6,0.0,0.0,1023.8,30.5,7.2,29.7,26.1,31.5,00:15.0,4/22/2018,02:00.0,4/22/2018
22-04-18,11:00:18 PM,23,April-18,Summer-2018,11.9,239.4,29.3,0.0,0.0,1024.1,33.9,6.5,29.1,18.8,29.7,00:18.0,4/22/2018,01:22.0,4/22/2018
23-04-18,12:00:18 AM,24,April-18,Summer-2018,16.1,243.3,29.6,0.0,0.0,1024.1,29.4,11.6,29.5,23.9,30.0,00:18.0,4/23/2018,01:20.0,4/23/2018
23-04-18,1:00:14 AM,1,April-18,Summer-2018,7.2,245.8,29.0,0.0,0.0,1023.7,27.1,4.3,28.2,17.4,29.7,00:14.0,4/23/2018,01:14.0,4/23/2018
23-04-18,2:00:14 AM,2,April-18,Summer-2018,3.7,235.1,27.5,0.0,0.0,1023.2,29.3,0.0,26.1,6.5,28.2,00:14.0,4/23/2018,01:11.0,4/23/2018
23-04-18,3:00:18 AM,3,April-18,Summer-2018,5.6,231.3,25.8,0.0,0.0,1022.6,38.7,0.0,25.5,10.1,26.2,00:18.0,4/23/2018,01:16.0,4/23/2018
23-04-18,4:00:18 AM,4,April-18,Summer-2018,7.3,239.4,25.2,0.0,0.0,1022.3,43.5,4.3,24.7,10.9,26.2,00:18.0,4/23/2018,01:06.0,4/23/2018
23-04-18,5:00:19 AM,5,April-18,Summer-2018,4.6,236.0,24.4,0.0,0.0,1022.7,49.9,0.0,23.6,13.0,25.2,00:19.0,4/23/2018,01:18.0,4/23/2018
23-04-18,6:00:15 AM,6,April-18,Summer-2018,8.1,238.6,25.4,0.0,0.0,1023.1,43.3,4.3,24.1,12.3,25.8,00:15.0,4/23/2018,01:14.0,4/23/2018
23-04-18,7:00:18 AM,7,April-18,Summer-2018,5.3,208.1,24.7,0.0,37.7,1023.7,46.1,0.0,24.2,8.7,25.3,00:18.0,4/23/2018,01:11.0,4/23/2018
23-04-18,8:00:15 AM,8,April-18,Summer-2018,7.2,246.7,27.2,0.0,236.7,1025.3,39.6,0.0,25.3,11.6,29.0,00:15.0,4/23/2018,01:17.0,4/23/2018
23-04-18,9:00:18 AM,9,April-18,Summer-2018,11.2,295.7,30.3,0.0,468.4,1026.2,25.2,7.2,29.0,15.2,31.0,00:18.0,4/23/2018,01:16.0,4/23/2018
23-04-18,10:00:14 AM,10,April-18,Summer-2018,9.8,273.6,31.8,0.0,670.2,1026.6,21.3,5.1,31.0,14.5,32.5,00:14.0,4/23/2018,01:20.0,4/23/2018
05-05-18,2:00:18 PM,14,May-18,Summer-2018,19.1,270.4,36.1,0.0,872.5,1023.9,35.9,6.5,35.1,31.1,36.9,00:18.0,05-05-18,01:08.0,5/22/2018
05-05-18,3:00:18 PM,15,May-18,Summer-2018,19.2,263.2,37.4,0.0,763.7,1023.2,24.0,6.5,36.9,31.1,37.8,00:18.0,05-05-18,01:19.0,5/22/2018
05-05-18,4:00:19 PM,16,May-18,Summer-2018,21.4,280.3,37.4,0.0,598.9,1022.6,24.8,10.9,37.0,32.6,37.8,00:19.0,05-05-18,01:26.0,5/22/2018
05-05-18,5:00:19 PM,17,May-18,Summer-2018,21.0,283.6,37.2,0.0,406.4,1022.2,24.1,8.7,36.7,31.1,37.6,00:19.0,05-05-18,01:37.0,5/22/2018
05-05-18,6:00:19 PM,18,May-18,Summer-2018,18.1,241.4,36.5,0.0,204.2,1022.3,23.4,8.0,36.1,29.0,36.9,00:19.0,05-05-18,01:51.0,5/22/2018
05-05-18,7:00:20 PM,19,May-18,Summer-2018,13.8,235.4,35.3,0.0,38.3,1022.5,28.8,8.0,34.0,19.6,36.3,00:20.0,05-05-18,02:08.0,5/22/2018
05-05-18,8:00:10 PM,20,May-18,Summer-2018,11.8,208.9,33.1,0.0,0.3,1022.6,44.2,5.8,32.2,18.1,34.0,00:10.0,05-05-18,02:19.0,5/22/2018
05-05-18,9:00:10 PM,21,May-18,Summer-2018,11.4,191.1,31.5,0.0,0.0,1023.0,50.2,5.8,31.0,18.1,32.2,00:10.0,05-05-18,02:34.0,5/22/2018
05-05-18,10:00:11 PM,22,May-18,Summer-2018,7.4,210.4,30.5,0.0,0.0,1023.3,53.2,3.6,30.1,13.0,31.0,00:11.0,05-05-18,02:48.0,5/22/2018
05-05-18,11:00:11 PM,23,May-18,Summer-2018,7.9,259.2,29.6,0.0,0.0,1023.5,55.3,0.0,29.1,14.5,30.1,00:11.0,05-05-18,02:58.0,5/22/2018
06-05-18,12:00:11 AM,24,May-18,Summer-2018,7.9,242.0,29.0,0.0,0.0,1023.3,55.2,4.3,27.9,13.8,29.2,00:11.0,05-06-18,03:07.0,5/22/2018
06-05-18,1:00:12 AM,1,May-18,Summer-2018,9.6,251.0,26.6,0.0,0.0,1022.7,69.4,5.8,25.6,13.0,27.9,00:12.0,05-06-18,03:18.0,5/22/2018
06-05-18,2:00:12 AM,2,May-18,Summer-2018,12.8,230.1,25.2,0.0,0.0,1022.3,81.4,8.7,24.9,18.1,25.6,00:12.0,05-06-18,03:31.0,5/22/2018
06-05-18,3:00:12 AM,3,May-18,Summer-2018,14.2,201.1,24.9,0.0,0.0,1022.2,82.9,8.0,24.8,23.2,25.2,00:12.0,05-06-18,03:50.0,5/22/2018
06-05-18,4:00:13 AM,4,May-18,Summer-2018,9.3,187.2,25.8,0.0,0.0,1022.1,58.0,4.3,25.3,19.6,26.3,00:13.0,05-06-18,04:05.0,5/22/2018
06-05-18,5:00:10 AM,5,May-18,Summer-2018,8.9,192.0,26.5,0.0,0.0,1022.3,44.8,5.8,26.1,17.4,26.9,00:10.0,05-06-18,04:20.0,5/22/2018
06-05-18,6:00:10 AM,6,May-18,Summer-2018,7.6,198.6,26.5,0.0,0.4,1022.7,41.6,4.3,26.3,9.4,27.0,00:10.0,05-06-18,04:35.0,5/22/2018
06-05-18,7:00:11 AM,7,May-18,Summer-2018,4.8,188.7,27.1,0.0,48.1,1023.3,37.2,0.0,26.6,8.7,27.9,00:11.0,05-06-18,04:48.0,5/22/2018
06-05-18,8:00:16 AM,8,May-18,Summer-2018,7.1,230.8,29.0,0.0,244.0,1024.5,36.1,0.0,27.9,12.3,30.2,00:16.0,05-06-18,05:04.0,5/22/2018
06-05-18,9:00:11 AM,9,May-18,Summer-2018,10.2,256.5,30.9,0.0,458.8,1025.5,33.1,5.8,30.2,14.5,31.4,00:11.0,05-06-18,05:18.0,5/22/2018
06-05-18,10:00:12 AM,10,May-18,Summer-2018,11.3,280.4,32.2,0.0,646.2,1026.1,29.1,5.8,31.4,15.9,32.9,00:12.0,05-06-18,05:31.0,5/22/2018
06-05-18,11:00:12 AM,11,May-18,Summer-2018,11.9,290.8,33.9,0.0,796.2,1026.2,27.2,5.1,32.9,16.7,35.3,00:12.0,05-06-18,05:48.0,5/22/2018
06-05-18,12:00:12 PM,12,May-18,Summer-2018,12.7,285.3,35.3,0.0,889.6,1026.1,23.8,6.5,34.8,20.3,35.9,00:12.0,05-06-18,06:04.0,5/22/2018
06-05-18,1:00:13 PM,13,May-18,Summer-2018,16.2,279.5,36.1,0.0,911.9,1025.5,25.7,8.7,35.7,25.3,36.6,00:13.0,05-06-18,06:18.0,5/22/2018
06-05-18,2:00:13 PM,14,May-18,Summer-2018,14.2,288.8,36.9,0.0,863.8,1024.6,26.3,4.3,36.4,26.1,37.4,00:13.0,05-06-18,06:30.0,5/22/2018
06-05-18,3:00:13 PM,15,May-18,Summer-2018,16.5,245.7,37.3,0.0,753.9,1023.8,27.3,5.8,36.8,29.7,37.8,00:13.0,05-06-18,06:40.0,5/22/2018
06-05-18,4:00:14 PM,16,May-18,Summer-2018,19.7,266.1,37.5,0.0,597.2,1023.2,26.6,8.7,37.1,31.1,37.9,00:14.0,05-06-18,06:50.0,5/22/2018
06-05-18,5:00:14 PM,17,May-18,Summer-2018,20.9,263.6,36.9,0.0,402.9,1022.7,29.1,10.1,36.4,34.0,37.3,00:14.0,05-06-18,07:04.0,5/22/2018
06-05-18,6:00:14 PM,18,May-18,Summer-2018,20.2,240.8,35.9,0.0,198.5,1022.8,32.9,11.6,35.1,30.4,36.8,00:14.0,05-06-18,07:19.0,5/22/2018
06-05-18,7:00:15 PM,19,May-18,Summer-2018,17.2,235.5,34.1,0.0,37.4,1023.1,37.7,10.1,33.2,26.1,35.0,00:15.0,05-06-18,07:30.0,5/22/2018
06-05-18,8:00:15 PM,20,May-18,Summer-2018,14.0,213.3,32.5,0.0,0.3,1023.5,41.8,8.0,31.8,21.0,33.2,00:15.0,05-06-18,07:39.0,5/22/2018
06-05-18,9:00:15 PM,21,May-18,Summer-2018,10.6,192.5,31.4,0.0,0.0,1023.7,39.0,7.2,31.1,15.2,31.8,00:15.0,05-06-18,07:50.0,5/22/2018
06-05-18,10:00:26 PM,22,May-18,Summer-2018,9.3,229.9,30.6,0.0,0.0,1023.9,37.1,5.1,30.0,15.2,31.1,00:26.0,05-06-18,08:00.0,5/22/2018
06-05-18,11:00:16 PM,23,May-18,Summer-2018,10.7,219.9,29.6,0.0,0.0,1024.1,41.7,3.6,29.0,16.7,30.1,00:16.0,05-06-18,08:10.0,5/22/2018
07-05-18,12:00:16 AM,24,May-18,Summer-2018,14.1,222.6,28.6,0.0,0.0,1023.9,41.1,6.5,28.5,21.7,29.0,00:16.0,05-07-18,08:18.0,5/22/2018
07-05-18,1:00:17 AM,1,May-18,Summer-2018,19.0,221.5,28.6,0.0,0.0,1023.4,33.0,8.7,28.4,29.0,28.8,00:17.0,05-07-18,08:29.0,5/22/2018
07-05-18,2:00:17 AM,2,May-18,Summer-2018,17.4,219.6,28.0,0.0,0.0,1022.8,34.0,9.4,27.6,24.6,28.4,00:17.0,05-07-18,08:40.0,5/22/2018
07-05-18,3:00:17 AM,3,May-18,Summer-2018,17.0,203.2,27.5,0.0,0.0,1022.5,40.7,7.2,27.0,24.6,27.7,00:17.0,05-07-18,08:51.0,5/22/2018
07-05-18,4:00:18 AM,4,May-18,Summer-2018,11.9,207.5,26.6,0.0,0.0,1022.5,49.9,4.3,26.2,19.6,27.0,00:18.0,05-07-18,09:03.0,5/22/2018
07-05-18,5:00:14 AM,5,May-18,Summer-2018,16.1,233.0,26.0,0.0,0.0,1022.7,54.8,7.2,25.7,39.8,26.3,00:14.0,05-07-18,09:16.0,5/22/2018
07-05-18,6:00:14 AM,6,May-18,Summer-2018,16.7,224.0,26.2,0.0,0.3,1023.2,48.0,8.7,26.0,26.1,26.3,00:14.0,05-07-18,09:26.0,5/22/2018
07-05-18,7:00:15 AM,7,May-18,Summer-2018,13.3,257.2,26.3,0.0,48.6,1023.8,44.1,7.2,26.0,23.9,26.8,00:15.0,05-07-18,09:37.0,5/22/2018
07-05-18,8:00:15 AM,8,May-18,Summer-2018,14.2,238.3,27.5,0.0,244.1,1025.0,37.8,8.0,26.8,21.7,28.1,00:15.0,05-07-18,09:47.0,5/22/2018
07-05-18,9:00:15 AM,9,May-18,Summer-2018,13.2,217.6,28.7,0.0,462.7,1026.2,35.2,5.8,28.1,24.6,29.7,00:15.0,05-07-18,09:56.0,5/22/2018
07-05-18,10:00:16 AM,10,May-18,Summer-2018,12.0,219.1,29.9,0.0,654.6,1026.5,38.5,0.0,29.5,20.3,30.5,00:16.0,05-07-18,10:07.0,5/22/2018
07-05-18,11:00:16 AM,11,May-18,Summer-2018,15.7,263.2,31.5,0.0,808.6,1026.3,32.6,0.0,30.4,30.4,32.5,00:16.0,05-07-18,10:17.0,5/22/2018
07-05-18,12:00:16 PM,12,May-18,Summer-2018,17.9,269.3,32.9,0.0,892.4,1025.7,29.5,4.3,32.3,29.7,33.8,00:16.0,05-07-18,10:27.0,5/22/2018
07-05-18,1:00:17 PM,13,May-18,Summer-2018,17.4,280.7,34.1,0.0,923.0,1024.9,26.5,5.1,33.2,32.6,34.7,00:17.0,05-07-18,10:37.0,5/22/2018
07-05-18,2:00:17 PM,14,May-18,Summer-2018,20.6,281.7,34.8,0.0,881.4,1023.6,26.4,5.8,34.4,31.9,35.2,00:17.0,05-07-18,10:46.0,5/22/2018
07-05-18,3:00:17 PM,15,May-18,Summer-2018,20.8,284.6,35.4,0.0,777.4,1022.7,25.5,9.4,35.0,33.3,35.9,00:17.0,05-07-18,10:57.0,5/22/2018
07-05-18,4:00:18 PM,16,May-18,Summer-2018,19.4,281.2,35.7,0.0,620.6,1022.0,22.6,5.8,35.3,31.9,36.3,00:18.0,05-07-18,11:08.0,5/22/2018
07-05-18,5:00:18 PM,17,May-18,Summer-2018,18.3,233.1,35.6,0.0,430.0,1021.5,21.0,9.4,34.9,30.4,36.0,00:18.0,05-07-18,11:19.0,5/22/2018
07-05-18,6:00:18 PM,18,May-18,Summer-2018,17.0,245.4,35.0,0.0,216.2,1021.2,21.1,6.5,34.2,28.2,35.5,00:18.0,05-07-18,11:29.0,5/22/2018
07-05-18,7:00:19 PM,19,May-18,Summer-2018,16.3,238.5,33.5,0.0,39.9,1021.2,23.7,8.0,32.5,26.8,34.3,00:19.0,05-07-18,11:39.0,5/22/2018
07-05-18,8:00:19 PM,20,May-18,Summer-2018,13.2,208.0,31.9,0.0,0.4,1021.6,29.3,8.7,31.4,19.6,32.5,00:19.0,05-07-18,11:49.0,5/22/2018
07-05-18,9:00:19 PM,21,May-18,Summer-2018,16.5,211.5,30.9,0.0,0.0,1021.9,30.7,9.4,30.3,23.2,31.4,00:19.0,05-07-18,12:00.0,5/22/2018
07-05-18,10:00:10 PM,22,May-18,Summer-2018,10.1,196.6,29.7,0.0,0.0,1022.3,33.6,3.6,29.0,21.0,30.3,00:10.0,05-07-18,12:09.0,5/22/2018
07-05-18,11:00:10 PM,23,May-18,Summer-2018,7.1,222.0,28.0,0.0,0.0,1022.5,45.5,0.0,27.2,16.7,29.0,00:10.0,05-07-18,12:19.0,5/22/2018
08-05-18,12:00:10 AM,24,May-18,Summer-2018,11.3,222.7,26.4,0.0,0.0,1022.6,57.4,0.0,26.0,22.5,27.2,00:10.0,05-08-18,12:27.0,5/22/2018
08-05-18,1:00:11 AM,1,May-18,Summer-2018,20.2,199.4,25.5,0.0,0.0,1022.3,60.0,11.6,25.2,30.4,26.0,00:11.0,05-08-18,12:37.0,5/22/2018
08-05-18,2:00:11 AM,2,May-18,Summer-2018,17.2,237.7,24.9,0.0,0.0,1021.5,65.0,8.7,24.7,25.3,25.2,00:11.0,05-08-18,12:47.0,5/22/2018
08-05-18,3:00:11 AM,3,May-18,Summer-2018,11.6,238.2,24.8,0.0,0.0,1021.0,61.3,7.2,24.7,18.8,25.0,00:11.0,05-08-18,12:57.0,5/22/2018
08-05-18,4:00:12 AM,4,May-18,Summer-2018,16.8,217.6,24.4,0.0,0.0,1020.8,68.6,6.5,24.0,26.1,24.7,00:12.0,05-08-18,13:07.0,5/22/2018
08-05-18,5:00:19 AM,5,May-18,Summer-2018,10.9,244.7,23.7,0.0,0.0,1021.1,81.8,0.0,23.6,16.7,24.0,00:19.0,05-08-18,13:17.0,5/22/2018
08-05-18,6:00:19 AM,6,May-18,Summer-2018,8.7,238.3,23.5,0.0,0.4,1021.8,84.1,0.0,23.3,16.7,23.6,00:19.0,05-08-18,13:26.0,5/22/2018
08-05-18,7:00:10 AM,7,May-18,Summer-2018,11.9,212.0,23.5,0.0,57.8,1022.5,86.8,6.5,23.3,18.1,23.9,00:10.0,05-08-18,13:37.0,5/22/2018
08-05-18,8:00:10 AM,8,May-18,Summer-2018,14.6,225.4,25.1,0.0,263.9,1023.8,79.0,9.4,23.9,20.3,26.5,00:10.0,05-08-18,13:46.0,5/22/2018
08-05-18,9:00:10 AM,9,May-18,Summer-2018,16.4,248.8,27.4,0.0,490.2,1025.0,63.4,10.1,26.5,23.9,28.3,00:10.0,05-08-18,13:57.0,5/22/2018
08-05-18,10:00:11 AM,10,May-18,Summer-2018,14.8,258.6,29.2,0.0,685.6,1025.7,53.4,9.4,28.0,23.2,30.1,00:11.0,05-08-18,14:07.0,5/22/2018
08-05-18,11:00:11 AM,11,May-18,Summer-2018,19.1,278.0,31.3,0.0,838.0,1025.7,41.1,7.2,30.1,29.7,32.4,00:11.0,05-08-18,14:17.0,5/22/2018
08-05-18,12:00:11 PM,12,May-18,Summer-2018,22.2,274.4,32.9,0.0,929.1,1025.2,35.1,12.3,32.0,29.7,33.7,00:11.0,05-08-18,14:26.0,5/22/2018
08-05-18,1:00:12 PM,13,May-18,Summer-2018,22.6,273.1,33.9,0.0,953.0,1024.2,31.2,13.0,33.4,33.3,34.9,00:12.0,05-08-18,14:37.0,5/22/2018
08-05-18,2:00:12 PM,14,May-18,Summer-2018,18.6,231.9,35.2,0.0,916.0,1023.6,25.6,7.2,34.4,32.6,35.7,00:12.0,05-08-18,14:47.0,5/22/2018
08-05-18,3:00:12 PM,15,May-18,Summer-2018,19.6,286.8,35.8,0.0,800.1,1022.8,21.9,8.0,35.2,34.0,36.4,00:12.0,05-08-18,14:56.0,5/22/2018
08-05-18,4:00:13 PM,16,May-18,Summer-2018,19.8,255.3,36.0,0.0,629.3,1022.1,23.6,9.4,35.7,31.1,36.4,00:13.0,05-08-18,15:08.0,5/22/2018
08-05-18,5:00:13 PM,17,May-18,Summer-2018,22.1,271.6,36.0,0.0,430.0,1021.6,22.4,9.4,35.6,32.6,36.5,00:13.0,05-08-18,15:18.0,5/22/2018
08-05-18,6:00:18 PM,18,May-18,Summer-2018,20.6,238.0,35.3,0.0,211.6,1021.1,21.8,13.8,34.8,30.4,35.8,00:18.0,05-08-18,15:30.0,5/22/2018
08-05-18,7:00:14 PM,19,May-18,Summer-2018,17.8,226.7,33.9,0.0,39.8,1021.1,24.2,9.4,33.2,26.8,34.8,00:14.0,05-08-18,15:39.0,5/22/2018
08-05-18,8:00:14 PM,20,May-18,Summer-2018,11.2,216.3,32.6,0.0,0.3,1021.2,27.1,6.5,31.8,18.1,33.2,00:14.0,05-08-18,15:47.0,5/22/2018
08-05-18,9:00:14 PM,21,May-18,Summer-2018,9.9,210.4,31.3,0.0,0.0,1021.1,30.8,6.5,31.0,13.0,31.8,00:14.0,05-08-18,15:56.0,5/22/2018
08-05-18,10:00:15 PM,22,May-18,Summer-2018,13.8,226.0,30.7,0.0,0.0,1021.5,34.7,8.7,30.5,21.0,31.0,00:15.0,05-08-18,16:07.0,5/22/2018
08-05-18,11:00:15 PM,23,May-18,Summer-2018,9.4,228.3,29.6,0.0,0.0,1022.0,41.2,0.0,28.5,18.8,30.5,00:15.0,05-08-18,16:17.0,5/22/2018
09-05-18,12:00:15 AM,24,May-18,Summer-2018,9.1,252.4,27.8,0.0,0.0,1022.1,49.6,0.0,27.6,14.5,28.5,00:15.0,05-09-18,16:27.0,5/22/2018
09-05-18,1:00:16 AM,1,May-18,Summer-2018,14.0,217.6,27.5,0.0,0.0,1022.0,35.4,9.4,27.1,21.7,27.7,00:16.0,05-09-18,16:37.0,5/22/2018
09-05-18,2:00:16 AM,2,May-18,Summer-2018,17.7,207.5,26.9,0.0,0.0,1021.4,35.4,13.0,26.6,23.2,27.1,00:16.0,05-09-18,16:47.0,5/22/2018
09-05-18,3:00:16 AM,3,May-18,Summer-2018,17.3,208.1,26.6,0.0,0.0,1021.1,39.5,12.3,26.5,23.2,26.8,00:16.0,05-09-18,16:56.0,5/22/2018
09-05-18,4:00:17 AM,4,May-18,Summer-2018,13.6,240.1,26.5,0.0,0.0,1021.1,39.6,8.0,26.3,18.8,26.8,00:17.0,05-09-18,17:06.0,5/22/2018
09-05-18,5:00:13 AM,5,May-18,Summer-2018,12.9,236.9,26.3,0.0,0.0,1021.9,47.1,3.6,26.1,31.9,26.5,00:13.0,05-09-18,17:17.0,5/22/2018
09-05-18,6:00:13 AM,6,May-18,Summer-2018,11.5,243.8,26.3,0.0,0.3,1022.3,55.4,5.8,26.1,18.1,26.4,00:13.0,05-09-18,17:26.0,5/22/2018
09-05-18,7:00:14 AM,7,May-18,Summer-2018,10.4,247.6,26.3,0.0,54.2,1022.9,60.8,6.5,26.1,14.5,26.8,00:14.0,05-09-18,17:37.0,5/22/2018
09-05-18,8:00:14 AM,8,May-18,Summer-2018,12.4,230.7,28.2,0.0,247.7,1024.1,48.8,8.0,26.8,16.7,29.4,00:14.0,05-09-18,17:47.0,5/22/2018
09-05-18,9:00:14 AM,9,May-18,Summer-2018,19.2,261.2,30.3,0.0,463.7,1025.2,35.8,8.7,29.4,26.1,31.0,00:14.0,05-09-18,17:57.0,5/22/2018
09-05-18,10:00:15 AM,10,May-18,Summer-2018,22.7,263.5,31.1,0.0,660.5,1025.6,35.5,16.7,30.8,29.7,31.5,00:15.0,05-09-18,18:07.0,5/22/2018
09-05-18,11:00:15 AM,11,May-18,Summer-2018,20.2,270.6,31.8,0.0,810.8,1025.6,38.7,13.0,31.3,27.5,32.4,00:15.0,05-09-18,18:16.0,5/22/2018
09-05-18,12:00:15 PM,12,May-18,Summer-2018,18.3,263.4,33.1,0.0,902.5,1025.3,37.6,10.9,32.4,25.3,33.7,00:15.0,05-09-18,18:26.0,5/22/2018
09-05-18,1:00:16 PM,13,May-18,Summer-2018,20.4,281.2,34.5,0.0,931.5,1024.4,36.0,10.9,33.7,27.5,35.0,00:16.0,05-09-18,18:37.0,5/22/2018
09-05-18,2:00:16 PM,14,May-18,Summer-2018,18.9,309.7,35.8,0.0,887.3,1023.7,30.9,8.0,34.8,28.2,36.6,00:16.0,05-09-18,18:47.0,5/22/2018
09-05-18,3:00:16 PM,15,May-18,Summer-2018,16.2,311.8,36.8,0.0,775.4,1023.0,26.3,5.8,36.0,25.3,37.2,00:16.0,05-09-18,18:57.0,5/22/2018
09-05-18,4:00:17 PM,16,May-18,Summer-2018,14.8,314.9,37.3,0.0,595.0,1022.4,21.1,3.6,36.9,22.5,37.6,00:17.0,05-09-18,19:07.0,5/22/2018
09-05-18,5:00:17 PM,17,May-18,Summer-2018,13.9,308.7,37.6,0.0,405.6,1022.0,19.5,5.1,37.3,25.3,37.9,00:17.0,05-09-18,19:17.0,5/22/2018
09-05-18,6:00:17 PM,18,May-18,Summer-2018,12.5,242.9,37.2,0.0,198.1,1021.9,19.1,3.6,36.9,24.6,37.4,00:17.0,05-09-18,19:27.0,5/22/2018
09-05-18,7:00:23 PM,19,May-18,Summer-2018,12.3,220.5,36.1,0.0,42.2,1022.1,19.0,6.5,35.4,18.1,36.9,00:23.0,05-09-18,19:37.0,5/22/2018
09-05-18,8:00:18 PM,20,May-18,Summer-2018,11.6,230.4,34.7,0.0,0.3,1022.5,22.2,7.2,34.2,19.6,35.4,00:18.0,05-09-18,19:47.0,5/22/2018
09-05-18,9:00:18 PM,21,May-18,Summer-2018,13.0,236.3,33.6,0.0,0.0,1023.0,26.5,8.0,33.2,18.1,34.2,00:18.0,05-09-18,19:56.0,5/22/2018
09-05-18,10:00:19 PM,22,May-18,Summer-2018,11.1,240.3,32.8,0.0,0.0,1023.4,26.7,7.2,32.1,17.4,33.2,00:19.0,05-09-18,20:07.0,5/22/2018
09-05-18,11:00:19 PM,23,May-18,Summer-2018,5.3,272.4,31.1,0.0,0.0,1023.6,28.8,0.0,30.3,10.1,32.1,00:19.0,05-09-18,20:16.0,5/22/2018
10-05-18,12:00:19 AM,24,May-18,Summer-2018,5.3,244.1,30.0,0.0,0.0,1023.5,30.6,0.0,29.4,8.7,30.5,00:19.0,05-10-18,20:27.0,5/22/2018
10-05-18,1:00:10 AM,1,May-18,Summer-2018,3.5,238.8,29.8,0.0,0.0,1023.2,31.2,0.0,28.3,8.0,30.8,00:10.0,05-10-18,20:36.0,5/22/2018
10-05-18,2:00:10 AM,2,May-18,Summer-2018,1.8,253.6,27.6,0.0,0.0,1022.4,34.6,0.0,26.4,5.1,28.3,00:10.0,05-10-18,20:47.0,5/22/2018
10-05-18,3:00:10 AM,3,May-18,Summer-2018,0.0,253.3,25.1,0.0,0.0,1022.0,40.3,0.0,24.3,0.0,26.4,00:10.0,05-10-18,20:56.0,5/22/2018
10-05-18,4:00:11 AM,4,May-18,Summer-2018,0.4,250.7,24.4,0.0,0.0,1021.9,44.1,0.0,24.2,5.1,24.7,00:11.0,05-10-18,21:07.0,5/22/2018
10-05-18,5:00:18 AM,5,May-18,Summer-2018,9.1,246.5,26.5,0.0,0.0,1022.3,40.0,5.1,24.7,15.2,27.8,00:18.0,05-10-18,21:17.0,5/22/2018
10-05-18,6:00:18 AM,6,May-18,Summer-2018,10.0,254.0,27.8,0.0,0.5,1022.7,37.6,6.5,27.6,13.8,28.2,00:18.0,05-10-18,21:26.0,5/22/2018
10-05-18,7:00:19 AM,7,May-18,Summer-2018,8.3,253.4,27.9,0.0,55.6,1023.6,42.2,5.1,27.4,12.3,28.6,00:19.0,05-10-18,21:37.0,5/22/2018
10-05-18,8:00:19 AM,8,May-18,Summer-2018,9.1,272.3,30.1,0.0,253.6,1025.2,37.9,5.1,28.6,12.3,31.5,00:19.0,05-10-18,21:47.0,5/22/2018
10-05-18,9:00:19 AM,9,May-18,Summer-2018,12.9,294.6,32.4,0.0,472.6,1026.2,31.5,6.5,31.6,15.9,33.2,00:19.0,05-10-18,21:56.0,5/22/2018
10-05-18,10:00:10 AM,10,May-18,Summer-2018,11.8,264.2,33.9,0.0,661.1,1026.7,27.7,6.5,33.2,15.2,34.8,00:10.0,05-10-18,22:06.0,5/22/2018
10-05-18,11:00:10 AM,11,May-18,Summer-2018,11.7,241.4,35.6,0.0,803.6,1026.8,24.2,3.6,34.7,18.1,36.3,00:10.0,05-10-18,22:16.0,5/22/2018
10-05-18,12:00:10 PM,12,May-18,Summer-2018,11.9,329.9,37.2,0.0,893.1,1026.7,19.9,4.3,36.3,19.6,37.9,00:10.0,05-10-18,22:26.0,5/22/2018
10-05-18,1:00:11 PM,13,May-18,Summer-2018,12.9,291.9,38.2,0.0,911.6,1026.1,18.0,0.0,37.7,22.5,39.0,00:11.0,05-10-18,22:37.0,5/22/2018
10-05-18,2:00:11 PM,14,May-18,Summer-2018,13.5,265.9,39.1,0.0,878.3,1025.1,15.5,0.0,38.6,25.3,40.1,00:11.0,05-10-18,22:47.0,5/22/2018
10-05-18,3:00:11 PM,15,May-18,Summer-2018,16.2,227.8,39.5,0.0,773.6,1023.9,13.3,0.0,39.2,35.5,40.1,00:11.0,05-10-18,22:57.0,5/22/2018
10-05-18,4:00:11 PM,16,May-18,Summer-2018,17.0,241.3,39.5,0.0,610.8,1023.3,13.5,5.1,39.2,25.3,39.9,00:11.0,05-10-18,23:07.0,5/22/2018
10-05-18,5:00:12 PM,17,May-18,Summer-2018,18.1,242.8,39.0,0.0,405.7,1022.9,17.4,8.0,38.7,27.5,39.5,00:12.0,05-10-18,23:16.0,5/22/2018
10-05-18,6:00:12 PM,18,May-18,Summer-2018,19.9,238.0,37.9,0.0,192.5,1022.5,23.0,10.1,37.1,29.7,38.6,00:12.0,05-10-18,23:26.0,5/22/2018
10-05-18,7:00:12 PM,19,May-18,Summer-2018,17.9,241.1,36.1,0.0,39.0,1022.5,29.5,10.1,35.2,28.2,37.2,00:12.0,05-10-18,23:37.0,5/22/2018
10-05-18,8:00:13 PM,20,May-18,Summer-2018,18.3,234.2,34.5,0.0,0.4,1022.5,32.5,10.1,34.0,28.2,35.2,00:13.0,05-10-18,23:46.0,5/22/2018
10-05-18,9:00:13 PM,21,May-18,Summer-2018,13.4,226.0,33.4,0.0,0.0,1022.8,33.1,8.0,33.0,20.3,34.0,00:13.0,05-10-18,23:56.0,5/22/2018
10-05-18,10:00:13 PM,22,May-18,Summer-2018,10.0,249.4,32.9,0.0,0.0,1023.3,29.7,5.8,32.6,18.1,33.1,00:13.0,05-10-18,24:07.0,5/22/2018
10-05-18,11:00:14 PM,23,May-18,Summer-2018,6.9,265.7,31.9,0.0,0.0,1023.7,35.2,0.0,31.4,13.0,32.6,00:14.0,05-10-18,24:17.0,5/22/2018
11-05-18,12:00:14 AM,24,May-18,Summer-2018,8.6,277.7,31.0,0.0,0.0,1023.5,41.7,5.1,30.4,13.8,31.4,00:14.0,05-11-18,24:26.0,5/22/2018
11-05-18,1:00:14 AM,1,May-18,Summer-2018,8.3,250.7,29.6,0.0,0.0,1023.0,47.8,3.6,28.9,13.8,30.4,00:14.0,05-11-18,24:36.0,5/22/2018
11-05-18,2:00:15 AM,2,May-18,Summer-2018,6.0,245.4,27.9,0.0,0.0,1022.7,55.9,3.6,27.5,9.4,29.0,00:15.0,05-11-18,24:46.0,5/22/2018
11-05-18,3:00:15 AM,3,May-18,Summer-2018,9.5,218.7,27.6,0.0,0.0,1022.4,52.6,4.3,27.0,16.7,28.0,00:15.0,05-11-18,24:56.0,5/22/2018
11-05-18,4:00:16 AM,4,May-18,Summer-2018,9.2,218.5,28.4,0.0,0.0,1022.2,38.9,0.0,27.9,16.7,29.0,00:16.0,05-11-18,25:07.0,5/22/2018
11-05-18,5:00:12 AM,5,May-18,Summer-2018,9.0,236.0,27.9,0.0,0.0,1022.1,43.4,0.0,27.5,31.1,28.3,00:12.0,05-11-18,25:17.0,5/22/2018
11-05-18,6:00:12 AM,6,May-18,Summer-2018,11.9,247.3,28.1,0.0,0.5,1022.7,49.3,8.0,27.9,18.8,28.3,00:12.0,05-11-18,25:26.0,5/22/2018
11-05-18,7:00:13 AM,7,May-18,Summer-2018,13.6,241.6,28.3,0.0,51.6,1023.5,48.6,8.0,28.0,20.3,28.9,00:13.0,05-11-18,25:37.0,5/22/2018
11-05-18,8:00:13 AM,8,May-18,Summer-2018,16.7,238.3,29.5,0.0,233.8,1024.7,44.6,12.3,28.9,22.5,30.0,00:13.0,05-11-18,25:47.0,5/22/2018
11-05-18,9:00:13 AM,9,May-18,Summer-2018,18.4,258.4,30.4,0.0,445.4,1025.6,44.9,10.9,30.0,24.6,30.8,00:13.0,05-11-18,25:57.0,5/22/2018
11-05-18,10:00:14 AM,10,May-18,Summer-2018,17.5,244.5,31.3,0.0,629.4,1026.0,45.7,10.1,30.8,26.8,32.1,00:14.0,05-11-18,26:06.0,5/22/2018
11-05-18,11:00:14 AM,11,May-18,Summer-2018,17.3,280.3,32.8,0.0,775.6,1025.9,43.3,8.0,32.1,26.1,33.7,00:14.0,05-11-18,26:17.0,5/22/2018
11-05-18,12:00:14 PM,12,May-18,Summer-2018,19.6,229.9,34.0,0.0,871.6,1025.3,37.8,7.2,33.4,31.9,34.8,00:14.0,05-11-18,26:26.0,5/22/2018
11-05-18,1:00:15 PM,13,May-18,Summer-2018,20.2,271.3,35.2,0.0,896.7,1024.4,35.9,8.0,34.6,30.4,35.6,00:15.0,05-11-18,26:37.0,5/22/2018
11-05-18,2:00:15 PM,14,May-18,Summer-2018,22.5,270.6,35.9,0.0,855.7,1023.6,35.2,13.8,35.4,31.9,36.5,00:15.0,05-11-18,26:47.0,5/22/2018
11-05-18,3:00:15 PM,15,May-18,Summer-2018,22.2,278.3,36.6,0.0,747.6,1022.8,33.6,12.3,36.1,33.3,37.1,00:15.0,05-11-18,26:56.0,5/22/2018
11-05-18,4:00:26 PM,16,May-18,Summer-2018,21.4,266.3,36.9,0.0,584.3,1022.2,34.4,10.9,36.6,34.8,37.2,00:26.0,05-11-18,27:06.0,5/22/2018
11-05-18,5:00:16 PM,17,May-18,Summer-2018,20.5,225.7,36.5,0.0,392.2,1021.7,35.7,10.9,36.1,33.3,37.0,00:16.0,05-11-18,27:17.0,5/22/2018
11-05-18,6:00:16 PM,18,May-18,Summer-2018,18.1,253.3,35.6,0.0,192.3,1021.3,37.7,10.9,34.8,25.3,36.2,00:16.0,05-11-18,27:27.0,5/22/2018
11-05-18,7:00:17 PM,19,May-18,Summer-2018,15.1,253.3,34.1,0.0,40.1,1021.2,40.0,8.7,33.3,23.2,34.9,00:17.0,05-11-18,27:37.0,5/22/2018
11-05-18,8:00:17 PM,20,May-18,Summer-2018,13.4,251.1,32.4,0.0,0.4,1021.2,46.8,7.2,31.5,20.3,33.3,00:17.0,05-11-18,27:46.0,5/22/2018
11-05-18,9:00:17 PM,21,May-18,Summer-2018,9.5,247.8,30.9,0.0,0.0,1021.6,52.1,5.1,30.3,15.9,31.5,00:17.0,05-11-18,27:56.0,5/22/2018
11-05-18,10:00:18 PM,22,May-18,Summer-2018,5.0,257.1,30.0,0.0,0.0,1022.0,49.6,0.0,29.8,7.2,30.3,00:18.0,05-11-18,28:07.0,5/22/2018
11-05-18,11:00:18 PM,23,May-18,Summer-2018,8.0,256.7,30.3,0.0,0.0,1022.1,41.3,4.3,29.7,12.3,30.8,00:18.0,05-11-18,28:16.0,5/22/2018
12-05-18,12:00:18 AM,24,May-18,Summer-2018,7.0,239.1,29.4,0.0,0.0,1022.0,43.5,5.1,28.9,10.9,30.3,00:18.0,05-12-18,28:26.0,5/22/2018
12-05-18,1:00:19 AM,1,May-18,Summer-2018,8.5,216.0,28.7,0.0,0.0,1021.6,43.5,5.1,26.6,12.3,29.5,00:19.0,05-12-18,28:37.0,5/22/2018
12-05-18,2:00:19 AM,2,May-18,Summer-2018,10.3,248.3,25.8,0.0,0.0,1021.1,71.1,5.8,25.5,15.2,26.6,00:19.0,05-12-18,28:47.0,5/22/2018
12-05-18,3:00:19 AM,3,May-18,Summer-2018,12.1,190.6,26.2,0.0,0.0,1020.9,60.2,5.1,25.5,19.6,26.7,00:19.0,05-12-18,28:57.0,5/22/2018
12-05-18,4:00:10 AM,4,May-18,Summer-2018,13.6,221.5,27.2,0.0,0.0,1020.6,36.5,5.1,26.7,23.2,28.1,00:10.0,05-12-18,29:07.0,5/22/2018
12-05-18,5:00:17 AM,5,May-18,Summer-2018,16.1,239.5,28.8,0.0,0.0,1020.8,40.8,8.7,28.0,31.1,29.4,00:17.0,05-12-18,29:16.0,5/22/2018
12-05-18,6:00:17 AM,6,May-18,Summer-2018,16.7,233.7,27.5,0.0,0.5,1021.6,54.3,9.4,26.9,24.6,28.0,00:17.0,05-12-18,29:26.0,5/22/2018
12-05-18,7:00:18 AM,7,May-18,Summer-2018,15.9,234.5,26.8,0.0,52.7,1022.6,61.3,9.4,26.6,24.6,27.0,00:18.0,05-12-18,29:37.0,5/22/2018
12-05-18,8:00:18 AM,8,May-18,Summer-2018,15.2,237.2,27.7,0.0,239.8,1023.8,56.9,9.4,27.0,22.5,28.4,00:18.0,05-12-18,29:46.0,5/22/2018
12-05-18,9:00:18 AM,9,May-18,Summer-2018,21.2,248.1,29.0,0.0,453.3,1024.6,50.1,11.6,28.4,29.7,29.6,00:18.0,05-12-18,29:56.0,5/22/2018
12-05-18,10:00:19 AM,10,May-18,Summer-2018,24.0,269.3,30.6,0.0,646.0,1025.4,42.5,13.0,29.6,36.2,31.0,00:19.0,05-12-18,30:07.0,5/22/2018
12-05-18,11:00:19 AM,11,May-18,Summer-2018,28.5,271.3,31.6,0.0,790.8,1025.3,39.8,19.6,31.0,38.4,32.2,00:19.0,05-12-18,30:16.0,5/22/2018
12-05-18,12:00:19 PM,12,May-18,Summer-2018,23.8,282.6,32.6,0.0,874.5,1025.1,40.8,7.2,31.9,34.0,33.6,00:19.0,05-12-18,30:26.0,5/22/2018
12-05-18,1:00:10 PM,13,May-18,Summer-2018,21.0,205.0,33.9,0.0,901.3,1024.3,38.9,9.4,33.3,36.9,34.5,00:10.0,05-12-18,30:37.0,5/22/2018
12-05-18,2:00:10 PM,14,May-18,Summer-2018,19.5,249.4,35.2,0.0,864.8,1023.7,33.3,8.7,34.4,28.2,35.8,00:10.0,05-12-18,30:47.0,5/22/2018
12-05-18,3:00:10 PM,15,May-18,Summer-2018,20.4,263.8,36.0,0.0,750.1,1022.9,31.4,5.8,35.4,33.3,36.5,00:10.0,05-12-18,30:57.0,5/22/2018
12-05-18,4:00:11 PM,16,May-18,Summer-2018,19.9,269.8,36.5,0.0,581.5,1022.3,29.7,8.0,35.9,31.1,36.9,00:11.0,05-12-18,31:07.0,5/22/2018
12-05-18,5:00:11 PM,17,May-18,Summer-2018,19.3,240.8,36.6,0.0,392.2,1022.0,23.4,10.9,36.1,27.5,36.8,00:11.0,05-12-18,31:16.0,5/22/2018
12-05-18,6:00:11 PM,18,May-18,Summer-2018,19.7,236.6,35.6,0.0,197.2,1021.5,23.8,10.1,35.0,27.5,36.3,00:11.0,05-12-18,31:27.0,5/22/2018
12-05-18,7:00:12 PM,19,May-18,Summer-2018,17.6,234.2,33.9,0.0,41.3,1021.1,35.3,10.1,32.9,26.1,35.0,00:12.0,05-12-18,31:36.0,5/22/2018
12-05-18,8:00:12 PM,20,May-18,Summer-2018,11.6,225.7,32.1,0.0,0.4,1021.2,44.4,3.6,31.5,19.6,32.9,00:12.0,05-12-18,31:47.0,5/22/2018
12-05-18,9:00:12 PM,21,May-18,Summer-2018,7.7,204.9,31.2,0.0,0.0,1021.8,45.9,0.0,30.6,13.0,31.5,00:12.0,05-12-18,31:56.0,5/22/2018
12-05-18,10:00:13 PM,22,May-18,Summer-2018,11.6,242.0,29.9,0.0,0.0,1022.2,49.3,5.1,28.8,18.1,30.6,00:13.0,05-12-18,32:07.0,5/22/2018
12-05-18,11:00:13 PM,23,May-18,Summer-2018,6.7,250.7,27.9,0.0,0.0,1022.4,59.2,0.0,27.3,11.6,28.8,00:13.0,05-12-18,32:16.0,5/22/2018
13-05-18,12:00:13 AM,24,May-18,Summer-2018,11.8,246.5,26.5,0.0,0.0,1022.5,72.0,8.0,26.1,15.2,27.3,00:13.0,5/13/2018,32:26.0,5/22/2018
13-05-18,1:00:14 AM,1,May-18,Summer-2018,12.3,242.6,25.8,0.0,0.0,1022.4,77.8,7.2,25.5,17.4,26.1,00:14.0,5/13/2018,32:37.0,5/22/2018
13-05-18,2:00:14 AM,2,May-18,Summer-2018,14.6,218.4,25.1,0.0,0.0,1021.9,82.7,8.0,24.9,22.5,25.5,00:14.0,5/13/2018,32:47.0,5/22/2018
13-05-18,3:00:14 AM,3,May-18,Summer-2018,12.6,190.8,25.0,0.0,0.0,1020.8,79.1,3.6,24.8,18.8,25.5,00:14.0,5/13/2018,32:57.0,5/22/2018
13-05-18,4:00:20 AM,4,May-18,Summer-2018,8.6,231.0,26.0,0.0,0.0,1020.7,54.7,0.0,25.4,20.3,26.7,00:20.0,5/13/2018,33:07.0,5/22/2018
13-05-18,5:00:16 AM,5,May-18,Summer-2018,11.4,210.7,25.2,0.0,0.0,1020.8,63.3,6.5,25.0,19.6,25.5,00:16.0,5/13/2018,33:17.0,5/22/2018
13-05-18,6:00:16 AM,6,May-18,Summer-2018,13.8,198.6,24.9,0.0,0.5,1020.9,68.1,9.4,24.7,19.6,25.2,00:16.0,5/13/2018,33:26.0,5/22/2018
13-05-18,7:00:17 AM,7,May-18,Summer-2018,11.2,250.9,25.5,0.0,52.4,1021.3,69.9,4.3,24.6,17.4,26.4,00:17.0,5/13/2018,33:37.0,5/22/2018
13-05-18,8:00:17 AM,8,May-18,Summer-2018,11.7,250.6,27.0,0.0,237.4,1022.9,69.0,7.2,26.4,16.7,27.7,00:17.0,5/13/2018,33:46.0,5/22/2018
13-05-18,9:00:17 AM,9,May-18,Summer-2018,13.6,269.4,28.2,0.0,441.2,1023.9,65.3,7.2,27.6,18.8,28.9,00:17.0,5/13/2018,33:56.0,5/22/2018
13-05-18,10:00:18 AM,10,May-18,Summer-2018,13.0,275.1,29.7,0.0,622.3,1025.1,59.4,8.0,28.9,22.5,30.4,00:18.0,5/13/2018,34:08.0,5/22/2018
13-05-18,11:00:18 AM,11,May-18,Summer-2018,10.9,298.7,30.9,0.0,766.3,1025.4,54.3,0.0,30.4,19.6,31.6,00:18.0,5/13/2018,34:17.0,5/22/2018
13-05-18,12:00:18 PM,12,May-18,Summer-2018,8.8,260.9,32.5,0.0,857.2,1025.3,47.2,0.0,31.6,17.4,33.4,00:18.0,5/13/2018,34:27.0,5/22/2018
13-05-18,1:00:19 PM,13,May-18,Summer-2018,10.6,291.1,34.2,0.0,897.7,1024.4,41.9,0.0,33.2,21.7,35.2,00:19.0,5/13/2018,34:37.0,5/22/2018
13-05-18,2:00:19 PM,14,May-18,Summer-2018,14.0,270.4,35.5,0.0,855.2,1023.4,36.4,5.1,34.7,25.3,36.2,00:19.0,5/13/2018,34:46.0,5/22/2018
13-05-18,3:00:19 PM,15,May-18,Summer-2018,16.2,259.6,36.2,0.0,746.0,1022.4,33.6,5.8,35.6,24.6,36.7,00:19.0,5/13/2018,34:57.0,5/22/2018
13-05-18,4:00:20 PM,16,May-18,Summer-2018,17.8,262.3,36.5,0.0,589.0,1021.6,32.8,5.8,36.3,28.2,37.0,00:20.0,5/13/2018,35:07.0,5/22/2018
13-05-18,5:00:10 PM,17,May-18,Summer-2018,16.5,282.8,36.6,0.0,393.5,1020.7,32.7,4.3,36.4,29.0,37.0,00:10.0,5/13/2018,35:16.0,5/22/2018
13-05-18,6:00:10 PM,18,May-18,Summer-2018,18.8,251.9,36.0,0.0,195.4,1020.2,31.8,6.5,35.6,29.0,36.5,00:10.0,5/13/2018,35:26.0,5/22/2018
13-05-18,7:00:11 PM,19,May-18,Summer-2018,16.4,238.2,34.8,0.0,41.7,1020.3,34.8,9.4,33.9,23.9,35.7,00:11.0,5/13/2018,35:37.0,5/22/2018
13-05-18,8:00:11 PM,20,May-18,Summer-2018,14.5,239.2,33.2,0.0,0.5,1020.5,38.1,8.0,32.6,23.2,33.9,00:11.0,5/13/2018,35:46.0,5/22/2018
13-05-18,9:00:11 PM,21,May-18,Summer-2018,13.9,201.3,32.1,0.0,0.0,1021.0,42.5,9.4,31.5,24.6,32.6,00:11.0,5/13/2018,35:56.0,5/22/2018
13-05-18,10:00:12 PM,22,May-18,Summer-2018,10.3,242.6,30.8,0.0,0.0,1021.9,51.1,5.1,30.2,16.7,31.5,00:12.0,5/13/2018,36:07.0,5/22/2018
13-05-18,11:00:12 PM,23,May-18,Summer-2018,3.5,193.9,29.6,0.0,0.0,1022.1,57.1,0.0,28.8,10.9,30.2,00:12.0,5/13/2018,36:16.0,5/22/2018
14-05-18,12:00:12 AM,24,May-18,Summer-2018,4.3,216.0,28.3,0.0,0.0,1022.0,59.6,0.0,28.0,12.3,28.8,00:12.0,5/14/2018,36:27.0,5/22/2018
14-05-18,1:00:13 AM,1,May-18,Summer-2018,10.0,182.4,27.4,0.0,0.0,1021.7,62.6,5.1,26.6,16.7,28.0,00:13.0,5/14/2018,36:37.0,5/22/2018
14-05-18,2:00:13 AM,2,May-18,Summer-2018,19.1,193.0,26.5,0.0,0.0,1021.0,60.8,0.0,26.2,29.7,26.8,00:13.0,5/14/2018,36:46.0,5/22/2018
14-05-18,3:00:13 AM,3,May-18,Summer-2018,16.8,196.9,26.6,0.0,0.0,1020.7,53.1,9.4,26.4,24.6,26.8,00:13.0,5/14/2018,36:56.0,5/22/2018
14-05-18,4:00:14 AM,4,May-18,Summer-2018,16.3,189.6,26.6,0.0,0.0,1020.5,53.4,10.9,26.2,23.9,26.8,00:14.0,5/14/2018,37:07.0,5/22/2018
14-05-18,5:00:11 AM,5,May-18,Summer-2018,13.4,211.0,25.9,0.0,0.0,1020.8,61.7,8.0,25.7,20.3,26.2,00:11.0,5/14/2018,37:16.0,5/22/2018
14-05-18,6:00:11 AM,6,May-18,Summer-2018,10.7,227.7,25.4,0.0,0.6,1021.7,65.4,7.2,25.2,16.7,25.7,00:11.0,5/14/2018,37:27.0,5/22/2018
14-05-18,7:00:12 AM,7,May-18,Summer-2018,12.4,213.3,25.7,0.0,58.7,1022.7,67.9,8.0,25.3,16.7,26.3,00:12.0,5/14/2018,37:37.0,5/22/2018
14-05-18,8:00:12 AM,8,May-18,Summer-2018,15.2,250.4,27.3,0.0,253.4,1024.0,65.4,8.0,26.3,21.0,28.3,00:12.0,5/14/2018,37:46.0,5/22/2018
14-05-18,9:00:12 AM,9,May-18,Summer-2018,17.0,247.6,28.8,0.0,465.2,1025.4,59.8,9.4,28.3,23.9,29.6,00:12.0,5/14/2018,37:56.0,5/22/2018
14-05-18,10:00:13 AM,10,May-18,Summer-2018,15.6,253.7,30.3,0.0,653.1,1025.8,51.9,8.0,29.5,24.6,31.4,00:13.0,5/14/2018,38:07.0,5/22/2018
14-05-18,11:00:13 AM,11,May-18,Summer-2018,16.8,271.2,31.8,0.0,802.5,1025.9,45.5,6.5,31.3,27.5,32.4,00:13.0,5/14/2018,38:17.0,5/22/2018
14-05-18,12:00:13 PM,12,May-18,Summer-2018,15.4,230.5,33.3,0.0,895.9,1025.3,40.8,5.1,32.4,26.1,34.1,00:13.0,5/14/2018,38:27.0,5/22/2018
14-05-18,1:00:14 PM,13,May-18,Summer-2018,17.1,278.0,35.3,0.0,921.9,1024.3,31.7,6.5,34.2,30.4,35.8,00:14.0,5/14/2018,38:37.0,5/22/2018
14-05-18,2:00:14 PM,14,May-18,Summer-2018,19.0,285.0,36.4,0.0,877.5,1023.7,26.3,6.5,35.7,29.7,36.9,00:14.0,5/14/2018,38:47.0,5/22/2018
14-05-18,3:00:14 PM,15,May-18,Summer-2018,20.3,276.1,36.9,0.0,760.9,1022.7,24.3,5.8,36.3,36.9,37.5,00:14.0,5/14/2018,39:26.0,5/22/2018
14-05-18,4:00:15 PM,16,May-18,Summer-2018,24.2,249.7,37.0,0.0,597.1,1021.7,23.2,9.4,36.5,37.7,37.7,00:15.0,5/14/2018,39:37.0,5/22/2018
14-05-18,5:00:15 PM,17,May-18,Summer-2018,22.8,267.9,36.1,0.0,393.9,1021.0,30.3,9.4,35.4,36.2,36.6,00:15.0,5/14/2018,39:46.0,5/22/2018
14-05-18,6:00:15 PM,18,May-18,Summer-2018,22.0,249.1,35.1,0.0,192.5,1020.8,28.9,13.8,34.6,30.4,35.7,00:15.0,5/14/2018,39:56.0,5/22/2018
14-05-18,7:00:16 PM,19,May-18,Summer-2018,17.2,243.2,33.8,0.0,45.8,1020.9,26.9,7.2,33.2,29.7,34.6,00:16.0,5/14/2018,40:07.0,5/22/2018
14-05-18,8:00:16 PM,20,May-18,Summer-2018,8.6,215.4,32.5,0.0,0.4,1021.1,27.4,0.0,31.9,16.7,33.2,00:16.0,5/14/2018,40:17.0,5/22/2018
14-05-18,9:00:16 PM,21,May-18,Summer-2018,6.0,230.1,31.4,0.0,0.0,1021.8,31.5,0.0,30.9,10.1,31.9,00:16.0,5/14/2018,40:26.0,5/22/2018
14-05-18,10:00:17 PM,22,May-18,Summer-2018,7.2,234.5,30.4,0.0,0.0,1022.1,37.3,0.0,30.0,12.3,30.9,00:17.0,5/14/2018,40:37.0,5/22/2018
14-05-18,11:00:17 PM,23,May-18,Summer-2018,8.6,249.0,29.2,0.0,0.0,1022.4,46.5,5.1,28.2,13.0,30.0,00:17.0,5/14/2018,40:48.0,5/22/2018
15-05-18,12:00:17 AM,24,May-18,Summer-2018,10.0,202.9,27.6,0.0,0.0,1022.4,55.6,5.8,27.3,18.1,28.2,00:17.0,5/15/2018,41:00.0,5/22/2018
15-05-18,1:00:18 AM,1,May-18,Summer-2018,15.5,183.9,27.5,0.0,0.0,1021.7,49.9,8.0,27.3,22.5,27.6,00:18.0,5/15/2018,41:10.0,5/22/2018
15-05-18,2:00:18 AM,2,May-18,Summer-2018,16.5,199.9,27.1,0.0,0.0,1020.8,52.2,7.2,26.8,23.9,27.5,00:18.0,5/15/2018,41:19.0,5/22/2018
15-05-18,3:00:18 AM,3,May-18,Summer-2018,16.1,211.4,26.5,0.0,0.0,1020.6,61.9,8.0,26.4,22.5,26.8,00:18.0,5/15/2018,41:29.0,5/22/2018
15-05-18,4:00:19 AM,4,May-18,Summer-2018,15.3,215.2,26.2,0.0,0.0,1020.3,66.3,9.4,26.1,21.7,26.4,00:19.0,5/15/2018,41:40.0,5/22/2018
15-05-18,5:00:15 AM,5,May-18,Summer-2018,15.9,219.8,26.0,0.0,0.0,1020.4,68.8,9.4,25.8,22.5,26.2,00:15.0,5/15/2018,41:49.0,5/22/2018
15-05-18,6:00:15 AM,6,May-18,Summer-2018,15.6,222.0,25.8,0.0,0.4,1020.9,68.9,8.7,25.7,23.9,25.9,00:15.0,5/15/2018,41:59.0,5/22/2018
15-05-18,7:00:16 AM,7,May-18,Summer-2018,15.6,220.7,25.9,0.0,47.5,1021.9,67.3,5.8,25.7,22.5,26.5,00:16.0,5/15/2018,42:09.0,5/22/2018
15-05-18,8:00:16 AM,8,May-18,Summer-2018,16.5,213.6,27.4,0.0,212.5,1023.1,60.3,9.4,26.5,23.2,28.2,00:16.0,5/15/2018,42:19.0,5/22/2018
15-05-18,9:00:16 AM,9,May-18,Summer-2018,16.2,241.6,29.0,0.0,415.3,1024.0,52.4,8.7,28.2,23.9,29.6,00:16.0,5/15/2018,42:31.0,5/22/2018
15-05-18,10:00:17 AM,10,May-18,Summer-2018,13.8,231.8,30.5,0.0,595.0,1024.8,47.5,5.1,29.5,21.0,31.5,00:17.0,5/15/2018,42:40.0,5/22/2018
15-05-18,11:00:17 AM,11,May-18,Summer-2018,14.7,253.6,32.3,0.0,736.5,1024.7,39.0,5.1,31.2,21.7,33.3,00:17.0,5/15/2018,42:49.0,5/22/2018
15-05-18,12:00:17 PM,12,May-18,Summer-2018,17.0,289.4,33.9,0.0,826.2,1024.1,32.2,9.4,33.3,29.0,34.4,00:17.0,5/15/2018,43:00.0,5/22/2018
15-05-18,1:00:18 PM,13,May-18,Summer-2018,17.2,293.3,35.1,0.0,856.7,1023.7,29.8,0.0,34.4,26.1,35.6,00:18.0,5/15/2018,43:10.0,5/22/2018
15-05-18,2:00:18 PM,14,May-18,Summer-2018,17.0,287.2,35.8,0.0,820.7,1022.9,30.1,7.2,35.4,26.8,36.2,00:18.0,5/15/2018,43:19.0,5/22/2018
15-05-18,3:00:18 PM,15,May-18,Summer-2018,16.5,222.4,36.2,0.0,724.8,1022.0,30.1,4.3,35.9,29.0,36.5,00:18.0,5/15/2018,43:29.0,5/22/2018
15-05-18,4:00:19 PM,16,May-18,Summer-2018,14.8,235.4,36.7,0.0,568.9,1021.2,28.2,0.0,36.3,26.1,37.0,00:19.0,5/15/2018,43:39.0,5/22/2018
15-05-18,5:00:19 PM,17,May-18,Summer-2018,17.8,274.8,36.2,0.0,369.2,1020.5,30.2,5.8,35.9,26.8,36.6,00:19.0,5/15/2018,43:49.0,5/22/2018
15-05-18,6:00:19 PM,18,May-18,Summer-2018,16.5,242.6,35.3,0.0,169.4,1020.1,34.1,8.7,34.5,24.6,35.9,00:19.0,5/15/2018,43:56.0,5/22/2018
15-05-18,7:00:10 PM,19,May-18,Summer-2018,15.4,221.0,33.6,0.0,39.4,1020.2,42.8,7.2,32.7,23.9,34.5,00:10.0,5/15/2018,44:07.0,5/22/2018
15-05-18,8:00:10 PM,20,May-18,Summer-2018,12.5,216.9,32.1,0.0,0.4,1020.4,47.4,5.8,31.6,20.3,32.7,00:10.0,5/15/2018,44:16.0,5/22/2018
15-05-18,9:00:10 PM,21,May-18,Summer-2018,9.2,222.3,31.1,0.0,0.0,1020.9,49.9,4.3,30.6,15.9,31.6,00:10.0,5/15/2018,44:27.0,5/22/2018
15-05-18,10:00:11 PM,22,May-18,Summer-2018,8.3,213.3,30.3,0.0,0.0,1021.1,50.1,0.0,29.8,17.4,30.6,00:11.0,5/15/2018,44:37.0,5/22/2018
15-05-18,11:00:11 PM,23,May-18,Summer-2018,10.7,242.3,29.3,0.0,0.0,1021.1,50.4,6.5,28.6,17.4,29.7,00:11.0,5/15/2018,44:46.0,5/22/2018
16-05-18,12:00:21 AM,24,May-18,Summer-2018,13.2,228.3,27.6,0.0,0.0,1020.9,61.9,8.7,27.2,18.8,28.6,00:21.0,5/16/2018,01:00.0,5/22/2018
16-05-18,1:00:12 AM,1,May-18,Summer-2018,15.4,225.7,27.1,0.0,0.0,1020.6,50.6,8.0,26.9,22.5,27.3,00:12.0,5/16/2018,01:13.0,5/22/2018
16-05-18,2:00:12 AM,2,May-18,Summer-2018,13.3,201.4,27.1,0.0,0.0,1020.0,42.3,8.0,27.0,21.0,27.4,00:12.0,5/16/2018,01:24.0,5/22/2018
16-05-18,3:00:12 AM,3,May-18,Summer-2018,13.2,204.7,27.3,0.0,0.0,1019.7,40.7,8.7,27.1,17.4,27.6,00:12.0,5/16/2018,01:38.0,5/22/2018
16-05-18,4:00:13 AM,4,May-18,Summer-2018,15.6,202.2,26.8,0.0,0.0,1019.5,49.1,10.9,26.5,21.0,27.1,00:13.0,5/16/2018,01:48.0,5/22/2018
16-05-18,5:00:10 AM,5,May-18,Summer-2018,15.4,204.4,26.4,0.0,0.0,1019.4,55.1,9.4,26.3,20.3,26.5,00:10.0,5/16/2018,01:58.0,5/22/2018
16-05-18,6:00:10 AM,6,May-18,Summer-2018,14.2,205.5,26.1,0.0,0.6,1020.0,59.5,8.7,26.0,20.3,26.3,00:10.0,5/16/2018,02:11.0,5/22/2018
16-05-18,7:00:11 AM,7,May-18,Summer-2018,14.6,192.2,26.4,0.0,48.2,1020.6,60.0,8.0,26.1,19.6,26.9,00:11.0,5/16/2018,02:24.0,5/22/2018
16-05-18,8:00:11 AM,8,May-18,Summer-2018,11.9,225.5,28.3,0.0,207.2,1021.8,53.7,8.0,26.9,18.8,29.3,00:11.0,5/16/2018,02:37.0,5/22/2018
16-05-18,9:00:11 AM,9,May-18,Summer-2018,13.0,237.3,30.0,0.0,399.8,1023.0,47.9,7.2,29.3,18.8,30.7,00:11.0,5/16/2018,02:48.0,5/22/2018
16-05-18,10:00:12 AM,10,May-18,Summer-2018,16.6,254.8,31.4,0.0,584.2,1023.7,41.1,9.4,30.5,28.2,32.0,00:12.0,5/16/2018,02:58.0,5/22/2018
16-05-18,11:00:12 AM,11,May-18,Summer-2018,19.7,261.7,32.5,0.0,734.7,1023.9,37.1,10.1,32.0,27.5,32.9,00:12.0,5/16/2018,03:07.0,5/22/2018
16-05-18,12:00:12 PM,12,May-18,Summer-2018,22.3,271.3,33.6,0.0,827.0,1023.4,36.4,13.0,32.9,30.4,34.1,00:12.0,5/16/2018,03:17.0,5/22/2018
16-05-18,1:00:13 PM,13,May-18,Summer-2018,21.3,263.5,34.6,0.0,852.9,1023.0,36.5,11.6,34.0,29.0,35.2,00:13.0,5/16/2018,03:29.0,5/22/2018
16-05-18,2:00:13 PM,14,May-18,Summer-2018,22.1,279.5,35.5,0.0,815.6,1022.3,34.8,10.9,35.0,33.3,36.1,00:13.0,5/16/2018,03:38.0,5/22/2018
16-05-18,3:00:13 PM,15,May-18,Summer-2018,20.1,285.1,36.3,0.0,711.0,1021.4,32.6,6.5,35.7,31.1,36.8,00:13.0,5/16/2018,03:47.0,5/22/2018
16-05-18,4:00:14 PM,16,May-18,Summer-2018,20.5,276.0,36.7,0.0,549.5,1020.7,31.9,10.1,36.3,29.7,37.0,00:14.0,5/16/2018,03:58.0,5/22/2018
16-05-18,5:00:14 PM,17,May-18,Summer-2018,19.8,289.8,36.7,0.0,362.3,1020.0,30.3,10.1,36.5,30.4,36.9,00:14.0,5/16/2018,04:08.0,5/22/2018
16-05-18,6:00:14 PM,18,May-18,Summer-2018,18.6,270.6,36.3,0.0,177.7,1019.6,28.8,10.1,35.7,29.7,36.7,00:14.0,5/16/2018,04:20.0,5/22/2018
16-05-18,7:00:15 PM,19,May-18,Summer-2018,16.8,228.7,35.1,0.0,41.5,1019.5,31.2,10.9,34.3,25.3,35.8,00:15.0,5/16/2018,04:30.0,5/22/2018
16-05-18,8:00:15 PM,20,May-18,Summer-2018,12.0,240.3,33.8,0.0,0.5,1019.6,35.2,4.3,33.3,19.6,34.3,00:15.0,5/16/2018,04:41.0,5/22/2018
16-05-18,9:00:15 PM,21,May-18,Summer-2018,7.1,230.1,32.7,0.0,0.0,1019.9,39.5,0.0,32.1,13.0,33.3,00:15.0,5/16/2018,04:50.0,5/22/2018
16-05-18,10:00:16 PM,22,May-18,Summer-2018,3.1,223.8,32.2,0.0,0.0,1020.3,38.7,0.0,31.6,8.7,32.4,00:16.0,5/16/2018,04:58.0,5/22/2018
16-05-18,11:00:16 PM,23,May-18,Summer-2018,3.2,195.9,31.3,0.0,0.0,1020.4,39.7,0.0,30.8,7.2,31.5,00:16.0,5/16/2018,05:08.0,5/22/2018
17-05-18,12:00:16 AM,24,May-18,Summer-2018,4.5,219.0,29.8,0.0,0.0,1020.2,42.7,0.0,28.6,8.7,30.8,00:16.0,5/17/2018,05:18.0,5/22/2018
17-05-18,1:00:17 AM,1,May-18,Summer-2018,6.7,240.8,27.6,0.0,0.0,1019.8,59.1,0.0,27.0,13.0,28.6,00:17.0,5/17/2018,05:28.0,5/22/2018
17-05-18,2:00:17 AM,2,May-18,Summer-2018,8.9,253.3,26.5,0.0,0.0,1019.5,75.7,4.3,26.0,14.5,27.0,00:17.0,5/17/2018,05:38.0,5/22/2018
17-05-18,3:00:17 AM,3,May-18,Summer-2018,12.3,216.8,26.4,0.0,0.0,1019.3,75.6,7.2,26.0,19.6,26.6,00:17.0,5/17/2018,05:49.0,5/22/2018
17-05-18,4:00:18 AM,4,May-18,Summer-2018,12.0,197.4,27.2,0.0,0.0,1019.5,65.4,5.1,26.5,21.0,27.6,00:18.0,5/17/2018,05:58.0,5/22/2018
17-05-18,5:00:14 AM,5,May-18,Summer-2018,13.5,212.2,27.8,0.0,0.0,1019.5,58.0,8.0,27.5,21.0,28.4,00:14.0,5/17/2018,06:08.0,5/22/2018
17-05-18,6:00:14 AM,6,May-18,Summer-2018,12.0,230.4,27.8,0.0,0.7,1019.9,56.8,7.2,27.5,21.7,28.3,00:14.0,5/17/2018,06:20.0,5/22/2018
17-05-18,7:00:25 AM,7,May-18,Summer-2018,8.1,222.1,27.2,0.0,47.9,1020.6,63.2,3.6,26.7,14.5,27.8,00:25.0,5/17/2018,06:29.0,5/22/2018
17-05-18,8:00:15 AM,8,May-18,Summer-2018,14.1,250.7,28.5,0.0,205.9,1021.9,61.7,7.2,27.7,23.2,29.2,00:15.0,5/17/2018,06:38.0,5/22/2018
17-05-18,9:00:15 AM,9,May-18,Summer-2018,16.7,232.1,30.0,0.0,406.3,1022.7,57.5,11.6,29.2,22.5,30.9,00:15.0,5/17/2018,06:48.0,5/22/2018
17-05-18,10:00:16 AM,10,May-18,Summer-2018,16.7,253.3,31.3,0.0,596.1,1023.4,52.3,9.4,30.7,24.6,32.5,00:16.0,5/17/2018,06:58.0,5/22/2018
17-05-18,11:00:16 AM,11,May-18,Summer-2018,17.7,273.1,33.3,0.0,754.4,1023.4,40.9,8.7,32.4,23.9,34.0,00:16.0,5/17/2018,07:08.0,5/22/2018
17-05-18,12:00:16 PM,12,May-18,Summer-2018,18.0,277.7,34.8,0.0,844.5,1023.2,35.5,10.1,34.0,27.5,35.3,00:16.0,5/17/2018,07:18.0,5/22/2018
17-05-18,1:00:17 PM,13,May-18,Summer-2018,20.0,264.6,36.1,0.0,870.6,1022.9,32.5,8.7,35.3,30.4,36.8,00:17.0,5/17/2018,07:28.0,5/22/2018
17-05-18,2:00:17 PM,14,May-18,Summer-2018,20.1,268.9,36.9,0.0,834.0,1022.3,30.7,6.5,36.2,29.7,37.4,00:17.0,5/17/2018,07:38.0,5/22/2018
17-05-18,3:00:17 PM,15,May-18,Summer-2018,23.5,277.2,37.8,0.0,728.7,1021.1,28.1,15.2,37.4,32.6,38.2,00:17.0,5/17/2018,07:47.0,5/22/2018
17-05-18,4:00:18 PM,16,May-18,Summer-2018,23.3,260.5,38.5,0.0,581.1,1020.3,22.2,13.0,38.2,31.1,38.8,00:18.0,5/17/2018,07:58.0,5/22/2018
17-05-18,5:00:18 PM,17,May-18,Summer-2018,21.6,284.6,38.4,0.0,388.3,1019.4,20.6,12.3,38.1,34.8,38.6,00:18.0,5/17/2018,08:08.0,5/22/2018
17-05-18,6:00:18 PM,18,May-18,Summer-2018,18.1,256.4,38.1,0.0,193.2,1019.0,17.2,10.1,37.6,26.8,38.7,00:18.0,5/17/2018,08:18.0,5/22/2018
17-05-18,7:00:19 PM,19,May-18,Summer-2018,14.6,239.7,36.9,0.0,45.2,1019.0,17.7,8.0,36.1,21.0,37.6,00:19.0,5/17/2018,08:28.0,5/22/2018
17-05-18,8:00:19 PM,20,May-18,Summer-2018,8.8,243.6,35.4,0.0,0.6,1019.2,19.3,3.6,35.0,15.9,36.1,00:19.0,5/17/2018,08:38.0,5/22/2018
17-05-18,9:00:19 PM,21,May-18,Summer-2018,0.6,254.6,33.4,0.0,0.0,1019.5,21.3,0.0,31.7,6.5,35.0,00:19.0,5/17/2018,08:47.0,5/22/2018
17-05-18,10:00:10 PM,22,May-18,Summer-2018,2.4,292.8,31.5,0.0,0.0,1019.5,23.3,0.0,31.2,5.8,31.7,00:10.0,5/17/2018,08:58.0,5/22/2018
17-05-18,11:00:10 PM,23,May-18,Summer-2018,3.1,251.7,31.5,0.0,0.0,1019.8,24.3,0.0,30.4,8.0,32.2,00:10.0,5/17/2018,09:08.0,5/22/2018
18-05-18,12:00:10 AM,24,May-18,Summer-2018,7.5,255.0,29.0,0.0,0.0,1019.8,53.4,3.6,28.2,11.6,30.3,00:10.0,5/18/2018,09:17.0,5/22/2018
18-05-18,1:00:11 AM,1,May-18,Summer-2018,10.4,196.9,28.2,0.0,0.0,1019.7,61.7,5.8,28.0,18.1,28.4,00:11.0,5/18/2018,09:29.0,5/22/2018
18-05-18,2:00:11 AM,2,May-18,Summer-2018,17.5,192.0,28.3,0.0,0.0,1019.4,54.9,9.4,28.1,26.8,28.5,00:11.0,5/18/2018,09:38.0,5/22/2018
18-05-18,3:00:11 AM,3,May-18,Summer-2018,18.3,192.8,28.2,0.0,0.0,1019.2,54.2,10.9,27.8,29.7,28.4,00:11.0,5/18/2018,09:47.0,5/22/2018
18-05-18,4:00:12 AM,4,May-18,Summer-2018,17.9,178.9,27.5,0.0,0.0,1019.3,58.3,8.7,27.3,26.1,27.8,00:12.0,5/18/2018,09:58.0,5/22/2018
18-05-18,5:00:19 AM,5,May-18,Summer-2018,22.8,222.6,27.1,0.0,0.0,1019.5,61.7,15.2,26.9,32.6,27.3,00:19.0,5/18/2018,10:08.0,5/22/2018
18-05-18,6:00:19 AM,6,May-18,Summer-2018,13.7,252.7,26.8,0.0,0.7,1019.9,65.5,5.1,26.8,23.2,26.9,00:19.0,5/18/2018,10:17.0,5/22/2018
18-05-18,7:00:10 AM,7,May-18,Summer-2018,13.4,234.9,26.9,0.0,54.4,1020.4,66.5,7.2,26.7,21.0,27.5,00:10.0,5/18/2018,10:28.0,5/22/2018
18-05-18,8:00:10 AM,8,May-18,Summer-2018,17.1,221.0,28.0,0.0,231.6,1021.9,65.5,6.5,27.5,23.9,28.9,00:10.0,5/18/2018,10:38.0,5/22/2018
18-05-18,9:00:10 AM,9,May-18,Summer-2018,17.6,257.9,29.1,0.0,433.8,1022.9,62.9,8.0,28.9,26.1,29.5,00:10.0,5/18/2018,10:47.0,5/22/2018
18-05-18,10:00:11 AM,10,May-18,Summer-2018,15.8,236.4,30.5,0.0,619.3,1023.3,58.5,8.0,29.5,24.6,31.6,00:11.0,5/18/2018,10:58.0,5/22/2018
18-05-18,11:00:11 AM,11,May-18,Summer-2018,18.8,296.5,32.7,0.0,763.7,1023.6,46.5,8.7,31.7,29.0,33.6,00:11.0,5/18/2018,11:07.0,5/22/2018
18-05-18,12:00:11 PM,12,May-18,Summer-2018,22.1,268.7,34.0,0.0,853.5,1023.3,42.3,9.4,33.4,34.8,34.6,00:11.0,5/18/2018,11:18.0,5/22/2018
18-05-18,1:00:12 PM,13,May-18,Summer-2018,23.0,272.0,34.8,0.0,883.5,1022.8,40.0,10.1,33.9,38.4,35.6,00:12.0,5/18/2018,11:28.0,5/22/2018
18-05-18,2:00:12 PM,14,May-18,Summer-2018,21.1,271.0,35.6,0.0,849.9,1022.2,36.9,10.1,35.1,31.9,36.3,00:12.0,5/18/2018,11:38.0,5/22/2018
18-05-18,3:00:12 PM,15,May-18,Summer-2018,24.6,283.4,36.4,0.0,754.1,1021.2,33.6,13.0,35.9,36.2,36.9,00:12.0,5/18/2018,11:49.0,5/22/2018
18-05-18,4:00:13 PM,16,May-18,Summer-2018,23.0,247.1,36.5,0.0,603.6,1020.6,30.8,8.7,36.2,33.3,36.8,00:13.0,5/18/2018,11:58.0,5/22/2018
18-05-18,5:00:13 PM,17,May-18,Summer-2018,20.7,285.1,36.5,0.0,411.5,1020.1,30.2,10.1,36.0,31.9,36.9,00:13.0,5/18/2018,12:07.0,5/22/2018
18-05-18,6:00:13 PM,18,May-18,Summer-2018,18.3,250.6,36.2,0.0,203.1,1019.7,26.4,9.4,36.0,31.1,36.6,00:13.0,5/18/2018,12:17.0,5/22/2018
18-05-18,7:00:14 PM,19,May-18,Summer-2018,14.9,248.4,35.2,0.0,42.3,1019.7,29.3,8.0,34.2,23.2,36.1,00:14.0,5/18/2018,12:27.0,5/22/2018
18-05-18,8:00:24 PM,20,May-18,Summer-2018,16.6,244.9,33.2,0.0,0.6,1019.8,40.2,10.1,32.3,25.3,34.2,00:24.0,5/18/2018,12:37.0,5/22/2018
18-05-18,9:00:14 PM,21,May-18,Summer-2018,11.3,260.7,31.3,0.0,0.0,1020.0,51.5,4.3,30.4,19.6,32.3,00:14.0,5/18/2018,12:47.0,5/22/2018
18-05-18,10:00:15 PM,22,May-18,Summer-2018,6.8,197.2,29.9,0.0,0.0,1020.1,58.0,0.0,29.4,16.7,30.4,00:15.0,5/18/2018,12:58.0,5/22/2018
18-05-18,11:00:15 PM,23,May-18,Summer-2018,12.6,192.5,28.7,0.0,0.0,1019.9,65.3,8.0,28.2,17.4,29.4,00:15.0,5/18/2018,13:09.0,5/22/2018
19-05-18,12:00:15 AM,24,May-18,Summer-2018,11.4,195.2,28.6,0.0,0.0,1020.0,61.8,7.2,28.1,15.9,29.0,00:15.0,5/19/2018,13:17.0,5/22/2018
19-05-18,1:00:16 AM,1,May-18,Summer-2018,14.6,216.8,29.0,0.0,0.0,1019.9,54.9,7.2,28.8,21.0,29.2,00:16.0,5/19/2018,13:28.0,5/22/2018
19-05-18,2:00:16 AM,2,May-18,Summer-2018,17.3,210.7,28.9,0.0,0.0,1019.7,52.1,10.1,28.4,26.8,29.2,00:16.0,5/19/2018,13:38.0,5/22/2018
19-05-18,3:00:16 AM,3,May-18,Summer-2018,15.1,214.9,28.5,0.0,0.0,1019.4,51.2,8.7,28.1,21.7,28.7,00:16.0,5/19/2018,13:48.0,5/22/2018
19-05-18,4:00:17 AM,4,May-18,Summer-2018,9.1,233.7,28.2,0.0,0.0,1019.2,48.4,3.6,27.8,15.9,28.7,00:17.0,5/19/2018,13:57.0,5/22/2018
19-05-18,5:00:13 AM,5,May-18,Summer-2018,6.1,250.9,27.9,0.0,0.0,1019.3,49.6,0.0,27.5,13.0,28.2,00:13.0,5/19/2018,14:07.0,5/22/2018
19-05-18,6:00:13 AM,6,May-18,Summer-2018,6.1,240.8,27.2,0.0,0.8,1019.5,54.2,0.0,27.0,15.2,27.5,00:13.0,5/19/2018,14:17.0,5/22/2018
19-05-18,7:00:14 AM,7,May-18,Summer-2018,12.3,239.2,27.4,0.0,48.6,1020.2,55.4,6.5,27.2,18.8,27.8,00:14.0,5/19/2018,14:29.0,5/22/2018
19-05-18,8:00:14 AM,8,May-18,Summer-2018,11.9,252.6,28.5,0.0,218.2,1021.2,53.3,6.5,27.8,17.4,29.3,00:14.0,5/19/2018,14:39.0,5/22/2018
19-05-18,9:00:14 AM,9,May-18,Summer-2018,13.9,224.9,30.1,0.0,423.7,1022.1,47.2,7.2,29.3,22.5,31.1,00:14.0,5/19/2018,14:47.0,5/22/2018
19-05-18,10:00:15 AM,10,May-18,Summer-2018,15.3,268.9,31.9,0.0,641.3,1022.6,38.8,6.5,31.1,21.7,32.6,00:15.0,5/19/2018,14:59.0,5/22/2018
19-05-18,11:00:15 AM,11,May-18,Summer-2018,15.9,265.2,33.2,0.0,803.1,1022.8,37.3,6.5,32.5,25.3,33.8,00:15.0,5/19/2018,15:08.0,5/22/2018
19-05-18,12:00:15 PM,12,May-18,Summer-2018,14.9,254.3,34.5,0.0,883.5,1022.5,34.8,5.1,33.7,24.6,35.4,00:15.0,5/19/2018,15:17.0,5/22/2018
19-05-18,1:00:16 PM,13,May-18,Summer-2018,16.9,251.1,36.0,0.0,911.9,1022.0,30.1,0.0,35.1,29.7,36.7,00:16.0,5/19/2018,15:28.0,5/22/2018
19-05-18,2:00:16 PM,14,May-18,Summer-2018,18.2,276.8,36.6,0.0,868.7,1021.0,26.8,4.3,35.9,31.1,37.3,00:16.0,5/19/2018,15:38.0,5/22/2018
19-05-18,3:00:16 PM,15,May-18,Summer-2018,22.6,275.5,37.3,0.0,759.1,1020.2,25.1,9.4,36.8,34.0,37.7,00:16.0,5/19/2018,15:48.0,5/22/2018
19-05-18,4:00:17 PM,16,May-18,Summer-2018,21.5,278.1,37.4,0.0,610.1,1019.7,24.9,8.7,37.1,33.3,37.7,00:17.0,5/19/2018,15:59.0,5/22/2018
19-05-18,5:00:17 PM,17,May-18,Summer-2018,18.5,220.2,37.2,0.0,417.9,1019.5,22.6,7.2,36.6,34.0,37.7,00:17.0,5/19/2018,16:08.0,5/22/2018
19-05-18,6:00:17 PM,18,May-18,Summer-2018,17.4,236.0,36.1,0.0,206.8,1019.2,24.9,5.8,35.5,31.1,36.7,00:17.0,5/19/2018,16:18.0,5/22/2018
19-05-18,7:00:18 PM,19,May-18,Summer-2018,16.6,225.2,34.6,0.0,44.8,1019.1,27.1,9.4,33.8,26.8,35.5,00:18.0,5/19/2018,16:28.0,5/22/2018
19-05-18,8:00:18 PM,20,May-18,Summer-2018,13.5,213.3,33.2,0.0,0.7,1019.2,27.8,7.2,32.8,21.0,33.8,00:18.0,5/19/2018,16:40.0,5/22/2018
19-05-18,9:00:18 PM,21,May-18,Summer-2018,7.0,227.0,32.2,0.0,0.0,1019.5,27.4,0.0,31.7,11.6,32.8,00:18.0,5/19/2018,16:51.0,5/22/2018
19-05-18,10:00:19 PM,22,May-18,Summer-2018,5.8,257.7,31.1,0.0,0.0,1019.7,33.5,0.0,30.4,10.9,31.7,00:19.0,5/19/2018,17:01.0,5/22/2018
19-05-18,11:00:19 PM,23,May-18,Summer-2018,8.0,266.8,29.3,0.0,0.0,1019.9,48.2,4.3,28.3,13.8,30.4,00:19.0,5/19/2018,17:11.0,5/22/2018
20-05-18,12:00:19 AM,24,May-18,Summer-2018,11.7,197.4,27.8,0.0,0.0,1020.0,64.0,0.0,27.4,18.8,28.3,00:19.0,5/20/2018,17:21.0,5/22/2018
20-05-18,1:00:10 AM,1,May-18,Summer-2018,17.5,203.9,27.7,0.0,0.0,1019.6,55.4,8.7,27.5,26.8,27.9,00:10.0,5/20/2018,17:30.0,5/22/2018
20-05-18,2:00:10 AM,2,May-18,Summer-2018,17.7,248.7,27.9,0.0,0.0,1019.0,47.8,6.5,27.8,26.8,28.0,00:10.0,5/20/2018,17:40.0,5/22/2018
20-05-18,3:00:10 AM,3,May-18,Summer-2018,9.6,220.9,27.6,0.0,0.0,1018.9,48.6,0.0,27.1,18.1,27.9,00:10.0,5/20/2018,17:48.0,5/22/2018
20-05-18,4:00:11 AM,4,May-18,Summer-2018,10.8,223.0,27.1,0.0,0.0,1018.8,52.9,5.8,26.9,15.2,27.2,00:11.0,5/20/2018,17:58.0,5/22/2018
20-05-18,5:00:18 AM,5,May-18,Summer-2018,8.4,235.1,26.8,0.0,0.0,1019.1,55.0,5.1,26.6,15.2,27.0,00:18.0,5/20/2018,18:07.0,5/22/2018
20-05-18,6:00:18 AM,6,May-18,Summer-2018,11.2,215.0,26.4,0.0,1.1,1019.5,57.6,5.1,26.1,17.4,26.6,00:18.0,5/20/2018,18:18.0,5/22/2018
20-05-18,7:00:19 AM,7,May-18,Summer-2018,15.8,224.0,26.5,0.0,62.4,1019.9,60.0,9.4,26.1,21.0,27.1,00:19.0,5/20/2018,18:29.0,5/22/2018
20-05-18,8:00:19 AM,8,May-18,Summer-2018,17.8,233.1,28.1,0.0,242.9,1021.0,57.7,12.3,27.1,23.9,29.0,00:19.0,5/20/2018,18:40.0,5/22/2018
20-05-18,9:00:19 AM,9,May-18,Summer-2018,12.8,240.7,29.8,0.0,441.4,1022.1,51.1,6.5,29.0,21.7,30.7,00:19.0,5/20/2018,18:51.0,5/22/2018
20-05-18,10:00:10 AM,10,May-18,Summer-2018,13.2,226.0,31.4,0.0,629.0,1022.7,44.2,5.8,30.6,21.0,32.5,00:10.0,5/20/2018,19:00.0,5/22/2018
20-05-18,11:00:10 AM,11,May-18,Summer-2018,11.0,271.3,33.1,0.0,776.3,1023.0,40.8,5.1,32.5,19.6,34.0,00:10.0,5/20/2018,19:10.0,5/22/2018
20-05-18,12:00:10 PM,12,May-18,Summer-2018,14.2,258.9,34.8,0.0,878.4,1022.7,36.5,6.5,34.0,20.3,35.5,00:10.0,5/20/2018,19:21.0,5/22/2018
20-05-18,1:00:11 PM,13,May-18,Summer-2018,16.8,280.0,35.9,0.0,903.4,1022.2,33.4,5.1,35.5,26.8,36.6,00:11.0,5/20/2018,19:28.0,5/22/2018
20-05-18,2:00:11 PM,14,May-18,Summer-2018,19.2,252.1,37.2,0.0,881.4,1021.2,27.5,5.8,36.7,29.7,38.2,00:11.0,5/20/2018,19:38.0,5/22/2018
20-05-18,3:00:11 PM,15,May-18,Summer-2018,19.3,286.6,38.0,0.0,750.2,1020.4,19.7,5.8,37.5,34.0,38.5,00:11.0,5/20/2018,19:48.0,5/22/2018
20-05-18,4:00:12 PM,16,May-18,Summer-2018,18.6,262.3,37.7,0.0,581.1,1019.9,21.1,0.0,37.3,30.4,38.1,00:12.0,5/20/2018,19:59.0,5/22/2018
20-05-18,5:00:12 PM,17,May-18,Summer-2018,21.1,252.9,37.4,0.0,386.6,1019.5,24.5,5.1,36.9,32.6,38.1,00:12.0,5/20/2018,20:08.0,5/22/2018
20-05-18,6:00:12 PM,18,May-18,Summer-2018,18.7,245.8,36.6,0.0,198.5,1019.5,24.5,9.4,36.1,29.7,36.9,00:12.0,5/20/2018,20:18.0,5/22/2018
20-05-18,7:00:13 PM,19,May-18,Summer-2018,18.1,246.2,35.1,0.0,48.0,1019.8,28.4,8.7,34.0,27.5,36.1,00:13.0,5/20/2018,20:29.0,5/22/2018
20-05-18,8:00:13 PM,20,May-18,Summer-2018,15.2,220.1,33.1,0.0,0.7,1020.1,35.9,8.7,32.3,23.2,34.0,00:13.0,5/20/2018,20:38.0,5/22/2018
20-05-18,9:00:13 PM,21,May-18,Summer-2018,14.8,222.1,31.4,0.0,0.0,1020.4,43.6,10.1,30.5,21.0,32.3,00:13.0,5/20/2018,20:48.0,5/22/2018
20-05-18,10:00:14 PM,22,May-18,Summer-2018,13.1,217.4,29.7,0.0,0.0,1020.7,51.7,0.0,28.7,23.9,30.5,00:14.0,5/20/2018,20:59.0,5/22/2018
20-05-18,11:00:14 PM,23,May-18,Summer-2018,12.8,208.8,28.2,0.0,0.0,1020.8,60.5,5.8,27.9,20.3,28.7,00:14.0,5/20/2018,21:08.0,5/22/2018
21-05-18,12:00:14 AM,24,May-18,Summer-2018,7.7,238.2,27.6,0.0,0.0,1020.7,59.4,0.0,27.3,15.2,27.9,00:14.0,5/21/2018,21:18.0,5/22/2018
21-05-18,1:00:15 AM,1,May-18,Summer-2018,11.8,249.4,27.1,0.0,0.0,1020.4,61.8,5.1,26.8,20.3,27.4,00:15.0,5/21/2018,21:28.0,5/22/2018
21-05-18,2:00:15 AM,2,May-18,Summer-2018,10.2,221.0,26.5,0.0,0.0,1019.9,66.9,3.6,26.1,18.1,26.8,00:15.0,5/21/2018,21:38.0,5/22/2018
21-05-18,3:00:15 AM,3,May-18,Summer-2018,10.0,202.4,25.9,0.0,0.0,1019.4,69.1,3.6,25.8,18.1,26.1,00:15.0,5/21/2018,21:48.0,5/22/2018
21-05-18,4:00:16 AM,4,May-18,Summer-2018,11.4,214.7,25.7,0.0,0.0,1019.2,67.4,6.5,25.6,17.4,25.8,00:16.0,5/21/2018,21:58.0,5/22/2018
21-05-18,5:00:12 AM,5,May-18,Summer-2018,12.0,237.6,25.7,0.0,0.0,1019.3,64.7,7.2,25.6,17.4,25.7,00:12.0,5/21/2018,22:10.0,5/22/2018
21-05-18,6:00:12 AM,6,May-18,Summer-2018,10.5,238.8,25.8,0.0,0.7,1019.6,59.9,5.8,25.5,15.9,26.0,00:12.0,5/21/2018,22:21.0,5/22/2018
21-05-18,7:00:13 AM,7,May-18,Summer-2018,11.9,225.5,26.1,0.0,61.6,1020.4,57.7,5.8,25.9,23.2,26.6,00:13.0,5/21/2018,22:30.0,5/22/2018
21-05-18,8:00:13 AM,8,May-18,Summer-2018,12.5,229.8,27.6,0.0,247.7,1021.6,51.6,7.2,26.6,18.1,28.8,00:13.0,5/21/2018,22:40.0,5/22/2018
21-05-18,9:00:13 AM,9,May-18,Summer-2018,16.9,246.2,29.3,0.0,465.6,1022.1,47.0,9.4,28.8,24.6,29.6,00:13.0,5/21/2018,22:51.0,5/22/2018
21-05-18,10:00:14 AM,10,May-18,Summer-2018,13.7,249.1,30.6,0.0,652.7,1022.7,45.1,6.5,29.6,22.5,31.7,00:14.0,5/21/2018,23:01.0,5/22/2018
21-05-18,11:00:14 AM,11,May-18,Summer-2018,14.4,266.1,32.6,0.0,794.1,1022.9,38.2,5.8,31.7,24.6,34.0,00:14.0,5/21/2018,23:11.0,5/22/2018
21-05-18,12:00:14 PM,12,May-18,Summer-2018,20.5,270.2,34.4,0.0,881.0,1022.6,30.5,10.1,33.7,30.4,35.1,00:14.0,5/21/2018,23:20.0,5/22/2018
21-05-18,1:00:15 PM,13,May-18,Summer-2018,22.2,264.5,35.2,0.0,899.3,1022.0,30.6,10.9,34.7,35.5,35.5,00:15.0,5/21/2018,23:31.0,5/22/2018
21-05-18,2:00:15 PM,14,May-18,Summer-2018,20.4,290.5,35.8,0.0,848.4,1021.8,31.9,6.5,35.4,31.9,36.3,00:15.0,5/21/2018,23:40.0,5/22/2018
21-05-18,3:00:15 PM,15,May-18,Summer-2018,21.4,285.4,36.4,0.0,739.8,1020.9,29.0,8.0,35.8,44.2,36.8,00:15.0,5/21/2018,23:49.0,5/22/2018
21-05-18,4:00:16 PM,16,May-18,Summer-2018,20.2,286.3,36.5,0.0,581.3,1020.4,30.7,8.7,36.1,34.0,36.8,00:16.0,5/21/2018,23:59.0,5/22/2018
21-05-18,5:00:16 PM,17,May-18,Summer-2018,20.2,248.8,36.2,0.0,394.7,1020.1,32.2,8.7,35.5,33.3,36.9,00:16.0,5/21/2018,24:10.0,5/22/2018
21-05-18,6:00:16 PM,18,May-18,Summer-2018,16.7,255.1,35.3,0.0,200.7,1020.2,33.0,8.0,34.5,29.0,36.0,00:16.0,5/21/2018,24:21.0,5/22/2018
21-05-18,7:00:17 PM,19,May-18,Summer-2018,18.3,241.4,33.5,0.0,45.8,1020.5,30.7,10.9,32.7,29.7,34.5,00:17.0,5/21/2018,24:30.0,5/22/2018
21-05-18,8:00:17 PM,20,May-18,Summer-2018,14.1,218.7,32.0,0.0,0.9,1020.8,29.4,9.4,31.5,21.7,32.7,00:17.0,5/21/2018,24:39.0,5/22/2018
21-05-18,9:00:17 PM,21,May-18,Summer-2018,13.8,221.5,31.2,0.0,0.0,1021.2,27.5,8.7,30.9,19.6,31.5,00:17.0,5/21/2018,24:48.0,5/22/2018
21-05-18,10:00:18 PM,22,May-18,Summer-2018,12.3,243.9,30.4,0.0,0.0,1021.4,27.9,5.8,30.0,18.8,30.9,00:18.0,5/21/2018,24:58.0,5/22/2018
21-05-18,11:00:18 PM,23,May-18,Summer-2018,8.4,230.5,29.0,0.0,0.0,1021.4,39.4,5.8,28.2,13.8,30.0,00:18.0,5/21/2018,25:08.0,5/22/2018
22-05-18,12:00:18 AM,24,May-18,Summer-2018,11.0,228.1,28.0,0.0,0.0,1021.0,47.4,4.3,27.1,17.4,28.4,00:18.0,5/22/2018,25:18.0,5/22/2018
22-05-18,1:00:19 AM,1,May-18,Summer-2018,12.7,203.7,27.4,0.0,0.0,1020.3,43.3,7.2,27.1,18.8,27.6,00:19.0,5/22/2018,25:28.0,5/22/2018
22-05-18,2:00:19 AM,2,May-18,Summer-2018,13.8,218.0,27.3,0.0,0.0,1019.6,38.1,8.0,27.2,25.3,27.4,00:19.0,5/22/2018,25:38.0,5/22/2018
22-05-18,3:00:19 AM,3,May-18,Summer-2018,13.8,251.4,27.4,0.0,0.0,1019.4,36.1,0.0,27.2,25.3,27.6,00:19.0,5/22/2018,25:47.0,5/22/2018
22-05-18,4:00:10 AM,4,May-18,Summer-2018,9.3,248.8,27.2,0.0,0.0,1019.4,37.7,0.0,26.9,17.4,27.6,00:10.0,5/22/2018,25:58.0,5/22/2018
22-05-18,5:00:12 AM,5,May-18,Summer-2018,11.1,222.1,26.5,0.0,0.0,1019.5,43.6,5.1,26.2,19.6,27.0,00:12.0,5/22/2018,26:07.0,5/22/2018
22-05-18,6:00:13 AM,6,May-18,Summer-2018,14.0,235.8,26.1,0.0,0.7,1019.8,46.2,8.0,25.8,20.3,26.3,00:13.0,5/22/2018,26:18.0,5/22/2018
22-05-18,7:00:10 AM,7,May-18,Summer-2018,14.2,203.9,26.1,0.0,39.2,1020.2,50.1,8.7,25.8,21.0,26.6,00:10.0,5/22/2018,01:07.0,5/22/2018
22-05-18,8:00:10 AM,8,May-18,Summer-2018,16.8,226.4,27.3,0.0,156.3,1020.9,46.3,11.6,26.6,21.7,28.3,00:10.0,5/22/2018,01:10.0,5/22/2018
22-05-18,9:00:10 AM,9,May-18,Summer-2018,15.8,233.3,29.3,0.0,366.2,1022.1,36.7,10.1,28.3,25.3,30.0,00:10.0,5/22/2018,01:15.0,5/22/2018
22-05-18,10:00:15 AM,10,May-18,Summer-2018,10.4,251.0,30.3,0.0,548.2,1023.0,35.1,0.0,29.7,18.8,31.4,00:15.0,5/22/2018,01:20.0,5/22/2018
22-05-18,11:00:18 AM,11,May-18,Summer-2018,11.2,251.3,32.6,0.0,765.1,1023.5,31.3,0.0,31.4,18.8,33.9,00:18.0,5/22/2018,01:22.0,5/22/2018
22-05-18,12:00:15 PM,12,May-18,Summer-2018,13.8,306.8,33.7,0.0,718.2,1023.3,30.8,3.6,33.2,22.5,34.5,00:15.0,5/22/2018,01:24.0,5/22/2018
22-05-18,1:00:14 PM,13,May-18,Summer-2018,17.8,285.0,35.0,0.0,846.5,1023.0,31.2,8.7,34.2,29.7,35.3,00:14.0,5/22/2018,01:12.0,5/22/2018
22-05-18,2:00:15 PM,14,May-18,Summer-2018,18.0,263.9,35.4,0.0,588.9,1022.3,32.0,8.7,35.0,29.0,35.8,00:15.0,5/22/2018,01:26.0,5/22/2018
22-05-18,3:00:18 PM,15,May-18,Summer-2018,19.9,275.6,35.8,0.0,711.6,1021.2,31.3,6.5,35.4,31.1,36.3,00:18.0,5/22/2018,01:25.0,5/22/2018
22-05-18,4:00:14 PM,16,May-18,Summer-2018,17.9,263.6,35.9,0.0,552.0,1020.6,31.0,8.0,35.6,29.7,36.3,00:14.0,5/22/2018,01:26.0,5/22/2018
22-05-18,5:00:19 PM,17,May-18,Summer-2018,19.6,288.3,36.0,0.0,367.0,1020.2,31.2,8.0,35.4,48.5,36.5,00:19.0,5/22/2018,01:18.0,5/22/2018
22-05-18,6:00:15 PM,18,May-18,Summer-2018,18.4,278.1,34.9,0.0,183.6,1020.1,33.1,7.2,34.1,29.7,35.7,00:15.0,5/22/2018,01:26.0,5/22/2018
22-05-18,7:00:18 PM,19,May-18,Summer-2018,16.5,235.5,32.7,0.0,45.5,1020.4,39.4,9.4,31.9,24.6,34.1,00:18.0,5/22/2018,01:21.0,5/22/2018
22-05-18,8:00:18 PM,20,May-18,Summer-2018,13.9,209.3,31.5,0.0,0.8,1020.6,36.7,8.7,30.9,21.7,31.9,00:18.0,5/22/2018,01:24.0,5/22/2018
22-05-18,9:00:18 PM,21,May-18,Summer-2018,6.6,185.8,30.2,0.0,0.0,1020.6,39.1,0.0,29.8,14.5,30.9,00:18.0,5/22/2018,01:21.0,5/22/2018
22-05-18,10:00:15 PM,22,May-18,Summer-2018,10.2,236.3,29.5,0.0,0.0,1020.7,46.7,4.3,29.2,18.8,29.8,00:15.0,5/22/2018,01:22.0,5/22/2018
22-05-18,11:00:12 PM,23,May-18,Summer-2018,11.3,242.6,28.6,0.0,0.0,1020.7,55.8,6.5,27.8,17.4,29.2,00:12.0,5/22/2018,01:19.0,5/22/2018
23-05-18,12:00:15 AM,24,May-18,Summer-2018,13.1,249.1,27.1,0.0,0.0,1020.7,67.9,8.0,26.2,16.7,27.8,00:15.0,5/23/2018,01:14.0,5/23/2018
23-05-18,1:00:15 AM,1,May-18,Summer-2018,14.0,244.9,25.8,0.0,0.0,1020.3,79.0,10.1,25.5,17.4,26.2,00:15.0,5/23/2018,01:15.0,5/23/2018
23-05-18,2:00:14 AM,2,May-18,Summer-2018,15.4,234.8,25.7,0.0,0.0,1019.8,79.6,10.1,25.5,20.3,26.0,00:14.0,5/23/2018,01:24.0,5/23/2018
23-05-18,3:00:14 AM,3,May-18,Summer-2018,14.8,246.5,26.0,0.0,0.0,1019.3,74.7,10.9,25.7,21.7,26.2,00:14.0,5/23/2018,01:23.0,5/23/2018
23-05-18,4:00:15 AM,4,May-18,Summer-2018,13.4,240.0,25.5,0.0,0.0,1019.1,78.3,10.1,25.4,18.1,25.7,00:15.0,5/23/2018,01:08.0,5/23/2018
23-05-18,5:00:19 AM,5,May-18,Summer-2018,11.2,224.3,25.5,0.0,0.0,1019.2,77.4,0.0,25.3,18.1,25.8,00:19.0,5/23/2018,01:20.0,5/23/2018
23-05-18,6:00:15 AM,6,May-18,Summer-2018,12.7,216.5,26.4,0.0,0.1,1019.6,57.6,6.5,25.8,18.8,26.7,00:15.0,5/23/2018,01:18.0,5/23/2018
23-05-18,7:00:15 AM,7,May-18,Summer-2018,10.7,219.3,27.0,0.0,19.9,1020.3,45.0,5.8,26.7,15.9,27.7,00:15.0,5/23/2018,01:18.0,5/23/2018
23-05-18,8:00:14 AM,8,May-18,Summer-2018,15.2,215.4,28.0,0.0,77.5,1021.5,36.7,8.7,27.7,21.7,28.1,00:14.0,5/23/2018,01:18.0,5/23/2018
23-05-18,9:00:15 AM,9,May-18,Summer-2018,18.6,225.4,28.1,0.0,123.7,1022.4,45.5,11.6,27.9,26.8,28.6,00:15.0,5/23/2018,01:09.0,5/23/2018
23-05-18,10:00:15 AM,10,May-18,Summer-2018,19.2,234.6,29.2,0.0,204.4,1022.3,46.1,10.1,28.5,27.5,30.0,00:15.0,5/23/2018,01:15.0,5/23/2018
23-05-18,11:00:18 AM,11,May-18,Summer-2018,16.8,254.6,30.5,0.0,358.3,1022.6,47.4,10.1,29.9,25.3,31.6,00:18.0,5/23/2018,01:23.0,5/23/2018
23-05-18,12:00:10 PM,12,May-18,Summer-2018,16.0,218.4,32.5,0.0,564.4,1022.7,47.2,7.2,31.6,25.3,33.2,00:10.0,5/23/2018,01:20.0,5/23/2018
23-05-18,1:00:14 PM,13,May-18,Summer-2018,15.9,272.5,33.9,0.0,666.6,1022.2,41.5,8.0,33.2,24.6,34.5,00:14.0,5/23/2018,01:20.0,5/23/2018
23-05-18,2:00:15 PM,14,May-18,Summer-2018,15.4,273.2,34.9,0.0,697.4,1021.3,37.4,5.8,34.3,26.1,35.4,00:15.0,5/23/2018,01:19.0,5/23/2018
23-05-18,3:00:13 PM,15,May-18,Summer-2018,16.8,282.2,36.3,0.0,734.6,1020.4,31.5,8.7,35.4,24.6,36.8,00:13.0,5/23/2018,01:22.0,5/23/2018
23-05-18,4:00:18 PM,16,May-18,Summer-2018,17.2,274.7,35.6,0.0,352.1,1019.7,33.3,10.9,35.2,25.3,36.4,00:18.0,5/23/2018,01:24.0,5/23/2018
23-05-18,5:00:14 PM,17,May-18,Summer-2018,14.4,248.1,35.8,0.0,335.0,1019.1,33.5,5.8,35.4,24.6,35.9,00:14.0,5/23/2018,01:21.0,5/23/2018
23-05-18,6:00:10 PM,18,May-18,Summer-2018,11.4,267.6,35.1,0.0,99.7,1018.8,36.0,5.1,34.5,18.1,35.8,00:10.0,5/23/2018,01:11.0,5/23/2018
23-05-18,7:00:15 PM,19,May-18,Summer-2018,12.2,236.7,33.8,0.0,31.1,1018.7,40.8,5.8,33.0,19.6,34.5,00:15.0,5/23/2018,01:15.0,5/23/2018
23-05-18,8:00:15 PM,20,May-18,Summer-2018,12.1,204.4,32.3,0.0,0.7,1018.4,43.6,6.5,31.6,18.1,33.0,00:15.0,5/23/2018,01:13.0,5/23/2018
23-05-18,9:00:14 PM,21,May-18,Summer-2018,5.4,174.4,31.2,0.0,0.0,1018.5,45.2,0.0,30.6,13.8,31.6,00:14.0,5/23/2018,01:20.0,5/23/2018
23-05-18,10:00:18 PM,22,May-18,Summer-2018,6.8,222.0,30.4,0.0,0.0,1019.0,41.7,0.0,30.2,10.9,30.6,00:18.0,5/23/2018,01:21.0,5/23/2018
23-05-18,11:00:14 PM,23,May-18,Summer-2018,11.3,229.9,30.2,0.0,0.0,1019.4,37.2,6.5,30.1,15.9,30.3,00:14.0,5/23/2018,01:20.0,5/23/2018
24-05-18,12:00:15 AM,24,May-18,Summer-2018,10.1,240.8,28.7,0.0,0.0,1019.3,50.0,6.5,28.0,13.8,30.2,00:15.0,5/24/2018,01:14.0,5/24/2018
24-05-18,1:00:14 AM,1,May-18,Summer-2018,12.4,231.3,27.8,0.0,0.0,1019.1,57.5,8.0,27.2,19.6,28.3,00:14.0,5/24/2018,01:19.0,5/24/2018
24-05-18,2:00:14 AM,2,May-18,Summer-2018,13.8,239.7,26.9,0.0,0.0,1018.5,67.5,6.5,26.6,22.5,27.4,00:14.0,5/24/2018,01:23.0,5/24/2018
24-05-18,3:00:14 AM,3,May-18,Summer-2018,18.7,190.3,27.0,0.0,0.0,1017.9,62.7,8.7,26.6,26.8,27.7,00:14.0,5/24/2018,01:26.0,5/24/2018
24-05-18,4:00:18 AM,4,May-18,Summer-2018,20.0,194.2,27.6,0.0,0.0,1017.6,52.9,13.0,27.5,46.3,27.8,00:18.0,5/24/2018,01:10.0,5/24/2018
24-05-18,5:00:19 AM,5,May-18,Summer-2018,13.7,213.4,27.7,0.0,0.0,1017.9,48.9,3.6,27.5,23.2,27.9,00:19.0,5/24/2018,01:20.0,5/24/2018
24-05-18,6:00:18 AM,6,May-18,Summer-2018,14.8,208.5,27.5,0.0,0.4,1018.4,48.7,7.2,27.4,21.7,27.6,00:18.0,5/24/2018,01:15.0,5/24/2018
24-05-18,7:00:14 AM,7,May-18,Summer-2018,15.4,223.5,27.3,0.0,29.7,1019.8,53.1,6.5,27.2,25.3,27.4,00:14.0,5/24/2018,01:12.0,5/24/2018
24-05-18,8:00:15 AM,8,May-18,Summer-2018,20.2,213.1,27.3,0.0,112.1,1020.9,60.1,11.6,27.1,29.7,27.6,00:15.0,5/24/2018,01:10.0,5/24/2018
24-05-18,9:00:18 AM,9,May-18,Summer-2018,18.6,235.4,28.2,0.0,212.1,1021.5,59.7,9.4,27.4,26.8,29.8,00:18.0,5/24/2018,01:17.0,5/24/2018
24-05-18,10:00:19 AM,10,May-18,Summer-2018,19.3,210.7,31.3,0.0,630.8,1022.4,47.8,9.4,29.8,28.2,32.2,00:19.0,5/24/2018,01:15.0,5/24/2018
24-05-18,11:00:19 AM,11,May-18,Summer-2018,18.9,253.4,32.3,0.0,699.6,1022.5,43.7,8.7,31.5,28.2,33.3,00:19.0,5/24/2018,01:19.0,5/24/2018
24-05-18,12:00:18 PM,12,May-18,Summer-2018,22.2,248.6,33.9,0.0,845.4,1022.2,37.2,10.9,33.3,31.9,34.9,00:18.0,5/24/2018,01:23.0,5/24/2018
24-05-18,1:00:14 PM,13,May-18,Summer-2018,22.7,265.7,34.5,0.0,835.9,1021.7,37.7,13.0,34.1,35.5,34.9,00:14.0,5/24/2018,01:22.0,5/24/2018
24-05-18,2:00:14 PM,14,May-18,Summer-2018,24.8,281.5,35.1,0.0,816.6,1020.7,37.6,12.3,34.6,36.9,35.3,00:14.0,5/24/2018,01:20.0,5/24/2018
24-05-18,3:00:19 PM,15,May-18,Summer-2018,23.0,281.6,35.2,0.0,709.2,1019.9,40.2,9.4,34.7,33.3,35.9,00:19.0,5/24/2018,01:26.0,5/24/2018
24-05-18,4:00:19 PM,16,May-18,Summer-2018,22.9,263.6,35.6,0.0,556.5,1019.5,38.4,10.9,35.3,32.6,36.2,00:19.0,5/24/2018,01:22.0,5/24/2018
24-05-18,5:00:14 PM,17,May-18,Summer-2018,22.2,218.2,35.1,0.0,393.7,1019.1,40.4,11.6,34.5,36.9,35.7,00:14.0,5/24/2018,01:19.0,5/24/2018
24-05-18,6:00:14 PM,18,May-18,Summer-2018,20.5,230.7,33.9,0.0,206.6,1019.2,44.6,14.5,32.9,29.7,34.7,00:14.0,5/24/2018,01:19.0,5/24/2018
24-05-18,7:00:10 PM,19,May-18,Summer-2018,16.0,200.4,32.2,0.0,35.0,1019.2,49.4,8.0,31.5,23.2,32.9,00:10.0,5/24/2018,01:14.0,5/24/2018
24-05-18,8:00:15 PM,20,May-18,Summer-2018,11.8,215.5,31.1,0.0,0.8,1019.2,49.3,3.6,31.0,20.3,31.5,00:15.0,5/24/2018,01:18.0,5/24/2018
24-05-18,9:00:10 PM,21,May-18,Summer-2018,14.2,231.0,30.7,0.0,0.0,1019.6,52.2,6.5,30.3,23.2,31.0,00:10.0,5/24/2018,01:07.0,5/24/2018
24-05-18,10:00:15 PM,22,May-18,Summer-2018,11.1,211.8,29.8,0.0,0.0,1019.9,57.2,0.0,29.4,18.8,30.3,00:15.0,5/24/2018,01:22.0,5/24/2018
24-05-18,11:00:15 PM,23,May-18,Summer-2018,9.3,232.1,29.0,0.0,0.0,1020.2,60.7,0.0,28.7,20.3,29.4,00:15.0,5/24/2018,01:17.0,5/24/2018
25-05-18,12:00:13 AM,24,May-18,Summer-2018,9.3,255.4,28.1,0.0,0.0,1020.3,66.5,0.0,27.6,18.1,28.7,00:13.0,5/25/2018,01:29.0,5/25/2018
25-05-18,1:00:14 AM,1,May-18,Summer-2018,12.2,210.9,27.6,0.0,0.0,1019.9,58.1,0.0,27.4,20.3,28.1,00:14.0,5/25/2018,01:12.0,5/25/2018
25-05-18,2:00:15 AM,2,May-18,Summer-2018,15.9,222.0,28.1,0.0,0.0,1019.3,48.3,8.7,28.0,24.6,28.3,00:15.0,5/25/2018,01:14.0,5/25/2018
25-05-18,3:00:15 AM,3,May-18,Summer-2018,19.8,205.7,28.0,0.0,0.0,1018.8,45.2,13.8,27.8,26.1,28.2,00:15.0,5/25/2018,01:25.0,5/25/2018
25-05-18,4:00:18 AM,4,May-18,Summer-2018,18.5,194.5,27.6,0.0,0.0,1018.2,49.1,10.1,27.3,25.3,27.9,00:18.0,5/25/2018,01:10.0,5/25/2018
25-05-18,5:00:19 AM,5,May-18,Summer-2018,16.1,196.2,27.1,0.0,0.0,1018.6,53.0,10.9,27.0,24.6,27.3,00:19.0,5/25/2018,01:23.0,5/25/2018
25-05-18,6:00:15 AM,6,May-18,Summer-2018,15.2,216.5,26.8,0.0,0.4,1019.4,55.3,8.7,26.5,25.3,27.0,00:15.0,5/25/2018,01:14.0,5/25/2018
25-05-18,7:00:18 AM,7,May-18,Summer-2018,20.1,226.9,26.5,0.0,41.9,1020.0,59.6,12.3,26.4,29.0,26.7,00:18.0,5/25/2018,01:10.0,5/25/2018
25-05-18,8:00:15 AM,8,May-18,Summer-2018,19.2,218.4,27.1,0.0,133.2,1021.4,61.2,10.9,26.7,26.8,27.3,00:15.0,5/25/2018,01:21.0,5/25/2018
25-05-18,9:00:18 AM,9,May-18,Summer-2018,18.7,253.6,28.1,0.0,351.2,1022.3,56.6,8.7,27.3,26.1,29.5,00:18.0,5/25/2018,01:09.0,5/25/2018
25-05-18,10:00:18 AM,10,May-18,Summer-2018,17.1,270.2,30.1,0.0,592.4,1022.8,45.0,8.0,29.3,26.8,31.4,00:18.0,5/25/2018,01:17.0,5/25/2018
25-05-18,11:00:18 AM,11,May-18,Summer-2018,22.3,286.4,31.9,0.0,780.9,1022.5,33.7,10.9,31.4,34.0,32.5,00:18.0,5/25/2018,01:22.0,5/25/2018
25-05-18,12:00:18 PM,12,May-18,Summer-2018,24.6,262.7,33.0,0.0,863.2,1021.6,37.0,15.9,32.4,33.3,33.6,00:18.0,5/25/2018,01:26.0,5/25/2018
25-05-18,1:00:15 PM,13,May-18,Summer-2018,23.1,268.2,34.1,0.0,885.0,1020.8,33.9,11.6,33.6,31.9,35.1,00:15.0,5/25/2018,01:25.0,5/25/2018
25-05-18,2:00:18 PM,14,May-18,Summer-2018,21.7,266.5,35.4,0.0,850.6,1020.2,31.3,10.9,34.5,32.6,36.3,00:18.0,5/25/2018,01:12.0,5/25/2018
25-05-18,3:00:14 PM,15,May-18,Summer-2018,23.0,293.3,36.3,0.0,749.3,1019.6,24.5,13.0,36.0,35.5,36.9,00:14.0,5/25/2018,01:17.0,5/25/2018
25-05-18,4:00:15 PM,16,May-18,Summer-2018,23.4,241.1,36.6,0.0,593.6,1019.3,22.7,11.6,36.1,32.6,36.9,00:15.0,5/25/2018,01:20.0,5/25/2018
25-05-18,5:00:14 PM,17,May-18,Summer-2018,20.4,248.6,36.8,0.0,406.9,1019.1,17.7,10.9,36.3,28.2,37.1,00:14.0,5/25/2018,01:20.0,5/25/2018
25-05-18,6:00:15 PM,18,May-18,Summer-2018,20.1,232.1,35.8,0.0,207.2,1018.9,22.3,11.6,35.2,30.4,36.6,00:15.0,5/25/2018,01:26.0,5/25/2018
25-05-18,7:00:14 PM,19,May-18,Summer-2018,18.5,250.4,34.3,0.0,48.0,1019.1,27.9,11.6,33.3,24.6,35.2,00:14.0,5/25/2018,01:24.0,5/25/2018
25-05-18,8:00:14 PM,20,May-18,Summer-2018,14.6,226.0,32.6,0.0,1.1,1019.3,30.3,6.5,32.1,22.5,33.3,00:14.0,5/25/2018,01:21.0,5/25/2018
25-05-18,9:00:14 PM,21,May-18,Summer-2018,15.4,214.1,31.7,0.0,0.0,1019.6,25.2,8.7,31.2,21.0,32.1,00:14.0,5/25/2018,01:22.0,5/25/2018
25-05-18,10:00:15 PM,22,May-18,Summer-2018,13.2,219.0,30.8,0.0,0.0,1019.7,28.1,8.7,30.4,18.8,31.2,00:15.0,5/25/2018,01:23.0,5/25/2018
25-05-18,11:00:14 PM,23,May-18,Summer-2018,8.9,233.1,29.8,0.0,0.0,1019.8,37.9,0.0,29.4,18.1,30.4,00:14.0,5/25/2018,01:21.0,5/25/2018
26-05-18,12:00:14 AM,24,May-18,Summer-2018,7.8,232.5,28.5,0.0,0.0,1019.5,47.5,3.6,27.7,13.8,29.4,00:14.0,5/26/2018,01:13.0,5/26/2018
26-05-18,1:00:14 AM,1,May-18,Summer-2018,9.7,217.4,27.0,0.0,0.0,1019.0,61.2,3.6,26.2,16.7,27.7,00:14.0,5/26/2018,01:16.0,5/26/2018
26-05-18,2:00:18 AM,2,May-18,Summer-2018,12.8,216.1,25.7,0.0,0.0,1018.2,74.0,5.8,25.3,19.6,26.2,00:18.0,5/26/2018,01:19.0,5/26/2018
26-05-18,3:00:14 AM,3,May-18,Summer-2018,18.1,208.9,25.3,0.0,0.0,1017.9,78.4,8.0,25.2,26.8,25.5,00:14.0,5/26/2018,01:20.0,5/26/2018
26-05-18,4:00:18 AM,4,May-18,Summer-2018,15.5,215.8,25.5,0.0,0.0,1017.8,75.4,5.8,25.4,25.3,25.6,00:18.0,5/26/2018,01:11.0,5/26/2018
26-05-18,5:00:19 AM,5,May-18,Summer-2018,15.6,216.5,24.9,0.0,0.0,1018.1,82.7,8.7,24.7,23.2,25.4,00:19.0,5/26/2018,01:26.0,5/26/2018
26-05-18,6:00:15 AM,6,May-18,Summer-2018,16.2,206.0,24.9,0.0,0.9,1018.5,85.6,10.9,24.8,23.2,25.0,00:15.0,5/26/2018,01:20.0,5/26/2018
26-05-18,7:00:14 AM,7,May-18,Summer-2018,16.8,217.3,25.4,0.0,53.1,1019.5,84.4,11.6,24.9,23.2,26.0,00:14.0,5/26/2018,01:21.0,5/26/2018
26-05-18,8:00:18 AM,8,May-18,Summer-2018,17.9,217.1,26.8,0.0,226.3,1020.7,79.6,10.9,26.0,24.6,27.6,00:18.0,5/26/2018,01:27.0,5/26/2018
26-05-18,9:00:18 AM,9,May-18,Summer-2018,16.0,243.3,28.6,0.0,423.8,1021.7,70.4,8.0,27.6,21.7,29.5,00:18.0,5/26/2018,01:25.0,5/26/2018
26-05-18,10:00:14 AM,10,May-18,Summer-2018,16.3,211.8,30.4,0.0,606.6,1022.2,61.3,8.7,29.5,25.3,31.0,00:14.0,5/26/2018,01:13.0,5/26/2018
26-05-18,11:00:15 AM,11,May-18,Summer-2018,19.2,261.4,32.1,0.0,751.8,1022.1,55.2,10.1,31.0,26.8,32.9,00:15.0,5/26/2018,01:21.0,5/26/2018
26-05-18,12:00:18 PM,12,May-18,Summer-2018,21.9,279.6,33.5,0.0,840.0,1021.3,48.6,14.5,32.8,31.9,34.4,00:18.0,5/26/2018,01:14.0,5/26/2018
26-05-18,1:00:19 PM,13,May-18,Summer-2018,20.3,264.1,34.8,0.0,866.9,1020.7,42.5,5.1,34.2,31.9,35.3,00:19.0,5/26/2018,01:19.0,5/26/2018
26-05-18,2:00:14 PM,14,May-18,Summer-2018,18.9,248.8,36.0,0.0,831.0,1020.1,37.2,10.1,35.3,28.2,36.7,00:14.0,5/26/2018,01:21.0,5/26/2018
26-05-18,3:00:14 PM,15,May-18,Summer-2018,17.2,272.7,37.1,0.0,733.6,1019.3,31.7,5.8,36.6,27.5,37.4,00:14.0,5/26/2018,01:24.0,5/26/2018
26-05-18,4:00:19 PM,16,May-18,Summer-2018,14.4,296.1,37.8,0.0,573.8,1018.2,28.4,5.1,37.2,26.8,38.2,00:19.0,5/26/2018,01:25.0,5/26/2018
26-05-18,5:00:15 PM,17,May-18,Summer-2018,16.0,268.3,38.0,0.0,387.2,1017.7,25.9,4.3,37.9,25.3,38.2,00:15.0,5/26/2018,01:15.0,5/26/2018
26-05-18,6:00:14 PM,18,May-18,Summer-2018,14.8,223.8,37.8,0.0,203.5,1017.6,25.9,6.5,37.4,23.9,38.1,00:14.0,5/26/2018,01:22.0,5/26/2018
26-05-18,7:00:14 PM,19,May-18,Summer-2018,14.9,250.1,36.6,0.0,49.3,1017.6,29.3,9.4,35.7,21.0,37.4,00:14.0,5/26/2018,01:19.0,5/26/2018
26-05-18,8:00:15 PM,20,May-18,Summer-2018,12.2,203.7,35.1,0.0,1.5,1017.7,33.0,7.2,34.4,18.8,35.7,00:15.0,5/26/2018,01:19.0,5/26/2018
26-05-18,9:00:15 PM,21,May-18,Summer-2018,6.3,230.1,33.7,0.0,0.0,1018.2,35.2,0.0,33.1,13.0,34.4,00:15.0,5/26/2018,01:14.0,5/26/2018
26-05-18,10:00:14 PM,22,May-18,Summer-2018,0.1,297.2,32.5,0.0,0.0,1018.4,35.8,0.0,31.7,5.1,33.0,00:14.0,5/26/2018,01:17.0,5/26/2018
26-05-18,11:00:14 PM,23,May-18,Summer-2018,0.3,298.6,31.4,0.0,0.0,1018.6,36.6,0.0,31.1,5.8,31.9,00:14.0,5/26/2018,01:30.0,5/26/2018
27-05-18,12:00:14 AM,24,May-18,Summer-2018,3.6,210.9,31.5,0.0,0.0,1018.4,36.1,0.0,30.3,8.0,32.3,00:14.0,5/27/2018,01:20.0,5/27/2018
27-05-18,1:00:14 AM,1,May-18,Summer-2018,3.9,284.0,29.1,0.0,0.0,1017.8,41.1,0.0,28.2,6.5,30.7,00:14.0,5/27/2018,01:13.0,5/27/2018
27-05-18,2:00:18 AM,2,May-18,Summer-2018,4.7,244.8,28.8,0.0,0.0,1017.4,42.1,0.0,28.5,7.2,29.0,00:18.0,5/27/2018,01:27.0,5/27/2018
27-05-18,3:00:18 AM,3,May-18,Summer-2018,7.8,219.9,28.5,0.0,0.0,1017.0,47.5,0.0,28.3,16.7,28.9,00:18.0,5/27/2018,01:26.0,5/27/2018
27-05-18,4:00:14 AM,4,May-18,Summer-2018,13.9,233.4,28.2,0.0,0.0,1017.0,57.3,9.4,27.8,21.7,28.5,00:14.0,5/27/2018,01:12.0,5/27/2018
27-05-18,5:00:19 AM,5,May-18,Summer-2018,9.1,225.4,27.8,0.0,0.0,1017.2,58.9,4.3,27.5,15.9,28.0,00:19.0,5/27/2018,01:24.0,5/27/2018
27-05-18,6:00:18 AM,6,May-18,Summer-2018,9.2,263.0,28.7,0.0,0.6,1017.4,47.9,3.6,27.9,19.6,30.2,00:18.0,5/27/2018,01:15.0,5/27/2018
27-05-18,7:00:15 AM,7,May-18,Summer-2018,8.1,240.8,29.2,0.0,55.1,1018.1,52.3,3.6,28.9,15.2,29.9,00:15.0,5/27/2018,01:11.0,5/27/2018
27-05-18,8:00:15 AM,8,May-18,Summer-2018,11.0,241.0,30.2,0.0,240.7,1019.8,56.9,4.3,29.6,15.2,30.6,00:15.0,5/27/2018,01:07.0,5/27/2018
27-05-18,9:00:14 AM,9,May-18,Summer-2018,6.6,247.4,31.2,0.0,427.7,1021.3,56.7,0.0,30.6,13.0,32.0,00:14.0,5/27/2018,01:27.0,5/27/2018
27-05-18,10:00:15 AM,10,May-18,Summer-2018,7.5,267.4,32.8,0.0,609.4,1022.2,50.1,0.0,31.9,15.9,33.9,00:15.0,5/27/2018,01:18.0,5/27/2018
27-05-18,11:00:14 AM,11,May-18,Summer-2018,11.3,282.2,34.5,0.0,756.1,1022.1,43.8,0.0,33.9,19.6,35.0,00:14.0,5/27/2018,01:09.0,5/27/2018
27-05-18,12:00:14 PM,12,May-18,Summer-2018,12.1,293.0,35.6,0.0,849.3,1021.8,38.9,0.0,35.0,18.8,36.4,00:14.0,5/27/2018,01:20.0,5/27/2018
27-05-18,1:00:19 PM,13,May-18,Summer-2018,14.8,269.8,37.0,0.0,877.5,1020.8,33.8,3.6,36.5,23.9,37.6,00:19.0,5/27/2018,01:26.0,5/27/2018
27-05-18,2:00:18 PM,14,May-18,Summer-2018,18.4,265.6,38.0,0.0,845.9,1019.8,30.4,6.5,37.5,25.3,38.6,00:18.0,5/27/2018,01:26.0,5/27/2018
27-05-18,3:00:18 PM,15,May-18,Summer-2018,18.4,269.3,38.9,0.0,745.3,1018.7,25.4,8.0,38.3,29.0,39.5,00:18.0,5/27/2018,01:21.0,5/27/2018
27-05-18,4:00:15 PM,16,May-18,Summer-2018,19.3,246.1,39.2,0.0,598.1,1017.8,23.1,7.2,38.9,34.8,39.6,00:15.0,5/27/2018,01:13.0,5/27/2018
27-05-18,5:00:18 PM,17,May-18,Summer-2018,19.4,246.4,38.9,0.0,413.6,1017.1,24.4,10.9,38.7,27.5,39.3,00:18.0,5/27/2018,01:19.0,5/27/2018
27-05-18,6:00:18 PM,18,May-18,Summer-2018,18.9,245.1,38.0,0.0,208.0,1017.0,28.1,9.4,37.2,26.1,38.7,00:18.0,5/27/2018,01:16.0,5/27/2018
27-05-18,7:00:18 PM,19,May-18,Summer-2018,19.0,235.5,36.5,0.0,49.7,1017.0,33.5,10.1,35.5,28.2,37.3,00:18.0,5/27/2018,01:23.0,5/27/2018
27-05-18,8:00:18 PM,20,May-18,Summer-2018,15.0,230.4,34.9,0.0,1.4,1017.3,43.0,8.0,34.3,23.2,35.5,00:18.0,5/27/2018,01:22.0,5/27/2018
27-05-18,9:00:19 PM,21,May-18,Summer-2018,14.6,205.4,33.4,0.0,0.0,1017.6,49.1,7.2,32.8,19.6,34.3,00:19.0,5/27/2018,01:27.0,5/27/2018
27-05-18,10:00:13 PM,22,May-18,Summer-2018,11.4,228.3,32.5,0.0,0.0,1018.0,51.1,5.1,31.8,17.4,32.9,00:13.0,5/27/2018,01:26.0,5/27/2018
27-05-18,11:00:18 PM,23,May-18,Summer-2018,9.7,231.9,31.3,0.0,0.0,1017.8,55.3,3.6,30.7,15.9,31.8,00:18.0,5/27/2018,01:25.0,5/27/2018
28-05-18,12:00:18 AM,24,May-18,Summer-2018,10.8,229.3,29.8,0.0,0.0,1017.7,61.0,5.8,28.9,17.4,30.7,00:18.0,5/28/2018,01:32.0,5/28/2018
28-05-18,1:00:15 AM,1,May-18,Summer-2018,14.8,193.2,28.3,0.0,0.0,1017.5,68.9,8.7,27.5,24.6,28.9,00:15.0,5/28/2018,01:15.0,5/28/2018
28-05-18,2:00:14 AM,2,May-18,Summer-2018,14.4,228.0,27.7,0.0,0.0,1017.2,68.7,5.1,27.2,24.6,28.9,00:14.0,5/28/2018,01:17.0,5/28/2018
28-05-18,3:00:14 AM,3,May-18,Summer-2018,13.1,225.0,29.1,0.0,0.0,1017.0,53.6,7.2,28.9,18.1,29.3,00:14.0,5/28/2018,01:15.0,5/28/2018
28-05-18,4:00:18 AM,4,May-18,Summer-2018,15.0,217.6,28.6,0.0,0.0,1016.9,59.3,9.4,28.3,22.5,29.0,00:18.0,5/28/2018,01:15.0,5/28/2018
28-05-18,5:00:19 AM,5,May-18,Summer-2018,14.3,227.3,28.2,0.0,0.0,1017.0,62.3,10.1,28.0,20.3,28.3,00:19.0,5/28/2018,01:34.0,5/28/2018
28-05-18,6:00:14 AM,6,May-18,Summer-2018,13.6,231.5,27.9,0.0,1.0,1017.2,64.6,7.2,27.7,21.0,28.1,00:14.0,5/28/2018,01:16.0,5/28/2018
28-05-18,7:00:15 AM,7,May-18,Summer-2018,16.2,215.0,27.6,0.0,44.4,1017.7,68.2,8.0,27.5,22.5,27.8,00:15.0,5/28/2018,01:31.0,5/28/2018
28-05-18,8:00:15 AM,8,May-18,Summer-2018,20.5,214.4,28.5,0.0,231.5,1018.9,67.0,13.0,27.8,25.3,29.2,00:15.0,5/28/2018,01:25.0,5/28/2018
28-05-18,9:00:18 AM,9,May-18,Summer-2018,20.3,234.5,29.8,0.0,429.9,1019.5,62.9,13.0,29.2,30.4,30.1,00:18.0,5/28/2018,01:33.0,5/28/2018
28-05-18,10:00:18 AM,10,May-18,Summer-2018,19.9,216.6,30.9,0.0,615.1,1019.9,60.4,11.6,30.0,31.1,32.2,00:18.0,5/28/2018,01:37.0,5/28/2018
28-05-18,11:00:12 AM,11,May-18,Summer-2018,18.8,271.6,33.1,0.0,764.5,1019.7,49.1,8.0,32.1,29.7,34.2,00:12.0,5/28/2018,01:27.0,5/28/2018
28-05-18,12:00:18 PM,12,May-18,Summer-2018,20.4,266.9,34.7,0.0,858.4,1019.2,39.6,10.9,34.2,33.3,35.3,00:18.0,5/28/2018,01:45.0,5/28/2018
28-05-18,1:00:10 PM,13,May-18,Summer-2018,22.4,278.3,35.9,0.0,885.7,1018.1,36.6,12.3,35.2,30.4,36.5,00:10.0,5/28/2018,01:19.0,5/28/2018
28-05-18,2:00:18 PM,14,May-18,Summer-2018,21.5,268.5,37.1,0.0,845.8,1017.3,33.4,10.9,36.5,31.9,37.8,00:18.0,5/28/2018,01:33.0,5/28/2018
28-05-18,3:00:13 PM,15,May-18,Summer-2018,20.8,221.0,37.8,0.0,742.4,1016.4,31.9,8.7,37.2,31.9,38.2,00:13.0,5/28/2018,01:35.0,5/28/2018
28-05-18,4:00:14 PM,16,May-18,Summer-2018,20.1,255.3,38.3,0.0,583.1,1015.9,29.7,8.7,37.9,32.6,38.7,00:14.0,5/28/2018,01:24.0,5/28/2018
28-05-18,5:00:14 PM,17,May-18,Summer-2018,19.5,238.5,38.4,0.0,403.4,1015.3,25.8,6.5,38.0,26.8,38.8,00:14.0,5/28/2018,01:24.0,5/28/2018
28-05-18,6:00:14 PM,18,May-18,Summer-2018,20.1,238.3,37.7,0.0,207.7,1015.1,26.5,9.4,36.9,30.4,38.1,00:14.0,5/28/2018,01:14.0,5/28/2018
28-05-18,7:00:18 PM,19,May-18,Summer-2018,19.2,210.2,36.1,0.0,48.6,1015.1,29.5,9.4,35.3,27.5,36.9,00:18.0,5/28/2018,01:25.0,5/28/2018
28-05-18,8:00:18 PM,20,May-18,Summer-2018,14.2,240.1,34.3,0.0,1.3,1015.4,39.4,8.7,33.6,20.3,35.3,00:18.0,5/28/2018,01:26.0,5/28/2018
28-05-18,9:00:18 PM,21,May-18,Summer-2018,13.3,249.1,33.1,0.0,0.0,1015.9,44.3,4.3,32.4,23.2,33.7,00:18.0,5/28/2018,01:25.0,5/28/2018
28-05-18,10:00:14 PM,22,May-18,Summer-2018,16.6,198.1,31.2,0.0,0.0,1016.3,55.2,4.3,30.2,24.6,32.4,00:14.0,5/28/2018,01:28.0,5/28/2018
28-05-18,11:00:19 PM,23,May-18,Summer-2018,20.1,195.7,29.4,0.0,0.0,1016.5,63.4,10.9,28.9,26.8,30.2,00:19.0,5/28/2018,01:22.0,5/28/2018
29-05-18,12:00:14 AM,24,May-18,Summer-2018,22.8,197.9,28.5,0.0,0.0,1016.4,64.7,15.2,28.1,31.1,28.9,00:14.0,5/29/2018,01:13.0,5/29/2018
29-05-18,1:00:15 AM,1,May-18,Summer-2018,20.9,218.2,28.2,0.0,0.0,1015.6,64.5,12.3,28.1,32.6,28.4,00:15.0,5/29/2018,01:24.0,5/29/2018
29-05-18,2:00:18 AM,2,May-18,Summer-2018,13.9,217.4,27.8,0.0,0.0,1015.1,67.4,5.8,27.3,21.0,28.3,00:18.0,5/29/2018,01:31.0,5/29/2018
29-05-18,3:00:14 AM,3,May-18,Summer-2018,19.0,217.9,27.1,0.0,0.0,1014.6,72.9,11.6,27.0,29.7,27.3,00:14.0,5/29/2018,01:25.0,5/29/2018
29-05-18,4:00:15 AM,4,May-18,Summer-2018,17.5,208.8,26.7,0.0,0.0,1014.8,76.7,9.4,26.4,25.3,27.0,00:15.0,5/29/2018,01:07.0,5/29/2018
29-05-18,5:00:19 AM,5,May-18,Summer-2018,21.6,185.1,26.1,0.0,0.0,1015.0,80.7,10.9,25.8,29.0,26.5,00:19.0,5/29/2018,01:23.0,5/29/2018
29-05-18,6:00:14 AM,6,May-18,Summer-2018,22.7,195.6,25.8,0.0,0.9,1015.9,83.3,15.2,25.7,31.9,25.9,00:14.0,5/29/2018,01:20.0,5/29/2018
29-05-18,7:00:15 AM,7,May-18,Summer-2018,23.6,205.9,25.9,0.0,52.0,1016.5,83.4,15.2,25.7,33.3,26.4,00:15.0,5/29/2018,01:11.0,5/29/2018
29-05-18,8:00:18 AM,8,May-18,Summer-2018,23.4,205.2,27.0,0.0,219.5,1017.7,79.6,16.7,26.3,47.8,27.5,00:18.0,5/29/2018,01:38.0,5/29/2018
29-05-18,9:00:14 AM,9,May-18,Summer-2018,22.4,232.7,28.4,0.0,416.1,1018.7,71.6,14.5,27.5,36.9,29.2,00:14.0,5/29/2018,01:22.0,5/29/2018
29-05-18,10:00:19 AM,10,May-18,Summer-2018,21.9,232.5,29.4,0.0,502.9,1019.4,66.0,13.8,29.1,31.1,29.8,00:19.0,5/29/2018,01:27.0,5/29/2018
29-05-18,11:00:12 AM,11,May-18,Summer-2018,20.0,244.2,30.9,0.0,718.4,1019.4,59.9,10.9,29.8,30.4,31.6,00:12.0,5/29/2018,01:20.0,5/29/2018
29-05-18,12:00:18 PM,12,May-18,Summer-2018,23.5,228.1,32.3,0.0,842.3,1019.2,51.8,11.6,31.6,31.9,33.1,00:18.0,5/29/2018,01:42.0,5/29/2018
29-05-18,1:00:14 PM,13,May-18,Summer-2018,22.7,196.9,33.9,0.0,864.5,1018.7,44.5,12.3,32.9,32.6,34.6,00:14.0,5/29/2018,01:28.0,5/29/2018
29-05-18,2:00:19 PM,14,May-18,Summer-2018,22.9,195.4,35.1,0.0,821.6,1018.0,39.8,12.3,34.6,33.3,35.5,00:19.0,5/29/2018,01:35.0,5/29/2018
29-05-18,3:00:19 PM,15,May-18,Summer-2018,21.6,246.2,35.4,0.0,723.2,1017.2,38.0,10.1,35.1,34.8,35.8,00:19.0,5/29/2018,01:31.0,5/29/2018
29-05-18,4:00:15 PM,16,May-18,Summer-2018,18.9,256.1,35.5,0.0,571.9,1016.5,38.1,5.1,35.2,31.1,35.9,00:15.0,5/29/2018,01:36.0,5/29/2018
29-05-18,5:00:12 PM,17,May-18,Summer-2018,21.9,226.6,34.7,0.0,401.8,1015.9,39.2,13.0,34.1,30.4,35.4,00:12.0,5/29/2018,01:23.0,5/29/2018
29-05-18,6:00:18 PM,18,May-18,Summer-2018,18.4,209.9,33.6,0.0,207.5,1015.9,43.4,7.2,32.9,31.1,34.1,00:18.0,5/29/2018,01:27.0,5/29/2018
29-05-18,7:00:18 PM,19,May-18,Summer-2018,15.6,222.7,32.1,0.0,50.6,1016.2,49.0,6.5,31.2,22.5,32.9,00:18.0,5/29/2018,01:39.0,5/29/2018
29-05-18,8:00:12 PM,20,May-18,Summer-2018,16.0,202.4,30.5,0.0,1.4,1016.3,54.9,8.0,29.8,21.7,31.2,00:12.0,5/29/2018,01:20.0,5/29/2018
29-05-18,9:00:18 PM,21,May-18,Summer-2018,16.5,220.2,29.3,0.0,0.0,1016.8,61.8,8.0,28.7,22.5,29.8,00:18.0,5/29/2018,01:31.0,5/29/2018
29-05-18,10:00:12 PM,22,May-18,Summer-2018,17.3,223.5,28.3,0.0,0.0,1017.1,67.8,10.1,27.9,26.1,28.7,00:12.0,5/29/2018,01:23.0,5/29/2018
29-05-18,11:00:18 PM,23,May-18,Summer-2018,16.3,227.3,27.4,0.0,0.0,1017.5,71.8,8.7,27.1,23.9,27.9,00:18.0,5/29/2018,01:26.0,5/29/2018
30-05-18,12:00:19 AM,24,May-18,Summer-2018,22.5,217.7,26.8,0.0,0.0,1017.3,73.6,14.5,26.3,33.3,27.1,00:19.0,5/30/2018,01:26.0,5/30/2018
30-05-18,1:00:19 AM,1,May-18,Summer-2018,25.2,228.1,26.1,0.0,0.0,1016.8,78.2,15.2,26.0,35.5,26.3,00:19.0,5/30/2018,01:35.0,5/30/2018
30-05-18,2:00:15 AM,2,May-18,Summer-2018,24.3,241.4,25.9,0.0,0.0,1016.4,79.0,13.8,25.7,34.0,26.1,00:15.0,5/30/2018,01:22.0,5/30/2018
30-05-18,3:00:15 AM,3,May-18,Summer-2018,23.3,240.8,25.4,0.0,0.0,1016.0,82.4,14.5,25.3,33.3,25.7,00:15.0,5/30/2018,01:20.0,5/30/2018
30-05-18,4:00:14 AM,4,May-18,Summer-2018,24.5,224.0,25.2,0.0,0.0,1015.8,84.1,15.2,25.1,34.8,25.3,00:14.0,5/30/2018,01:08.0,5/30/2018
30-05-18,5:00:19 AM,5,May-18,Summer-2018,22.7,220.9,25.1,0.0,0.0,1016.0,84.4,12.3,25.1,33.3,25.2,00:19.0,5/30/2018,01:20.0,5/30/2018
30-05-18,6:00:14 AM,6,May-18,Summer-2018,22.6,223.7,24.9,0.0,0.7,1016.3,85.2,14.5,24.9,30.4,25.1,00:14.0,5/30/2018,01:12.0,5/30/2018
30-05-18,7:00:15 AM,7,May-18,Summer-2018,23.1,221.8,25.1,0.0,55.2,1016.8,83.2,11.6,24.9,35.5,25.4,00:15.0,5/30/2018,01:22.0,5/30/2018
30-05-18,8:00:14 AM,8,May-18,Summer-2018,29.5,224.6,26.2,0.0,249.1,1017.9,79.5,20.3,25.5,39.1,26.9,00:14.0,5/30/2018,01:22.0,5/30/2018
30-05-18,9:00:18 AM,9,May-18,Summer-2018,27.0,220.9,27.5,0.0,451.1,1019.0,73.8,13.0,26.8,41.3,28.3,00:18.0,5/30/2018,01:42.0,5/30/2018
30-05-18,10:00:14 AM,10,May-18,Summer-2018,21.9,230.4,29.3,0.0,622.5,1019.4,66.1,12.3,28.3,33.3,30.1,00:14.0,5/30/2018,01:41.0,5/30/2018
30-05-18,11:00:18 AM,11,May-18,Summer-2018,22.9,222.6,30.9,0.0,772.6,1019.4,58.0,13.0,29.9,34.8,32.0,00:18.0,5/30/2018,01:34.0,5/30/2018
30-05-18,12:00:18 PM,12,May-18,Summer-2018,20.1,241.1,32.4,0.0,854.6,1019.2,51.5,0.0,31.7,34.0,33.0,00:18.0,5/30/2018,01:39.0,5/30/2018
30-05-18,1:00:18 PM,13,May-18,Summer-2018,19.6,236.0,33.9,0.0,878.1,1018.7,46.4,8.0,33.0,29.7,34.7,00:18.0,5/30/2018,01:28.0,5/30/2018
30-05-18,2:00:14 PM,14,May-18,Summer-2018,21.8,254.0,35.0,0.0,830.7,1018.0,43.6,7.2,34.6,35.5,35.7,00:14.0,5/30/2018,01:30.0,5/30/2018
30-05-18,3:00:18 PM,15,May-18,Summer-2018,18.5,235.5,35.4,0.0,741.2,1017.3,40.1,3.6,35.2,29.7,36.3,00:18.0,5/30/2018,01:48.0,5/30/2018
30-05-18,4:00:14 PM,16,May-18,Summer-2018,18.9,278.1,35.8,0.0,582.9,1016.9,40.5,5.1,35.4,31.9,36.1,00:14.0,5/30/2018,01:13.0,5/30/2018
30-05-18,5:00:18 PM,17,May-18,Summer-2018,17.5,265.3,35.2,0.0,400.6,1016.8,42.8,5.8,34.5,27.5,35.8,00:18.0,5/30/2018,01:31.0,5/30/2018
30-05-18,6:00:14 PM,18,May-18,Summer-2018,17.6,232.8,33.9,0.0,210.0,1016.6,48.0,8.7,33.1,24.6,34.7,00:14.0,5/30/2018,01:22.0,5/30/2018
30-05-18,7:00:15 PM,19,May-18,Summer-2018,17.2,234.2,32.0,0.0,51.4,1016.7,56.1,10.1,31.1,26.1,33.1,00:15.0,5/30/2018,01:15.0,5/30/2018
30-05-18,8:00:13 PM,20,May-18,Summer-2018,15.9,223.3,30.3,0.0,1.7,1017.0,63.7,6.5,29.6,31.1,31.1,00:13.0,5/30/2018,01:11.0,5/30/2018
30-05-18,9:00:14 PM,21,May-18,Summer-2018,13.4,224.6,28.9,0.0,0.0,1017.6,69.8,6.5,28.4,20.3,29.5,00:14.0,5/30/2018,01:25.0,5/30/2018
30-05-18,10:00:15 PM,22,May-18,Summer-2018,18.6,213.9,28.0,0.0,0.0,1018.0,73.8,11.6,27.5,26.8,28.4,00:15.0,5/30/2018,01:25.0,5/30/2018
30-05-18,11:00:18 PM,23,May-18,Summer-2018,17.1,229.9,27.3,0.0,0.0,1018.6,76.5,9.4,27.1,26.1,27.5,00:18.0,5/30/2018,01:22.0,5/30/2018
31-05-18,12:00:10 AM,24,May-18,Summer-2018,16.7,248.8,26.9,0.0,0.0,1018.8,77.9,8.0,26.6,23.9,27.1,00:10.0,5/31/2018,01:09.0,5/31/2018
31-05-18,1:00:14 AM,1,May-18,Summer-2018,15.1,222.3,26.4,0.0,0.0,1018.1,80.5,8.0,26.1,22.5,26.6,00:14.0,5/31/2018,01:16.0,5/31/2018
31-05-18,2:00:19 AM,2,May-18,Summer-2018,16.6,218.2,25.9,0.0,0.0,1017.5,82.8,9.4,25.7,23.9,26.1,00:19.0,5/31/2018,01:24.0,5/31/2018
31-05-18,3:00:18 AM,3,May-18,Summer-2018,19.0,236.4,25.6,0.0,0.0,1017.1,84.4,10.9,25.5,30.4,25.7,00:18.0,5/31/2018,01:31.0,5/31/2018
31-05-18,4:00:15 AM,4,May-18,Summer-2018,15.8,232.8,25.4,0.0,0.0,1017.0,85.7,8.7,25.3,26.8,25.5,00:15.0,5/31/2018,01:11.0,5/31/2018
31-05-18,5:00:19 AM,5,May-18,Summer-2018,18.4,216.5,25.3,0.0,0.0,1017.2,86.2,9.4,25.2,27.5,25.3,00:19.0,5/31/2018,01:24.0,5/31/2018
31-05-18,6:00:18 AM,6,May-18,Summer-2018,19.9,206.0,25.2,0.0,0.6,1017.5,85.4,12.3,25.2,26.8,25.3,00:18.0,5/31/2018,01:25.0,5/31/2018
31-05-18,7:00:10 AM,7,May-18,Summer-2018,16.0,219.5,25.3,0.0,46.5,1018.1,86.0,9.4,25.1,24.6,25.7,00:10.0,5/31/2018,01:16.0,5/31/2018
31-05-18,8:00:14 AM,8,May-18,Summer-2018,18.5,235.4,26.5,0.0,214.1,1019.4,81.7,10.1,25.7,29.0,27.4,00:14.0,5/31/2018,01:24.0,5/31/2018
31-05-18,9:00:15 AM,9,May-18,Summer-2018,16.3,217.7,28.0,0.0,400.6,1020.7,75.2,8.0,27.4,24.6,28.8,00:15.0,5/31/2018,01:22.0,5/31/2018
31-05-18,10:00:18 AM,10,May-18,Summer-2018,14.8,253.1,29.3,0.0,562.5,1021.3,69.4,5.8,28.5,23.2,30.4,00:18.0,5/31/2018,01:18.0,5/31/2018
31-05-18,11:00:12 AM,11,May-18,Summer-2018,14.3,210.9,31.0,0.0,705.2,1021.3,62.3,4.3,30.4,23.9,32.0,00:12.0,5/31/2018,01:19.0,5/31/2018
31-05-18,12:00:15 PM,12,May-18,Summer-2018,12.6,268.2,32.8,0.0,799.3,1020.8,55.9,3.6,32.0,21.7,33.7,00:15.0,5/31/2018,01:24.0,5/31/2018
31-05-18,1:00:15 PM,13,May-18,Summer-2018,15.1,316.7,34.5,0.0,829.1,1020.3,50.0,0.0,33.6,26.1,35.2,00:15.0,5/31/2018,01:23.0,5/31/2018
31-05-18,2:00:15 PM,14,May-18,Summer-2018,16.1,280.5,35.3,0.0,792.5,1019.8,47.6,6.5,34.8,29.0,35.6,00:15.0,5/31/2018,01:22.0,5/31/2018
31-05-18,3:00:18 PM,15,May-18,Summer-2018,20.6,276.7,35.4,0.0,700.8,1019.0,49.6,5.8,35.0,28.2,35.9,00:18.0,5/31/2018,01:34.0,5/31/2018
31-05-18,4:00:19 PM,16,May-18,Summer-2018,21.4,284.2,35.1,0.0,551.3,1018.0,50.4,10.9,34.9,30.4,35.4,00:19.0,5/31/2018,01:34.0,5/31/2018
31-05-18,5:00:18 PM,17,May-18,Summer-2018,22.6,273.1,34.8,0.0,382.0,1017.5,50.2,13.8,34.6,32.6,35.3,00:18.0,5/31/2018,01:25.0,5/31/2018
31-05-18,6:00:18 PM,18,May-18,Summer-2018,16.5,264.8,34.3,0.0,240.3,1017.5,51.0,6.5,34.1,28.2,34.6,00:18.0,5/31/2018,01:28.0,5/31/2018
31-05-18,7:00:14 PM,19,May-18,Summer-2018,17.6,249.9,33.0,0.0,82.6,1017.5,54.9,10.9,32.0,23.9,34.1,00:14.0,5/31/2018,01:06.0,5/31/2018
31-05-18,8:00:13 PM,20,May-18,Summer-2018,19.6,234.5,30.9,0.0,9.5,1017.8,64.1,10.1,30.0,29.0,32.0,00:13.0,5/31/2018,01:18.0,5/31/2018
31-05-18,9:00:14 PM,21,May-18,Summer-2018,16.2,238.0,29.3,0.0,0.0,1018.9,70.9,6.5,28.8,26.8,30.0,00:14.0,5/31/2018,01:29.0,5/31/2018
31-05-18,10:00:15 PM,22,May-18,Summer-2018,13.1,227.8,28.3,0.0,0.0,1019.8,74.0,6.5,27.9,23.9,28.8,00:15.0,5/31/2018,01:20.0,5/31/2018
31-05-18,11:00:14 PM,23,May-18,Summer-2018,22.7,219.8,27.5,0.0,0.0,1019.9,76.7,5.1,27.2,31.9,27.9,00:14.0,5/31/2018,01:22.0,5/31/2018
01-06-18,12:00:15 AM,12,Jun-18,Rainy-2018,19.1,225.7,27.0,0.0,0.0,1020.0,80.0,10.9,26.8,29.7,27.2,00:15.0,06-01-18,01:23.0,06-01-18
01-06-18,1:00:14 AM,1,June-18,Summer-2018,17.5,208.6,26.6,0.0,0.0,1019.9,81.0,6.5,26.4,26.8,26.8,00:14.0,06-01-18,01:20.0,06-01-18
01-06-18,2:00:14 AM,2,June-18,Summer-2018,13.6,214.1,26.1,0.0,0.0,1019.7,83.3,8.0,26.0,19.6,26.4,00:14.0,06-01-18,01:13.0,06-01-18
01-06-18,3:00:15 AM,3,June-18,Summer-2018,14.4,238.6,25.9,0.0,0.0,1019.3,83.3,6.5,25.7,23.2,26.0,00:15.0,06-01-18,01:22.0,06-01-18
01-06-18,4:00:15 AM,4,June-18,Summer-2018,13.9,195.6,25.6,0.0,0.0,1019.1,84.2,6.5,25.4,21.7,25.7,00:15.0,06-01-18,01:09.0,06-01-18
01-06-18,5:00:19 AM,5,June-18,Summer-2018,12.0,223.7,25.3,0.0,0.0,1019.1,85.4,3.6,25.3,21.7,25.4,00:19.0,06-01-18,01:19.0,06-01-18
01-06-18,6:00:18 AM,6,June-18,Summer-2018,11.5,242.9,25.2,0.0,1.1,1019.5,85.3,5.1,25.1,23.9,25.3,00:18.0,06-01-18,01:23.0,06-01-18
01-06-18,7:00:19 AM,7,June-18,Summer-2018,10.2,264.2,25.4,0.0,52.5,1020.4,83.0,0.0,25.1,21.7,26.1,00:19.0,06-01-18,01:25.0,06-01-18
01-06-18,8:00:18 AM,8,June-18,Summer-2018,9.8,285.5,26.7,0.0,211.0,1022.0,77.4,4.3,26.1,18.1,27.2,00:18.0,06-01-18,01:24.0,06-01-18
01-06-18,9:00:19 AM,9,June-18,Summer-2018,6.7,184.0,27.8,0.0,395.0,1023.1,73.8,0.0,27.2,15.9,28.6,00:19.0,06-01-18,01:26.0,06-01-18
01-06-18,10:00:18 AM,10,June-18,Summer-2018,8.7,196.6,29.3,0.0,560.9,1023.7,65.6,0.0,28.6,18.8,30.6,00:18.0,06-01-18,01:24.0,06-01-18
01-06-18,11:00:19 AM,11,June-18,Summer-2018,9.5,259.3,31.2,0.0,715.1,1023.5,57.7,0.0,30.6,23.9,32.3,00:19.0,06-01-18,01:20.0,06-01-18
01-06-18,12:00:20 PM,12,June-18,Summer-2018,9.5,264.2,32.8,0.0,820.5,1023.0,51.1,0.0,32.0,21.0,33.6,00:20.0,06-01-18,01:19.0,06-01-18
01-06-18,1:00:13 PM,13,June-18,Summer-2018,12.8,252.9,34.3,0.0,847.4,1022.1,46.6,0.0,33.4,26.1,35.0,00:13.0,06-01-18,01:32.0,06-01-18
01-06-18,2:00:18 PM,14,June-18,Summer-2018,16.8,276.4,35.1,0.0,805.9,1021.3,43.6,3.6,34.8,31.1,35.9,00:18.0,06-01-18,01:13.0,06-01-18
01-06-18,3:00:15 PM,15,June-18,Summer-2018,19.2,281.7,35.7,0.0,703.8,1020.4,41.9,5.1,35.3,31.9,36.2,00:15.0,06-01-18,01:18.0,06-01-18
01-06-18,4:00:15 PM,16,June-18,Summer-2018,21.0,279.6,35.8,0.0,552.9,1019.5,42.7,10.9,35.2,31.1,36.6,00:15.0,06-01-18,01:22.0,06-01-18
01-06-18,5:00:14 PM,17,June-18,Summer-2018,23.6,265.0,34.9,0.0,383.4,1018.0,45.8,15.2,34.5,31.9,35.4,00:14.0,06-01-18,01:10.0,06-01-18
01-06-18,6:00:18 PM,18,June-18,Summer-2018,20.9,248.0,34.2,0.0,201.5,1017.6,47.6,10.9,33.5,34.0,34.7,00:18.0,06-01-18,01:22.0,06-01-18
01-06-18,7:00:14 PM,19,June-18,Summer-2018,16.9,227.2,32.6,0.0,51.4,1018.0,53.0,9.4,31.8,27.5,33.4,00:14.0,06-01-18,01:20.0,06-01-18
01-06-18,8:00:14 PM,20,June-18,Summer-2018,18.0,238.5,31.2,0.0,1.5,1018.7,56.1,8.0,30.5,26.8,31.8,00:14.0,06-01-18,01:20.0,06-01-18
01-06-18,9:00:18 PM,21,June-18,Summer-2018,17.0,196.4,29.9,0.0,0.0,1019.4,66.3,7.2,29.5,26.1,30.5,00:18.0,06-01-18,01:23.0,06-01-18
01-06-18,10:00:14 PM,22,June-18,Summer-2018,13.5,198.9,29.0,0.0,0.0,1020.2,71.0,7.2,28.7,21.0,29.4,00:14.0,06-01-18,02:12.0,06-01-18
01-06-18,11:00:14 PM,23,June-18,Summer-2018,12.1,191.7,28.3,0.0,0.0,1020.8,71.0,5.8,28.0,18.1,28.7,00:14.0,06-01-18,01:13.0,06-01-18
02-06-18,12:00:14 AM,24,June-18,Summer-2018,6.7,196.9,27.7,0.0,0.0,1020.9,73.5,0.0,27.4,13.0,28.0,00:14.0,06-02-18,01:25.0,06-02-18
02-06-18,1:00:19 AM,1,June-18,Summer-2018,8.6,197.9,27.3,0.0,0.0,1020.7,74.3,5.1,27.1,13.0,27.4,00:19.0,06-02-18,01:29.0,06-02-18
02-06-18,2:00:14 AM,2,June-18,Summer-2018,14.9,235.7,26.9,0.0,0.0,1020.0,73.9,8.7,26.8,20.3,27.1,00:14.0,06-02-18,01:22.0,06-02-18
02-06-18,3:00:19 AM,3,June-18,Summer-2018,16.4,218.7,26.7,0.0,0.0,1019.8,73.9,10.1,26.7,26.1,26.8,00:19.0,06-02-18,01:26.0,06-02-18
02-06-18,4:00:18 AM,4,June-18,Summer-2018,16.2,234.0,26.6,0.0,0.0,1020.1,73.8,10.1,26.4,26.1,26.8,00:18.0,06-02-18,01:28.0,06-02-18
02-06-18,5:00:19 AM,5,June-18,Summer-2018,15.3,240.1,26.3,0.0,0.0,1019.9,75.7,8.0,26.2,25.3,26.5,00:19.0,06-02-18,01:49.0,06-02-18
02-06-18,6:00:15 AM,6,June-18,Summer-2018,15.6,242.9,25.8,0.0,0.9,1020.4,79.1,10.9,25.6,23.2,26.2,00:15.0,06-02-18,01:21.0,06-02-18
02-06-18,7:00:18 AM,7,June-18,Summer-2018,17.7,228.3,25.8,0.0,46.7,1021.1,81.2,8.7,25.6,26.1,26.2,00:18.0,06-02-18,01:41.0,06-02-18
02-06-18,8:00:10 AM,8,June-18,Summer-2018,18.9,226.0,26.8,0.0,194.2,1022.1,78.9,11.6,26.2,26.1,27.6,00:10.0,06-02-18,01:14.0,06-02-18
02-06-18,9:00:15 AM,9,June-18,Summer-2018,19.6,233.4,28.2,0.0,333.2,1022.4,73.3,11.6,27.6,27.5,28.7,00:15.0,06-02-18,01:45.0,06-02-18
02-06-18,10:00:18 AM,10,June-18,Summer-2018,17.7,244.8,29.7,0.0,559.8,1023.0,67.5,9.4,28.7,29.0,30.6,00:18.0,06-02-18,01:40.0,06-02-18
02-06-18,11:00:12 AM,11,June-18,Summer-2018,13.2,240.3,31.5,0.0,698.0,1023.3,60.2,0.0,30.4,23.9,32.5,00:12.0,06-02-18,01:23.0,06-02-18
02-06-18,12:00:10 PM,12,June-18,Summer-2018,16.3,287.6,33.3,0.0,792.5,1023.0,53.1,8.0,32.5,26.8,34.1,00:10.0,06-02-18,01:26.0,06-02-18
02-06-18,1:00:19 PM,13,June-18,Summer-2018,22.0,280.8,34.4,0.0,821.1,1022.4,49.1,10.1,33.7,30.4,35.0,00:19.0,06-02-18,01:36.0,06-02-18
02-06-18,2:00:14 PM,14,June-18,Summer-2018,22.5,289.4,34.9,0.0,780.3,1021.8,48.2,10.1,34.5,35.5,35.1,00:14.0,06-02-18,01:25.0,06-02-18
02-06-18,3:00:18 PM,15,June-18,Summer-2018,23.5,271.8,35.0,0.0,666.8,1020.7,47.8,11.6,34.6,35.5,35.4,00:18.0,06-02-18,01:25.0,06-02-18
02-06-18,4:00:19 PM,16,June-18,Summer-2018,21.4,264.8,35.4,0.0,550.4,1019.7,45.7,9.4,35.1,31.9,36.0,00:19.0,06-02-18,01:30.0,06-02-18
02-06-18,5:00:18 PM,17,June-18,Summer-2018,19.1,218.7,35.2,0.0,387.4,1019.4,45.6,7.2,34.8,31.1,35.6,00:18.0,06-02-18,01:27.0,06-02-18
02-06-18,6:00:19 PM,18,June-18,Summer-2018,19.2,219.8,34.7,0.0,193.3,1018.8,46.8,10.1,34.0,30.4,35.3,00:19.0,06-02-18,01:31.0,06-02-18
02-06-18,7:00:14 PM,19,June-18,Summer-2018,21.0,224.9,33.0,0.0,51.0,1019.2,49.9,11.6,32.2,29.7,34.0,00:14.0,06-02-18,01:25.0,06-02-18
02-06-18,8:00:18 PM,20,June-18,Summer-2018,20.8,232.4,31.7,0.0,1.5,1020.0,52.5,6.5,31.4,31.1,32.2,00:18.0,06-02-18,01:29.0,06-02-18
02-06-18,9:00:14 PM,21,June-18,Summer-2018,20.2,222.7,30.9,0.0,0.0,1020.4,56.8,8.7,30.1,33.3,31.4,00:14.0,06-02-18,01:24.0,06-02-18
02-06-18,10:00:14 PM,22,June-18,Summer-2018,19.5,221.5,29.4,0.0,0.0,1021.3,63.1,10.1,28.8,31.1,30.1,00:14.0,06-02-18,01:24.0,06-02-18
02-06-18,11:00:14 PM,23,June-18,Summer-2018,14.2,138.2,28.6,0.0,0.0,1022.7,67.1,5.1,28.4,24.6,28.8,00:14.0,06-02-18,01:25.0,06-02-18
03-06-18,12:00:14 AM,24,June-18,Summer-2018,12.5,84.3,27.5,0.0,0.0,1023.2,66.8,7.2,27.0,20.3,28.5,00:14.0,06-03-18,01:25.0,06-03-18
03-06-18,1:00:19 AM,1,June-18,Summer-2018,28.3,62.7,25.1,0.0,0.0,1023.2,76.2,15.9,23.0,48.5,27.0,00:19.0,06-03-18,01:25.0,06-03-18
03-06-18,2:00:12 AM,2,June-18,Summer-2018,26.5,47.1,22.9,1.3,0.0,1021.5,82.6,11.6,22.4,39.1,23.8,00:12.0,06-03-18,01:34.0,06-03-18
03-06-18,3:00:18 AM,3,June-18,Summer-2018,13.9,273.1,24.4,0.0,0.0,1020.3,73.8,0.0,23.1,29.7,25.3,00:18.0,06-03-18,01:29.0,06-03-18
03-06-18,4:00:06 AM,4,June-18,Summer-2018,15.4,252.0,22.7,0.8,0.0,1020.4,86.9,8.0,22.7,21.7,23.0,00:06.0,06-03-18,01:14.0,06-03-18
03-06-18,5:00:19 AM,5,June-18,Summer-2018,7.5,181.7,23.0,1.3,0.0,1020.0,86.8,0.0,22.8,15.2,23.4,00:19.0,06-03-18,01:28.0,06-03-18
03-06-18,6:00:14 AM,6,June-18,Summer-2018,5.7,27.9,24.3,9.1,0.0,1020.2,83.9,0.0,23.5,13.8,24.7,00:14.0,06-03-18,01:23.0,06-03-18
03-06-18,7:00:14 AM,7,June-18,Summer-2018,10.4,173.9,23.3,0.3,14.0,1020.8,85.6,0.0,22.4,21.0,24.7,00:14.0,06-03-18,01:21.0,06-03-18
03-06-18,8:00:19 AM,8,June-18,Summer-2018,8.4,139.4,23.9,0.0,121.2,1021.2,86.0,0.0,23.4,15.9,25.1,00:19.0,06-03-18,01:33.0,06-03-18
03-06-18,9:00:14 AM,9,June-18,Summer-2018,12.9,97.9,26.2,0.0,140.7,1020.4,80.5,7.2,25.1,22.5,27.3,00:14.0,06-03-18,01:19.0,06-03-18
03-06-18,10:00:19 AM,10,June-18,Summer-2018,6.1,279.7,27.9,0.0,207.4,1020.8,70.9,0.0,27.4,14.5,29.2,00:19.0,06-03-18,01:36.0,06-03-18
03-06-18,11:00:14 AM,11,June-18,Summer-2018,13.5,248.4,28.5,0.0,438.6,1021.1,73.2,7.2,28.1,24.6,29.2,00:14.0,06-03-18,01:25.0,06-03-18
03-06-18,12:00:15 PM,12,June-18,Summer-2018,14.2,280.8,28.4,0.0,364.8,1021.1,76.3,6.5,28.1,21.0,28.7,00:15.0,06-03-18,01:26.0,06-03-18
03-06-18,1:00:18 PM,13,June-18,Summer-2018,16.1,265.9,28.4,0.0,401.1,1020.5,78.7,8.0,28.3,23.2,28.5,00:18.0,06-03-18,01:30.0,06-03-18
03-06-18,2:00:19 PM,14,June-18,Summer-2018,14.2,237.7,28.7,0.0,307.6,1020.0,77.6,7.2,28.5,21.0,28.9,00:19.0,06-03-18,01:24.0,06-03-18
03-06-18,3:00:18 PM,15,June-18,Summer-2018,12.7,229.9,29.2,0.0,228.4,1019.4,74.5,6.5,28.9,18.8,29.6,00:18.0,06-03-18,01:31.0,06-03-18
03-06-18,4:00:14 PM,16,June-18,Summer-2018,13.1,237.0,29.8,0.0,224.1,1018.9,72.7,5.8,29.5,23.2,30.0,00:14.0,06-03-18,01:27.0,06-03-18
03-06-18,5:00:15 PM,17,June-18,Summer-2018,16.6,275.9,30.1,0.0,194.1,1018.1,66.8,9.4,29.6,25.3,30.5,00:15.0,06-03-18,01:24.0,06-03-18
03-06-18,6:00:14 PM,18,June-18,Summer-2018,16.7,219.1,30.4,0.0,165.3,1017.9,61.1,8.0,30.1,25.3,30.7,00:14.0,06-03-18,01:26.0,06-03-18
03-06-18,7:00:14 PM,19,June-18,Summer-2018,15.0,213.4,30.6,0.0,64.6,1017.8,49.5,10.1,30.3,22.5,30.8,00:14.0,06-03-18,01:13.0,06-03-18
03-06-18,8:00:19 PM,20,June-18,Summer-2018,12.6,209.6,29.9,0.0,2.5,1017.7,49.3,8.7,29.4,17.4,30.2,00:19.0,06-03-18,01:54.0,06-03-18
03-06-18,9:00:14 PM,21,June-18,Summer-2018,13.7,226.7,28.9,0.0,0.0,1018.0,58.4,9.4,28.4,18.1,29.4,00:14.0,06-03-18,01:20.0,06-03-18
03-06-18,10:00:14 PM,22,June-18,Summer-2018,14.4,208.0,27.7,0.0,0.0,1018.7,68.6,8.0,27.1,21.7,28.4,00:14.0,06-03-18,01:22.0,06-03-18
03-06-18,11:00:19 PM,23,June-18,Summer-2018,19.4,203.4,26.8,0.0,0.0,1019.3,71.5,12.3,26.5,29.0,27.1,00:19.0,06-03-18,01:26.0,06-03-18
04-06-18,12:00:15 AM,24,June-18,Summer-2018,20.5,216.9,26.4,0.0,0.0,1019.5,75.3,11.6,26.3,28.2,26.5,00:15.0,06-04-18,01:20.0,06-04-18
04-06-18,1:00:14 AM,1,June-18,Summer-2018,22.6,202.1,26.1,0.0,0.0,1019.1,79.1,13.8,25.9,31.9,26.3,00:14.0,06-04-18,01:18.0,06-04-18
04-06-18,2:00:15 AM,2,June-18,Summer-2018,24.5,207.2,26.2,0.0,0.0,1018.4,79.9,17.4,26.0,33.3,26.3,00:15.0,06-04-18,01:19.0,06-04-18
04-06-18,3:00:18 AM,3,June-18,Summer-2018,24.9,200.3,26.0,0.0,0.0,1017.8,82.0,17.4,25.9,31.9,26.0,00:18.0,06-04-18,01:26.0,06-04-18
04-06-18,4:00:18 AM,4,June-18,Summer-2018,28.1,209.6,25.8,0.0,0.0,1017.3,83.6,19.6,25.6,36.2,26.0,00:18.0,06-04-18,01:42.0,06-04-18
04-06-18,5:00:18 AM,5,June-18,Summer-2018,26.0,207.5,25.6,0.0,0.0,1017.6,85.3,19.6,25.6,34.0,25.7,00:18.0,06-04-18,02:01.0,06-04-18
04-06-18,6:00:18 AM,6,June-18,Summer-2018,23.0,220.2,25.5,0.0,0.9,1018.3,87.3,13.8,25.4,31.9,25.6,00:18.0,06-04-18,01:28.0,06-04-18
04-06-18,7:00:18 AM,7,June-18,Summer-2018,21.9,230.2,25.6,0.0,47.9,1019.1,87.9,15.2,25.5,29.7,25.9,00:18.0,06-04-18,01:30.0,06-04-18
04-06-18,8:00:19 AM,8,June-18,Summer-2018,19.9,256.8,26.4,0.0,149.9,1020.1,85.2,13.8,25.9,28.2,26.6,00:19.0,06-04-18,01:29.0,06-04-18
04-06-18,9:00:15 AM,9,June-18,Summer-2018,22.4,240.0,27.4,0.0,377.8,1020.6,81.2,11.6,26.6,32.6,28.4,00:15.0,06-04-18,01:25.0,06-04-18
04-06-18,10:00:18 AM,10,June-18,Summer-2018,20.5,223.7,29.0,0.0,560.3,1020.9,71.8,10.9,28.4,30.4,30.1,00:18.0,06-04-18,01:21.0,06-04-18
04-06-18,11:00:14 AM,11,June-18,Summer-2018,20.8,254.1,30.7,0.0,739.1,1020.7,64.8,10.9,30.1,31.9,31.6,00:14.0,06-04-18,01:22.0,06-04-18
04-06-18,12:00:15 PM,12,June-18,Summer-2018,17.3,287.1,31.8,0.0,785.7,1020.2,60.9,4.3,31.2,31.9,32.3,00:15.0,06-04-18,01:32.0,06-04-18
04-06-18,1:00:14 PM,13,June-18,Summer-2018,19.8,300.5,32.8,0.0,855.6,1019.6,57.3,5.8,32.0,31.1,33.3,00:14.0,06-04-18,01:31.0,06-04-18
04-06-18,2:00:14 PM,14,June-18,Summer-2018,22.3,279.1,33.5,0.0,819.5,1018.6,55.1,8.7,33.2,31.9,34.0,00:14.0,06-04-18,01:26.0,06-04-18
04-06-18,3:00:19 PM,15,June-18,Summer-2018,22.6,293.8,33.7,0.0,713.3,1017.8,55.6,7.2,33.4,31.9,33.9,00:19.0,06-04-18,01:35.0,06-04-18
04-06-18,4:00:14 PM,16,June-18,Summer-2018,22.1,292.8,33.8,0.0,563.8,1017.3,54.4,11.6,33.5,32.6,34.0,00:14.0,06-04-18,01:32.0,06-04-18
04-06-18,5:00:18 PM,17,June-18,Summer-2018,22.1,275.2,33.6,0.0,387.7,1016.6,54.0,10.9,33.3,30.4,34.3,00:18.0,06-04-18,01:28.0,06-04-18
04-06-18,6:00:18 PM,18,June-18,Summer-2018,18.9,282.0,33.0,0.0,199.5,1016.3,54.0,10.1,32.6,30.4,33.5,00:18.0,06-04-18,01:31.0,06-04-18
04-06-18,7:00:15 PM,19,June-18,Summer-2018,17.3,235.1,31.9,0.0,53.4,1016.0,55.4,8.0,31.2,27.5,32.7,00:15.0,06-04-18,01:25.0,06-04-18
04-06-18,8:00:18 PM,20,June-18,Summer-2018,13.7,209.9,30.8,0.0,1.6,1016.3,57.7,5.1,30.5,21.7,31.2,00:18.0,06-04-18,01:28.0,06-04-18
04-06-18,9:00:15 PM,21,June-18,Summer-2018,17.1,198.9,30.1,0.0,0.0,1017.2,57.5,11.6,29.9,23.9,30.5,00:15.0,06-04-18,01:30.0,06-04-18
04-06-18,10:00:14 PM,22,June-18,Summer-2018,17.4,200.9,29.7,0.0,0.0,1017.8,56.8,10.9,29.3,23.9,29.9,00:14.0,06-04-18,01:25.0,06-04-18
04-06-18,11:00:18 PM,23,June-18,Summer-2018,20.4,209.6,28.8,0.0,0.0,1018.4,58.6,12.3,28.4,29.0,29.3,00:18.0,06-04-18,01:28.0,06-04-18
05-06-18,12:00:19 AM,24,June-18,Summer-2018,19.3,215.2,27.9,0.0,0.0,1018.3,65.3,8.0,27.3,29.0,28.4,00:19.0,06-05-18,01:27.0,06-05-18
05-06-18,1:00:18 AM,1,June-18,Summer-2018,17.2,214.2,27.0,0.0,0.0,1017.9,73.9,8.7,26.7,26.1,27.3,00:18.0,06-05-18,01:26.0,06-05-18
05-06-18,2:00:14 AM,2,June-18,Summer-2018,23.2,210.1,26.5,0.0,0.0,1017.9,81.2,15.2,26.3,33.3,26.7,00:14.0,06-05-18,01:22.0,06-05-18
05-06-18,3:00:25 AM,3,June-18,Summer-2018,26.4,210.4,26.3,0.0,0.0,1017.7,82.2,17.4,26.2,36.9,26.4,00:25.0,06-05-18,01:42.0,06-05-18
05-06-18,4:00:14 AM,4,June-18,Summer-2018,25.4,231.3,26.1,0.0,0.0,1017.6,84.4,16.7,26.1,54.3,26.2,00:14.0,06-05-18,01:06.0,06-05-18
05-06-18,5:00:19 AM,5,June-18,Summer-2018,21.7,248.8,26.2,0.0,0.0,1017.8,87.2,8.7,26.1,36.9,26.2,00:19.0,06-05-18,01:22.0,06-05-18
05-06-18,6:00:15 AM,6,June-18,Summer-2018,19.8,246.7,25.9,0.0,1.0,1018.3,86.6,10.9,25.8,29.0,26.1,00:15.0,06-05-18,01:33.0,06-05-18
05-06-18,7:00:14 AM,7,June-18,Summer-2018,20.6,250.6,26.0,0.0,50.6,1019.1,87.0,12.3,25.8,29.0,26.2,00:14.0,06-05-18,01:30.0,06-05-18
05-06-18,8:00:14 AM,8,June-18,Summer-2018,19.8,233.7,26.5,0.0,145.7,1020.0,86.8,12.3,26.2,28.2,27.0,00:14.0,06-05-18,01:25.0,06-05-18
05-06-18,9:00:14 AM,9,June-18,Summer-2018,20.4,245.4,28.0,0.0,426.1,1020.6,79.8,13.0,27.0,30.4,28.9,00:14.0,06-05-18,01:19.0,06-05-18
05-06-18,10:00:10 AM,10,June-18,Summer-2018,20.5,250.4,29.4,0.0,597.0,1021.0,72.2,10.9,28.8,27.5,30.0,00:10.0,06-05-18,01:14.0,06-05-18
05-06-18,11:00:15 AM,11,June-18,Summer-2018,19.8,212.8,30.8,0.0,729.5,1021.4,62.2,10.1,29.9,30.4,32.3,00:15.0,06-05-18,01:12.0,06-05-18
05-06-18,12:00:19 PM,12,June-18,Summer-2018,13.8,225.8,32.4,0.0,826.4,1021.9,54.8,4.3,31.8,24.6,33.2,00:19.0,06-05-18,01:22.0,06-05-18
05-06-18,1:00:15 PM,13,June-18,Summer-2018,12.8,254.8,33.8,0.0,834.5,1021.8,46.9,0.0,33.0,29.0,34.4,00:15.0,06-05-18,01:23.0,06-05-18
05-06-18,2:00:14 PM,14,June-18,Summer-2018,20.0,289.4,34.4,0.0,811.4,1020.5,44.5,7.2,34.0,29.7,34.8,00:14.0,06-05-18,01:20.0,06-05-18
05-06-18,3:00:18 PM,15,June-18,Summer-2018,20.5,274.8,35.0,0.0,732.2,1019.6,44.3,8.7,34.5,31.9,35.3,00:18.0,06-05-18,01:26.0,06-05-18
05-06-18,4:00:14 PM,16,June-18,Summer-2018,19.8,222.3,35.2,0.0,569.7,1018.4,44.8,9.4,34.9,30.4,35.5,00:14.0,06-05-18,01:20.0,06-05-18
05-06-18,5:00:19 PM,17,June-18,Summer-2018,19.2,229.3,34.9,0.0,375.8,1017.4,44.8,8.0,34.6,29.7,35.3,00:19.0,06-05-18,01:22.0,06-05-18
05-06-18,6:00:18 PM,18,June-18,Summer-2018,19.1,246.7,34.3,0.0,208.6,1017.0,46.8,10.9,33.6,29.7,34.8,00:18.0,06-05-18,01:22.0,06-05-18
05-06-18,7:00:14 PM,19,June-18,Summer-2018,19.8,261.0,33.2,0.0,55.3,1017.0,49.8,10.1,32.7,28.2,33.6,00:14.0,06-05-18,01:20.0,06-05-18
05-06-18,8:00:15 PM,20,June-18,Summer-2018,16.1,225.7,32.3,0.0,1.5,1017.5,52.7,10.1,32.0,22.5,32.7,00:15.0,06-05-18,01:21.0,06-05-18
05-06-18,9:00:15 PM,21,June-18,Summer-2018,14.9,223.3,31.5,0.0,0.0,1018.6,59.9,8.0,31.0,22.5,32.0,00:15.0,06-05-18,01:18.0,06-05-18
05-06-18,10:00:12 PM,22,June-18,Summer-2018,11.7,227.5,30.5,0.0,0.0,1019.7,67.7,5.8,29.8,18.8,31.0,00:12.0,06-05-18,01:16.0,06-05-18
05-06-18,11:00:19 PM,23,June-18,Summer-2018,13.1,209.9,29.1,0.0,0.0,1020.3,76.3,8.0,28.4,18.8,29.8,00:19.0,06-05-18,01:19.0,06-05-18
06-06-18,12:00:18 AM,24,June-18,Summer-2018,17.9,225.0,27.7,0.0,0.0,1020.6,79.1,10.1,27.2,25.3,28.4,00:18.0,06-06-18,01:25.0,06-06-18
06-06-18,1:00:14 AM,1,June-18,Summer-2018,5.0,35.5,27.1,0.0,0.0,1021.9,79.3,0.0,26.9,18.8,27.2,00:14.0,06-06-18,01:53.0,06-06-18
06-06-18,2:00:15 AM,2,June-18,Summer-2018,23.4,65.7,23.4,7.9,0.0,1023.0,85.2,8.7,22.3,44.9,27.3,00:15.0,06-06-18,01:21.0,06-06-18
06-06-18,3:00:14 AM,3,June-18,Summer-2018,5.4,191.5,22.3,2.3,0.0,1021.5,91.5,0.0,21.9,13.8,22.9,00:14.0,06-06-18,01:14.0,06-06-18
06-06-18,4:00:19 AM,4,June-18,Summer-2018,1.7,131.4,23.4,0.5,0.0,1020.5,91.3,0.0,22.8,5.8,23.9,00:19.0,06-06-18,01:09.0,06-06-18
06-06-18,5:00:19 AM,5,June-18,Summer-2018,5.3,256.7,24.3,0.0,0.0,1020.6,87.7,0.0,23.8,14.5,25.1,00:19.0,06-06-18,01:20.0,06-06-18
06-06-18,6:00:15 AM,6,June-18,Summer-2018,10.6,223.8,24.8,0.3,0.0,1020.5,80.7,5.1,24.6,19.6,25.2,00:15.0,06-06-18,01:18.0,06-06-18
06-06-18,7:00:14 AM,7,June-18,Summer-2018,9.6,157.8,24.8,0.0,16.8,1020.8,78.6,0.0,24.7,19.6,25.0,00:14.0,06-06-18,01:22.0,06-06-18
06-06-18,8:00:18 AM,8,June-18,Summer-2018,7.4,204.7,25.4,0.0,145.4,1021.5,80.0,0.0,24.8,19.6,26.8,00:18.0,06-06-18,01:26.0,06-06-18
06-06-18,9:00:18 AM,9,June-18,Summer-2018,12.7,251.4,27.7,0.0,213.1,1022.0,69.0,6.5,26.8,19.6,28.5,00:18.0,06-06-18,01:19.0,06-06-18
06-06-18,10:00:15 AM,10,June-18,Summer-2018,16.2,259.8,29.1,0.0,596.2,1022.6,65.3,8.0,28.5,26.1,29.7,00:15.0,06-06-18,01:21.0,06-06-18
06-06-18,11:00:14 AM,11,June-18,Summer-2018,15.9,261.3,30.2,0.0,617.9,1022.9,62.4,9.4,29.7,25.3,30.7,00:14.0,06-06-18,01:17.0,06-06-18
06-06-18,12:00:15 PM,12,June-18,Summer-2018,21.0,305.5,31.4,0.0,737.3,1022.6,56.5,12.3,30.5,31.1,32.6,00:15.0,06-06-18,01:20.0,06-06-18
06-06-18,1:00:15 PM,13,June-18,Summer-2018,25.1,272.9,32.4,0.0,855.5,1022.1,54.0,13.0,32.0,38.4,32.7,00:15.0,06-06-18,01:25.0,06-06-18
06-06-18,2:00:15 PM,14,June-18,Summer-2018,25.0,267.4,31.9,0.0,413.3,1021.0,57.1,12.3,31.5,34.8,32.6,00:15.0,06-06-18,01:19.0,06-06-18
06-06-18,3:00:18 PM,15,June-18,Summer-2018,23.6,248.4,31.9,0.0,297.8,1020.2,57.7,12.3,31.5,36.9,32.3,00:18.0,06-06-18,01:26.0,06-06-18
06-06-18,4:00:18 PM,16,June-18,Summer-2018,20.9,229.8,32.8,0.0,477.5,1019.7,56.2,12.3,32.2,34.8,33.2,00:18.0,06-06-18,01:27.0,06-06-18
06-06-18,5:00:14 PM,17,June-18,Summer-2018,21.0,223.5,32.9,0.0,381.8,1019.2,55.4,10.1,32.4,29.7,33.2,00:14.0,06-06-18,01:21.0,06-06-18
06-06-18,6:00:14 PM,18,June-18,Summer-2018,21.5,233.0,32.1,0.0,192.6,1018.9,58.1,10.1,31.5,31.9,32.5,00:14.0,06-06-18,01:20.0,06-06-18
06-06-18,7:00:19 PM,19,June-18,Summer-2018,18.9,214.2,31.0,0.0,35.6,1019.0,61.5,9.4,30.5,30.4,31.6,00:19.0,06-06-18,01:22.0,06-06-18
06-06-18,8:00:19 PM,20,June-18,Summer-2018,20.1,200.4,30.1,0.0,1.1,1018.9,66.4,13.0,29.7,27.5,30.5,00:19.0,06-06-18,01:33.0,06-06-18
06-06-18,9:00:14 PM,21,June-18,Summer-2018,20.0,199.9,29.6,0.0,0.0,1019.3,67.8,12.3,29.4,26.8,29.7,00:14.0,06-06-18,01:22.0,06-06-18
06-06-18,10:00:15 PM,22,June-18,Summer-2018,19.4,200.8,29.2,0.0,0.0,1019.8,68.3,12.3,28.8,28.2,29.5,00:15.0,06-06-18,02:19.0,06-06-18
06-06-18,11:00:19 PM,23,June-18,Summer-2018,24.4,200.9,28.3,0.0,0.0,1019.9,73.4,17.4,28.0,30.4,28.8,00:19.0,06-06-18,01:28.0,06-06-18
07-06-18,12:00:18 AM,24,June-18,Summer-2018,19.2,189.1,27.4,0.8,0.0,1020.4,77.1,10.9,26.7,27.5,28.0,00:18.0,06-07-18,01:24.0,06-07-18
07-06-18,1:00:19 AM,1,June-18,Summer-2018,12.1,113.5,26.8,0.0,0.0,1021.0,79.8,5.1,26.5,23.2,27.1,00:19.0,06-07-18,01:24.0,06-07-18
07-06-18,2:00:18 AM,2,June-18,Summer-2018,9.7,110.4,26.2,0.0,0.0,1020.0,82.2,0.0,25.3,15.9,26.9,00:18.0,06-07-18,01:27.0,06-07-18
07-06-18,3:00:18 AM,3,June-18,Summer-2018,9.0,150.1,25.0,0.0,0.0,1018.7,86.4,0.0,24.8,15.9,25.4,00:18.0,06-07-18,01:26.0,06-07-18
07-06-18,4:00:19 AM,4,June-18,Summer-2018,18.3,193.5,26.3,0.0,0.0,1018.1,80.2,6.5,25.1,28.2,26.7,00:19.0,06-07-18,01:10.0,06-07-18
07-06-18,5:00:19 AM,5,June-18,Summer-2018,20.1,209.6,26.4,0.0,0.0,1018.1,82.2,12.3,26.3,29.7,26.5,00:19.0,06-07-18,01:23.0,06-07-18
07-06-18,6:00:15 AM,6,June-18,Summer-2018,19.4,225.2,26.2,0.0,0.4,1018.3,84.8,12.3,26.1,29.0,26.3,00:15.0,06-07-18,01:23.0,06-07-18
07-06-18,7:00:14 AM,7,June-18,Summer-2018,21.4,239.4,26.2,0.0,35.4,1019.2,86.8,9.4,26.1,29.7,26.4,00:14.0,06-07-18,01:28.0,06-07-18
07-06-18,8:00:18 AM,8,June-18,Summer-2018,19.2,238.6,26.7,0.0,150.0,1019.6,86.4,10.9,26.4,29.7,27.0,00:18.0,06-07-18,01:35.0,06-07-18
07-06-18,9:00:16 AM,9,June-18,Summer-2018,20.3,224.3,27.3,0.0,262.4,1020.0,83.9,11.6,27.0,28.2,27.9,00:16.0,06-07-18,01:24.0,06-07-18
07-06-18,10:00:10 AM,10,June-18,Summer-2018,20.7,229.5,28.6,0.0,514.6,1020.1,77.1,11.6,27.9,31.9,29.2,00:10.0,06-07-18,01:12.0,06-07-18
07-06-18,11:00:19 AM,11,June-18,Summer-2018,19.5,210.4,30.1,0.0,655.4,1020.4,68.8,8.0,29.2,31.9,30.8,00:19.0,06-07-18,01:33.0,06-07-18
07-06-18,12:00:10 PM,12,June-18,Summer-2018,17.5,238.5,31.5,0.0,792.0,1020.2,60.7,6.5,30.8,28.2,32.2,00:10.0,06-07-18,01:11.0,06-07-18
07-06-18,1:00:14 PM,13,June-18,Summer-2018,19.6,267.5,32.7,0.0,804.3,1019.7,55.5,5.1,32.2,30.4,33.2,00:14.0,06-07-18,01:31.0,06-07-18
07-06-18,2:00:14 PM,14,June-18,Summer-2018,22.3,245.4,33.1,0.0,604.7,1018.8,52.5,10.1,32.8,36.9,33.5,00:14.0,06-07-18,01:18.0,06-07-18
07-06-18,3:00:19 PM,15,June-18,Summer-2018,21.2,274.3,33.5,0.0,590.2,1017.9,51.2,12.3,32.9,32.6,34.1,00:19.0,06-07-18,01:35.0,06-07-18
07-06-18,4:00:14 PM,16,June-18,Summer-2018,19.4,266.7,33.9,0.0,552.5,1017.3,50.0,8.7,33.6,32.6,34.1,00:14.0,06-07-18,01:23.0,06-07-18
07-06-18,5:00:12 PM,17,June-18,Summer-2018,16.2,251.3,33.5,0.0,299.1,1016.7,51.0,7.2,33.2,29.0,34.0,00:12.0,06-07-18,01:18.0,06-07-18
07-06-18,6:00:15 PM,18,June-18,Summer-2018,18.2,224.6,33.3,0.0,228.0,1016.3,51.1,9.4,32.9,28.2,33.6,00:15.0,06-07-18,01:24.0,06-07-18
07-06-18,7:00:19 PM,19,June-18,Summer-2018,18.2,240.0,32.2,0.0,56.2,1016.4,53.9,10.1,31.5,27.5,32.9,00:19.0,06-07-18,01:32.0,06-07-18
07-06-18,8:00:14 PM,20,June-18,Summer-2018,19.3,220.7,31.0,0.0,2.2,1016.5,60.3,10.9,30.2,28.2,31.5,00:14.0,06-07-18,01:20.0,06-07-18
07-06-18,9:00:15 PM,21,June-18,Summer-2018,19.4,208.5,29.4,0.0,0.0,1016.8,70.5,12.3,28.6,26.8,30.1,00:15.0,06-07-18,01:24.0,06-07-18
07-06-18,10:00:18 PM,22,June-18,Summer-2018,22.0,211.7,27.9,0.0,0.0,1017.2,77.8,11.6,27.5,36.2,28.6,00:18.0,06-07-18,01:20.0,06-07-18
07-06-18,11:00:18 PM,23,June-18,Summer-2018,23.8,221.3,27.2,0.0,0.0,1017.4,80.9,14.5,27.0,33.3,27.5,00:18.0,06-07-18,01:23.0,06-07-18
08-06-18,12:00:15 AM,24,June-18,Summer-2018,25.2,198.6,26.8,0.0,0.0,1017.6,82.4,16.7,26.6,34.0,27.0,00:15.0,06-08-18,01:25.0,06-08-18
08-06-18,1:00:14 AM,1,June-18,Summer-2018,27.8,215.8,26.5,0.0,0.0,1017.1,83.2,15.2,26.4,39.8,26.6,00:14.0,06-08-18,01:30.0,06-08-18
08-06-18,2:00:14 AM,2,June-18,Summer-2018,28.5,208.8,26.4,0.0,0.0,1016.6,84.1,15.2,26.4,38.4,26.5,00:14.0,06-08-18,01:20.0,06-08-18
08-06-18,3:00:15 AM,3,June-18,Summer-2018,28.8,212.6,26.3,0.0,0.0,1016.0,85.3,19.6,26.2,38.4,26.4,00:15.0,06-08-18,01:23.0,06-08-18
08-06-18,4:00:14 AM,4,June-18,Summer-2018,28.5,219.9,26.1,0.0,0.0,1015.6,86.2,18.8,26.0,39.1,26.2,00:14.0,06-08-18,01:02.0,06-08-18
08-06-18,5:00:13 AM,5,June-18,Summer-2018,26.8,225.4,26.0,0.0,0.0,1015.9,86.3,16.7,25.9,40.6,26.1,00:13.0,06-08-18,01:14.0,06-08-18
08-06-18,6:00:15 AM,6,June-18,Summer-2018,25.3,229.0,26.0,0.0,0.4,1016.0,87.1,14.5,26.0,34.8,26.1,00:15.0,06-08-18,01:24.0,06-08-18
08-06-18,7:00:14 AM,7,June-18,Summer-2018,22.5,234.5,26.1,0.0,42.7,1016.4,86.9,12.3,26.0,36.9,26.3,00:14.0,06-08-18,01:23.0,06-08-18
08-06-18,8:00:18 AM,8,June-18,Summer-2018,21.9,230.1,26.4,0.0,140.4,1016.9,85.7,14.5,26.2,33.3,27.1,00:18.0,06-08-18,01:23.0,06-08-18
08-06-18,9:00:14 AM,9,June-18,Summer-2018,24.5,224.9,27.5,0.0,344.2,1017.1,80.7,12.3,27.0,36.9,28.0,00:14.0,06-08-18,01:27.0,06-08-18
08-06-18,10:00:15 AM,10,June-18,Summer-2018,23.8,266.5,29.0,0.0,571.3,1017.4,71.0,7.2,28.1,37.7,29.8,00:15.0,06-08-18,01:30.0,06-08-18
08-06-18,11:00:14 AM,11,June-18,Summer-2018,23.7,267.2,30.8,0.0,697.1,1017.3,62.2,13.8,29.8,34.8,31.3,00:14.0,06-08-18,01:20.0,06-08-18
08-06-18,12:00:14 PM,12,June-18,Summer-2018,19.9,228.6,31.5,0.0,526.1,1017.2,59.7,10.9,31.1,29.7,31.9,00:14.0,06-08-18,01:25.0,06-08-18
08-06-18,1:00:19 PM,13,June-18,Summer-2018,17.5,252.6,31.8,0.0,548.5,1017.0,57.6,5.8,31.2,33.3,32.4,00:19.0,06-08-18,00:57.0,06-08-18
08-06-18,2:00:18 PM,14,June-18,Summer-2018,16.7,189.6,33.2,0.0,620.7,1016.2,52.6,5.8,32.4,31.1,33.6,00:18.0,06-08-18,01:06.0,06-08-18
08-06-18,3:00:19 PM,15,June-18,Summer-2018,17.6,224.3,33.6,0.0,551.7,1015.2,50.0,5.1,33.2,29.0,34.2,00:19.0,06-08-18,01:30.0,06-08-18
08-06-18,4:00:14 PM,16,June-18,Summer-2018,18.8,225.4,34.3,0.0,558.7,1014.3,45.9,5.1,34.0,33.3,34.8,00:14.0,06-08-18,01:30.0,06-08-18
08-06-18,5:00:15 PM,17,June-18,Summer-2018,20.3,229.3,33.9,0.0,388.0,1013.2,46.6,10.1,33.3,32.6,34.2,00:15.0,06-08-18,01:37.0,06-08-18
08-06-18,6:00:15 PM,18,June-18,Summer-2018,21.6,250.0,32.9,0.0,205.6,1012.7,49.1,10.1,32.1,34.8,33.6,00:15.0,06-08-18,01:31.0,06-08-18
08-06-18,7:00:15 PM,19,June-18,Summer-2018,21.4,216.1,31.4,0.0,62.3,1013.2,52.6,13.0,30.9,31.9,32.1,00:15.0,06-08-18,01:29.0,06-08-18
08-06-18,8:00:10 PM,20,June-18,Summer-2018,22.0,209.1,30.3,0.0,3.7,1013.8,56.9,11.6,29.7,29.7,30.9,00:10.0,06-08-18,01:20.0,06-08-18
08-06-18,9:00:19 PM,21,June-18,Summer-2018,24.6,197.1,29.0,0.0,0.0,1014.6,66.7,16.7,28.3,31.9,29.7,00:19.0,06-08-18,01:27.0,06-08-18
08-06-18,10:00:19 PM,22,June-18,Summer-2018,28.4,195.2,27.8,0.0,0.0,1014.7,75.6,18.1,27.4,35.5,28.3,00:19.0,06-08-18,01:35.0,06-08-18
08-06-18,11:00:14 PM,23,June-18,Summer-2018,25.8,207.2,27.3,0.0,0.0,1014.8,78.6,15.2,27.2,39.1,27.4,00:14.0,06-08-18,01:27.0,06-08-18
09-06-18,12:00:14 AM,24,June-18,Summer-2018,25.2,206.8,27.0,0.0,0.0,1014.4,80.6,14.5,26.9,35.5,27.2,00:14.0,06-09-18,01:28.0,06-09-18
09-06-18,1:00:15 AM,1,June-18,Summer-2018,26.2,226.0,26.8,0.0,0.0,1013.7,82.2,16.7,26.7,34.8,26.9,00:15.0,06-09-18,01:31.0,06-09-18
09-06-18,2:00:14 AM,2,June-18,Summer-2018,29.2,216.8,26.5,0.0,0.0,1013.3,84.4,17.4,26.4,39.8,26.7,00:14.0,06-09-18,01:29.0,06-09-18
09-06-18,3:00:14 AM,3,June-18,Summer-2018,24.1,228.3,26.2,0.0,0.0,1013.4,84.1,10.9,26.1,36.9,26.3,00:14.0,06-09-18,01:30.0,06-09-18
09-06-18,4:00:14 AM,4,June-18,Summer-2018,25.1,225.0,26.1,0.0,0.0,1013.6,85.4,14.5,26.0,36.2,26.2,00:14.0,06-09-18,01:20.0,06-09-18
09-06-18,5:00:19 AM,5,June-18,Summer-2018,23.6,211.2,26.1,0.0,0.0,1013.8,86.2,13.0,26.1,34.8,26.1,00:19.0,06-09-18,01:31.0,06-09-18
09-06-18,6:00:15 AM,6,June-18,Summer-2018,25.1,218.8,26.0,0.0,0.4,1014.0,87.4,13.0,25.9,39.8,26.1,00:15.0,06-09-18,01:31.0,06-09-18
09-06-18,7:00:15 AM,7,June-18,Summer-2018,23.1,209.9,26.0,0.0,33.7,1014.4,87.8,13.0,25.9,36.2,26.3,00:15.0,06-09-18,01:21.0,06-09-18
09-06-18,8:00:15 AM,8,June-18,Summer-2018,23.5,229.2,26.9,0.0,177.1,1015.5,83.5,14.5,26.3,34.0,27.6,00:15.0,06-09-18,01:17.0,06-09-18
09-06-18,9:00:14 AM,9,June-18,Summer-2018,21.5,226.9,28.1,0.0,311.6,1016.7,78.0,11.6,27.6,34.8,28.8,00:14.0,06-09-18,01:11.0,06-09-18
09-06-18,10:00:14 AM,10,June-18,Summer-2018,20.5,220.2,29.7,0.0,543.9,1017.0,70.6,8.7,28.8,30.4,30.5,00:14.0,06-09-18,01:19.0,06-09-18
09-06-18,11:00:14 AM,11,June-18,Summer-2018,24.7,218.5,30.8,0.0,641.8,1016.7,64.5,8.7,30.3,36.9,31.2,00:14.0,06-09-18,01:10.0,06-09-18
09-06-18,12:00:15 PM,12,June-18,Summer-2018,26.0,219.0,31.7,0.0,817.3,1015.9,61.1,13.8,30.9,39.8,32.6,00:15.0,06-09-18,01:18.0,06-09-18
09-06-18,1:00:19 PM,13,June-18,Summer-2018,24.5,223.0,32.9,0.0,783.9,1015.0,55.8,8.0,32.2,44.9,33.7,00:19.0,06-09-18,00:58.0,06-09-18
09-06-18,2:00:14 PM,14,June-18,Summer-2018,23.9,245.7,33.5,0.0,731.6,1014.2,52.5,15.2,33.0,31.9,33.9,00:14.0,06-09-18,01:08.0,06-09-18
09-06-18,3:00:14 PM,15,June-18,Summer-2018,24.3,237.3,33.8,0.0,695.3,1013.6,51.7,13.0,33.0,36.9,34.1,00:14.0,06-09-18,01:22.0,06-09-18
09-06-18,4:00:18 PM,16,June-18,Summer-2018,24.6,220.4,33.4,0.0,450.8,1012.5,52.4,13.8,32.8,36.2,34.1,00:18.0,06-09-18,01:37.0,06-09-18
09-06-18,5:00:12 PM,17,June-18,Summer-2018,25.3,212.3,32.8,0.0,306.2,1011.7,53.6,13.0,31.9,41.3,33.3,00:12.0,06-09-18,01:46.0,06-09-18
09-06-18,6:00:18 PM,18,June-18,Summer-2018,24.5,214.2,31.7,0.0,164.5,1011.6,57.1,12.3,31.1,37.7,32.2,00:18.0,06-09-18,01:13.0,06-09-18
09-06-18,7:00:15 PM,19,June-18,Summer-2018,21.1,221.0,30.5,0.0,59.6,1012.0,62.3,8.7,29.9,36.2,31.1,00:15.0,06-09-18,01:18.0,06-09-18
09-06-18,8:00:14 PM,20,June-18,Summer-2018,25.6,207.5,29.1,0.0,3.1,1012.9,68.5,15.2,28.5,36.9,29.9,00:14.0,06-09-18,01:56.0,06-09-18
09-06-18,9:00:12 PM,21,June-18,Summer-2018,23.9,204.5,28.1,0.0,0.0,1013.4,75.4,15.2,27.8,33.3,28.5,00:12.0,06-09-18,01:43.0,06-09-18
09-06-18,10:00:10 PM,22,June-18,Summer-2018,20.4,229.8,27.7,0.0,0.0,1014.2,77.9,10.9,27.6,31.9,27.8,00:10.0,06-09-18,01:54.0,06-09-18
09-06-18,11:00:19 PM,23,June-18,Summer-2018,25.1,205.9,27.4,0.0,0.0,1014.6,79.8,13.0,27.3,38.4,27.7,00:19.0,06-09-18,01:23.0,06-09-18
10-06-18,12:00:19 AM,24,June-18,Summer-2018,22.8,214.2,27.1,0.0,0.0,1014.6,82.7,12.3,27.0,34.8,27.3,00:19.0,06-10-18,01:29.0,06-10-18
10-06-18,1:00:14 AM,1,June-18,Summer-2018,21.5,211.7,27.0,0.0,0.0,1014.5,83.1,13.8,26.9,31.1,27.1,00:14.0,06-10-18,01:28.0,06-10-18
10-06-18,2:00:14 AM,2,June-18,Summer-2018,21.6,203.2,26.7,0.0,0.0,1014.0,83.9,14.5,26.6,29.7,26.9,00:14.0,06-10-18,01:21.0,06-10-18
10-06-18,3:00:14 AM,3,June-18,Summer-2018,19.7,197.4,26.6,0.0,0.0,1013.6,84.1,12.3,26.5,29.0,26.6,00:14.0,06-10-18,01:38.0,06-10-18
10-06-18,4:00:14 AM,4,June-18,Summer-2018,17.9,203.7,26.5,0.0,0.0,1013.8,84.4,10.9,26.5,25.3,26.6,00:14.0,06-10-18,01:19.0,06-10-18
10-06-18,5:00:19 AM,5,June-18,Summer-2018,19.5,212.0,26.3,0.0,0.0,1013.8,85.6,13.0,26.3,27.5,26.5,00:19.0,06-10-18,01:32.0,06-10-18
10-06-18,6:00:15 AM,6,June-18,Summer-2018,18.2,216.9,26.3,0.0,0.3,1014.1,86.8,7.2,26.0,26.8,26.4,00:15.0,06-10-18,01:18.0,06-10-18
10-06-18,7:00:18 AM,7,June-18,Summer-2018,20.2,209.8,26.0,0.0,32.5,1014.7,90.5,13.0,25.9,28.2,26.3,00:18.0,06-10-18,01:09.0,06-10-18
10-06-18,8:00:15 AM,8,June-18,Summer-2018,20.0,222.4,26.9,0.0,178.0,1015.6,86.6,13.0,26.3,26.1,27.5,00:15.0,06-10-18,01:17.0,06-10-18
10-06-18,9:00:18 AM,9,June-18,Summer-2018,19.5,253.4,28.1,0.0,310.7,1016.8,79.7,10.1,27.5,30.4,28.5,00:18.0,06-10-18,01:20.0,06-10-18
10-06-18,10:00:14 AM,10,June-18,Summer-2018,17.3,229.8,28.7,0.0,425.1,1017.5,77.1,8.0,28.0,27.5,29.5,00:14.0,06-10-18,01:24.0,06-10-18
10-06-18,11:00:14 AM,11,June-18,Summer-2018,18.9,218.4,30.2,0.0,521.4,1017.5,69.1,10.1,29.4,34.8,31.2,00:14.0,06-10-18,01:17.0,06-10-18
10-06-18,12:00:14 PM,12,June-18,Summer-2018,19.8,253.0,31.8,0.0,702.5,1017.1,61.5,10.1,31.1,29.7,32.6,00:14.0,06-10-18,01:12.0,06-10-18
10-06-18,1:00:17 PM,13,June-18,Summer-2018,21.0,230.1,32.4,0.0,474.1,1016.3,57.8,8.0,31.8,33.3,32.9,00:17.0,06-10-18,01:28.0,06-10-18
10-06-18,2:00:13 PM,14,June-18,Summer-2018,23.9,226.9,31.7,0.0,367.8,1015.6,60.4,10.9,31.1,42.7,32.8,00:13.0,06-10-18,01:43.0,06-10-18
10-06-18,3:00:18 PM,15,June-18,Summer-2018,23.2,242.2,31.6,0.0,271.3,1014.8,61.1,12.3,31.4,35.5,32.0,00:18.0,06-10-18,01:53.0,06-10-18
10-06-18,4:00:13 PM,16,June-18,Summer-2018,24.8,237.7,32.0,0.0,333.2,1014.1,59.4,13.8,31.5,35.5,32.5,00:13.0,06-10-18,02:04.0,06-10-18
10-06-18,5:00:19 PM,17,June-18,Summer-2018,28.0,218.7,32.5,0.0,371.1,1013.8,55.8,18.1,32.2,39.1,33.0,00:19.0,06-10-18,02:13.0,06-10-18
10-06-18,6:00:14 PM,18,June-18,Summer-2018,25.9,224.4,31.7,0.0,190.7,1013.8,58.6,14.5,31.0,39.8,32.6,00:14.0,06-10-18,01:09.0,06-10-18
10-06-18,7:00:15 PM,19,June-18,Summer-2018,28.7,223.3,30.3,0.0,50.7,1013.6,61.6,18.8,29.6,37.7,31.0,00:15.0,06-10-18,01:20.0,06-10-18
10-06-18,8:00:15 PM,20,June-18,Summer-2018,25.0,204.2,29.0,0.0,3.1,1014.2,69.8,16.7,28.5,34.0,29.7,00:15.0,06-10-18,01:11.0,06-10-18
10-06-18,9:00:14 PM,21,June-18,Summer-2018,24.6,200.9,28.2,0.0,0.0,1014.9,74.8,15.2,27.9,36.9,28.5,00:14.0,06-10-18,01:18.0,06-10-18
10-06-18,10:00:15 PM,22,June-18,Summer-2018,26.9,203.7,27.7,0.0,0.0,1015.3,77.6,15.2,27.6,36.9,27.9,00:15.0,06-10-18,01:20.0,06-10-18
10-06-18,11:00:15 PM,23,June-18,Summer-2018,26.5,199.3,27.5,0.0,0.0,1016.2,79.0,18.1,27.4,36.2,27.6,00:15.0,06-10-18,01:14.0,06-10-18
11-06-18,12:00:19 AM,24,June-18,Summer-2018,26.9,215.0,27.3,0.0,0.0,1016.2,81.2,17.4,27.2,39.1,27.4,00:19.0,06-11-18,01:28.0,06-11-18
11-06-18,1:00:14 AM,1,June-18,Summer-2018,24.3,206.3,27.1,0.0,0.0,1016.1,83.6,15.2,26.8,38.4,27.3,00:14.0,06-11-18,01:01.0,06-11-18
11-06-18,2:00:18 AM,2,June-18,Summer-2018,24.8,208.9,26.9,0.0,0.0,1015.3,85.2,14.5,26.9,35.5,27.0,00:18.0,06-11-18,01:11.0,06-11-18
11-06-18,3:00:14 AM,3,June-18,Summer-2018,22.4,207.3,26.8,0.0,0.0,1014.8,85.3,13.8,26.7,34.0,26.9,00:14.0,06-11-18,01:05.0,06-11-18
11-06-18,4:00:14 AM,4,June-18,Summer-2018,21.8,205.4,26.7,0.0,0.0,1015.0,85.5,12.3,26.5,31.1,26.8,00:14.0,06-11-18,01:40.0,06-11-18
11-06-18,5:00:18 AM,5,June-18,Summer-2018,17.7,240.6,26.0,4.6,0.0,1015.3,91.3,8.7,25.5,28.2,26.5,00:18.0,06-11-18,02:00.0,06-11-18
11-06-18,6:00:18 AM,6,June-18,Summer-2018,20.3,224.4,25.6,0.8,0.4,1015.4,93.3,8.0,25.5,37.7,25.7,00:18.0,06-11-18,01:26.0,06-11-18
11-06-18,7:00:18 AM,7,June-18,Summer-2018,20.7,232.2,25.7,0.0,21.6,1016.2,92.4,10.1,25.6,35.5,25.8,00:18.0,06-11-18,01:25.0,06-11-18
11-06-18,8:00:12 AM,8,June-18,Summer-2018,21.4,234.6,25.7,0.0,82.5,1017.0,93.9,12.3,25.5,32.6,26.0,00:12.0,06-11-18,01:22.0,06-11-18
11-06-18,9:00:16 AM,9,June-18,Summer-2018,21.2,219.1,26.1,0.3,146.8,1017.5,92.0,8.0,25.9,37.7,26.5,00:16.0,06-11-18,01:17.0,06-11-18
11-06-18,10:00:14 AM,10,June-18,Summer-2018,26.4,209.6,26.9,0.0,485.9,1017.8,88.4,12.3,26.3,39.8,27.7,00:14.0,06-11-18,01:22.0,06-11-18
11-06-18,11:00:14 AM,11,June-18,Summer-2018,29.3,227.5,28.4,0.0,700.2,1018.1,81.5,15.9,27.5,40.6,29.1,00:14.0,06-11-18,01:21.0,06-11-18
11-06-18,12:00:14 PM,12,June-18,Summer-2018,27.8,236.1,29.3,0.0,534.4,1017.8,74.7,14.5,28.8,58.7,29.9,00:14.0,06-11-18,01:26.0,06-11-18
11-06-18,1:00:18 PM,13,June-18,Summer-2018,29.0,212.6,30.7,0.0,747.6,1017.3,68.7,18.8,29.9,39.1,31.0,00:18.0,06-11-18,01:27.0,06-11-18
11-06-18,2:00:14 PM,14,June-18,Summer-2018,28.7,224.1,31.0,0.0,591.4,1016.6,64.0,15.9,30.6,42.0,31.6,00:14.0,06-11-18,01:30.0,06-11-18
11-06-18,3:00:19 PM,15,June-18,Summer-2018,29.9,235.7,31.8,0.0,679.4,1015.9,60.6,15.2,31.1,42.7,32.4,00:19.0,06-11-18,01:26.0,06-11-18
11-06-18,4:00:18 PM,16,June-18,Summer-2018,28.3,234.3,32.3,0.0,585.7,1014.9,57.5,15.2,31.9,44.9,32.6,00:18.0,06-11-18,01:25.0,06-11-18
11-06-18,5:00:10 PM,17,June-18,Summer-2018,28.0,212.6,32.0,0.0,402.0,1014.3,56.8,15.2,31.7,40.6,32.3,00:10.0,06-11-18,01:20.0,06-11-18
11-06-18,6:00:14 PM,18,June-18,Summer-2018,29.4,207.5,31.3,0.0,200.6,1014.3,60.1,21.0,30.7,42.0,31.8,00:14.0,06-11-18,01:25.0,06-11-18
11-06-18,7:00:15 PM,19,June-18,Summer-2018,28.9,197.7,29.7,0.0,31.0,1014.3,66.3,13.8,29.1,42.0,30.7,00:15.0,06-11-18,01:24.0,06-11-18
11-06-18,8:00:18 PM,20,June-18,Summer-2018,28.3,203.7,28.5,0.0,2.2,1014.7,72.6,16.7,28.1,43.5,29.1,00:18.0,06-11-18,01:27.0,06-11-18
11-06-18,9:00:10 PM,21,June-18,Summer-2018,26.8,200.6,27.7,0.0,0.0,1015.5,77.5,13.8,27.5,36.2,28.1,00:10.0,06-11-18,01:12.0,06-11-18
11-06-18,10:00:10 PM,22,June-18,Summer-2018,30.9,199.1,27.3,0.0,0.0,1016.3,79.7,18.8,27.1,44.9,27.5,00:10.0,06-11-18,01:11.0,06-11-18
11-06-18,11:00:15 PM,23,June-18,Summer-2018,35.6,205.5,27.0,0.0,0.0,1016.9,80.9,25.3,26.9,48.5,27.2,00:15.0,06-11-18,01:18.0,06-11-18
12-06-18,12:00:18 AM,24,June-18,Summer-2018,32.0,207.2,26.9,0.0,0.0,1017.1,82.3,19.6,26.8,43.5,26.9,00:18.0,06-12-18,01:22.0,06-12-18
12-06-18,1:00:10 AM,1,June-18,Summer-2018,28.4,196.1,26.7,0.0,0.0,1016.7,83.0,18.8,26.6,39.8,26.8,00:10.0,06-12-18,01:20.0,06-12-18
12-06-18,2:00:18 AM,2,June-18,Summer-2018,27.4,212.3,26.5,0.0,0.0,1016.0,83.5,15.9,26.3,36.9,26.6,00:18.0,06-12-18,01:30.0,06-12-18
12-06-18,3:00:19 AM,3,June-18,Summer-2018,26.6,205.0,26.2,0.0,0.0,1015.4,83.4,17.4,26.1,37.7,26.3,00:19.0,06-12-18,01:30.0,06-12-18
12-06-18,4:00:10 AM,4,June-18,Summer-2018,26.9,202.4,26.1,0.0,0.0,1015.1,84.4,16.7,26.0,39.8,26.1,00:10.0,06-12-18,01:08.0,06-12-18
12-06-18,5:00:19 AM,5,June-18,Summer-2018,24.9,214.4,26.0,0.0,0.0,1015.2,85.6,13.8,25.9,35.5,26.1,00:19.0,06-12-18,01:21.0,06-12-18
12-06-18,6:00:15 AM,6,June-18,Summer-2018,27.1,223.0,25.8,0.0,0.4,1015.2,85.6,17.4,25.8,37.7,25.9,00:15.0,06-12-18,01:33.0,06-12-18
12-06-18,7:00:19 AM,7,June-18,Summer-2018,27.2,218.2,25.9,0.0,32.6,1016.1,85.6,15.2,25.8,39.1,26.1,00:19.0,06-12-18,01:24.0,06-12-18
12-06-18,8:00:14 AM,8,June-18,Summer-2018,26.7,225.7,26.5,0.0,171.7,1016.6,83.4,13.0,26.1,40.6,27.1,00:14.0,06-12-18,01:17.0,06-12-18
12-06-18,9:00:18 AM,9,June-18,Summer-2018,26.0,243.3,27.6,0.0,358.6,1017.2,78.4,13.0,27.1,42.0,28.0,00:18.0,06-12-18,01:33.0,06-12-18
12-06-18,10:00:14 AM,10,June-18,Summer-2018,27.3,224.7,29.0,0.0,585.0,1017.7,71.8,15.9,28.0,42.0,30.0,00:14.0,06-12-18,01:26.0,06-12-18
12-06-18,11:00:18 AM,11,June-18,Summer-2018,26.5,217.3,30.0,0.0,603.0,1017.6,67.4,12.3,29.5,42.0,30.8,00:18.0,06-12-18,01:25.0,06-12-18
12-06-18,12:00:19 PM,12,June-18,Summer-2018,25.3,202.1,31.5,0.0,726.5,1017.5,59.7,10.9,30.8,46.3,32.2,00:19.0,06-12-18,01:24.0,06-12-18
12-06-18,1:00:12 PM,13,June-18,Summer-2018,28.2,242.6,32.4,0.0,821.8,1017.1,56.3,13.8,32.0,39.8,33.0,00:12.0,06-12-18,01:23.0,06-12-18
12-06-18,2:00:10 PM,14,June-18,Summer-2018,28.3,221.3,32.7,0.0,719.1,1016.7,54.1,15.2,32.3,39.8,33.3,00:10.0,06-12-18,01:17.0,06-12-18
12-06-18,3:00:10 PM,15,June-18,Summer-2018,30.1,226.1,33.0,0.0,646.0,1016.1,51.8,18.1,32.4,42.7,33.7,00:10.0,06-12-18,01:13.0,06-12-18
12-06-18,4:00:19 PM,16,June-18,Summer-2018,30.1,223.2,32.1,0.0,355.6,1015.2,55.2,17.4,31.4,47.8,32.5,00:19.0,06-12-18,01:31.0,06-12-18
12-06-18,5:00:18 PM,17,June-18,Summer-2018,27.6,208.3,31.4,0.0,342.5,1014.9,57.0,13.0,31.1,42.7,31.7,00:18.0,06-12-18,01:27.0,06-12-18
12-06-18,6:00:18 PM,18,June-18,Summer-2018,30.4,206.0,30.7,0.0,197.8,1015.0,59.2,15.2,30.4,40.6,31.1,00:18.0,06-12-18,01:27.0,06-12-18
12-06-18,7:00:18 PM,19,June-18,Summer-2018,31.5,195.2,29.7,0.0,66.4,1014.9,62.2,16.7,29.0,45.6,30.4,00:18.0,06-12-18,01:27.0,06-12-18
12-06-18,8:00:18 PM,20,June-18,Summer-2018,30.2,210.2,28.3,0.0,3.3,1015.2,69.0,18.8,27.8,42.7,29.0,00:18.0,06-12-18,01:28.0,06-12-18
12-06-18,9:00:14 PM,21,June-18,Summer-2018,24.7,208.8,27.6,0.0,0.0,1016.0,74.9,15.2,27.3,34.8,27.9,00:14.0,06-12-18,01:08.0,06-12-18
12-06-18,10:00:15 PM,22,June-18,Summer-2018,30.0,210.2,27.1,0.0,0.0,1016.3,77.2,13.0,26.9,42.7,27.3,00:15.0,06-12-18,01:27.0,06-12-18
12-06-18,11:00:14 PM,23,June-18,Summer-2018,31.5,213.1,26.7,0.0,0.0,1016.7,78.7,19.6,26.5,42.0,26.9,00:14.0,06-12-18,01:22.0,06-12-18
13-06-18,12:00:18 AM,24,June-18,Summer-2018,29.6,206.5,26.5,0.0,0.0,1016.7,80.9,18.1,26.4,44.2,26.5,00:18.0,6/13/2018,01:28.0,6/13/2018
13-06-18,1:00:14 AM,1,June-18,Summer-2018,27.9,215.7,26.3,0.0,0.0,1016.6,82.4,15.9,26.3,39.8,26.4,00:14.0,6/13/2018,01:20.0,6/13/2018
13-06-18,2:00:18 AM,2,June-18,Summer-2018,25.5,198.1,26.2,0.0,0.0,1016.3,82.8,15.9,26.0,36.9,26.3,00:18.0,6/13/2018,01:27.0,6/13/2018
13-06-18,3:00:17 AM,3,June-18,Summer-2018,27.1,218.7,26.0,0.0,0.0,1015.7,83.8,13.0,25.9,40.6,26.1,00:17.0,6/13/2018,01:26.0,6/13/2018
13-06-18,4:00:19 AM,4,June-18,Summer-2018,28.0,192.7,25.8,0.0,0.0,1015.1,85.3,18.1,25.8,42.7,25.9,00:19.0,6/13/2018,01:09.0,6/13/2018
13-06-18,5:00:19 AM,5,June-18,Summer-2018,28.0,215.5,25.8,0.0,0.0,1015.1,84.6,14.5,25.7,43.5,25.8,00:19.0,6/13/2018,01:20.0,6/13/2018
13-06-18,6:00:15 AM,6,June-18,Summer-2018,22.4,215.7,25.7,0.0,0.1,1015.3,85.6,6.5,25.7,41.3,25.8,00:15.0,6/13/2018,01:22.0,6/13/2018
13-06-18,7:00:19 AM,7,June-18,Summer-2018,25.5,238.3,25.8,0.0,20.0,1016.1,85.1,8.0,25.7,44.9,25.8,00:19.0,6/13/2018,01:23.0,6/13/2018
13-06-18,8:00:14 AM,8,June-18,Summer-2018,29.3,221.6,26.2,0.0,108.3,1016.8,82.3,15.2,25.8,42.7,26.7,00:14.0,6/13/2018,01:17.0,6/13/2018
13-06-18,9:00:19 AM,9,June-18,Summer-2018,26.6,224.4,27.2,0.0,223.6,1017.2,77.7,10.1,26.7,45.6,28.0,00:19.0,6/13/2018,01:24.0,6/13/2018
13-06-18,10:00:10 AM,10,June-18,Summer-2018,32.6,224.0,28.9,0.0,483.6,1017.6,69.3,16.7,28.0,50.0,29.8,00:10.0,6/13/2018,01:09.0,6/13/2018
13-06-18,11:00:19 AM,11,June-18,Summer-2018,25.6,234.8,30.5,0.0,663.1,1017.8,63.3,8.0,29.7,42.0,31.3,00:19.0,6/13/2018,01:24.0,6/13/2018
13-06-18,12:00:14 PM,12,June-18,Summer-2018,33.6,220.2,32.0,0.0,824.2,1017.5,57.0,16.7,31.3,48.5,32.8,00:14.0,6/13/2018,01:19.0,6/13/2018
13-06-18,1:00:15 PM,13,June-18,Summer-2018,32.0,238.0,33.0,0.0,873.9,1017.2,51.5,14.5,32.5,47.1,33.3,00:15.0,6/13/2018,01:21.0,6/13/2018
13-06-18,2:00:14 PM,14,June-18,Summer-2018,30.1,228.0,33.3,0.0,846.2,1016.9,50.4,18.1,33.0,44.9,33.6,00:14.0,6/13/2018,01:33.0,6/13/2018
13-06-18,3:00:19 PM,15,June-18,Summer-2018,31.5,237.0,33.5,0.0,782.2,1016.5,49.9,13.0,33.2,47.1,33.8,00:19.0,6/13/2018,01:29.0,6/13/2018
13-06-18,4:00:18 PM,16,June-18,Summer-2018,29.3,233.3,33.3,0.0,613.3,1015.9,50.9,14.5,32.7,44.9,33.8,00:18.0,6/13/2018,01:29.0,6/13/2018
13-06-18,5:00:18 PM,17,June-18,Summer-2018,30.6,251.6,32.5,0.0,418.1,1015.1,53.6,13.0,32.1,45.6,32.9,00:18.0,6/13/2018,01:24.0,6/13/2018
13-06-18,6:00:18 PM,18,June-18,Summer-2018,26.3,235.5,31.3,0.0,254.2,1015.3,59.0,10.1,30.7,40.6,32.1,00:18.0,6/13/2018,01:31.0,6/13/2018
13-06-18,7:00:19 PM,19,June-18,Summer-2018,22.5,248.0,29.8,0.0,83.6,1015.7,63.4,10.1,29.1,35.5,30.6,00:19.0,6/13/2018,01:34.0,6/13/2018
13-06-18,8:00:15 PM,20,June-18,Summer-2018,26.4,229.5,28.4,0.0,5.3,1016.4,69.0,10.9,27.9,39.8,29.1,00:15.0,6/13/2018,01:24.0,6/13/2018
13-06-18,9:00:18 PM,21,June-18,Summer-2018,19.0,197.6,27.5,0.0,0.0,1017.0,73.8,6.5,27.1,33.3,27.9,00:18.0,6/13/2018,01:38.0,6/13/2018
13-06-18,10:00:18 PM,22,June-18,Summer-2018,21.2,212.6,27.0,0.0,0.0,1017.4,75.9,9.4,26.8,32.6,27.1,00:18.0,6/13/2018,01:49.0,6/13/2018
13-06-18,11:00:15 PM,23,June-18,Summer-2018,29.4,201.6,26.6,0.0,0.0,1017.7,76.5,18.8,26.4,42.7,26.8,00:15.0,6/13/2018,01:26.0,6/13/2018
14-06-18,12:00:18 AM,24,June-18,Summer-2018,23.7,204.5,26.2,0.0,0.0,1018.2,78.0,12.3,26.1,34.8,26.4,00:18.0,6/14/2018,01:30.0,6/14/2018
14-06-18,1:00:18 AM,1,June-18,Summer-2018,22.6,209.6,25.9,0.0,0.0,1017.9,79.7,10.9,25.8,34.8,26.1,00:18.0,6/14/2018,01:28.0,6/14/2018
14-06-18,2:00:24 AM,2,June-18,Summer-2018,19.1,234.3,25.8,0.0,0.0,1017.5,81.5,5.8,25.8,35.5,25.8,00:24.0,6/14/2018,01:35.0,6/14/2018
14-06-18,3:00:18 AM,3,June-18,Summer-2018,22.9,223.7,25.8,0.0,0.0,1017.2,81.8,9.4,25.7,36.9,25.8,00:18.0,6/14/2018,01:26.0,6/14/2018
14-06-18,4:00:14 AM,4,June-18,Summer-2018,26.1,212.6,25.7,0.0,0.0,1016.9,82.3,15.2,25.6,39.8,25.7,00:14.0,6/14/2018,01:08.0,6/14/2018
14-06-18,5:00:19 AM,5,June-18,Summer-2018,30.0,222.6,25.6,0.0,0.0,1016.8,82.5,12.3,25.5,43.5,25.7,00:19.0,6/14/2018,01:16.0,6/14/2018
14-06-18,6:00:18 AM,6,June-18,Summer-2018,28.3,214.4,25.5,0.0,0.6,1016.9,83.6,14.5,25.5,42.7,25.6,00:18.0,6/14/2018,01:24.0,6/14/2018
14-06-18,7:00:18 AM,7,June-18,Summer-2018,31.8,215.7,25.6,0.0,37.7,1017.3,83.6,18.8,25.4,41.3,25.9,00:18.0,6/14/2018,01:13.0,6/14/2018
14-06-18,8:00:18 AM,8,June-18,Summer-2018,34.4,220.4,26.4,0.0,171.6,1017.9,81.1,21.7,25.9,44.9,27.0,00:18.0,6/14/2018,01:21.0,6/14/2018
14-06-18,9:00:18 AM,9,June-18,Summer-2018,35.9,221.3,27.7,0.0,372.2,1018.8,74.4,23.9,27.0,48.5,28.5,00:18.0,6/14/2018,01:32.0,6/14/2018
14-06-18,10:00:18 AM,10,June-18,Summer-2018,32.7,225.5,29.2,0.0,555.3,1019.5,66.4,18.1,28.5,54.3,30.0,00:18.0,6/14/2018,01:28.0,6/14/2018
14-06-18,11:00:18 AM,11,June-18,Summer-2018,31.0,233.0,30.6,0.0,657.9,1019.8,59.9,11.6,29.9,49.2,31.5,00:18.0,6/14/2018,01:29.0,6/14/2018
14-06-18,12:00:14 PM,12,June-18,Summer-2018,28.7,252.9,32.1,0.0,834.8,1019.9,53.2,14.5,31.2,44.2,32.7,00:14.0,6/14/2018,01:18.0,6/14/2018
14-06-18,1:00:14 PM,13,June-18,Summer-2018,29.2,245.7,33.0,0.0,884.7,1019.5,50.0,15.9,32.4,45.6,33.4,00:14.0,6/14/2018,01:30.0,6/14/2018
14-06-18,2:00:15 PM,14,June-18,Summer-2018,29.0,211.7,33.1,0.0,750.2,1019.1,49.3,15.9,32.6,44.9,33.5,00:15.0,6/14/2018,01:22.0,6/14/2018
14-06-18,3:00:15 PM,15,June-18,Summer-2018,26.8,229.3,33.4,0.0,707.1,1018.3,47.0,15.2,32.8,42.7,33.9,00:15.0,6/14/2018,01:21.0,6/14/2018
14-06-18,4:00:15 PM,16,June-18,Summer-2018,28.8,218.7,32.9,0.0,501.2,1017.9,47.5,15.2,32.6,40.6,33.4,00:15.0,6/14/2018,01:14.0,6/14/2018
14-06-18,5:00:18 PM,17,June-18,Summer-2018,27.1,236.6,32.6,0.0,401.3,1017.5,49.4,14.5,32.0,41.3,33.1,00:18.0,6/14/2018,01:19.0,6/14/2018
14-06-18,6:00:19 PM,18,June-18,Summer-2018,27.5,210.2,31.5,0.0,204.1,1017.6,52.7,15.9,30.7,40.6,32.0,00:19.0,6/14/2018,01:31.0,6/14/2018
14-06-18,7:00:14 PM,19,June-18,Summer-2018,29.0,192.5,30.0,0.0,61.2,1017.7,57.8,17.4,29.4,39.8,30.7,00:14.0,6/14/2018,01:18.0,6/14/2018
14-06-18,8:00:14 PM,20,June-18,Summer-2018,25.8,183.9,28.8,0.0,3.4,1018.0,62.1,14.5,28.3,36.9,29.4,00:14.0,6/14/2018,01:20.0,6/14/2018
14-06-18,9:00:19 PM,21,June-18,Summer-2018,24.1,217.1,27.9,0.0,0.0,1018.3,67.5,14.5,27.6,33.3,28.3,00:19.0,6/14/2018,01:28.0,6/14/2018
14-06-18,10:00:18 PM,22,June-18,Summer-2018,21.4,216.3,27.3,0.0,0.0,1018.6,71.3,8.7,27.1,32.6,27.6,00:18.0,6/14/2018,01:30.0,6/14/2018
14-06-18,11:00:19 PM,23,June-18,Summer-2018,20.5,210.6,26.9,0.0,0.0,1019.0,72.5,12.3,26.7,31.1,27.1,00:19.0,6/14/2018,01:45.0,6/14/2018
15-06-18,12:00:18 AM,24,June-18,Summer-2018,18.7,204.7,26.5,0.0,0.0,1019.1,75.1,11.6,26.3,31.1,26.7,00:18.0,6/15/2018,01:25.0,6/15/2018
15-06-18,1:00:15 AM,1,June-18,Summer-2018,18.2,209.9,26.2,0.0,0.0,1018.9,77.2,11.6,26.2,25.3,26.3,00:15.0,6/15/2018,01:28.0,6/15/2018
15-06-18,2:00:15 AM,2,June-18,Summer-2018,16.8,196.4,26.0,0.0,0.0,1018.2,78.8,10.9,26.0,24.6,26.2,00:15.0,6/15/2018,01:19.0,6/15/2018
15-06-18,3:00:18 AM,3,June-18,Summer-2018,14.5,206.3,25.9,0.0,0.0,1017.9,80.1,7.2,25.9,25.3,26.0,00:18.0,6/15/2018,01:35.0,6/15/2018
15-06-18,4:00:15 AM,4,June-18,Summer-2018,14.8,205.7,25.8,0.0,0.0,1017.4,80.6,8.7,25.7,23.2,25.9,00:15.0,6/15/2018,01:10.0,6/15/2018
15-06-18,5:00:19 AM,5,June-18,Summer-2018,14.8,208.9,25.6,0.0,0.0,1017.3,81.2,8.7,25.6,25.3,25.7,00:19.0,6/15/2018,01:24.0,6/15/2018
15-06-18,6:00:14 AM,6,June-18,Summer-2018,15.7,220.2,25.6,0.0,0.8,1017.6,81.0,8.0,25.5,26.8,25.6,00:14.0,6/15/2018,01:19.0,6/15/2018
15-06-18,7:00:14 AM,7,June-18,Summer-2018,16.8,211.4,25.5,0.0,53.8,1018.3,80.8,10.1,25.4,27.5,25.8,00:14.0,6/15/2018,01:21.0,6/15/2018
15-06-18,8:00:18 AM,8,June-18,Summer-2018,18.9,214.1,26.2,0.0,134.1,1019.4,78.3,10.9,25.9,31.9,26.7,00:18.0,6/15/2018,01:20.0,6/15/2018
15-06-18,9:00:14 AM,9,June-18,Summer-2018,22.0,207.2,27.4,0.0,274.8,1020.1,72.7,12.3,26.7,33.3,27.8,00:14.0,6/15/2018,01:27.0,6/15/2018
15-06-18,10:00:10 AM,10,June-18,Summer-2018,24.1,213.9,28.7,0.0,441.1,1020.4,66.5,14.5,27.8,33.3,29.8,00:10.0,6/15/2018,01:16.0,6/15/2018
15-06-18,11:00:19 AM,11,June-18,Summer-2018,24.0,216.5,30.3,0.0,573.5,1020.7,60.1,15.2,29.5,34.8,31.2,00:19.0,6/15/2018,01:25.0,6/15/2018
15-06-18,12:00:19 PM,12,June-18,Summer-2018,24.3,231.6,31.6,0.0,696.1,1020.7,55.2,13.0,30.9,36.9,32.2,00:19.0,6/15/2018,01:28.0,6/15/2018
15-06-18,1:00:15 PM,13,June-18,Summer-2018,25.1,250.9,32.3,0.0,825.3,1020.2,51.8,14.5,31.0,36.9,33.1,00:15.0,6/15/2018,01:19.0,6/15/2018
15-06-18,2:00:19 PM,14,June-18,Summer-2018,24.3,241.0,33.3,0.0,762.2,1019.7,46.7,12.3,32.8,39.8,33.7,00:19.0,6/15/2018,01:14.0,6/15/2018
15-06-18,3:00:19 PM,15,June-18,Summer-2018,24.9,226.7,33.4,0.0,707.0,1019.3,45.6,5.8,32.9,38.4,33.8,00:19.0,6/15/2018,01:24.0,6/15/2018
15-06-18,4:00:18 PM,16,June-18,Summer-2018,22.7,218.5,33.5,0.0,530.2,1018.7,45.3,10.9,32.7,38.4,34.1,00:18.0,6/15/2018,01:28.0,6/15/2018
15-06-18,5:00:15 PM,17,June-18,Summer-2018,24.8,256.0,32.5,0.0,318.3,1018.1,49.9,12.3,31.7,38.4,33.3,00:15.0,6/15/2018,01:14.0,6/15/2018
15-06-18,6:00:15 PM,18,June-18,Summer-2018,22.5,212.6,31.8,0.0,244.1,1018.3,52.5,10.9,31.2,35.5,32.3,00:15.0,6/15/2018,01:20.0,6/15/2018
15-06-18,7:00:15 PM,19,June-18,Summer-2018,24.7,212.6,30.4,0.0,67.3,1018.3,57.1,11.6,29.5,36.9,31.2,00:15.0,6/15/2018,01:17.0,6/15/2018
15-06-18,8:00:19 PM,20,June-18,Summer-2018,24.3,200.4,28.9,0.0,2.7,1018.4,62.8,13.0,28.4,35.5,29.5,00:19.0,6/15/2018,01:19.0,6/15/2018
15-06-18,9:00:19 PM,21,June-18,Summer-2018,24.4,202.4,28.0,0.0,0.0,1019.1,64.3,14.5,27.6,32.6,28.4,00:19.0,6/15/2018,01:18.0,6/15/2018
15-06-18,10:00:14 PM,22,June-18,Summer-2018,19.4,199.6,27.3,0.0,0.0,1019.6,71.1,12.3,27.0,29.0,27.6,00:14.0,6/15/2018,01:23.0,6/15/2018
15-06-18,11:00:18 PM,23,June-18,Summer-2018,18.2,211.2,26.8,0.0,0.0,1019.9,75.6,10.9,26.5,31.1,27.0,00:18.0,6/15/2018,01:24.0,6/15/2018
16-06-18,12:00:18 AM,24,June-18,Summer-2018,17.1,233.0,26.3,0.0,0.0,1019.8,76.9,8.7,26.2,24.6,26.5,00:18.0,6/16/2018,01:26.0,6/16/2018
16-06-18,1:00:10 AM,1,June-18,Summer-2018,16.7,215.4,26.1,0.0,0.0,1019.7,77.4,7.2,26.0,27.5,26.2,00:10.0,6/16/2018,01:06.0,6/16/2018
16-06-18,2:00:15 AM,2,June-18,Summer-2018,15.4,209.1,25.8,0.0,0.0,1019.3,78.3,8.0,25.6,24.6,25.9,00:15.0,6/16/2018,01:25.0,6/16/2018
16-06-18,3:00:20 AM,3,June-18,Summer-2018,15.2,215.4,25.5,0.0,0.0,1018.8,79.2,5.1,25.3,27.5,25.6,00:20.0,6/16/2018,01:20.0,6/16/2018
16-06-18,4:00:15 AM,4,June-18,Summer-2018,9.0,229.8,25.3,0.0,0.0,1018.9,80.7,0.0,25.2,17.4,25.3,00:15.0,6/16/2018,01:14.0,6/16/2018
16-06-18,5:00:19 AM,5,June-18,Summer-2018,13.5,208.0,25.2,0.0,0.0,1018.9,81.8,3.6,25.1,24.6,25.2,00:19.0,6/16/2018,01:25.0,6/16/2018
16-06-18,6:00:14 AM,6,June-18,Summer-2018,16.0,191.5,24.9,0.0,0.9,1019.1,82.8,8.0,24.8,27.5,25.1,00:14.0,6/16/2018,01:32.0,6/16/2018
16-06-18,7:00:19 AM,7,June-18,Summer-2018,16.7,189.1,25.0,0.0,55.3,1019.7,82.5,8.7,24.8,28.2,25.5,00:19.0,6/16/2018,01:24.0,6/16/2018
16-06-18,8:00:15 AM,8,June-18,Summer-2018,19.2,194.5,26.1,0.0,188.6,1020.7,78.5,11.6,25.5,29.7,26.6,00:15.0,6/16/2018,01:21.0,6/16/2018
16-06-18,9:00:18 AM,9,June-18,Summer-2018,22.4,208.6,27.3,0.0,281.6,1021.5,72.3,11.6,26.7,34.8,28.1,00:18.0,6/16/2018,01:27.0,6/16/2018
16-06-18,10:00:19 AM,10,June-18,Summer-2018,23.8,191.8,29.2,0.0,545.9,1021.9,62.2,8.0,28.1,36.9,30.1,00:19.0,6/16/2018,01:29.0,6/16/2018
16-06-18,11:00:14 AM,11,June-18,Summer-2018,26.2,198.8,30.5,0.0,638.6,1022.1,55.1,12.3,29.7,39.1,31.2,00:14.0,6/16/2018,01:24.0,6/16/2018
16-06-18,12:00:18 PM,12,June-18,Summer-2018,25.4,212.0,31.3,0.0,538.1,1021.9,50.6,13.8,30.9,38.4,32.3,00:18.0,6/16/2018,01:25.0,6/16/2018
16-06-18,1:00:20 PM,13,June-18,Summer-2018,22.7,217.7,32.4,0.0,647.4,1021.6,48.3,8.7,31.4,36.9,33.3,00:20.0,6/16/2018,01:34.0,6/16/2018
16-06-18,2:00:15 PM,14,June-18,Summer-2018,25.5,193.7,33.3,0.0,795.2,1020.8,43.9,8.7,32.5,39.1,34.0,00:15.0,6/16/2018,01:27.0,6/16/2018
16-06-18,3:00:18 PM,15,June-18,Summer-2018,28.3,231.3,33.0,0.0,703.7,1020.4,47.6,14.5,31.8,44.2,34.0,00:18.0,6/16/2018,01:28.0,6/16/2018
16-06-18,4:00:25 PM,16,June-18,Summer-2018,33.4,215.7,30.9,0.0,470.0,1020.1,50.3,23.2,30.0,44.9,32.2,00:25.0,6/16/2018,01:32.0,6/16/2018
16-06-18,5:00:18 PM,17,June-18,Summer-2018,27.0,209.6,30.2,0.0,278.8,1019.5,53.5,13.0,30.0,43.5,30.6,00:18.0,6/16/2018,01:26.0,6/16/2018
16-06-18,6:00:15 PM,18,June-18,Summer-2018,28.4,194.5,30.1,0.0,294.7,1019.6,55.4,17.4,29.6,37.7,30.5,00:15.0,6/16/2018,01:27.0,6/16/2018
16-06-18,7:00:10 PM,19,June-18,Summer-2018,27.5,203.7,28.7,0.0,102.8,1019.8,59.0,16.7,27.7,37.7,29.7,00:10.0,6/16/2018,01:19.0,6/16/2018
16-06-18,8:00:18 PM,20,June-18,Summer-2018,26.1,190.3,27.0,0.0,6.4,1019.7,67.4,15.2,26.6,34.8,27.7,00:18.0,6/16/2018,01:28.0,6/16/2018
16-06-18,9:00:13 PM,21,June-18,Summer-2018,22.8,187.2,26.1,0.0,0.0,1019.8,72.4,10.1,25.7,34.8,26.6,00:13.0,6/16/2018,01:16.0,6/16/2018
16-06-18,10:00:19 PM,22,June-18,Summer-2018,21.3,185.1,25.5,0.0,0.0,1020.0,75.8,13.0,25.4,31.9,25.7,00:19.0,6/16/2018,01:26.0,6/16/2018
16-06-18,11:00:15 PM,23,June-18,Summer-2018,20.3,195.2,25.3,0.0,0.0,1020.2,74.7,10.1,25.1,32.6,25.5,00:15.0,6/16/2018,01:43.0,6/16/2018
17-06-18,12:00:14 AM,24,June-18,Summer-2018,21.9,189.8,25.0,0.0,0.0,1020.2,76.4,15.2,24.9,31.1,25.1,00:14.0,6/17/2018,01:25.0,6/17/2018
17-06-18,1:00:12 AM,1,June-18,Summer-2018,22.7,194.9,24.9,0.0,0.0,1019.6,79.7,12.3,24.9,31.9,25.0,00:12.0,6/17/2018,01:24.0,6/17/2018
17-06-18,2:00:13 AM,2,June-18,Summer-2018,20.3,193.9,24.7,0.0,0.0,1019.2,80.6,10.1,24.6,28.2,24.9,00:13.0,6/17/2018,01:26.0,6/17/2018
17-06-18,3:00:14 AM,3,June-18,Summer-2018,22.1,199.3,24.7,0.0,0.0,1018.9,82.2,12.3,24.5,34.0,24.8,00:14.0,6/17/2018,01:23.0,6/17/2018
17-06-18,4:00:12 AM,4,June-18,Summer-2018,21.9,185.4,24.5,0.0,0.0,1018.7,84.5,12.3,24.5,30.4,24.6,00:12.0,6/17/2018,01:21.0,6/17/2018
17-06-18,5:00:19 AM,5,June-18,Summer-2018,15.7,200.3,24.6,0.0,0.0,1018.9,84.0,8.0,24.4,26.8,24.7,00:19.0,6/17/2018,01:36.0,6/17/2018
17-06-18,6:00:18 AM,6,June-18,Summer-2018,16.3,171.1,24.4,0.0,0.8,1019.3,84.4,7.2,24.3,27.5,24.6,00:18.0,6/17/2018,01:27.0,6/17/2018
17-06-18,7:00:18 AM,7,June-18,Summer-2018,11.0,190.1,24.5,0.0,34.0,1019.8,85.0,0.0,24.3,19.6,25.0,00:18.0,6/17/2018,01:26.0,6/17/2018
17-06-18,8:00:18 AM,8,June-18,Summer-2018,21.7,189.2,25.8,0.0,246.0,1020.5,80.0,10.1,25.0,30.4,27.0,00:18.0,6/17/2018,01:24.0,6/17/2018
17-06-18,9:00:14 AM,9,June-18,Summer-2018,23.0,187.7,27.1,0.0,293.3,1021.0,73.8,16.7,26.9,31.9,28.0,00:14.0,6/17/2018,01:21.0,6/17/2018
17-06-18,10:00:15 AM,10,June-18,Summer-2018,20.3,197.6,27.8,0.0,302.8,1021.4,70.8,12.3,27.4,28.2,28.8,00:15.0,6/17/2018,01:21.0,6/17/2018
17-06-18,11:00:14 AM,11,June-18,Summer-2018,21.3,208.3,28.2,0.5,561.2,1021.3,71.9,10.9,26.4,36.9,29.5,00:14.0,6/17/2018,01:29.0,6/17/2018
17-06-18,12:00:18 PM,12,June-18,Summer-2018,22.5,223.0,29.5,0.0,720.4,1021.0,65.9,9.4,28.4,34.0,30.0,00:18.0,6/17/2018,01:27.0,6/17/2018
17-06-18,1:00:18 PM,13,June-18,Summer-2018,23.1,202.4,29.9,0.0,554.2,1020.6,63.2,10.9,29.4,35.5,30.4,00:18.0,6/17/2018,01:29.0,6/17/2018
17-06-18,2:00:19 PM,14,June-18,Summer-2018,25.7,187.9,30.5,0.0,798.5,1020.1,59.9,18.8,29.7,42.7,31.9,00:19.0,6/17/2018,01:34.0,6/17/2018
17-06-18,3:00:14 PM,15,June-18,Summer-2018,27.4,209.9,31.6,0.0,693.3,1019.4,55.0,16.7,30.9,37.7,32.1,00:14.0,6/17/2018,01:23.0,6/17/2018
17-06-18,4:00:18 PM,16,June-18,Summer-2018,22.1,189.8,31.0,0.0,373.7,1018.6,57.7,10.9,30.4,33.3,31.7,00:18.0,6/17/2018,01:27.0,6/17/2018
17-06-18,5:00:18 PM,17,June-18,Summer-2018,25.3,214.2,31.0,0.0,412.4,1018.1,56.0,13.0,30.2,33.3,31.6,00:18.0,6/17/2018,01:22.0,6/17/2018
17-06-18,6:00:10 PM,18,June-18,Summer-2018,23.0,189.4,30.6,0.0,231.2,1018.0,58.0,13.8,29.4,33.3,31.2,00:10.0,6/17/2018,01:06.0,6/17/2018
17-06-18,7:00:15 PM,19,June-18,Summer-2018,22.7,188.4,28.9,0.0,59.2,1017.8,64.3,13.8,28.3,31.1,29.4,00:15.0,6/17/2018,01:27.0,6/17/2018
17-06-18,8:00:18 PM,20,June-18,Summer-2018,20.8,186.1,27.6,0.0,3.0,1017.8,70.7,10.1,27.0,31.9,28.3,00:18.0,6/17/2018,01:23.0,6/17/2018
17-06-18,9:00:18 PM,21,June-18,Summer-2018,21.2,185.3,26.4,0.0,0.0,1018.0,74.5,10.9,26.0,32.6,26.9,00:18.0,6/17/2018,01:24.0,6/17/2018
17-06-18,10:00:18 PM,22,June-18,Summer-2018,22.9,188.6,25.8,0.0,0.0,1018.2,77.2,14.5,25.7,33.3,26.0,00:18.0,6/17/2018,01:20.0,6/17/2018
17-06-18,11:00:14 PM,23,June-18,Summer-2018,21.5,176.6,25.5,0.0,0.0,1018.2,79.4,15.2,25.2,31.9,25.8,00:14.0,6/17/2018,01:23.0,6/17/2018
18-06-18,12:00:15 AM,24,June-18,Summer-2018,19.0,203.2,25.3,0.0,0.0,1018.0,80.0,12.3,25.2,28.2,25.4,00:15.0,6/18/2018,01:22.0,6/18/2018
18-06-18,1:00:15 AM,1,June-18,Summer-2018,12.5,214.1,25.3,0.0,0.0,1017.8,79.0,5.8,25.0,20.3,25.5,00:15.0,6/18/2018,01:17.0,6/18/2018
18-06-18,2:00:14 AM,2,June-18,Summer-2018,16.7,209.1,24.9,0.0,0.0,1017.4,82.1,10.1,24.8,23.9,25.0,00:14.0,6/18/2018,01:22.0,6/18/2018
18-06-18,3:00:10 AM,3,June-18,Summer-2018,17.5,208.1,24.7,0.0,0.0,1017.2,82.9,11.6,24.6,24.6,24.8,00:10.0,6/18/2018,01:17.0,6/18/2018
18-06-18,4:00:14 AM,4,June-18,Summer-2018,14.6,194.2,24.4,0.0,0.0,1017.0,84.9,8.0,24.2,22.5,24.6,00:14.0,6/18/2018,01:39.0,6/18/2018
18-06-18,5:00:12 AM,5,June-18,Summer-2018,14.0,194.9,24.2,0.0,0.0,1017.0,86.0,8.0,24.1,19.6,24.2,00:12.0,6/18/2018,01:53.0,6/18/2018
18-06-18,6:00:18 AM,6,June-18,Summer-2018,10.8,193.0,24.3,0.0,0.7,1017.5,85.3,5.8,24.1,15.9,24.5,00:18.0,6/18/2018,01:22.0,6/18/2018
18-06-18,7:00:18 AM,7,June-18,Summer-2018,13.2,204.4,24.9,0.0,55.1,1018.3,83.2,5.1,24.5,20.3,25.6,00:18.0,6/18/2018,01:22.0,6/18/2018
18-06-18,8:00:18 AM,8,June-18,Summer-2018,17.0,226.3,26.4,0.0,234.3,1019.5,77.1,11.6,25.6,22.5,27.4,00:18.0,6/18/2018,01:21.0,6/18/2018
18-06-18,9:00:11 AM,9,June-18,Summer-2018,15.8,192.8,27.9,0.0,444.2,1020.1,72.4,9.4,27.4,23.9,28.7,00:11.0,6/18/2018,01:19.0,6/18/2018
18-06-18,10:00:13 AM,10,June-18,Summer-2018,17.8,235.1,29.1,0.0,621.1,1020.5,66.9,8.0,28.6,27.5,29.7,00:13.0,6/18/2018,01:25.0,6/18/2018
18-06-18,11:00:18 AM,11,June-18,Summer-2018,15.8,282.8,30.0,0.0,687.7,1020.5,63.4,5.1,29.3,25.3,30.6,00:18.0,6/18/2018,01:39.0,6/18/2018
18-06-18,12:00:17 PM,12,June-18,Summer-2018,14.9,236.0,31.0,0.0,699.5,1020.1,59.9,3.6,30.2,26.1,31.6,00:17.0,6/18/2018,01:21.0,6/18/2018
18-06-18,1:00:15 PM,13,June-18,Summer-2018,16.1,281.5,31.9,0.0,658.3,1019.6,55.4,6.5,31.2,29.7,33.1,00:15.0,6/18/2018,01:21.0,6/18/2018
18-06-18,2:00:15 PM,14,June-18,Summer-2018,19.8,298.9,32.8,0.0,778.7,1019.1,53.3,10.9,32.3,29.7,33.4,00:15.0,6/18/2018,01:20.0,6/18/2018
18-06-18,3:00:14 PM,15,June-18,Summer-2018,22.6,243.6,33.2,0.0,718.9,1017.9,52.8,12.3,32.8,32.6,33.6,00:14.0,6/18/2018,01:23.0,6/18/2018
18-06-18,4:00:18 PM,16,June-18,Summer-2018,21.0,270.1,33.3,0.0,567.1,1017.1,52.4,9.4,32.6,33.3,33.8,00:18.0,6/18/2018,01:22.0,6/18/2018
18-06-18,5:00:18 PM,17,June-18,Summer-2018,21.4,238.6,33.6,0.0,445.3,1016.5,50.3,10.9,33.3,31.9,34.1,00:18.0,6/18/2018,01:24.0,6/18/2018
18-06-18,6:00:19 PM,18,June-18,Summer-2018,19.0,199.4,33.1,0.0,228.4,1016.5,51.6,8.7,32.4,28.2,33.7,00:19.0,6/18/2018,01:23.0,6/18/2018
18-06-18,7:00:15 PM,19,June-18,Summer-2018,17.3,225.5,31.7,0.0,62.3,1016.6,57.3,9.4,30.9,28.2,32.4,00:15.0,6/18/2018,01:18.0,6/18/2018
18-06-18,8:00:14 PM,20,June-18,Summer-2018,18.5,207.0,29.9,0.0,2.8,1016.8,65.2,9.4,29.3,25.3,30.9,00:14.0,6/18/2018,01:19.0,6/18/2018
18-06-18,9:00:15 PM,21,June-18,Summer-2018,18.5,217.9,28.7,0.0,0.0,1017.6,71.4,10.1,28.1,25.3,29.3,00:15.0,6/18/2018,01:20.0,6/18/2018
18-06-18,10:00:14 PM,22,June-18,Summer-2018,20.3,207.5,27.8,0.0,0.0,1017.9,76.8,14.5,27.5,28.2,28.1,00:14.0,6/18/2018,01:20.0,6/18/2018
18-06-18,11:00:19 PM,23,June-18,Summer-2018,16.9,241.1,27.3,0.0,0.0,1018.5,76.6,10.1,27.1,28.2,27.5,00:19.0,6/18/2018,01:30.0,6/18/2018
19-06-18,12:00:18 AM,24,June-18,Summer-2018,13.3,244.4,26.9,0.0,0.0,1018.4,76.6,6.5,26.6,22.5,27.1,00:18.0,6/19/2018,01:26.0,6/19/2018
19-06-18,1:00:19 AM,1,June-18,Summer-2018,15.6,224.1,26.3,0.0,0.0,1018.0,79.6,8.0,25.9,23.9,26.6,00:19.0,6/19/2018,01:20.0,6/19/2018
19-06-18,2:00:18 AM,2,June-18,Summer-2018,15.0,213.1,25.7,0.0,0.0,1017.4,82.5,8.7,25.5,22.5,25.9,00:18.0,6/19/2018,01:31.0,6/19/2018
19-06-18,3:00:12 AM,3,June-18,Summer-2018,16.7,211.2,25.4,0.0,0.0,1017.0,84.4,6.5,25.3,25.3,25.5,00:12.0,6/19/2018,01:18.0,6/19/2018
19-06-18,4:00:14 AM,4,June-18,Summer-2018,14.1,213.8,25.3,0.0,0.0,1017.1,85.3,5.8,25.2,21.0,25.4,00:14.0,6/19/2018,01:08.0,6/19/2018
19-06-18,5:00:19 AM,5,June-18,Summer-2018,15.9,238.5,25.4,0.0,0.0,1017.8,86.2,9.4,25.3,23.2,25.5,00:19.0,6/19/2018,01:21.0,6/19/2018
19-06-18,6:00:14 AM,6,June-18,Summer-2018,14.4,226.7,25.5,0.0,0.6,1017.8,87.4,8.0,25.3,21.7,25.5,00:14.0,6/19/2018,01:20.0,6/19/2018
19-06-18,7:00:19 AM,7,June-18,Summer-2018,13.8,207.2,25.4,0.0,37.6,1018.1,88.0,8.7,25.3,19.6,25.6,00:19.0,6/19/2018,01:23.0,6/19/2018
19-06-18,8:00:15 AM,8,June-18,Summer-2018,14.5,219.1,26.2,0.0,208.8,1019.1,84.9,9.4,25.6,20.3,26.9,00:15.0,6/19/2018,01:38.0,6/19/2018
19-06-18,9:00:11 AM,9,June-18,Summer-2018,15.0,221.6,27.4,0.0,361.6,1019.4,79.1,8.7,26.9,22.5,28.5,00:11.0,6/19/2018,01:49.0,6/19/2018
19-06-18,10:00:13 AM,10,June-18,Summer-2018,15.5,260.2,29.0,0.0,538.6,1020.0,73.3,7.2,28.6,27.5,29.5,00:13.0,6/19/2018,01:59.0,6/19/2018
19-06-18,11:00:12 AM,11,June-18,Summer-2018,16.7,239.5,29.8,0.0,645.2,1020.2,71.5,8.7,29.1,24.6,30.3,00:12.0,6/19/2018,02:09.0,6/19/2018
19-06-18,12:00:19 PM,12,June-18,Summer-2018,17.1,310.0,30.7,0.0,671.9,1020.0,67.5,6.5,30.2,27.5,31.4,00:19.0,6/19/2018,02:20.0,6/19/2018
19-06-18,1:00:14 PM,13,June-18,Summer-2018,16.5,277.1,31.6,0.0,706.5,1019.6,63.4,3.6,31.1,24.6,32.3,00:14.0,6/19/2018,02:29.0,6/19/2018
19-06-18,2:00:19 PM,14,June-18,Summer-2018,19.4,288.6,32.9,0.0,849.2,1019.2,58.2,7.2,32.3,29.7,33.5,00:19.0,6/19/2018,01:24.0,6/19/2018
19-06-18,3:00:18 PM,15,June-18,Summer-2018,23.5,278.5,33.1,0.0,666.0,1018.4,57.7,13.0,32.8,33.3,33.6,00:18.0,6/19/2018,01:26.0,6/19/2018
19-06-18,4:00:19 PM,16,June-18,Summer-2018,23.7,282.0,33.2,0.0,519.5,1017.5,56.1,9.4,32.9,37.7,33.6,00:19.0,6/19/2018,01:32.0,6/19/2018
19-06-18,5:00:18 PM,17,June-18,Summer-2018,25.5,276.1,32.6,0.0,290.1,1016.6,56.4,14.5,32.0,40.6,33.0,00:18.0,6/19/2018,01:22.0,6/19/2018
19-06-18,6:00:19 PM,18,June-18,Summer-2018,22.7,242.3,32.0,0.0,156.1,1016.3,57.8,10.9,31.6,34.8,32.4,00:19.0,6/19/2018,01:25.0,6/19/2018
19-06-18,7:00:28 PM,19,June-18,Summer-2018,21.6,239.5,31.0,0.0,75.3,1016.6,60.5,10.1,30.3,33.3,31.6,00:28.0,6/19/2018,01:27.0,6/19/2018
19-06-18,8:00:14 PM,20,June-18,Summer-2018,20.6,206.8,29.8,0.0,7.4,1017.2,64.8,12.3,29.4,29.7,30.3,00:14.0,6/19/2018,01:23.0,6/19/2018
19-06-18,9:00:19 PM,21,June-18,Summer-2018,19.2,206.5,29.0,0.0,0.0,1017.5,66.8,13.8,28.5,26.1,29.4,00:19.0,6/19/2018,01:26.0,6/19/2018
19-06-18,10:00:18 PM,22,June-18,Summer-2018,17.4,207.8,28.3,0.0,0.0,1018.3,69.1,6.5,28.1,26.8,28.5,00:18.0,6/19/2018,01:25.0,6/19/2018
19-06-18,11:00:10 PM,23,June-18,Summer-2018,9.9,234.5,27.9,0.0,0.0,1018.9,71.0,0.0,27.7,18.1,28.1,00:10.0,6/19/2018,01:11.0,6/20/2018
20-06-18,12:00:14 AM,24,June-18,Summer-2018,13.4,223.3,27.5,0.0,0.0,1018.9,73.3,0.0,27.3,20.3,27.8,00:14.0,6/20/2018,01:26.0,6/20/2018
20-06-18,1:00:15 AM,1,June-18,Summer-2018,9.8,243.9,27.1,0.0,0.0,1019.1,75.1,3.6,26.9,19.6,27.3,00:15.0,6/20/2018,01:19.0,6/20/2018
20-06-18,2:00:18 AM,2,June-18,Summer-2018,9.0,215.2,26.6,0.0,0.0,1018.3,77.2,0.0,26.3,14.5,26.9,00:18.0,6/20/2018,01:23.0,6/20/2018
20-06-18,3:00:19 AM,3,June-18,Summer-2018,7.5,206.2,26.1,0.0,0.0,1018.0,78.5,0.0,26.0,13.0,26.3,00:19.0,6/20/2018,01:22.0,6/20/2018
20-06-18,4:00:17 AM,4,June-18,Summer-2018,2.3,209.4,25.9,0.0,0.0,1017.8,80.0,0.0,25.7,7.2,26.0,00:17.0,6/20/2018,01:09.0,6/20/2018
20-06-18,5:00:19 AM,5,June-18,Summer-2018,7.2,244.1,25.7,0.0,0.0,1017.9,80.6,3.6,25.6,13.8,25.8,00:19.0,6/20/2018,01:19.0,6/20/2018
20-06-18,6:00:18 AM,6,June-18,Summer-2018,9.9,229.8,25.5,0.0,0.5,1018.0,83.5,4.3,25.4,15.9,25.6,00:18.0,6/20/2018,01:21.0,6/20/2018
20-06-18,7:00:14 AM,7,June-18,Summer-2018,13.3,217.3,25.5,0.0,44.9,1018.5,85.7,7.2,25.3,18.1,25.8,00:14.0,6/20/2018,01:20.0,6/20/2018
20-06-18,8:00:15 AM,8,June-18,Summer-2018,15.8,210.6,26.5,0.0,210.1,1019.3,83.3,7.2,25.8,25.3,27.0,00:15.0,6/20/2018,01:17.0,6/20/2018
20-06-18,9:00:14 AM,9,June-18,Summer-2018,16.3,237.3,27.8,0.0,403.5,1020.0,77.0,6.5,27.0,24.6,28.5,00:14.0,6/20/2018,01:13.0,6/20/2018
20-06-18,10:00:18 AM,10,June-18,Summer-2018,18.0,253.0,29.0,0.0,529.2,1020.5,72.7,8.7,28.5,27.5,29.7,00:18.0,6/20/2018,01:17.0,6/20/2018
20-06-18,11:00:14 AM,11,June-18,Summer-2018,15.8,249.0,30.4,0.0,716.4,1020.5,66.8,5.8,29.6,25.3,31.0,00:14.0,6/20/2018,01:15.0,6/20/2018
20-06-18,12:00:18 PM,12,June-18,Summer-2018,15.2,256.3,31.9,0.0,833.5,1020.4,59.8,3.6,31.0,28.2,32.7,00:18.0,6/20/2018,01:17.0,6/20/2018
20-06-18,1:00:14 PM,13,June-18,Summer-2018,16.2,275.1,33.1,0.0,825.4,1019.9,55.5,0.0,32.5,27.5,33.7,00:14.0,6/20/2018,01:19.0,6/20/2018
20-06-18,2:00:15 PM,14,June-18,Summer-2018,18.3,283.7,33.7,0.0,680.2,1019.2,53.3,5.1,32.7,27.5,34.1,00:15.0,6/20/2018,01:19.0,6/20/2018
20-06-18,3:00:14 PM,15,June-18,Summer-2018,20.7,269.9,33.8,0.0,643.8,1017.8,53.7,9.4,33.3,31.1,34.2,00:14.0,6/20/2018,01:10.0,6/20/2018
20-06-18,4:00:15 PM,16,June-18,Summer-2018,20.2,285.1,34.3,0.0,587.6,1017.2,51.4,7.2,34.0,30.4,34.6,00:15.0,6/20/2018,01:21.0,6/20/2018
20-06-18,5:00:18 PM,17,June-18,Summer-2018,24.1,317.2,34.1,0.0,328.1,1016.6,50.8,14.5,33.1,36.2,34.6,00:18.0,6/20/2018,01:16.0,6/20/2018
20-06-18,6:00:19 PM,18,June-18,Summer-2018,16.7,229.0,30.0,0.0,95.6,1016.7,53.9,0.0,28.8,36.2,32.9,00:19.0,6/20/2018,01:16.0,6/20/2018
20-06-18,7:00:19 PM,19,June-18,Summer-2018,6.1,186.7,31.1,0.0,27.4,1016.8,51.7,0.0,30.6,13.8,31.4,00:19.0,6/20/2018,01:21.0,6/20/2018
20-06-18,8:00:14 PM,20,June-18,Summer-2018,8.8,198.1,30.5,0.0,6.0,1017.4,58.3,4.3,30.4,15.2,30.8,00:14.0,6/20/2018,01:19.0,6/20/2018
20-06-18,9:00:18 PM,21,June-18,Summer-2018,8.8,200.6,30.0,0.0,0.0,1017.7,57.5,3.6,29.8,14.5,30.4,00:18.0,6/20/2018,01:22.0,6/20/2018
20-06-18,10:00:18 PM,22,June-18,Summer-2018,9.3,343.5,29.7,0.0,0.0,1018.9,63.9,0.0,29.6,14.5,29.9,00:18.0,6/20/2018,01:19.0,6/20/2018
20-06-18,11:00:14 PM,23,June-18,Summer-2018,11.5,264.6,28.7,0.0,0.0,1019.4,68.8,7.2,27.8,16.7,29.6,00:14.0,6/20/2018,01:19.0,6/20/2018
21-06-18,12:00:15 AM,24,June-18,Summer-2018,8.6,231.9,27.4,0.0,0.0,1019.4,78.5,4.3,27.3,13.8,27.8,00:15.0,6/21/2018,01:23.0,6/21/2018
21-06-18,1:00:14 AM,1,June-18,Summer-2018,15.0,214.1,27.0,0.0,0.0,1019.2,83.4,9.4,26.7,20.3,27.3,00:14.0,6/21/2018,01:16.0,6/21/2018
21-06-18,2:00:19 AM,2,June-18,Summer-2018,16.5,211.2,26.5,0.0,0.0,1018.3,84.0,9.4,26.4,24.6,26.7,00:19.0,6/21/2018,01:21.0,6/21/2018
21-06-18,3:00:14 AM,3,June-18,Summer-2018,17.1,201.3,26.4,0.0,0.0,1017.7,83.4,9.4,26.3,26.1,26.5,00:14.0,6/21/2018,01:14.0,6/21/2018
21-06-18,4:00:19 AM,4,June-18,Summer-2018,19.1,219.5,26.4,0.0,0.0,1017.5,81.8,12.3,26.1,28.2,26.5,00:19.0,6/21/2018,01:10.0,6/21/2018
21-06-18,5:00:19 AM,5,June-18,Summer-2018,17.9,208.3,26.1,0.0,0.0,1017.9,83.5,10.1,25.9,24.6,26.2,00:19.0,6/21/2018,01:21.0,6/21/2018
21-06-18,6:00:12 AM,6,June-18,Summer-2018,12.6,245.2,25.6,0.0,0.0,1017.9,82.7,0.0,0.0,19.6,25.9,00:12.0,6/21/2018,01:23.0,6/21/2018
21-06-18,7:00:24 AM,7,June-18,Summer-2018,14.4,206.2,25.9,0.0,15.9,1018.2,84.1,6.5,25.9,20.3,26.1,00:24.0,6/21/2018,01:30.0,6/21/2018
21-06-18,8:00:14 AM,8,June-18,Summer-2018,18.3,213.8,26.2,0.0,56.7,1019.0,83.4,13.0,26.1,24.6,26.3,00:14.0,6/21/2018,01:20.0,6/21/2018
21-06-18,9:00:15 AM,9,June-18,Summer-2018,16.2,206.3,26.5,0.0,112.4,1019.8,83.0,9.4,26.3,26.8,26.8,00:15.0,6/21/2018,01:30.0,6/21/2018
21-06-18,10:00:15 AM,10,June-18,Summer-2018,15.9,218.0,27.1,0.0,209.6,1020.0,81.7,8.7,26.7,23.9,27.9,00:15.0,6/21/2018,01:24.0,6/21/2018
21-06-18,11:00:15 AM,11,June-18,Summer-2018,15.8,230.5,28.6,0.0,593.0,1020.1,75.7,8.7,27.9,24.6,29.8,00:15.0,6/21/2018,01:13.0,6/21/2018
21-06-18,12:00:18 PM,12,June-18,Summer-2018,14.5,241.7,29.7,0.0,496.5,1020.1,71.3,4.3,29.4,36.2,30.4,00:18.0,6/21/2018,01:25.0,6/21/2018
21-06-18,1:00:17 PM,13,June-18,Summer-2018,12.3,260.5,30.9,0.0,611.9,1019.9,67.6,0.0,30.4,21.7,31.6,00:17.0,6/21/2018,01:24.0,6/21/2018
21-06-18,2:00:13 PM,14,June-18,Summer-2018,16.0,243.5,32.1,0.0,647.8,1019.2,61.7,5.1,31.6,26.8,32.8,00:13.0,6/21/2018,01:27.0,6/21/2018
21-06-18,3:00:10 PM,15,June-18,Summer-2018,17.8,226.9,33.1,0.0,711.2,1017.8,56.8,8.0,32.7,30.4,33.6,00:10.0,6/21/2018,01:06.0,6/21/2018
21-06-18,4:00:15 PM,16,June-18,Summer-2018,18.0,222.0,33.6,0.0,587.3,1016.6,52.6,10.1,33.3,30.4,34.0,00:15.0,6/21/2018,01:27.0,6/21/2018
21-06-18,5:00:18 PM,17,June-18,Summer-2018,18.2,250.6,33.9,0.0,437.2,1015.8,50.4,5.8,33.6,27.5,34.1,00:18.0,6/21/2018,01:42.0,6/21/2018
21-06-18,6:00:15 PM,18,June-18,Summer-2018,16.6,254.0,33.3,0.0,240.6,1015.9,52.6,5.8,32.7,26.1,33.8,00:15.0,6/21/2018,01:25.0,6/21/2018
21-06-18,7:00:13 PM,19,June-18,Summer-2018,15.4,238.0,32.2,0.0,83.8,1016.4,53.2,7.2,31.5,26.1,32.8,00:13.0,6/21/2018,01:26.0,6/21/2018
21-06-18,8:00:19 PM,20,June-18,Summer-2018,15.1,217.7,30.7,0.0,5.4,1017.2,54.0,8.7,30.1,22.5,31.5,00:19.0,6/21/2018,01:26.0,6/21/2018
21-06-18,9:00:10 PM,21,June-18,Summer-2018,17.4,194.2,29.3,0.0,0.0,1017.8,62.4,10.9,28.7,23.2,30.1,00:10.0,6/21/2018,01:11.0,6/21/2018
21-06-18,10:00:14 PM,22,June-18,Summer-2018,19.7,201.4,28.2,0.0,0.0,1018.2,69.0,11.6,27.9,30.4,28.7,00:14.0,6/21/2018,01:25.0,6/21/2018
21-06-18,11:00:18 PM,23,June-18,Summer-2018,15.7,199.4,27.6,0.0,0.0,1019.2,72.9,0.0,27.1,29.7,27.9,00:18.0,6/21/2018,01:20.0,6/21/2018
22-06-18,12:00:15 AM,24,June-18,Summer-2018,8.4,271.8,26.9,0.0,0.0,1020.0,77.3,3.6,26.8,15.9,27.1,00:15.0,6/22/2018,01:20.0,6/22/2018
22-06-18,1:00:14 AM,1,June-18,Summer-2018,12.2,200.4,26.6,0.0,0.0,1019.8,79.8,5.8,26.3,19.6,26.9,00:14.0,6/22/2018,01:16.0,6/22/2018
22-06-18,2:00:15 AM,2,June-18,Summer-2018,14.1,213.6,26.1,0.0,0.0,1018.8,82.9,8.7,25.9,18.8,26.3,00:15.0,6/22/2018,01:16.0,6/22/2018
22-06-18,3:00:14 AM,3,June-18,Summer-2018,18.3,208.6,25.9,0.0,0.0,1017.9,83.3,8.0,25.9,24.6,26.0,00:14.0,6/22/2018,01:21.0,6/22/2018
22-06-18,4:00:14 AM,4,June-18,Summer-2018,17.9,213.6,25.9,0.0,0.0,1017.6,84.2,10.9,25.8,27.5,26.0,00:14.0,6/22/2018,01:23.0,6/22/2018
22-06-18,5:00:12 AM,5,June-18,Summer-2018,14.5,218.2,25.6,0.0,0.0,1017.5,85.9,6.5,25.4,23.2,25.8,00:12.0,6/22/2018,01:37.0,6/22/2018
22-06-18,6:00:10 AM,6,June-18,Summer-2018,15.4,218.4,25.7,0.0,0.1,1017.6,86.1,7.2,25.6,25.3,25.7,00:10.0,6/22/2018,01:18.0,6/22/2018
22-06-18,7:00:15 AM,7,June-18,Summer-2018,16.8,249.7,25.7,0.0,23.7,1018.0,86.9,6.5,25.6,23.9,25.9,00:15.0,6/22/2018,01:14.0,6/22/2018
22-06-18,8:00:10 AM,8,June-18,Summer-2018,18.6,222.0,26.4,0.0,156.2,1019.1,84.9,10.9,25.9,28.2,26.8,00:10.0,6/22/2018,01:08.0,6/22/2018
22-06-18,9:00:19 AM,9,June-18,Summer-2018,19.6,250.4,27.3,0.0,242.8,1019.8,81.0,10.1,26.8,26.8,27.7,00:19.0,6/22/2018,01:16.0,6/22/2018
22-06-18,10:00:10 AM,10,June-18,Summer-2018,17.9,223.8,26.4,0.0,344.5,1019.9,86.7,8.7,25.6,25.3,27.4,00:10.0,6/22/2018,01:04.0,6/22/2018
22-06-18,11:00:15 AM,11,June-18,Summer-2018,23.3,231.2,27.2,0.0,557.0,1020.2,82.3,13.0,26.7,29.7,27.9,00:15.0,6/22/2018,01:19.0,6/22/2018
22-06-18,12:00:14 PM,12,June-18,Summer-2018,24.8,223.2,27.9,0.0,799.2,1020.1,78.4,15.9,27.0,31.1,28.7,00:14.0,6/22/2018,01:19.0,6/22/2018
22-06-18,1:00:10 PM,13,June-18,Summer-2018,21.5,215.2,29.0,0.0,765.4,1019.7,72.6,10.1,28.4,29.7,29.7,00:10.0,6/22/2018,01:09.0,6/22/2018
22-06-18,2:00:10 PM,14,June-18,Summer-2018,18.8,233.0,28.3,0.0,295.2,1018.9,74.9,10.9,28.0,31.9,28.5,00:10.0,6/22/2018,01:09.0,6/22/2018
22-06-18,3:00:14 PM,15,June-18,Summer-2018,18.0,206.3,28.2,0.0,217.2,1017.8,75.1,10.9,28.0,25.3,28.3,00:14.0,6/22/2018,01:18.0,6/22/2018
22-06-18,4:00:10 PM,16,June-18,Summer-2018,20.6,207.0,28.1,0.0,282.2,1017.0,74.9,12.3,27.8,27.5,28.3,00:10.0,6/22/2018,01:11.0,6/22/2018
22-06-18,5:00:10 PM,17,June-18,Summer-2018,19.9,230.4,28.4,0.0,271.6,1016.8,72.1,12.3,28.1,26.1,28.6,00:10.0,6/22/2018,01:05.0,6/22/2018
22-06-18,6:00:10 PM,18,June-18,Summer-2018,15.4,223.7,27.7,0.0,88.4,1016.5,73.1,3.6,27.4,23.9,28.2,00:10.0,6/22/2018,01:14.0,6/22/2018
22-06-18,7:00:10 PM,19,June-18,Summer-2018,13.2,191.0,27.2,0.0,30.0,1017.1,76.9,5.8,27.1,18.1,27.5,00:10.0,6/22/2018,01:16.0,6/22/2018
22-06-18,8:00:15 PM,20,June-18,Summer-2018,12.2,206.3,27.0,0.0,0.8,1017.6,79.9,5.8,26.8,18.8,27.1,00:15.0,6/22/2018,01:20.0,6/22/2018
22-06-18,9:00:14 PM,21,June-18,Summer-2018,14.6,201.7,26.8,0.0,0.0,1018.1,80.7,9.4,26.7,21.7,26.8,00:14.0,6/22/2018,01:21.0,6/22/2018
22-06-18,10:00:10 PM,22,June-18,Summer-2018,15.8,213.1,26.6,0.0,0.0,1018.3,79.7,9.4,26.1,23.2,26.8,00:10.0,6/22/2018,01:15.0,6/22/2018
22-06-18,11:00:14 PM,23,June-18,Summer-2018,14.8,234.9,26.0,0.0,0.0,1018.7,83.2,8.7,25.9,22.5,26.1,00:14.0,6/22/2018,01:30.0,6/22/2018
23-06-18,12:00:15 AM,24,June-18,Summer-2018,15.5,219.1,25.8,0.0,0.0,1018.4,85.6,5.8,25.7,27.5,25.9,00:15.0,6/23/2018,01:22.0,6/23/2018
23-06-18,1:00:15 AM,1,June-18,Summer-2018,17.5,201.4,25.6,0.0,0.0,1018.0,87.3,8.7,25.5,23.9,25.8,00:15.0,6/23/2018,01:24.0,6/23/2018
23-06-18,2:00:10 AM,2,June-18,Summer-2018,17.9,213.3,25.5,0.0,0.0,1017.7,88.4,12.3,25.4,24.6,25.5,00:10.0,6/23/2018,01:12.0,6/23/2018
23-06-18,3:00:10 AM,3,June-18,Summer-2018,15.9,220.1,25.5,0.0,0.0,1017.3,88.4,8.0,25.5,21.7,25.6,00:10.0,6/23/2018,01:15.0,6/23/2018
23-06-18,4:00:19 AM,4,June-18,Summer-2018,13.4,239.2,25.4,0.0,0.0,1017.0,89.3,6.5,25.4,24.6,25.5,00:19.0,6/23/2018,01:17.0,6/23/2018
23-06-18,5:00:19 AM,5,June-18,Summer-2018,10.7,217.9,25.4,0.0,0.0,1016.9,89.7,5.1,25.4,21.7,25.4,00:19.0,6/23/2018,01:32.0,6/23/2018
23-06-18,6:00:15 AM,6,June-18,Summer-2018,11.4,217.9,25.2,0.0,0.4,1016.8,90.5,8.0,25.0,16.7,25.4,00:15.0,6/23/2018,01:24.0,6/23/2018
23-06-18,7:00:18 AM,7,June-18,Summer-2018,12.7,219.5,25.1,0.0,36.7,1017.3,89.2,6.5,24.9,20.3,25.3,00:18.0,6/23/2018,01:20.0,6/23/2018
23-06-18,8:00:18 AM,8,June-18,Summer-2018,14.0,191.8,25.7,0.0,167.8,1018.1,87.5,9.4,25.2,18.8,26.4,00:18.0,6/23/2018,01:24.0,6/23/2018
23-06-18,9:00:15 AM,9,June-18,Summer-2018,15.0,224.9,26.8,0.0,244.9,1019.1,83.2,10.9,26.4,19.6,27.1,00:15.0,6/23/2018,01:22.0,6/23/2018
23-06-18,10:00:14 AM,10,June-18,Summer-2018,11.9,299.1,27.6,0.0,387.9,1019.6,79.6,5.1,26.9,22.5,28.5,00:14.0,6/23/2018,01:23.0,6/23/2018
23-06-18,11:00:18 AM,11,June-18,Summer-2018,12.0,190.1,28.4,0.0,334.4,1019.7,75.6,6.5,28.3,18.1,28.5,00:18.0,6/23/2018,01:28.0,6/23/2018
23-06-18,12:00:10 PM,12,June-18,Summer-2018,10.6,245.5,29.1,0.0,547.9,1019.5,72.5,3.6,28.5,17.4,29.9,00:10.0,6/23/2018,02:01.0,6/23/2018
23-06-18,1:00:19 PM,13,June-18,Summer-2018,12.7,283.6,30.4,0.0,737.9,1019.1,69.4,0.0,29.7,21.0,31.5,00:19.0,6/23/2018,01:32.0,6/23/2018
23-06-18,2:00:14 PM,14,June-18,Summer-2018,16.3,272.4,31.2,0.0,530.8,1017.8,63.0,7.2,30.9,23.2,31.6,00:14.0,6/23/2018,01:23.0,6/23/2018
23-06-18,3:00:15 PM,15,June-18,Summer-2018,15.7,285.7,31.6,0.0,335.5,1017.1,59.6,6.5,31.1,23.2,32.1,00:15.0,6/23/2018,01:34.0,6/23/2018
23-06-18,4:00:15 PM,16,June-18,Summer-2018,12.5,246.1,30.6,0.0,195.8,1015.8,63.5,5.1,30.3,20.3,31.2,00:15.0,6/23/2018,01:23.0,6/23/2018
23-06-18,5:00:15 PM,17,June-18,Summer-2018,14.3,256.0,31.2,0.0,282.6,1015.2,62.5,5.1,30.9,25.3,31.6,00:15.0,6/23/2018,01:24.0,6/23/2018
23-06-18,6:00:18 PM,18,June-18,Summer-2018,16.7,233.4,30.1,0.0,122.5,1015.3,68.8,7.2,29.0,26.8,31.2,00:18.0,6/23/2018,01:28.0,6/23/2018
23-06-18,7:00:18 PM,19,June-18,Summer-2018,16.3,317.6,26.7,0.0,18.8,1016.1,82.3,0.0,25.2,29.0,29.0,00:18.0,6/23/2018,01:43.0,6/23/2018
23-06-18,8:00:19 PM,20,June-18,Summer-2018,15.4,166.5,25.1,1.0,0.3,1016.7,92.1,0.0,25.0,25.3,25.3,00:19.0,6/23/2018,01:33.0,6/23/2018
23-06-18,9:00:18 PM,21,June-18,Summer-2018,13.3,183.5,24.8,0.0,0.0,1017.1,93.9,6.5,24.6,23.2,25.0,00:18.0,6/23/2018,01:35.0,6/23/2018
23-06-18,10:00:18 PM,22,June-18,Summer-2018,12.0,179.6,24.6,0.3,0.0,1017.6,94.1,5.8,24.3,22.5,24.7,00:18.0,6/23/2018,01:34.0,6/23/2018
23-06-18,11:00:12 PM,23,June-18,Summer-2018,16.7,212.6,24.0,0.0,0.0,1017.5,93.7,8.7,23.9,28.2,24.2,00:12.0,6/23/2018,01:33.0,6/23/2018
24-06-18,12:00:18 AM,24,June-18,Summer-2018,15.6,205.7,24.0,0.0,0.0,1017.5,94.0,8.0,23.9,21.7,24.1,00:18.0,6/24/2018,01:33.0,6/24/2018
24-06-18,1:00:15 AM,1,June-18,Summer-2018,9.3,180.3,23.9,2.8,0.0,1017.7,94.4,0.0,23.8,16.7,24.1,00:15.0,6/24/2018,01:37.0,6/24/2018
24-06-18,2:00:19 AM,2,June-18,Summer-2018,10.8,180.9,23.7,5.3,0.0,1017.0,95.8,0.0,23.6,18.8,23.8,00:19.0,6/24/2018,01:44.0,6/24/2018
24-06-18,3:00:18 AM,3,June-18,Summer-2018,15.9,196.7,23.6,0.0,0.0,1016.2,95.7,8.0,23.6,26.8,23.7,00:18.0,6/24/2018,01:36.0,6/24/2018
24-06-18,4:00:15 AM,4,June-18,Summer-2018,15.6,194.5,23.6,0.0,0.0,1016.3,94.9,9.4,23.6,21.0,23.7,00:15.0,6/24/2018,01:10.0,6/24/2018
24-06-18,5:00:19 AM,5,June-18,Summer-2018,16.7,189.2,23.6,0.0,0.0,1016.0,94.3,9.4,23.6,22.5,23.7,00:19.0,6/24/2018,01:24.0,6/24/2018
24-06-18,6:00:15 AM,6,June-18,Summer-2018,18.1,197.7,23.6,0.0,0.0,1016.1,93.1,8.7,23.6,26.1,23.7,00:15.0,6/24/2018,01:19.0,6/24/2018
24-06-18,7:00:19 AM,7,June-18,Summer-2018,13.7,202.7,23.8,0.0,23.9,1017.1,91.6,7.2,23.7,22.5,23.9,00:19.0,6/24/2018,01:23.0,6/24/2018
24-06-18,8:00:15 AM,8,June-18,Summer-2018,14.7,197.7,24.2,0.0,98.6,1017.6,90.8,9.4,23.9,23.2,24.6,00:15.0,6/24/2018,01:25.0,6/24/2018
24-06-18,9:00:18 AM,9,June-18,Summer-2018,17.0,191.3,24.9,0.0,181.9,1018.1,89.8,8.7,24.6,23.2,25.2,00:18.0,6/24/2018,01:25.0,6/24/2018
24-06-18,10:00:14 AM,10,June-18,Summer-2018,17.4,222.9,26.0,0.0,443.5,1018.4,87.8,11.6,25.2,24.6,26.9,00:14.0,6/24/2018,01:19.0,6/24/2018
24-06-18,11:00:14 AM,11,June-18,Summer-2018,16.1,205.4,27.3,0.0,466.6,1018.8,83.0,9.4,26.9,26.1,27.5,00:14.0,6/24/2018,01:24.0,6/24/2018
24-06-18,12:00:18 PM,12,June-18,Summer-2018,11.0,242.0,27.5,0.0,348.6,1018.5,81.2,0.0,27.4,19.6,27.7,00:18.0,6/24/2018,01:26.0,6/24/2018
24-06-18,1:00:18 PM,13,June-18,Summer-2018,12.0,244.4,27.6,0.0,493.7,1018.0,81.3,3.6,27.2,18.8,28.4,00:18.0,6/24/2018,01:17.0,6/24/2018
24-06-18,2:00:19 PM,14,June-18,Summer-2018,13.3,249.3,28.4,0.0,443.8,1017.3,77.6,7.2,28.1,21.7,28.5,00:19.0,6/24/2018,01:42.0,6/24/2018
24-06-18,3:00:18 PM,15,June-18,Summer-2018,11.8,113.5,27.5,1.0,49.2,1016.7,80.5,4.3,26.1,20.3,28.4,00:18.0,6/24/2018,01:24.0,6/24/2018
24-06-18,4:00:18 PM,16,June-18,Summer-2018,6.6,229.0,25.4,2.0,27.9,1016.0,91.6,0.0,25.2,13.0,26.1,00:18.0,6/24/2018,01:14.0,6/24/2018
24-06-18,5:00:14 PM,17,June-18,Summer-2018,2.5,274.8,25.7,0.0,19.4,1015.4,88.7,0.0,25.5,10.1,25.9,00:14.0,6/24/2018,01:31.0,6/24/2018
24-06-18,6:00:10 PM,18,June-18,Summer-2018,0.0,228.7,25.9,0.0,38.2,1015.1,87.5,0.0,25.7,3.6,26.1,00:10.0,6/24/2018,01:07.0,6/24/2018
24-06-18,7:00:14 PM,19,June-18,Summer-2018,1.5,200.3,26.3,0.0,39.4,1015.2,86.8,0.0,26.1,5.8,26.4,00:14.0,6/24/2018,01:20.0,6/24/2018
24-06-18,8:00:14 PM,20,June-18,Summer-2018,1.6,199.8,26.1,0.0,2.8,1016.3,88.4,0.0,25.8,7.2,26.3,00:14.0,6/24/2018,01:15.0,6/24/2018
24-06-18,9:00:18 PM,21,June-18,Summer-2018,5.3,248.0,25.8,0.0,0.0,1017.0,88.7,0.0,25.7,8.0,25.9,00:18.0,6/24/2018,01:12.0,6/24/2018
24-06-18,10:00:18 PM,22,June-18,Summer-2018,3.8,285.3,25.6,0.0,0.0,1017.4,88.4,0.0,25.4,10.1,25.8,00:18.0,6/24/2018,01:33.0,6/24/2018
24-06-18,11:00:18 PM,23,June-18,Summer-2018,0.4,285.3,25.1,0.0,0.0,1017.3,92.1,0.0,24.9,5.1,25.4,00:18.0,6/24/2018,01:25.0,6/24/2018
25-06-18,12:00:15 AM,24,June-18,Summer-2018,0.2,285.9,24.9,0.0,0.0,1017.3,94.1,0.0,24.8,3.6,24.9,00:15.0,6/25/2018,01:24.0,6/25/2018
25-06-18,1:00:14 AM,1,June-18,Summer-2018,2.6,259.5,24.7,0.0,0.0,1017.1,94.4,0.0,24.5,7.2,24.9,00:14.0,6/25/2018,01:21.0,6/25/2018
25-06-18,2:00:10 AM,2,June-18,Summer-2018,4.6,283.3,24.1,0.0,0.0,1016.3,95.9,0.0,23.8,7.2,24.5,00:10.0,6/25/2018,01:04.0,6/25/2018
25-06-18,3:00:28 AM,3,June-18,Summer-2018,2.3,294.3,23.7,0.0,0.0,1015.4,96.6,0.0,23.6,6.5,23.9,00:28.0,6/25/2018,01:30.0,6/25/2018
25-06-18,4:00:14 AM,4,June-18,Summer-2018,3.0,266.8,23.6,0.0,0.0,1014.8,97.0,0.0,23.5,8.0,23.7,00:14.0,6/25/2018,01:07.0,6/25/2018
25-06-18,5:00:19 AM,5,June-18,Summer-2018,0.0,266.8,23.6,0.0,0.0,1014.8,97.4,0.0,23.5,0.0,23.6,00:19.0,6/25/2018,01:20.0,6/25/2018
25-06-18,6:00:15 AM,6,June-18,Summer-2018,0.0,236.1,23.7,0.0,0.1,1014.9,97.5,0.0,23.6,0.0,23.8,00:15.0,6/25/2018,01:23.0,6/25/2018
25-06-18,7:00:18 AM,7,June-18,Summer-2018,6.0,240.0,24.0,0.0,28.5,1015.5,95.4,0.0,23.8,12.3,24.3,00:18.0,6/25/2018,01:16.0,6/25/2018
25-06-18,8:00:13 AM,8,June-18,Summer-2018,0.9,248.1,24.4,0.0,61.2,1016.2,94.3,0.0,24.3,6.5,24.7,00:13.0,6/25/2018,01:21.0,6/25/2018
25-06-18,9:00:13 AM,9,June-18,Summer-2018,2.1,307.2,25.4,0.0,140.7,1016.7,91.3,0.0,24.7,8.0,25.7,00:13.0,6/25/2018,01:16.0,6/25/2018
25-06-18,10:00:10 AM,10,June-18,Summer-2018,6.4,245.8,25.4,0.3,128.2,1016.7,92.2,0.0,25.0,10.9,25.8,00:10.0,6/25/2018,01:03.0,6/25/2018
25-06-18,11:00:19 AM,11,June-18,Summer-2018,10.6,183.9,24.2,21.6,36.4,1016.8,95.8,0.0,23.4,18.8,25.1,00:19.0,6/25/2018,01:27.0,6/25/2018
25-06-18,12:00:19 PM,12,June-18,Summer-2018,11.0,223.3,23.5,6.1,66.7,1016.8,97.5,5.8,23.4,18.1,23.6,00:19.0,6/25/2018,01:23.0,6/25/2018
25-06-18,1:00:18 PM,13,June-18,Summer-2018,9.9,248.7,23.6,1.8,77.3,1016.2,97.5,0.0,23.4,17.4,23.7,00:18.0,6/25/2018,01:22.0,6/25/2018
25-06-18,2:00:14 PM,14,June-18,Summer-2018,14.2,245.4,23.1,2.5,76.5,1015.6,98.1,6.5,23.0,26.1,23.4,00:14.0,6/25/2018,01:22.0,6/25/2018
25-06-18,3:00:18 PM,15,June-18,Summer-2018,14.0,244.5,23.0,2.3,116.6,1015.0,98.5,6.5,22.9,23.9,23.1,00:18.0,6/25/2018,01:33.0,6/25/2018
25-06-18,4:00:25 PM,16,June-18,Summer-2018,18.9,246.7,22.8,1.5,80.1,1014.3,98.9,10.1,22.7,28.2,23.0,00:25.0,6/25/2018,01:03.0,6/25/2018
25-06-18,5:00:13 PM,17,June-18,Summer-2018,20.6,214.2,22.5,3.0,65.8,1013.9,98.8,10.9,22.2,34.0,22.9,00:13.0,6/25/2018,01:15.0,6/25/2018
25-06-18,6:00:15 PM,18,June-18,Summer-2018,20.8,238.6,23.1,0.0,58.7,1013.9,95.7,14.5,22.6,27.5,23.4,00:15.0,6/25/2018,01:16.0,6/25/2018
25-06-18,7:00:18 PM,19,June-18,Summer-2018,17.4,218.5,23.4,0.0,10.2,1014.3,95.3,10.1,23.2,26.1,23.6,00:18.0,6/25/2018,01:22.0,6/25/2018
25-06-18,8:00:18 PM,20,June-18,Summer-2018,14.9,195.2,23.4,0.0,0.5,1015.0,95.2,8.7,23.3,28.2,23.5,00:18.0,6/25/2018,01:20.0,6/25/2018
25-06-18,9:00:10 PM,21,June-18,Summer-2018,14.0,197.7,23.5,0.0,0.0,1015.7,95.2,9.4,23.4,19.6,23.7,00:10.0,6/25/2018,01:02.0,6/25/2018
25-06-18,10:00:15 PM,22,June-18,Summer-2018,15.4,200.8,23.9,0.0,0.0,1016.2,95.3,9.4,23.7,21.7,24.1,00:15.0,6/25/2018,01:10.0,6/25/2018
25-06-18,11:00:15 PM,23,June-18,Summer-2018,19.8,214.9,24.4,0.3,0.0,1016.4,94.8,12.3,24.1,26.1,24.5,00:15.0,6/25/2018,01:13.0,6/25/2018
26-06-18,12:00:15 AM,24,June-18,Summer-2018,21.7,215.8,24.5,0.0,0.0,1016.2,94.5,15.2,24.4,30.4,24.6,00:15.0,6/26/2018,01:15.0,6/26/2018
26-06-18,1:00:18 AM,1,June-18,Summer-2018,21.9,214.1,24.5,0.0,0.0,1015.4,94.9,15.2,24.5,29.7,24.6,00:18.0,6/26/2018,01:28.0,6/26/2018
26-06-18,2:00:18 AM,2,June-18,Summer-2018,20.5,204.4,24.4,0.0,0.0,1014.6,94.8,10.9,24.1,28.2,24.6,00:18.0,6/26/2018,01:10.0,6/26/2018
26-06-18,3:00:15 AM,3,June-18,Summer-2018,16.5,201.4,24.3,0.0,0.0,1014.2,95.2,8.7,24.1,30.4,24.5,00:15.0,6/26/2018,01:10.0,6/26/2018
26-06-18,4:00:14 AM,4,June-18,Summer-2018,18.4,230.4,23.5,22.1,0.0,1014.0,96.1,5.1,22.8,34.8,24.3,00:14.0,6/26/2018,01:06.0,6/26/2018
26-06-18,5:00:19 AM,5,June-18,Summer-2018,16.1,240.6,22.8,22.1,0.0,1013.9,98.4,4.3,22.5,29.0,23.1,00:19.0,6/26/2018,01:20.0,6/26/2018
26-06-18,6:00:15 AM,6,June-18,Summer-2018,20.5,218.4,22.6,14.0,0.0,1014.5,98.7,10.9,22.3,30.4,22.8,00:15.0,6/26/2018,01:18.0,6/26/2018
26-06-18,7:00:14 AM,7,June-18,Summer-2018,21.5,230.8,23.1,7.4,0.0,1014.5,98.4,14.5,22.3,34.8,24.0,00:14.0,6/26/2018,01:21.0,6/26/2018
26-06-18,8:00:18 AM,8,June-18,Summer-2018,17.5,227.7,24.0,2.8,8.4,1015.2,98.3,10.1,23.9,27.5,24.2,00:18.0,6/26/2018,01:24.0,6/26/2018
26-06-18,9:00:18 AM,9,June-18,Summer-2018,18.8,201.6,24.2,1.0,38.7,1016.2,98.0,11.6,24.2,30.4,24.4,00:18.0,6/26/2018,01:24.0,6/26/2018
26-06-18,10:00:19 AM,10,June-18,Summer-2018,20.1,234.2,24.4,0.0,101.6,1016.6,96.8,12.3,24.2,29.7,24.8,00:19.0,6/26/2018,01:38.0,6/26/2018
26-06-18,11:00:12 AM,11,June-18,Summer-2018,24.0,211.8,25.0,0.3,208.5,1016.9,94.8,14.5,24.8,34.8,25.3,00:12.0,6/26/2018,01:20.0,6/26/2018
26-06-18,12:00:15 PM,12,June-18,Summer-2018,20.8,219.1,25.9,0.0,338.4,1017.0,92.1,10.9,25.3,31.9,26.5,00:15.0,6/26/2018,01:22.0,6/26/2018
26-06-18,1:00:19 PM,13,June-18,Summer-2018,19.8,206.2,26.8,0.0,299.3,1016.4,87.4,10.1,26.5,33.3,27.0,00:19.0,6/26/2018,01:22.0,6/26/2018
26-06-18,2:00:15 PM,14,June-18,Summer-2018,22.3,221.5,26.8,0.0,236.5,1015.8,86.5,12.3,26.7,34.0,27.0,00:15.0,6/26/2018,01:31.0,6/26/2018
26-06-18,3:00:10 PM,15,June-18,Summer-2018,16.8,209.9,26.2,0.3,170.3,1015.1,89.9,8.7,26.0,32.6,26.7,00:10.0,6/26/2018,01:18.0,6/26/2018
26-06-18,4:00:19 PM,16,June-18,Summer-2018,24.5,210.6,26.5,0.3,220.9,1014.5,87.9,15.2,26.3,37.7,26.6,00:19.0,6/26/2018,01:27.0,6/26/2018
26-06-18,5:00:19 PM,17,June-18,Summer-2018,23.8,217.9,26.5,0.0,249.9,1014.2,88.4,15.9,26.3,33.3,26.8,00:19.0,6/26/2018,01:28.0,6/26/2018
26-06-18,6:00:18 PM,18,June-18,Summer-2018,25.8,214.6,26.4,0.0,216.7,1014.0,88.9,14.5,25.9,34.0,26.8,00:18.0,6/26/2018,01:37.0,6/26/2018
26-06-18,7:00:18 PM,19,June-18,Summer-2018,23.5,197.4,26.2,0.0,93.6,1014.3,87.0,13.0,25.9,34.0,26.5,00:18.0,6/26/2018,01:28.0,6/26/2018
26-06-18,8:00:18 PM,20,June-18,Summer-2018,23.6,214.9,25.5,0.0,8.3,1014.7,87.4,15.2,25.3,36.2,25.9,00:18.0,6/26/2018,01:25.0,6/26/2018
26-06-18,9:00:18 PM,21,June-18,Summer-2018,22.8,201.1,25.2,0.0,0.0,1015.5,89.7,11.6,25.2,31.1,25.3,00:18.0,6/26/2018,01:23.0,6/26/2018
26-06-18,10:00:14 PM,22,June-18,Summer-2018,21.6,189.2,25.1,0.0,0.0,1016.1,90.4,13.0,25.0,34.0,25.2,00:14.0,6/26/2018,01:22.0,6/26/2018
26-06-18,11:00:18 PM,23,June-18,Summer-2018,21.9,188.6,24.9,0.0,0.0,1016.5,91.6,14.5,24.9,30.4,25.0,00:18.0,6/26/2018,01:24.0,6/26/2018
27-06-18,12:00:18 AM,24,June-18,Summer-2018,20.6,206.7,24.9,0.0,0.0,1016.6,91.7,13.8,24.8,31.1,25.0,00:18.0,6/27/2018,01:25.0,6/27/2018
27-06-18,1:00:14 AM,1,June-18,Summer-2018,19.4,198.3,24.8,0.0,0.0,1016.1,92.1,10.1,24.7,30.4,24.9,00:14.0,6/27/2018,01:20.0,6/27/2018
27-06-18,2:00:18 AM,2,June-18,Summer-2018,18.5,195.6,24.7,0.0,0.0,1015.3,92.4,12.3,24.6,30.4,24.7,00:18.0,6/27/2018,01:25.0,6/27/2018
27-06-18,3:00:15 AM,3,June-18,Summer-2018,23.6,190.5,24.5,0.0,0.0,1014.3,92.6,15.9,24.4,32.6,24.6,00:15.0,6/27/2018,01:20.0,6/27/2018
27-06-18,4:00:18 AM,4,June-18,Summer-2018,18.9,178.2,24.4,0.0,0.0,1014.0,93.4,9.4,24.3,27.5,24.5,00:18.0,6/27/2018,01:06.0,6/27/2018
27-06-18,5:00:19 AM,5,June-18,Summer-2018,21.7,197.2,24.4,0.0,0.0,1013.9,93.0,12.3,24.3,31.1,24.5,00:19.0,6/27/2018,01:16.0,6/27/2018
27-06-18,6:00:14 AM,6,June-18,Summer-2018,15.9,191.7,24.4,0.0,0.5,1014.5,93.7,5.1,24.3,29.7,24.5,00:14.0,6/27/2018,01:16.0,6/27/2018
27-06-18,7:00:10 AM,7,June-18,Summer-2018,19.5,197.1,24.6,0.0,21.3,1014.9,93.3,13.8,24.4,28.2,24.7,00:10.0,6/27/2018,01:10.0,6/27/2018
27-06-18,8:00:18 AM,8,June-18,Summer-2018,19.8,211.7,24.7,0.0,71.3,1015.2,93.3,12.3,24.6,31.1,24.9,00:18.0,6/27/2018,01:12.0,6/27/2018
27-06-18,9:00:14 AM,9,June-18,Summer-2018,20.0,206.0,25.0,0.0,93.8,1015.7,92.4,11.6,24.9,29.7,25.1,00:14.0,6/27/2018,01:16.0,6/27/2018
27-06-18,10:00:18 AM,10,June-18,Summer-2018,22.4,207.3,25.3,0.5,268.0,1016.1,92.5,10.9,24.8,31.1,26.1,00:18.0,6/27/2018,01:22.0,6/27/2018
27-06-18,11:00:29 AM,11,June-18,Summer-2018,24.6,200.6,26.6,0.0,551.3,1016.6,88.5,15.9,26.1,34.0,27.0,00:29.0,6/27/2018,01:25.0,6/27/2018
27-06-18,12:00:13 PM,12,June-18,Summer-2018,24.1,229.5,26.8,0.3,513.7,1016.4,87.6,13.8,25.9,34.8,27.5,00:13.0,6/27/2018,01:28.0,6/27/2018
27-06-18,1:00:14 PM,13,June-18,Summer-2018,16.7,227.0,27.1,0.0,457.8,1016.3,88.8,7.2,25.7,28.2,27.9,00:14.0,6/27/2018,01:32.0,6/27/2018
27-06-18,2:00:13 PM,14,June-18,Summer-2018,11.7,237.6,26.2,0.0,277.2,1015.5,93.4,3.6,25.8,20.3,26.5,00:13.0,6/27/2018,01:22.0,6/27/2018
27-06-18,3:00:14 PM,15,June-18,Summer-2018,12.4,221.5,27.2,0.0,455.9,1015.1,90.9,0.0,26.3,29.0,28.2,00:14.0,6/27/2018,01:20.0,6/27/2018
27-06-18,4:00:19 PM,16,June-18,Summer-2018,21.8,201.3,28.2,0.0,273.6,1014.5,78.9,15.2,28.0,34.8,28.4,00:19.0,6/27/2018,02:12.0,6/27/2018
27-06-18,5:00:15 PM,17,June-18,Summer-2018,20.7,202.6,27.8,0.0,176.6,1014.0,79.2,13.0,27.6,29.7,28.0,00:15.0,6/27/2018,01:02.0,6/27/2018
27-06-18,6:00:15 PM,18,June-18,Summer-2018,20.1,202.9,27.5,0.0,129.9,1014.4,80.2,12.3,27.3,29.0,27.6,00:15.0,6/27/2018,01:26.0,6/27/2018
27-06-18,7:00:15 PM,19,June-18,Summer-2018,18.7,217.4,26.9,0.0,67.1,1014.8,82.2,11.6,26.5,30.4,27.3,00:15.0,6/27/2018,01:20.0,6/27/2018
27-06-18,8:00:15 PM,20,June-18,Summer-2018,18.4,199.1,26.1,0.0,3.0,1015.2,85.1,9.4,25.9,28.2,26.5,00:15.0,6/27/2018,01:23.0,6/27/2018
27-06-18,9:00:18 PM,21,June-18,Summer-2018,19.0,188.7,25.6,0.0,0.0,1015.8,88.1,11.6,25.4,30.4,25.9,00:18.0,6/27/2018,01:27.0,6/27/2018
27-06-18,10:00:18 PM,22,June-18,Summer-2018,19.2,189.4,25.1,0.0,0.0,1016.2,89.2,10.9,25.0,29.7,25.4,00:18.0,6/27/2018,01:24.0,6/27/2018
27-06-18,11:00:18 PM,23,June-18,Summer-2018,19.8,192.3,24.8,0.0,0.0,1016.3,89.1,11.6,24.7,28.2,25.0,00:18.0,6/27/2018,01:28.0,6/27/2018
28-06-18,12:00:11 AM,24,June-18,Summer-2018,20.0,203.2,24.6,0.0,0.0,1016.0,89.7,13.0,24.5,26.8,24.8,00:11.0,6/28/2018,01:21.0,6/28/2018
28-06-18,1:00:18 AM,1,June-18,Summer-2018,17.3,226.3,24.5,0.0,0.0,1015.9,90.8,10.1,24.4,23.9,24.6,00:18.0,6/28/2018,01:20.0,6/28/2018
28-06-18,2:00:14 AM,2,June-18,Summer-2018,14.7,215.7,24.4,0.0,0.0,1015.5,91.3,6.5,24.2,24.6,24.5,00:14.0,6/28/2018,01:19.0,6/28/2018
28-06-18,3:00:15 AM,3,June-18,Summer-2018,22.2,222.0,24.2,0.0,0.0,1014.8,91.8,14.5,24.1,31.9,24.2,00:15.0,6/28/2018,01:21.0,6/28/2018
28-06-18,4:00:19 AM,4,June-18,Summer-2018,21.0,206.8,24.1,0.0,0.0,1014.7,91.7,12.3,24.1,28.2,24.2,00:19.0,6/28/2018,01:08.0,6/28/2018
28-06-18,5:00:19 AM,5,June-18,Summer-2018,26.8,189.6,24.1,0.0,0.0,1014.4,91.0,19.6,24.0,36.2,24.2,00:19.0,6/28/2018,01:21.0,6/28/2018
28-06-18,6:00:14 AM,6,June-18,Summer-2018,25.8,190.5,24.0,0.0,0.2,1014.3,91.0,16.7,24.0,33.3,24.1,00:14.0,6/28/2018,01:18.0,6/28/2018
28-06-18,7:00:15 AM,7,June-18,Summer-2018,19.6,205.7,24.2,0.0,36.1,1015.0,91.1,8.0,24.1,31.9,24.3,00:15.0,6/28/2018,01:19.0,6/28/2018
28-06-18,8:00:15 AM,8,June-18,Summer-2018,17.9,217.9,24.6,0.0,127.5,1015.8,91.1,9.4,24.3,24.6,25.0,00:15.0,6/28/2018,01:23.0,6/28/2018
28-06-18,9:00:18 AM,9,June-18,Summer-2018,17.5,195.4,25.3,0.0,210.4,1016.6,90.3,10.9,25.0,24.6,25.7,00:18.0,6/28/2018,01:25.0,6/28/2018
28-06-18,10:00:19 AM,10,June-18,Summer-2018,19.2,226.3,26.0,0.0,282.0,1017.0,87.0,12.3,25.7,25.3,26.6,00:19.0,6/28/2018,01:26.0,6/28/2018
28-06-18,11:00:16 AM,11,June-18,Summer-2018,15.4,213.9,26.9,0.0,461.7,1017.2,84.7,7.2,26.6,23.2,27.5,00:16.0,6/28/2018,01:33.0,6/28/2018
28-06-18,12:00:11 PM,12,June-18,Summer-2018,13.8,256.5,28.0,0.0,630.9,1017.2,81.2,5.8,27.4,23.2,28.3,00:11.0,6/28/2018,01:25.0,6/28/2018
28-06-18,1:00:18 PM,13,June-18,Summer-2018,13.0,207.3,28.6,0.0,476.3,1017.0,77.9,5.1,28.3,21.7,29.0,00:18.0,6/28/2018,01:36.0,6/28/2018
28-06-18,2:00:19 PM,14,June-18,Summer-2018,15.2,212.6,29.2,0.0,504.8,1016.7,73.5,8.7,28.7,22.5,29.5,00:19.0,6/28/2018,01:37.0,6/28/2018
28-06-18,3:00:18 PM,15,June-18,Summer-2018,16.7,251.7,28.9,0.0,336.0,1015.7,74.4,9.4,28.7,26.8,29.0,00:18.0,6/28/2018,01:25.0,6/28/2018
28-06-18,4:00:18 PM,16,June-18,Summer-2018,22.4,187.0,28.0,0.0,558.3,1015.0,79.2,10.9,27.4,30.4,28.7,00:18.0,6/28/2018,01:25.0,6/28/2018
28-06-18,5:00:18 PM,17,June-18,Summer-2018,20.9,191.8,27.1,0.0,319.7,1014.7,80.4,9.4,26.6,31.9,28.1,00:18.0,6/28/2018,01:17.0,6/28/2018
28-06-18,6:00:19 PM,18,June-18,Summer-2018,21.4,175.7,26.2,0.0,155.0,1014.7,82.3,13.8,25.8,31.9,26.6,00:19.0,6/28/2018,01:38.0,6/28/2018
28-06-18,7:00:10 PM,19,June-18,Summer-2018,15.7,167.6,25.0,0.0,58.1,1015.0,86.7,8.0,24.6,31.9,25.8,00:10.0,6/28/2018,01:14.0,6/28/2018
28-06-18,8:00:16 PM,20,June-18,Summer-2018,11.3,182.6,24.5,0.0,1.8,1015.5,86.8,6.5,24.4,18.8,24.6,00:16.0,6/28/2018,01:22.0,6/28/2018
28-06-18,9:00:15 PM,21,June-18,Summer-2018,17.0,196.6,24.3,0.0,0.0,1016.1,84.5,8.0,23.9,24.6,24.6,00:15.0,6/28/2018,01:20.0,6/28/2018
28-06-18,10:00:15 PM,22,June-18,Summer-2018,15.9,183.5,23.9,0.0,0.0,1016.4,85.3,10.1,23.8,23.2,24.0,00:15.0,6/28/2018,01:11.0,6/28/2018
28-06-18,11:00:14 PM,23,June-18,Summer-2018,14.7,178.2,24.1,0.0,0.0,1016.8,86.7,7.2,24.0,22.5,24.3,00:14.0,6/28/2018,01:32.0,6/28/2018
29-06-18,12:00:23 AM,24,June-18,Summer-2018,19.6,185.1,24.2,0.0,0.0,1016.6,89.6,12.3,24.1,29.0,24.3,00:23.0,6/29/2018,01:27.0,6/29/2018
29-06-18,1:00:19 AM,1,June-18,Summer-2018,20.1,193.0,24.3,0.0,0.0,1016.5,89.3,11.6,24.3,26.8,24.4,00:19.0,6/29/2018,01:29.0,6/29/2018
29-06-18,2:00:12 AM,2,June-18,Summer-2018,19.0,183.9,24.2,0.0,0.0,1016.3,90.3,13.0,24.1,26.1,24.3,00:12.0,6/29/2018,01:15.0,6/29/2018
29-06-18,3:00:19 AM,3,June-18,Summer-2018,17.1,189.4,24.0,0.0,0.0,1016.3,90.9,10.9,24.0,24.6,24.1,00:19.0,6/29/2018,01:25.0,6/29/2018
29-06-18,4:00:14 AM,4,June-18,Summer-2018,14.1,172.4,24.0,0.0,0.0,1016.3,91.4,6.5,23.9,21.0,24.1,00:14.0,6/29/2018,01:09.0,6/29/2018
29-06-18,5:00:19 AM,5,June-18,Summer-2018,13.0,189.1,24.0,0.0,0.0,1016.4,91.3,7.2,23.9,20.3,24.1,00:19.0,6/29/2018,01:21.0,6/29/2018
29-06-18,6:00:15 AM,6,June-18,Summer-2018,12.8,185.8,24.0,0.0,0.1,1016.5,90.9,7.2,24.0,18.8,24.0,00:15.0,6/29/2018,01:04.0,6/29/2018
29-06-18,7:00:13 AM,7,June-18,Summer-2018,12.9,209.1,24.1,0.0,24.0,1017.1,91.4,7.2,24.0,19.6,24.2,00:13.0,6/29/2018,01:24.0,6/29/2018
29-06-18,8:00:15 AM,8,June-18,Summer-2018,8.5,184.2,24.1,0.0,96.4,1017.3,93.5,0.0,23.7,18.1,24.7,00:15.0,6/29/2018,01:23.0,6/29/2018
29-06-18,9:00:14 AM,9,June-18,Summer-2018,14.2,197.6,25.5,0.0,311.1,1017.6,88.2,8.0,24.8,21.7,26.5,00:14.0,6/29/2018,01:15.0,6/29/2018
29-06-18,10:00:18 AM,10,June-18,Summer-2018,15.6,183.7,27.5,0.0,565.1,1018.2,78.9,8.0,26.5,23.2,28.1,00:18.0,6/29/2018,01:25.0,6/29/2018
29-06-18,11:00:18 AM,11,June-18,Summer-2018,14.2,174.2,28.1,0.0,579.6,1018.3,74.4,5.8,27.7,25.3,28.6,00:18.0,6/29/2018,01:23.0,6/29/2018
29-06-18,12:00:14 PM,12,June-18,Summer-2018,14.6,200.6,28.8,0.0,521.7,1018.1,70.9,7.2,28.6,23.9,29.2,00:14.0,6/29/2018,01:19.0,6/29/2018
29-06-18,1:00:15 PM,13,June-18,Summer-2018,16.1,194.2,30.0,0.0,761.9,1017.7,65.6,5.1,29.2,24.6,31.0,00:15.0,6/29/2018,01:31.0,6/29/2018
29-06-18,2:00:15 PM,14,June-18,Summer-2018,16.9,165.7,30.4,0.0,551.2,1017.5,63.0,6.5,29.2,29.7,31.1,00:15.0,6/29/2018,01:25.0,6/29/2018
29-06-18,3:00:18 PM,15,June-18,Summer-2018,16.5,205.7,30.7,0.0,560.3,1016.8,61.0,3.6,29.1,26.8,31.4,00:18.0,6/29/2018,01:29.0,6/29/2018
29-06-18,4:00:18 PM,16,June-18,Summer-2018,19.0,215.5,30.9,0.0,372.1,1016.3,59.9,8.0,29.8,31.9,31.4,00:18.0,6/29/2018,01:34.0,6/29/2018
29-06-18,5:00:18 PM,17,June-18,Summer-2018,21.3,188.0,29.5,0.0,423.5,1015.5,66.7,13.0,29.0,31.9,30.0,00:18.0,6/29/2018,01:26.0,6/29/2018
29-06-18,6:00:15 PM,18,June-18,Summer-2018,17.2,207.2,29.1,0.0,229.3,1015.2,68.2,11.6,28.9,23.2,29.5,00:15.0,6/29/2018,01:24.0,6/29/2018
29-06-18,7:00:18 PM,19,June-18,Summer-2018,18.0,192.5,28.7,0.0,115.2,1015.9,69.3,10.1,28.1,25.3,29.1,00:18.0,6/29/2018,01:30.0,6/29/2018
29-06-18,8:00:19 PM,20,June-18,Summer-2018,13.2,164.4,27.4,0.0,11.4,1016.6,74.2,5.8,26.8,22.5,28.1,00:19.0,6/29/2018,01:26.0,6/29/2018
29-06-18,9:00:15 PM,21,June-18,Summer-2018,9.1,193.0,26.5,0.0,0.0,1017.2,77.6,3.6,26.3,17.4,26.8,00:15.0,6/29/2018,01:33.0,6/29/2018
29-06-18,10:00:18 PM,22,June-18,Summer-2018,13.3,178.7,26.0,0.0,0.0,1017.9,79.0,6.5,25.7,23.2,26.3,00:18.0,6/29/2018,01:27.0,6/29/2018
29-06-18,11:00:14 PM,23,June-18,Summer-2018,8.9,165.2,25.4,0.0,0.0,1018.6,82.2,4.3,25.1,18.8,25.7,00:14.0,6/29/2018,01:29.0,6/29/2018
30-06-18,12:00:14 AM,24,June-18,Summer-2018,12.1,175.3,24.7,0.0,0.0,1018.5,83.3,5.8,24.5,21.7,25.1,00:14.0,6/30/2018,01:23.0,6/30/2018
30-06-18,1:00:19 AM,1,June-18,Summer-2018,11.3,186.8,24.3,0.0,0.0,1018.1,85.7,6.5,24.2,18.8,24.5,00:19.0,6/30/2018,01:37.0,6/30/2018
30-06-18,2:00:14 AM,2,June-18,Summer-2018,11.4,171.5,24.1,0.0,0.0,1017.7,87.1,5.8,24.1,19.6,24.2,00:14.0,6/30/2018,01:27.0,6/30/2018
30-06-18,3:00:15 AM,3,June-18,Summer-2018,12.5,172.4,24.0,0.0,0.0,1017.5,88.3,5.8,23.9,20.3,24.2,00:15.0,6/30/2018,01:11.0,6/30/2018
30-06-18,4:00:13 AM,4,June-18,Summer-2018,9.4,168.5,23.9,0.0,0.0,1017.5,88.5,3.6,23.8,15.9,23.9,00:13.0,6/30/2018,01:24.0,6/30/2018
30-06-18,5:00:19 AM,5,June-18,Summer-2018,7.9,154.3,23.6,0.0,0.0,1017.7,90.5,3.6,23.5,13.0,23.8,00:19.0,6/30/2018,01:47.0,6/30/2018
30-06-18,6:00:13 AM,6,June-18,Summer-2018,6.0,160.3,23.4,0.0,0.4,1017.9,90.3,0.0,23.4,12.3,23.5,00:13.0,6/30/2018,01:27.0,6/30/2018
30-06-18,7:00:18 AM,7,June-18,Summer-2018,4.3,151.1,23.6,0.0,20.2,1018.4,88.3,0.0,23.4,8.0,23.9,00:18.0,6/30/2018,01:25.0,6/30/2018
30-06-18,8:00:18 AM,8,June-18,Summer-2018,6.6,154.1,24.5,0.0,123.3,1019.6,85.5,0.0,23.9,10.9,25.4,00:18.0,6/30/2018,01:32.0,6/30/2018
30-06-18,9:00:15 AM,9,June-18,Summer-2018,10.8,190.1,26.2,0.0,378.4,1020.4,78.4,5.8,25.4,18.8,27.1,00:15.0,6/30/2018,01:20.0,6/30/2018
30-06-18,10:00:14 AM,10,June-18,Summer-2018,15.0,202.7,27.7,0.0,628.8,1021.0,72.9,7.2,27.1,21.0,28.2,00:14.0,6/30/2018,01:13.0,6/30/2018
30-06-18,11:00:15 AM,11,June-18,Summer-2018,13.6,209.1,28.7,0.0,582.8,1021.3,67.9,5.8,28.2,23.9,29.3,00:15.0,6/30/2018,01:30.0,6/30/2018
30-06-18,12:00:15 PM,12,June-18,Summer-2018,14.8,228.9,29.7,0.0,810.0,1020.7,63.2,8.0,28.9,22.5,30.2,00:15.0,6/30/2018,01:27.0,6/30/2018
30-06-18,1:00:19 PM,13,June-18,Summer-2018,12.8,230.2,30.4,0.0,516.0,1020.2,59.0,0.0,29.9,23.2,31.0,00:19.0,6/30/2018,01:28.0,6/30/2018
30-06-18,2:00:13 PM,14,June-18,Summer-2018,12.1,206.2,30.9,0.0,679.8,1019.8,58.4,0.0,30.2,23.2,31.5,00:13.0,6/30/2018,01:21.0,6/30/2018
30-06-18,3:00:15 PM,15,June-18,Summer-2018,13.2,245.2,31.7,0.0,738.0,1019.3,54.8,0.0,31.2,26.1,32.0,00:15.0,6/30/2018,01:33.0,6/30/2018
30-06-18,4:00:12 PM,16,June-18,Summer-2018,12.7,197.4,31.7,0.0,471.0,1018.7,55.0,5.1,31.2,23.9,32.6,00:12.0,6/30/2018,01:21.0,6/30/2018
30-06-18,5:00:18 PM,17,June-18,Summer-2018,16.3,280.5,32.0,0.0,396.9,1017.8,53.8,7.2,30.9,26.8,32.7,00:18.0,6/30/2018,01:35.0,6/30/2018
30-06-18,6:00:15 PM,18,June-18,Summer-2018,24.9,188.2,29.7,0.0,235.0,1017.6,65.9,9.4,28.9,34.8,30.9,00:15.0,6/30/2018,01:28.0,6/30/2018
30-06-18,7:00:14 PM,19,June-18,Summer-2018,22.2,199.6,28.4,0.0,61.8,1017.7,70.6,15.2,27.7,32.6,28.9,00:14.0,6/30/2018,01:21.0,6/30/2018
30-06-18,8:00:19 PM,20,June-18,Summer-2018,18.4,207.3,27.1,0.0,4.2,1018.2,72.1,8.7,26.6,25.3,27.7,00:19.0,6/30/2018,01:28.0,6/30/2018
30-06-18,9:00:12 PM,21,June-18,Summer-2018,18.5,212.2,26.3,0.0,0.0,1019.3,78.0,6.5,26.0,28.2,26.6,00:12.0,6/30/2018,01:24.0,6/30/2018
30-06-18,10:00:14 PM,22,June-18,Summer-2018,17.4,226.4,25.7,0.0,0.0,1019.8,83.3,7.2,25.5,24.6,26.0,00:14.0,6/30/2018,01:24.0,6/30/2018
30-06-18,11:00:18 PM,23,June-18,Summer-2018,12.9,228.1,25.4,0.0,0.0,1020.3,84.4,5.1,25.2,27.5,25.5,00:18.0,6/30/2018,01:32.0,6/30/2018
01-07-18,12:00:14 AM,1,July-18,Rainy-2018,13.5,186.8,25.0,0.0,0.0,1020.4,85.3,7.2,24.8,21.0,25.2,00:14.0,07-01-18,01:22.0,07-01-18
01-07-18,1:00:15 AM,2,July-18,Rainy-2018,14.4,191.1,24.6,0.0,0.0,1020.0,86.0,8.0,24.4,26.1,24.8,00:15.0,07-01-18,01:38.0,07-01-18
01-07-18,2:00:15 AM,3,July-18,Rainy-2018,14.1,198.4,24.3,0.0,0.0,1019.6,86.8,8.7,24.2,21.7,24.5,00:15.0,07-01-18,01:32.0,07-01-18
01-07-18,3:00:19 AM,4,July-18,Rainy-2018,16.0,184.0,24.2,0.0,0.0,1019.1,86.8,10.1,24.1,22.5,24.2,00:19.0,07-01-18,01:32.0,07-01-18
01-07-18,4:00:15 AM,5,July-18,Rainy-2018,16.1,184.4,24.1,0.0,0.0,1018.5,86.5,9.4,23.9,24.6,24.3,00:15.0,07-01-18,01:11.0,07-01-18
01-07-18,5:00:19 AM,6,July-18,Rainy-2018,18.9,205.2,24.1,0.0,0.0,1018.1,85.9,10.1,24.0,28.2,24.1,00:19.0,07-01-18,01:24.0,07-01-18
01-07-18,6:00:18 AM,7,July-18,Rainy-2018,11.2,266.9,24.0,0.0,0.6,1018.7,85.2,0.0,24.0,21.0,24.1,00:18.0,07-01-18,01:26.0,07-01-18
01-07-18,7:00:12 AM,8,July-18,Rainy-2018,8.9,187.7,24.3,0.0,53.4,1019.8,83.3,0.0,24.1,18.1,24.7,00:12.0,07-01-18,01:16.0,07-01-18
01-07-18,8:00:19 AM,9,July-18,Rainy-2018,13.7,189.8,25.5,0.0,242.3,1020.8,79.5,8.0,24.7,21.0,26.3,00:19.0,07-01-18,01:32.0,07-01-18
01-07-18,9:00:15 AM,10,July-18,Rainy-2018,17.2,209.6,26.7,0.0,446.8,1021.8,75.5,10.9,26.2,25.3,27.2,00:15.0,07-01-18,01:44.0,07-01-18
01-07-18,10:00:14 AM,11,July-18,Rainy-2018,16.3,223.7,27.9,0.0,599.3,1021.9,70.9,8.7,27.2,25.3,28.4,00:14.0,07-01-18,01:41.0,07-01-18
01-07-18,11:00:15 AM,12,July-18,Rainy-2018,16.2,229.8,28.8,0.0,690.2,1022.0,66.8,6.5,28.3,23.9,29.6,00:15.0,07-01-18,01:32.0,07-01-18
01-07-18,12:00:14 PM,13,July-18,Rainy-2018,15.1,226.7,29.6,0.0,667.0,1021.9,63.4,0.0,29.2,25.3,29.9,00:14.0,07-01-18,01:24.0,07-01-18
01-07-18,1:00:15 PM,14,July-18,Rainy-2018,15.1,221.3,30.3,0.0,703.7,1021.3,61.0,5.1,29.6,24.6,30.8,00:15.0,07-01-18,01:42.0,07-01-18
01-07-18,2:00:14 PM,15,July-18,Rainy-2018,17.7,202.2,31.3,0.0,733.1,1020.7,55.8,8.0,30.4,28.2,32.0,00:14.0,07-01-18,01:46.0,07-01-18
01-07-18,3:00:10 PM,16,July-18,Rainy-2018,17.0,246.7,31.6,0.0,563.1,1020.1,54.5,8.0,31.2,26.1,32.1,00:10.0,07-01-18,01:39.0,07-01-18
01-07-18,4:00:18 PM,17,July-18,Rainy-2018,18.7,243.5,32.3,0.0,684.7,1019.6,52.1,8.0,31.8,31.1,32.7,00:18.0,07-01-18,01:37.0,07-01-18
01-07-18,5:00:18 PM,18,July-18,Rainy-2018,19.2,246.5,32.1,0.0,415.7,1018.9,51.7,8.7,31.7,27.5,32.4,00:18.0,07-01-18,01:32.0,07-01-18
01-07-18,6:00:15 PM,19,July-18,Rainy-2018,18.2,281.7,30.7,0.0,213.4,1018.2,61.7,8.0,29.2,27.5,31.9,00:15.0,07-01-18,01:22.0,07-01-18
01-07-18,7:00:14 PM,20,July-18,Rainy-2018,17.2,250.9,28.7,0.0,56.5,1018.5,71.6,8.0,28.0,26.8,29.3,00:14.0,07-01-18,01:42.0,07-01-18
01-07-18,8:00:19 PM,21,July-18,Rainy-2018,13.9,207.8,27.7,0.0,4.0,1019.1,77.4,8.7,27.3,21.0,28.0,00:19.0,07-01-18,01:27.0,07-01-18
01-07-18,9:00:18 PM,22,July-18,Rainy-2018,15.7,223.3,26.9,0.0,0.0,1019.4,81.2,8.0,26.6,23.9,27.3,00:18.0,07-01-18,01:21.0,07-01-18
01-07-18,10:00:19 PM,23,July-18,Rainy-2018,13.1,228.0,26.4,0.0,0.0,1019.6,83.7,6.5,26.2,18.8,26.6,00:19.0,07-01-18,01:24.0,07-01-18
01-07-18,11:00:18 PM,24,July-18,Rainy-2018,10.8,189.9,26.0,0.0,0.0,1019.8,84.6,5.8,25.8,15.2,26.2,00:18.0,07-01-18,01:26.0,07-01-18
02-07-18,12:00:19 AM,1,July-18,Rainy-2018,12.2,198.4,25.6,0.0,0.0,1019.6,86.6,7.2,25.4,17.4,25.8,00:19.0,07-02-18,01:33.0,07-02-18
02-07-18,1:00:19 AM,2,July-18,Rainy-2018,12.0,178.2,25.3,0.0,0.0,1019.3,85.0,0.0,25.2,18.8,25.5,00:19.0,07-02-18,01:23.0,07-02-18
02-07-18,2:00:14 AM,3,July-18,Rainy-2018,11.2,180.7,24.9,0.0,0.0,1018.4,85.1,4.3,24.7,18.8,25.2,00:14.0,07-02-18,01:16.0,07-02-18
02-07-18,3:00:14 AM,4,July-18,Rainy-2018,12.8,173.1,24.6,0.0,0.0,1017.8,85.7,5.1,24.6,23.9,24.7,00:14.0,07-02-18,01:26.0,07-02-18
02-07-18,4:00:15 AM,5,July-18,Rainy-2018,14.8,187.3,24.6,0.0,0.0,1017.2,85.2,8.0,24.5,27.5,24.6,00:15.0,07-02-18,01:06.0,07-02-18
02-07-18,5:00:19 AM,6,July-18,Rainy-2018,16.9,181.4,24.4,0.0,0.0,1017.3,86.0,9.4,24.4,28.2,24.6,00:19.0,07-02-18,01:22.0,07-02-18
02-07-18,6:00:18 AM,7,July-18,Rainy-2018,13.4,198.6,24.3,0.0,0.6,1017.3,86.2,6.5,24.3,21.0,24.4,00:18.0,07-02-18,01:37.0,07-02-18
02-07-18,7:00:19 AM,8,July-18,Rainy-2018,7.3,148.0,24.5,0.0,50.3,1017.8,86.0,0.0,24.2,17.4,25.1,00:19.0,07-02-18,01:33.0,07-02-18
02-07-18,8:00:15 AM,9,July-18,Rainy-2018,6.8,193.4,25.9,0.0,235.1,1019.0,81.1,0.0,25.1,14.5,26.8,00:15.0,07-02-18,01:31.0,07-02-18
02-07-18,9:00:18 AM,10,July-18,Rainy-2018,18.8,212.6,27.0,0.0,332.1,1019.6,76.0,9.4,26.7,26.1,27.1,00:18.0,07-02-18,01:35.0,07-02-18
02-07-18,10:00:18 AM,11,July-18,Rainy-2018,21.8,189.2,27.6,0.0,517.0,1020.0,73.6,11.6,27.0,30.4,28.5,00:18.0,07-02-18,01:35.0,07-02-18
02-07-18,11:00:19 AM,12,July-18,Rainy-2018,20.0,188.7,29.2,0.0,681.3,1020.0,67.1,9.4,28.5,32.6,29.6,00:19.0,07-02-18,01:36.0,07-02-18
02-07-18,12:00:14 PM,13,July-18,Rainy-2018,20.3,193.2,30.1,0.0,700.7,1019.9,63.0,10.9,29.5,29.7,30.8,00:14.0,07-02-18,01:31.0,07-02-18
02-07-18,1:00:18 PM,14,July-18,Rainy-2018,17.8,208.0,30.6,0.0,538.8,1019.4,61.6,8.0,30.1,28.2,31.3,00:18.0,07-02-18,01:49.0,07-02-18
02-07-18,2:00:19 PM,15,July-18,Rainy-2018,17.9,208.8,31.5,0.0,842.7,1018.8,59.3,8.0,31.2,28.2,31.8,00:19.0,07-02-18,01:49.0,07-02-18
02-07-18,3:00:15 PM,16,July-18,Rainy-2018,19.1,200.3,31.8,0.0,705.7,1018.2,58.5,9.4,31.4,30.4,32.2,00:15.0,07-02-18,01:31.0,07-02-18
02-07-18,4:00:18 PM,17,July-18,Rainy-2018,23.3,197.1,31.7,0.0,576.8,1017.6,58.4,11.6,31.1,37.7,32.2,00:18.0,07-02-18,01:31.0,07-02-18
02-07-18,5:00:15 PM,18,July-18,Rainy-2018,27.6,177.3,30.2,0.0,413.9,1017.2,63.9,18.8,29.6,37.7,31.1,00:15.0,07-02-18,01:37.0,07-02-18
02-07-18,6:00:14 PM,19,July-18,Rainy-2018,25.0,194.7,30.1,0.0,247.9,1017.0,63.9,14.5,29.5,32.6,30.7,00:14.0,07-02-18,01:28.0,07-02-18
02-07-18,7:00:19 PM,20,July-18,Rainy-2018,20.0,181.9,28.7,0.0,73.7,1017.1,69.8,10.1,27.8,28.2,29.5,00:19.0,07-02-18,01:28.0,07-02-18
02-07-18,8:00:19 PM,21,July-18,Rainy-2018,20.5,194.5,26.8,0.0,3.9,1017.5,77.1,10.9,26.4,32.6,27.8,00:19.0,07-02-18,01:27.0,07-02-18
02-07-18,9:00:19 PM,22,July-18,Rainy-2018,19.4,188.6,26.0,0.0,0.0,1017.8,80.9,10.1,25.6,31.9,26.4,00:19.0,07-02-18,01:31.0,07-02-18
02-07-18,10:00:15 PM,23,July-18,Rainy-2018,16.4,171.1,25.5,0.0,0.0,1018.2,83.4,5.8,25.2,29.7,25.6,00:15.0,07-02-18,01:02.0,07-02-18
02-07-18,11:00:15 PM,24,July-18,Rainy-2018,11.7,160.3,24.9,0.0,0.0,1018.3,84.4,4.3,24.8,23.9,25.2,00:15.0,07-02-18,01:28.0,07-02-18
03-07-18,12:00:19 AM,1,July-18,Rainy-2018,14.8,171.8,24.8,0.0,0.0,1018.2,84.3,7.2,24.8,26.8,24.8,00:19.0,07-03-18,01:14.0,07-03-18
03-07-18,1:00:18 AM,2,July-18,Rainy-2018,20.5,192.0,24.8,0.0,0.0,1018.1,84.1,10.1,24.7,40.6,24.8,00:18.0,07-03-18,01:23.0,07-03-18
03-07-18,2:00:19 AM,3,July-18,Rainy-2018,31.6,181.4,24.3,0.0,0.0,1017.3,86.6,18.1,23.8,45.6,24.8,00:19.0,07-03-18,01:25.0,07-03-18
03-07-18,3:00:11 AM,4,July-18,Rainy-2018,31.6,200.8,23.7,0.0,0.0,1016.9,85.3,21.7,23.5,47.8,23.8,00:11.0,07-03-18,01:14.0,07-03-18
03-07-18,4:00:14 AM,5,July-18,Rainy-2018,31.6,200.1,23.1,0.0,0.0,1016.5,85.2,21.7,22.9,42.0,23.5,00:14.0,07-03-18,01:06.0,07-03-18
03-07-18,5:00:19 AM,6,July-18,Rainy-2018,24.3,193.7,23.1,0.0,0.0,1016.8,87.2,13.8,22.9,39.8,23.3,00:19.0,07-03-18,01:20.0,07-03-18
03-07-18,6:00:14 AM,7,July-18,Rainy-2018,18.1,194.5,23.3,0.0,0.6,1017.1,88.1,8.0,23.2,28.2,23.4,00:14.0,07-03-18,01:16.0,07-03-18
03-07-18,7:00:14 AM,8,July-18,Rainy-2018,14.3,197.2,23.6,0.0,50.9,1017.5,88.6,4.3,23.4,26.8,24.0,00:14.0,07-03-18,01:27.0,07-03-18
03-07-18,8:00:29 AM,9,July-18,Rainy-2018,17.8,185.8,24.9,0.0,179.9,1018.3,85.3,9.4,24.0,29.0,25.2,00:29.0,07-03-18,01:36.0,07-03-18
03-07-18,9:00:29 AM,10,July-18,Rainy-2018,18.4,189.9,25.9,0.0,327.9,1018.6,82.7,6.5,25.1,28.2,26.9,00:29.0,07-03-18,01:44.0,07-03-18
03-07-18,10:00:18 AM,11,July-18,Rainy-2018,22.3,183.5,26.6,0.0,209.7,1019.2,79.2,13.8,26.5,34.8,26.9,00:18.0,07-03-18,01:30.0,07-03-18
03-07-18,11:00:12 AM,12,July-18,Rainy-2018,25.0,203.9,27.7,0.0,443.2,1019.5,73.1,9.4,26.7,41.3,28.1,00:12.0,07-03-18,01:22.0,07-03-18
03-07-18,12:00:14 PM,13,July-18,Rainy-2018,27.3,199.3,28.3,0.0,408.8,1019.6,70.5,16.7,27.8,39.8,28.9,00:14.0,07-03-18,01:29.0,07-03-18
03-07-18,1:00:19 PM,14,July-18,Rainy-2018,27.4,213.1,27.7,0.0,395.3,1019.5,72.8,13.8,26.9,37.7,28.3,00:19.0,07-03-18,01:31.0,07-03-18
03-07-18,2:00:14 PM,15,July-18,Rainy-2018,27.6,198.9,27.1,0.0,405.7,1019.1,77.1,13.0,26.3,39.8,27.8,00:14.0,07-03-18,01:29.0,07-03-18
03-07-18,3:00:18 PM,16,July-18,Rainy-2018,27.9,202.1,25.3,0.0,365.8,1018.1,88.8,18.1,24.8,40.6,26.3,00:18.0,07-03-18,01:32.0,07-03-18
03-07-18,4:00:18 PM,17,July-18,Rainy-2018,30.8,196.6,24.3,0.5,193.5,1017.8,91.2,22.5,23.7,41.3,25.2,00:18.0,07-03-18,01:37.0,07-03-18
03-07-18,5:00:19 PM,18,July-18,Rainy-2018,29.9,193.0,23.6,1.5,152.2,1017.2,93.8,21.0,23.5,42.7,23.7,00:19.0,07-03-18,01:37.0,07-03-18
03-07-18,6:00:14 PM,19,July-18,Rainy-2018,29.9,194.9,23.8,0.3,113.4,1017.1,93.2,21.0,23.5,39.8,24.0,00:14.0,07-03-18,01:28.0,07-03-18
03-07-18,7:00:19 PM,20,July-18,Rainy-2018,29.1,193.4,23.4,0.0,24.4,1017.4,92.7,18.8,23.4,42.0,23.5,00:19.0,07-03-18,01:37.0,07-03-18
03-07-18,8:00:16 PM,21,July-18,Rainy-2018,30.0,193.7,23.4,0.0,0.6,1017.8,92.2,16.7,23.1,48.5,23.5,00:16.0,07-03-18,01:35.0,07-03-18
03-07-18,9:00:14 PM,22,July-18,Rainy-2018,30.3,200.9,23.2,0.0,0.0,1018.1,93.1,22.5,23.1,41.3,23.2,00:14.0,07-03-18,01:21.0,07-03-18
03-07-18,10:00:18 PM,23,July-18,Rainy-2018,29.7,207.7,23.2,0.0,0.0,1018.6,93.6,19.6,23.1,38.4,23.3,00:18.0,07-03-18,01:29.0,07-03-18
03-07-18,11:00:15 PM,24,July-18,Rainy-2018,24.0,196.7,23.3,0.0,0.0,1019.0,94.8,16.7,23.2,33.3,23.3,00:15.0,07-03-18,01:30.0,07-03-18
04-07-18,12:00:19 AM,1,July-18,Rainy-2018,24.7,202.9,23.3,0.0,0.0,1018.9,94.3,16.7,23.3,32.6,23.4,00:19.0,07-04-18,01:30.0,07-04-18
04-07-18,1:00:18 AM,2,July-18,Rainy-2018,21.9,184.7,23.3,0.0,0.0,1018.3,95.0,12.3,23.2,30.4,23.4,00:18.0,07-04-18,01:23.0,07-04-18
04-07-18,2:00:18 AM,3,July-18,Rainy-2018,21.4,202.2,23.5,0.0,0.0,1017.9,94.6,12.3,23.4,31.1,23.6,00:18.0,07-04-18,01:38.0,07-04-18
04-07-18,3:00:15 AM,4,July-18,Rainy-2018,22.3,188.0,23.6,0.0,0.0,1017.3,94.2,15.2,23.6,31.1,23.7,00:15.0,07-04-18,01:35.0,07-04-18
04-07-18,4:00:18 AM,5,July-18,Rainy-2018,15.5,177.8,23.7,0.0,0.0,1017.2,94.6,8.0,23.6,26.1,23.7,00:18.0,07-04-18,01:09.0,07-04-18
04-07-18,5:00:19 AM,6,July-18,Rainy-2018,14.8,180.5,23.7,0.3,0.0,1017.0,94.7,7.2,23.7,23.2,23.7,00:19.0,07-04-18,01:24.0,07-04-18
04-07-18,6:00:15 AM,7,July-18,Rainy-2018,17.3,183.5,23.8,0.0,0.0,1017.1,94.6,6.5,23.7,30.4,23.9,00:15.0,07-04-18,01:31.0,07-04-18
04-07-18,7:00:19 AM,8,July-18,Rainy-2018,20.1,204.1,23.7,2.0,28.2,1017.5,95.5,10.9,23.6,34.0,23.9,00:19.0,07-04-18,01:39.0,07-04-18
04-07-18,8:00:14 AM,9,July-18,Rainy-2018,24.8,193.9,23.9,1.0,121.1,1017.9,95.1,13.0,23.8,33.3,24.0,00:14.0,07-04-18,01:25.0,07-04-18
04-07-18,9:00:18 AM,10,July-18,Rainy-2018,27.4,190.6,24.1,1.0,151.0,1018.5,94.9,15.9,23.8,38.4,24.6,00:18.0,07-04-18,01:26.0,07-04-18
04-07-18,10:00:19 AM,11,July-18,Rainy-2018,26.5,189.9,24.8,0.0,204.4,1019.2,93.2,18.1,24.6,39.1,25.1,00:19.0,07-04-18,01:43.0,07-04-18
04-07-18,11:00:14 AM,12,July-18,Rainy-2018,25.9,188.7,25.6,0.0,300.2,1019.3,89.6,15.9,25.1,36.9,26.1,00:14.0,07-04-18,01:21.0,07-04-18
04-07-18,12:00:18 PM,13,July-18,Rainy-2018,26.3,201.6,26.1,0.0,244.0,1019.5,86.4,15.2,26.0,36.2,26.3,00:18.0,07-04-18,01:20.0,07-04-18
04-07-18,1:00:18 PM,14,July-18,Rainy-2018,19.3,204.1,26.3,0.0,264.4,1019.0,85.9,10.9,26.2,30.4,26.6,00:18.0,07-04-18,01:36.0,07-04-18
04-07-18,2:00:19 PM,15,July-18,Rainy-2018,24.0,231.8,27.1,0.0,557.8,1018.7,84.4,15.9,26.6,33.3,27.8,00:19.0,07-04-18,01:32.0,07-04-18
04-07-18,3:00:14 PM,16,July-18,Rainy-2018,25.3,190.8,27.4,0.0,407.2,1018.1,81.3,10.9,27.1,37.7,27.6,00:14.0,07-04-18,01:31.0,07-04-18
04-07-18,4:00:15 PM,17,July-18,Rainy-2018,26.5,190.3,25.9,0.3,257.8,1017.5,86.3,15.9,24.9,38.4,27.4,00:15.0,07-04-18,01:33.0,07-04-18
04-07-18,5:00:12 PM,18,July-18,Rainy-2018,24.4,183.7,25.4,0.0,185.0,1017.3,88.6,13.8,25.0,35.5,25.8,00:12.0,07-04-18,01:20.0,07-04-18
04-07-18,6:00:18 PM,19,July-18,Rainy-2018,21.5,183.7,24.2,1.0,61.1,1017.1,93.6,10.9,23.9,35.5,25.0,00:18.0,07-04-18,01:24.0,07-04-18
04-07-18,7:00:10 PM,20,July-18,Rainy-2018,19.6,190.5,24.0,0.3,26.4,1017.3,94.0,10.1,23.9,36.2,24.1,00:10.0,07-04-18,01:21.0,07-04-18
04-07-18,8:00:12 PM,21,July-18,Rainy-2018,23.6,167.6,23.8,0.0,1.7,1017.6,93.1,13.8,23.8,34.0,24.0,00:12.0,07-04-18,01:39.0,07-04-18
04-07-18,9:00:18 PM,22,July-18,Rainy-2018,20.9,187.2,23.8,0.0,0.0,1018.1,92.8,10.9,23.6,31.9,23.9,00:18.0,07-04-18,01:29.0,07-04-18
04-07-18,10:00:15 PM,23,July-18,Rainy-2018,21.2,182.6,23.6,0.0,0.0,1018.2,94.0,9.4,23.6,32.6,23.7,00:15.0,07-04-18,01:29.0,07-04-18
04-07-18,11:00:19 PM,24,July-18,Rainy-2018,21.9,181.6,23.7,0.0,0.0,1019.0,92.9,13.0,23.7,32.6,23.8,00:19.0,07-04-18,01:04.0,07-05-18
05-07-18,12:00:19 AM,1,July-18,Rainy-2018,17.4,171.5,23.8,0.0,0.0,1018.9,92.0,9.4,23.8,26.1,23.9,00:19.0,07-05-18,01:25.0,07-05-18
05-07-18,1:00:10 AM,2,July-18,Rainy-2018,20.3,189.6,23.8,0.0,0.0,1018.1,93.4,10.9,23.7,29.7,23.8,00:10.0,07-05-18,01:05.0,07-05-18
05-07-18,2:00:19 AM,3,July-18,Rainy-2018,18.8,186.0,23.7,0.0,0.0,1017.8,94.3,12.3,23.6,26.1,23.8,00:19.0,07-05-18,01:27.0,07-05-18
05-07-18,3:00:18 AM,4,July-18,Rainy-2018,15.3,183.9,23.7,0.0,0.0,1017.6,94.4,9.4,23.7,21.0,23.8,00:18.0,07-05-18,01:28.0,07-05-18
05-07-18,4:00:19 AM,5,July-18,Rainy-2018,14.7,210.6,23.6,0.3,0.0,1017.6,95.0,8.0,23.5,23.2,23.8,00:19.0,07-05-18,01:02.0,07-05-18
05-07-18,5:00:19 AM,6,July-18,Rainy-2018,17.9,186.8,23.3,0.8,0.0,1017.6,96.4,10.1,23.2,25.3,23.5,00:19.0,07-05-18,01:10.0,07-05-18
05-07-18,6:00:18 AM,7,July-18,Rainy-2018,15.1,184.6,23.3,0.5,0.0,1017.8,96.5,8.0,23.2,22.5,23.4,00:18.0,07-05-18,01:19.0,07-05-18
05-07-18,7:00:19 AM,8,July-18,Rainy-2018,11.6,255.4,23.4,0.8,5.7,1018.1,96.7,5.1,23.3,20.3,23.6,00:19.0,07-05-18,01:28.0,07-05-18
05-07-18,8:00:18 AM,9,July-18,Rainy-2018,13.2,246.1,23.7,0.3,44.9,1018.9,97.2,8.7,23.5,19.6,23.9,00:18.0,07-05-18,01:29.0,07-05-18
05-07-18,9:00:18 AM,10,July-18,Rainy-2018,16.4,240.8,24.2,0.8,70.4,1019.6,97.1,9.4,23.9,28.2,24.4,00:18.0,07-05-18,01:29.0,07-05-18
05-07-18,10:00:19 AM,11,July-18,Rainy-2018,19.4,239.1,24.5,0.3,113.8,1020.1,97.1,10.1,24.3,29.7,24.7,00:19.0,07-05-18,01:58.0,07-05-18
05-07-18,11:00:14 AM,12,July-18,Rainy-2018,20.5,231.5,24.5,2.0,121.0,1020.5,96.9,10.1,24.3,32.6,24.7,00:14.0,07-05-18,01:29.0,07-05-18
05-07-18,12:00:19 PM,13,July-18,Rainy-2018,19.9,232.5,25.1,0.3,294.0,1020.5,95.6,11.6,24.6,30.4,25.7,00:19.0,07-05-18,01:22.0,07-05-18
05-07-18,1:00:14 PM,14,July-18,Rainy-2018,19.6,236.7,26.4,0.0,531.1,1020.3,92.2,10.9,25.7,29.0,26.7,00:14.0,07-05-18,01:24.0,07-05-18
05-07-18,2:00:15 PM,15,July-18,Rainy-2018,21.5,224.7,26.8,0.0,570.8,1019.9,89.2,13.0,26.4,34.0,27.4,00:15.0,07-05-18,01:22.0,07-05-18
05-07-18,3:00:15 PM,16,July-18,Rainy-2018,21.3,222.9,27.1,0.0,451.6,1019.4,87.7,10.9,26.6,30.4,27.6,00:15.0,07-05-18,01:28.0,07-05-18
05-07-18,4:00:18 PM,17,July-18,Rainy-2018,21.6,206.2,27.7,0.0,415.7,1018.7,84.5,11.6,27.5,33.3,28.1,00:18.0,07-05-18,01:39.0,07-05-18
05-07-18,5:00:14 PM,18,July-18,Rainy-2018,24.2,256.4,27.8,0.0,388.2,1018.1,81.9,13.8,27.5,32.6,27.9,00:14.0,07-05-18,01:33.0,07-05-18
05-07-18,6:00:18 PM,19,July-18,Rainy-2018,20.9,215.0,27.3,0.0,157.4,1018.4,81.2,12.3,27.1,29.7,27.8,00:18.0,07-05-18,01:38.0,07-05-18
05-07-18,7:00:15 PM,20,July-18,Rainy-2018,20.1,202.6,26.6,0.0,64.4,1018.5,83.6,11.6,26.1,27.5,27.1,00:15.0,07-05-18,01:35.0,07-05-18
05-07-18,8:00:14 PM,21,July-18,Rainy-2018,21.5,206.2,25.6,0.0,3.5,1019.0,87.0,13.0,25.3,29.7,26.1,00:14.0,07-05-18,01:26.0,07-05-18
05-07-18,9:00:18 PM,22,July-18,Rainy-2018,24.1,188.2,25.1,0.0,0.0,1019.6,88.8,15.2,24.9,31.9,25.4,00:18.0,07-05-18,01:26.0,07-05-18
05-07-18,10:00:19 PM,23,July-18,Rainy-2018,21.8,185.1,24.8,0.0,0.0,1020.0,90.4,13.0,24.8,29.7,25.0,00:19.0,07-05-18,01:30.0,07-05-18
05-07-18,11:00:19 PM,24,July-18,Rainy-2018,23.5,199.6,24.8,0.0,0.0,1020.3,90.5,14.5,24.7,31.9,24.8,00:19.0,07-05-18,01:30.0,07-05-18
06-07-18,12:00:14 AM,1,July-18,Rainy-2018,22.1,207.5,24.7,0.0,0.0,1020.3,91.3,14.5,24.6,33.3,24.8,00:14.0,07-06-18,01:31.0,07-06-18
06-07-18,1:00:19 AM,2,July-18,Rainy-2018,20.2,202.7,24.5,0.0,0.0,1020.1,92.0,12.3,24.5,29.0,24.6,00:19.0,07-06-18,01:37.0,07-06-18
06-07-18,2:00:14 AM,3,July-18,Rainy-2018,18.9,222.6,24.5,0.0,0.0,1019.7,92.7,12.3,24.5,29.0,24.6,00:14.0,07-06-18,01:22.0,07-06-18
06-07-18,3:00:15 AM,4,July-18,Rainy-2018,19.4,212.0,24.5,0.0,0.0,1019.4,93.8,13.0,24.3,28.2,24.6,00:15.0,07-06-18,01:23.0,07-06-18
06-07-18,4:00:18 AM,5,July-18,Rainy-2018,19.9,207.7,24.4,0.0,0.0,1019.0,94.5,12.3,24.3,31.9,24.4,00:18.0,07-06-18,01:10.0,07-06-18
06-07-18,5:00:19 AM,6,July-18,Rainy-2018,18.7,225.4,24.3,0.0,0.0,1018.9,94.6,8.7,24.3,27.5,24.4,00:19.0,07-06-18,01:22.0,07-06-18
06-07-18,6:00:10 AM,7,July-18,Rainy-2018,22.5,207.7,24.3,0.0,0.1,1018.9,94.5,15.2,24.3,30.4,24.4,00:10.0,07-06-18,01:12.0,07-06-18
06-07-18,7:00:15 AM,8,July-18,Rainy-2018,19.7,235.2,23.7,0.5,50.2,1019.4,94.2,9.4,23.3,42.7,24.4,00:15.0,07-06-18,01:19.0,07-06-18
06-07-18,8:00:18 AM,9,July-18,Rainy-2018,19.7,240.3,24.3,0.0,71.7,1020.2,95.2,13.0,24.1,29.0,24.3,00:18.0,07-06-18,01:23.0,07-06-18
06-07-18,9:00:15 AM,10,July-18,Rainy-2018,17.8,244.9,24.6,0.0,264.4,1020.4,96.1,9.4,24.1,23.9,25.3,00:15.0,07-06-18,01:20.0,07-06-18
06-07-18,10:00:19 AM,11,July-18,Rainy-2018,19.4,240.3,25.5,0.0,435.4,1020.8,92.8,9.4,25.3,27.5,26.1,00:19.0,07-06-18,01:24.0,07-06-18
06-07-18,11:00:18 AM,12,July-18,Rainy-2018,16.7,233.3,26.4,0.0,505.1,1021.0,89.3,8.0,25.9,28.2,27.3,00:18.0,07-06-18,01:24.0,07-06-18
06-07-18,12:00:15 PM,13,July-18,Rainy-2018,16.4,260.9,27.2,0.0,518.0,1021.0,85.2,8.0,27.0,25.3,27.5,00:15.0,07-06-18,01:23.0,07-06-18
06-07-18,1:00:18 PM,14,July-18,Rainy-2018,19.0,285.9,28.3,0.0,746.4,1020.5,79.0,9.4,27.5,26.8,29.0,00:18.0,07-06-18,01:24.0,07-06-18
06-07-18,2:00:14 PM,15,July-18,Rainy-2018,18.2,249.7,29.1,0.0,652.6,1019.9,75.2,8.0,28.8,26.8,29.8,00:14.0,07-06-18,01:24.0,07-06-18
06-07-18,3:00:14 PM,16,July-18,Rainy-2018,14.8,199.9,28.4,2.8,300.3,1019.0,79.9,8.0,27.2,25.3,29.7,00:14.0,07-06-18,01:35.0,07-06-18
06-07-18,4:00:18 PM,17,July-18,Rainy-2018,22.2,224.1,28.1,0.0,572.4,1017.8,83.8,9.4,27.3,29.7,28.4,00:18.0,07-06-18,01:34.0,07-06-18
06-07-18,5:00:10 PM,18,July-18,Rainy-2018,22.7,222.1,27.8,0.0,290.7,1017.6,83.0,14.5,27.2,30.4,28.2,00:10.0,07-06-18,01:28.0,07-06-18
06-07-18,6:00:16 PM,19,July-18,Rainy-2018,20.7,206.7,26.7,0.0,146.1,1017.4,87.0,10.1,26.1,31.9,27.2,00:16.0,07-06-18,01:32.0,07-06-18
06-07-18,7:00:14 PM,20,July-18,Rainy-2018,16.2,213.3,25.9,0.0,79.3,1017.3,88.7,8.7,25.5,23.2,26.3,00:14.0,07-06-18,01:32.0,07-06-18
06-07-18,8:00:19 PM,21,July-18,Rainy-2018,16.8,200.1,25.9,0.0,2.6,1018.5,90.4,10.1,25.7,23.9,26.1,00:19.0,07-06-18,01:35.0,07-06-18
06-07-18,9:00:14 PM,22,July-18,Rainy-2018,15.8,222.3,25.4,0.0,0.0,1018.9,91.4,7.2,25.3,23.9,25.6,00:14.0,07-06-18,01:28.0,07-06-18
06-07-18,10:00:18 PM,23,July-18,Rainy-2018,15.1,222.3,25.2,0.0,0.0,1019.5,92.0,9.4,25.0,40.6,25.3,00:18.0,07-06-18,01:27.0,07-06-18
06-07-18,11:00:19 PM,24,July-18,Rainy-2018,16.0,219.8,23.5,0.0,0.0,1019.6,92.8,8.7,22.5,25.3,25.1,00:19.0,07-06-18,01:29.0,07-06-18
07-07-18,12:00:18 AM,1,July-18,Rainy-2018,13.2,206.3,22.3,0.0,0.0,1019.4,96.6,5.8,22.1,20.3,22.5,00:18.0,07-07-18,01:37.0,07-07-18
07-07-18,1:00:15 AM,2,July-18,Rainy-2018,10.1,224.0,22.7,0.0,0.0,1018.9,94.2,4.3,22.4,15.2,23.0,00:15.0,07-07-18,01:35.0,07-07-18
07-07-18,2:00:16 AM,3,July-18,Rainy-2018,11.1,193.9,23.3,0.0,0.0,1018.0,92.7,3.6,23.1,21.0,23.7,00:16.0,07-07-18,01:34.0,07-07-18
07-07-18,3:00:14 AM,4,July-18,Rainy-2018,18.7,211.4,23.3,0.0,0.0,1017.6,93.7,10.1,23.0,26.1,23.6,00:14.0,07-07-18,01:33.0,07-07-18
07-07-18,4:00:19 AM,5,July-18,Rainy-2018,14.5,195.6,23.6,0.0,0.0,1017.1,93.7,7.2,23.4,19.6,23.8,00:19.0,07-07-18,01:09.0,07-07-18
07-07-18,5:00:19 AM,6,July-18,Rainy-2018,15.3,182.6,23.4,0.0,0.0,1017.1,95.6,8.7,23.3,23.9,23.4,00:19.0,07-07-18,01:22.0,07-07-18
07-07-18,6:00:15 AM,7,July-18,Rainy-2018,17.8,240.0,23.3,0.0,0.0,1017.4,96.4,8.7,23.2,26.8,23.5,00:15.0,07-07-18,01:24.0,07-07-18
07-07-18,7:00:10 AM,8,July-18,Rainy-2018,15.6,237.7,23.1,0.5,8.4,1018.2,96.5,8.7,22.3,27.5,23.5,00:10.0,07-07-18,01:03.0,07-07-18
07-07-18,8:00:14 AM,9,July-18,Rainy-2018,11.2,287.5,22.2,0.0,67.3,1019.1,97.8,3.6,22.0,18.1,22.6,00:14.0,07-07-18,01:31.0,07-07-18
07-07-18,9:00:18 AM,10,July-18,Rainy-2018,10.9,239.5,23.6,0.0,155.6,1019.4,97.8,3.6,22.6,18.1,24.1,00:18.0,07-07-18,01:26.0,07-07-18
07-07-18,10:00:18 AM,11,July-18,Rainy-2018,11.0,242.0,24.6,0.0,242.3,1020.1,94.5,4.3,24.1,20.3,24.8,00:18.0,07-07-18,01:24.0,07-07-18
07-07-18,11:00:14 AM,12,July-18,Rainy-2018,14.2,251.6,24.5,0.0,181.2,1020.0,94.7,7.2,24.3,21.7,24.7,00:14.0,07-07-18,01:23.0,07-07-18
07-07-18,12:00:14 PM,13,July-18,Rainy-2018,14.6,233.4,25.3,0.0,439.8,1019.6,93.3,10.1,24.5,21.7,25.9,00:14.0,07-07-18,01:08.0,07-07-18
07-07-18,1:00:14 PM,14,July-18,Rainy-2018,16.2,239.5,26.3,0.0,519.4,1019.2,89.0,7.2,25.8,25.3,26.9,00:14.0,07-07-18,01:20.0,07-07-18
07-07-18,2:00:18 PM,15,July-18,Rainy-2018,14.3,254.4,27.2,0.0,606.8,1018.6,85.5,7.2,26.5,21.7,27.7,00:18.0,07-07-18,01:29.0,07-07-18
07-07-18,3:00:14 PM,16,July-18,Rainy-2018,15.8,248.0,27.3,0.0,303.1,1017.6,83.1,7.2,25.9,31.9,27.7,00:14.0,07-07-18,01:28.0,07-07-18
07-07-18,4:00:14 PM,17,July-18,Rainy-2018,15.9,214.4,24.6,0.5,182.7,1016.8,89.2,6.5,24.0,27.5,25.8,00:14.0,07-07-18,01:22.0,07-07-18
07-07-18,5:00:18 PM,18,July-18,Rainy-2018,17.1,199.3,25.6,0.0,287.8,1016.4,87.1,9.4,25.1,24.6,26.4,00:18.0,07-07-18,01:33.0,07-07-18
07-07-18,6:00:15 PM,19,July-18,Rainy-2018,16.7,212.0,26.0,0.0,176.8,1016.3,85.6,9.4,25.4,23.2,26.4,00:15.0,07-07-18,01:41.0,07-07-18
07-07-18,7:00:18 PM,20,July-18,Rainy-2018,10.8,241.0,25.6,0.0,19.0,1016.9,87.9,5.1,25.4,17.4,25.8,00:18.0,07-07-18,01:42.0,07-07-18
07-07-18,8:00:20 PM,21,July-18,Rainy-2018,7.9,223.0,24.9,0.3,1.0,1017.3,90.6,0.0,24.5,18.8,25.6,00:20.0,07-07-18,01:28.0,07-07-18
07-07-18,9:00:18 PM,22,July-18,Rainy-2018,7.6,183.2,24.6,0.0,0.0,1017.9,92.1,0.0,24.4,16.7,24.6,00:18.0,07-07-18,01:26.0,07-07-18
07-07-18,10:00:18 PM,23,July-18,Rainy-2018,9.8,241.7,24.3,0.3,0.0,1018.2,92.7,4.3,24.1,15.9,24.5,00:18.0,07-07-18,01:30.0,07-07-18
07-07-18,11:00:14 PM,24,July-18,Rainy-2018,9.0,224.3,23.9,0.0,0.0,1018.4,93.5,3.6,23.9,14.5,24.1,00:14.0,07-07-18,01:32.0,07-07-18
08-07-18,12:00:18 AM,24,July-18,Rainy-2018,8.1,238.0,24.0,0.0,0.0,1018.2,91.9,3.6,24.0,13.0,24.1,00:18.0,07-08-18,01:27.0,07-08-18
08-07-18,1:00:14 AM,1,July-18,Rainy-2018,12.7,202.1,23.7,0.0,0.0,1017.3,91.1,3.6,23.3,21.7,24.1,00:14.0,07-08-18,01:26.0,07-08-18
08-07-18,2:00:14 AM,2,July-18,Rainy-2018,18.6,206.2,23.0,0.0,0.0,1016.9,95.3,8.0,22.9,26.8,23.3,00:14.0,07-08-18,01:26.0,07-08-18
08-07-18,3:00:18 AM,3,July-18,Rainy-2018,17.3,209.8,22.8,0.0,0.0,1016.6,98.1,10.9,22.7,26.1,22.9,00:18.0,07-08-18,01:26.0,07-08-18
08-07-18,4:00:18 AM,4,July-18,Rainy-2018,16.5,212.8,22.7,0.0,0.0,1016.6,98.3,10.1,22.6,22.5,22.8,00:18.0,07-08-18,01:10.0,07-08-18
08-07-18,5:00:19 AM,5,July-18,Rainy-2018,16.2,217.4,22.9,0.0,0.0,1016.5,98.0,10.9,22.8,23.2,23.1,00:19.0,07-08-18,01:18.0,07-08-18
08-07-18,6:00:18 AM,6,July-18,Rainy-2018,16.8,212.8,23.2,0.0,0.0,1016.7,97.0,10.1,23.1,25.3,23.5,00:18.0,07-08-18,01:23.0,07-08-18
08-07-18,7:00:14 AM,7,July-18,Rainy-2018,13.4,227.7,23.3,0.0,6.8,1017.1,97.1,6.5,23.1,20.3,23.4,00:14.0,07-08-18,01:24.0,07-08-18
08-07-18,8:00:15 AM,8,July-18,Rainy-2018,13.8,203.2,23.5,0.0,36.5,1017.7,96.9,8.0,23.4,19.6,23.8,00:15.0,07-08-18,01:19.0,07-08-18
08-07-18,9:00:14 AM,9,July-18,Rainy-2018,14.8,250.7,24.2,0.0,153.3,1018.2,96.0,8.7,23.8,21.0,24.7,00:14.0,07-08-18,01:12.0,07-08-18
08-07-18,10:00:14 AM,10,July-18,Rainy-2018,15.4,241.7,25.0,0.0,309.5,1019.0,93.7,7.2,24.6,21.0,25.6,00:14.0,07-08-18,01:30.0,07-08-18
08-07-18,11:00:18 AM,11,July-18,Rainy-2018,13.4,278.4,26.2,0.0,505.1,1019.3,89.4,7.2,25.6,19.6,26.8,00:18.0,07-08-18,01:27.0,07-08-18
08-07-18,12:00:18 PM,12,July-18,Rainy-2018,14.2,270.2,27.3,0.0,644.3,1019.1,83.5,8.0,26.8,21.7,27.8,00:18.0,07-08-18,01:25.0,07-08-18
08-07-18,1:00:10 PM,13,July-18,Rainy-2018,15.6,223.0,28.1,0.0,728.0,1018.4,78.9,9.4,27.3,23.2,28.8,00:10.0,07-08-18,01:20.0,07-08-18
08-07-18,2:00:18 PM,14,July-18,Rainy-2018,15.7,255.1,28.9,0.0,642.5,1017.7,76.8,7.2,28.5,26.1,29.4,00:18.0,07-08-18,01:34.0,07-08-18
08-07-18,3:00:18 PM,15,July-18,Rainy-2018,14.9,245.7,29.1,0.0,597.7,1017.1,76.8,3.6,28.8,23.2,29.4,00:18.0,07-08-18,01:37.0,07-08-18
08-07-18,4:00:14 PM,16,July-18,Rainy-2018,15.3,237.0,29.5,0.0,517.0,1016.3,74.8,8.0,29.2,22.5,29.7,00:14.0,07-08-18,01:22.0,07-08-18
08-07-18,5:00:18 PM,17,July-18,Rainy-2018,14.3,215.5,29.0,0.0,299.4,1015.7,77.3,8.7,28.5,20.3,29.4,00:18.0,07-08-18,01:24.0,07-08-18
08-07-18,6:00:18 PM,18,July-18,Rainy-2018,16.5,225.4,27.4,0.0,108.0,1015.2,83.8,8.0,26.7,21.7,28.5,00:18.0,07-08-18,01:36.0,07-08-18
08-07-18,7:00:14 PM,19,July-18,Rainy-2018,15.6,202.2,26.8,0.0,74.7,1015.3,87.3,10.1,26.2,21.7,27.2,00:14.0,07-08-18,01:33.0,07-08-18
08-07-18,8:00:14 PM,20,July-18,Rainy-2018,16.0,190.6,25.5,0.0,8.1,1016.1,89.5,8.7,25.0,22.5,26.2,00:14.0,07-08-18,01:25.0,07-08-18
08-07-18,9:00:19 PM,21,July-18,Rainy-2018,16.5,191.1,24.6,0.0,0.0,1016.5,90.3,8.7,24.2,23.2,25.0,00:19.0,07-08-18,01:38.0,07-08-18
08-07-18,10:00:14 PM,22,July-18,Rainy-2018,21.1,208.6,24.1,0.0,0.0,1016.8,90.0,13.8,24.0,29.7,24.2,00:14.0,07-08-18,01:26.0,07-08-18
08-07-18,11:00:14 PM,23,July-18,Rainy-2018,19.0,208.8,23.9,0.0,0.0,1017.4,92.0,12.3,23.8,26.8,24.0,00:14.0,07-08-18,01:33.0,07-08-18
09-07-18,12:00:18 AM,24,July-18,Rainy-2018,18.4,211.2,23.8,0.0,0.0,1017.3,93.1,10.9,23.7,27.5,23.8,00:18.0,07-09-18,01:41.0,07-09-18
09-07-18,1:00:18 AM,1,July-18,Rainy-2018,17.9,203.4,23.7,0.0,0.0,1016.5,93.4,9.4,23.5,27.5,23.7,00:18.0,07-09-18,01:29.0,07-09-18
09-07-18,2:00:15 AM,2,July-18,Rainy-2018,19.1,219.3,23.5,0.0,0.0,1015.2,94.9,12.3,23.5,25.3,23.7,00:15.0,07-09-18,01:26.0,07-09-18
09-07-18,3:00:18 AM,3,July-18,Rainy-2018,18.2,199.1,23.6,0.0,0.0,1015.4,95.1,10.9,23.6,25.3,23.7,00:18.0,07-09-18,01:21.0,07-09-18
09-07-18,4:00:18 AM,4,July-18,Rainy-2018,15.8,190.1,23.5,0.0,0.0,1015.3,94.9,9.4,23.5,21.0,23.6,00:18.0,07-09-18,01:05.0,07-09-18
09-07-18,5:00:19 AM,5,July-18,Rainy-2018,12.7,200.9,23.5,0.0,0.0,1015.3,94.7,8.0,23.5,29.0,23.6,00:19.0,07-09-18,01:13.0,07-09-18
09-07-18,6:00:18 AM,6,July-18,Rainy-2018,12.1,206.7,23.5,0.0,0.0,1015.5,94.4,6.5,23.5,15.9,23.6,00:18.0,07-09-18,01:16.0,07-09-18
09-07-18,7:00:14 AM,7,July-18,Rainy-2018,11.4,214.9,23.5,0.0,8.8,1016.1,94.0,5.8,23.5,17.4,23.7,00:14.0,07-09-18,01:17.0,07-09-18
09-07-18,8:00:14 AM,8,July-18,Rainy-2018,12.7,215.7,23.7,0.0,50.7,1016.6,93.4,7.2,23.6,18.1,23.8,00:14.0,07-09-18,01:19.0,07-09-18
09-07-18,9:00:15 AM,9,July-18,Rainy-2018,11.9,226.4,24.0,0.0,109.5,1017.2,93.1,6.5,23.8,18.1,24.1,00:15.0,07-09-18,01:21.0,07-09-18
09-07-18,10:00:14 AM,10,July-18,Rainy-2018,14.6,194.5,24.4,0.0,167.9,1017.9,92.3,8.7,24.1,19.6,24.7,00:14.0,07-09-18,01:19.0,07-09-18
09-07-18,11:00:15 AM,11,July-18,Rainy-2018,16.9,190.1,25.4,0.0,290.4,1018.2,89.0,11.6,24.7,22.5,25.8,00:15.0,07-09-18,01:19.0,07-09-18
09-07-18,12:00:15 PM,12,July-18,Rainy-2018,14.1,188.0,25.8,0.0,248.7,1018.6,87.1,9.4,25.7,19.6,26.0,00:15.0,07-09-18,01:21.0,07-09-18
09-07-18,1:00:15 PM,13,July-18,Rainy-2018,14.3,223.5,26.1,0.0,302.7,1018.0,86.5,9.4,25.9,18.8,26.5,00:15.0,07-09-18,01:20.0,07-09-18
09-07-18,2:00:14 PM,14,July-18,Rainy-2018,15.0,191.5,26.3,0.0,269.0,1017.4,85.2,10.9,26.2,19.6,26.6,00:14.0,07-09-18,01:39.0,07-09-18
09-07-18,3:00:14 PM,15,July-18,Rainy-2018,13.8,189.9,26.3,0.0,217.5,1016.8,84.7,8.0,26.1,18.8,26.5,00:14.0,07-09-18,01:24.0,07-09-18
09-07-18,4:00:18 PM,16,July-18,Rainy-2018,12.6,183.7,26.4,0.0,209.1,1016.4,84.1,6.5,26.2,18.8,26.5,00:18.0,07-09-18,01:23.0,07-09-18
09-07-18,5:00:18 PM,17,July-18,Rainy-2018,14.4,195.7,25.8,0.0,199.6,1015.7,87.1,8.0,25.5,21.7,26.2,00:18.0,07-09-18,01:20.0,07-09-18
09-07-18,6:00:14 PM,18,July-18,Rainy-2018,18.8,218.7,25.8,0.0,132.6,1015.1,86.3,12.3,25.4,29.0,26.2,00:14.0,07-09-18,01:20.0,07-09-18
09-07-18,7:00:19 PM,19,July-18,Rainy-2018,18.1,218.7,24.9,0.0,9.0,1015.1,90.0,8.7,24.6,29.0,25.4,00:19.0,07-09-18,01:28.0,07-09-18
09-07-18,8:00:18 PM,20,July-18,Rainy-2018,17.0,189.4,24.4,0.0,0.5,1015.9,91.5,8.7,24.0,27.5,24.6,00:18.0,07-09-18,01:35.0,07-09-18
09-07-18,9:00:14 PM,21,July-18,Rainy-2018,21.4,219.3,23.9,0.0,0.0,1016.4,93.0,13.0,23.8,31.1,24.1,00:14.0,07-09-18,01:20.0,07-09-18
09-07-18,10:00:14 PM,22,July-18,Rainy-2018,19.4,196.7,23.7,0.0,0.0,1017.2,92.9,10.1,23.7,29.0,23.8,00:14.0,07-09-18,01:11.0,07-09-18
09-07-18,11:00:15 PM,23,July-18,Rainy-2018,18.7,203.4,23.6,0.0,0.0,1017.4,93.3,11.6,23.6,26.8,23.7,00:15.0,07-09-18,01:22.0,07-09-18
10-07-18,12:00:15 AM,24,July-18,Rainy-2018,18.2,209.8,23.5,0.0,0.0,1017.5,95.0,10.9,23.4,27.5,23.7,00:15.0,07-10-18,01:21.0,07-10-18
10-07-18,1:00:14 AM,1,July-18,Rainy-2018,20.2,216.6,23.6,0.0,0.0,1017.2,94.1,13.0,23.6,29.0,23.7,00:14.0,07-10-18,01:14.0,07-10-18
10-07-18,2:00:15 AM,2,July-18,Rainy-2018,20.8,195.1,23.6,0.0,0.0,1016.7,93.2,14.5,23.5,28.2,23.6,00:15.0,07-10-18,01:22.0,07-10-18
10-07-18,3:00:18 AM,3,July-18,Rainy-2018,17.0,199.4,23.6,0.0,0.0,1016.4,93.6,8.7,23.5,24.6,23.7,00:18.0,07-10-18,01:19.0,07-10-18
10-07-18,4:00:14 AM,4,July-18,Rainy-2018,14.1,195.2,23.6,0.0,0.0,1016.2,95.3,8.7,23.3,22.5,23.7,00:14.0,07-10-18,01:07.0,07-10-18
10-07-18,5:00:19 AM,5,July-18,Rainy-2018,17.1,201.3,23.4,0.0,0.0,1016.2,96.6,11.6,23.3,23.2,23.4,00:19.0,07-10-18,01:19.0,07-10-18
10-07-18,6:00:15 AM,6,July-18,Rainy-2018,14.3,201.3,23.4,0.0,0.0,1016.4,96.9,8.0,23.3,21.7,23.4,00:15.0,07-10-18,01:18.0,07-10-18
10-07-18,7:00:14 AM,7,July-18,Rainy-2018,15.2,206.5,23.5,0.0,7.6,1016.6,96.6,8.7,23.4,23.2,23.5,00:14.0,07-10-18,01:20.0,07-10-18
10-07-18,8:00:18 AM,8,July-18,Rainy-2018,15.4,206.3,23.7,0.0,68.7,1016.6,95.7,8.0,23.5,21.0,24.1,00:18.0,07-10-18,01:21.0,07-10-18
10-07-18,9:00:18 AM,9,July-18,Rainy-2018,18.1,207.8,24.4,0.0,141.7,1017.0,93.4,10.1,24.1,26.1,24.8,00:18.0,07-10-18,01:22.0,07-10-18
10-07-18,10:00:19 AM,10,July-18,Rainy-2018,19.4,211.8,25.1,0.0,213.0,1017.2,91.3,13.0,24.8,26.8,25.2,00:19.0,07-10-18,01:11.0,07-10-18
10-07-18,11:00:14 AM,11,July-18,Rainy-2018,19.4,213.1,25.4,0.0,252.5,1017.3,90.2,13.0,25.1,26.8,25.8,00:14.0,07-10-18,01:18.0,07-10-18
10-07-18,12:00:14 PM,12,July-18,Rainy-2018,16.5,206.8,25.1,0.0,99.9,1017.7,91.7,10.1,24.7,23.9,25.6,00:14.0,07-10-18,01:27.0,07-10-18
10-07-18,1:00:15 PM,13,July-18,Rainy-2018,13.9,228.1,24.8,0.3,133.9,1017.6,94.2,5.1,24.5,21.7,25.1,00:15.0,07-10-18,01:13.0,07-10-18
10-07-18,2:00:18 PM,14,July-18,Rainy-2018,12.6,229.5,24.4,0.0,61.3,1017.2,96.7,6.5,24.3,26.1,24.5,00:18.0,07-10-18,01:25.0,07-10-18
10-07-18,3:00:15 PM,15,July-18,Rainy-2018,8.4,241.4,24.4,0.3,96.5,1016.7,97.6,4.3,24.3,13.0,24.6,00:15.0,07-10-18,01:19.0,07-10-18
10-07-18,4:00:15 PM,16,July-18,Rainy-2018,7.9,205.9,24.7,0.0,112.1,1016.1,96.5,4.3,24.6,12.3,24.8,00:15.0,07-10-18,01:22.0,07-10-18
10-07-18,5:00:18 PM,17,July-18,Rainy-2018,9.1,203.7,24.8,0.5,43.2,1015.4,95.7,4.3,24.7,15.2,24.8,00:18.0,07-10-18,01:36.0,07-10-18
10-07-18,6:00:15 PM,18,July-18,Rainy-2018,16.3,209.8,24.4,0.8,35.2,1015.4,96.7,8.0,23.9,26.1,24.7,00:15.0,07-10-18,01:22.0,07-10-18
10-07-18,7:00:14 PM,19,July-18,Rainy-2018,18.0,210.9,23.8,0.8,7.5,1016.1,98.0,11.6,23.6,26.1,23.9,00:14.0,07-10-18,01:21.0,07-10-18
10-07-18,8:00:18 PM,20,July-18,Rainy-2018,19.4,216.6,23.9,0.8,0.0,1016.5,97.7,8.0,23.8,29.0,23.9,00:18.0,07-10-18,01:27.0,07-10-18
10-07-18,9:00:13 PM,21,July-18,Rainy-2018,18.5,214.4,23.7,0.0,0.0,1017.2,97.8,10.1,23.6,26.8,23.8,00:13.0,07-10-18,01:43.0,07-10-18
10-07-18,10:00:13 PM,22,July-18,Rainy-2018,23.1,192.7,23.4,0.0,0.0,1017.8,97.5,12.3,23.2,44.2,23.6,00:13.0,07-10-18,01:53.0,07-10-18
10-07-18,11:00:19 PM,23,July-18,Rainy-2018,25.2,188.0,23.3,0.0,0.0,1018.0,96.1,18.8,23.1,33.3,23.4,00:19.0,07-10-18,01:25.0,07-10-18
11-07-18,12:00:19 AM,24,July-18,Rainy-2018,21.7,188.6,23.4,0.0,0.0,1017.9,95.9,15.2,23.3,29.0,23.5,00:19.0,07-11-18,01:24.0,07-11-18
11-07-18,1:00:16 AM,1,July-18,Rainy-2018,22.0,216.3,23.6,0.0,0.0,1017.4,96.1,14.5,23.5,31.9,23.7,00:16.0,07-11-18,01:20.0,07-11-18
11-07-18,2:00:14 AM,2,July-18,Rainy-2018,22.3,208.9,23.4,0.0,0.0,1016.9,97.6,13.8,23.2,30.4,23.6,00:14.0,07-11-18,01:27.0,07-11-18
11-07-18,3:00:18 AM,3,July-18,Rainy-2018,23.2,205.4,23.1,0.8,0.0,1016.5,98.5,15.2,22.8,31.9,23.3,00:18.0,07-11-18,01:26.0,07-11-18
11-07-18,4:00:18 AM,4,July-18,Rainy-2018,19.4,211.8,22.8,0.0,0.0,1016.3,98.3,11.6,22.7,31.9,22.8,00:18.0,07-11-18,01:11.0,07-11-18
11-07-18,5:00:19 AM,5,July-18,Rainy-2018,18.6,211.4,22.7,0.0,0.0,1016.1,98.2,10.9,22.6,26.8,22.8,00:19.0,07-11-18,01:24.0,07-11-18
11-07-18,6:00:15 AM,6,July-18,Rainy-2018,21.6,201.9,22.7,0.0,0.0,1015.9,97.9,13.8,22.7,27.5,22.8,00:15.0,07-11-18,01:19.0,07-11-18
11-07-18,7:00:12 AM,7,July-18,Rainy-2018,22.7,208.3,22.7,0.0,11.3,1016.3,97.7,16.7,22.6,33.3,22.8,00:12.0,07-11-18,01:19.0,07-11-18
11-07-18,8:00:18 AM,8,July-18,Rainy-2018,23.0,238.2,22.7,0.0,27.3,1016.9,99.0,13.0,22.6,52.1,22.8,00:18.0,07-11-18,01:27.0,07-11-18
11-07-18,9:00:18 AM,9,July-18,Rainy-2018,21.2,212.0,23.0,0.3,144.3,1017.7,98.1,13.8,22.7,29.0,23.6,00:18.0,07-11-18,01:23.0,07-11-18
11-07-18,10:00:10 AM,10,July-18,Rainy-2018,17.2,218.7,23.6,0.0,199.0,1018.2,97.1,9.4,23.4,26.1,23.9,00:10.0,07-11-18,01:17.0,07-11-18
11-07-18,11:00:18 AM,11,July-18,Rainy-2018,20.4,218.8,24.2,0.0,347.1,1018.5,96.5,11.6,23.8,30.4,24.7,00:18.0,07-11-18,01:24.0,07-11-18
11-07-18,12:00:12 PM,12,July-18,Rainy-2018,16.3,224.4,23.9,0.0,125.8,1018.6,96.9,10.9,23.7,22.5,24.1,00:12.0,07-11-18,01:19.0,07-11-18
11-07-18,1:00:19 PM,13,July-18,Rainy-2018,16.6,223.3,23.9,1.3,177.9,1018.2,97.5,8.7,23.7,26.1,24.1,00:19.0,07-11-18,01:22.0,07-11-18
11-07-18,2:00:15 PM,14,July-18,Rainy-2018,24.8,220.1,23.8,1.8,200.2,1017.5,97.3,13.8,23.2,36.2,24.1,00:15.0,07-11-18,01:22.0,07-11-18
11-07-18,3:00:18 PM,15,July-18,Rainy-2018,22.7,209.6,23.2,0.8,195.4,1016.9,97.4,15.2,23.0,33.3,23.5,00:18.0,07-11-18,01:23.0,07-11-18
11-07-18,4:00:10 PM,16,July-18,Rainy-2018,21.7,216.5,23.4,0.5,169.2,1016.3,97.0,12.3,23.2,30.4,23.6,00:10.0,07-11-18,01:04.0,07-11-18
11-07-18,5:00:15 PM,17,July-18,Rainy-2018,20.3,219.6,23.2,0.0,86.0,1015.3,97.5,13.8,23.0,27.5,23.6,00:15.0,07-11-18,01:20.0,07-11-18
11-07-18,6:00:15 PM,18,July-18,Rainy-2018,20.5,206.0,23.5,0.0,19.3,1015.2,97.5,13.0,23.4,29.0,23.6,00:15.0,07-11-18,01:13.0,07-11-18
11-07-18,7:00:14 PM,19,July-18,Rainy-2018,21.5,215.7,23.2,0.3,10.8,1015.9,98.2,13.8,23.0,42.7,23.4,00:14.0,07-11-18,01:22.0,07-11-18
11-07-18,8:00:18 PM,20,July-18,Rainy-2018,20.6,231.5,23.2,0.0,0.5,1016.5,97.5,13.0,23.1,29.0,23.2,00:18.0,07-11-18,01:23.0,07-11-18
11-07-18,9:00:18 PM,21,July-18,Rainy-2018,17.9,214.9,23.0,1.0,0.0,1016.9,98.1,9.4,22.9,34.0,23.1,00:18.0,07-11-18,01:18.0,07-11-18
11-07-18,10:00:18 PM,22,July-18,Rainy-2018,19.5,219.9,23.3,0.0,0.0,1017.1,98.2,13.8,23.1,26.8,23.4,00:18.0,07-11-18,01:27.0,07-11-18
11-07-18,11:00:14 PM,23,July-18,Rainy-2018,18.6,218.0,23.5,0.0,0.0,1017.5,97.4,10.9,23.3,27.5,23.7,00:14.0,07-11-18,01:19.0,07-11-18
12-07-18,12:00:18 AM,24,July-18,Rainy-2018,20.7,219.9,23.7,0.0,0.0,1017.4,95.4,9.4,23.5,33.3,23.8,00:18.0,07-12-18,01:22.0,07-12-18
12-07-18,1:00:14 AM,1,July-18,Rainy-2018,20.8,247.6,23.8,0.8,0.0,1017.0,97.0,12.3,23.6,29.0,23.9,00:14.0,07-12-18,01:13.0,07-12-18
12-07-18,2:00:14 AM,2,July-18,Rainy-2018,22.7,210.2,22.9,0.5,0.0,1016.4,97.4,15.9,22.4,35.5,23.8,00:14.0,07-12-18,01:24.0,07-12-18
12-07-18,3:00:19 AM,3,July-18,Rainy-2018,21.4,210.6,22.3,0.0,0.0,1016.0,97.1,13.8,22.1,31.1,22.5,00:19.0,07-12-18,01:25.0,07-12-18
12-07-18,4:00:14 AM,4,July-18,Rainy-2018,22.3,215.5,22.3,0.5,0.0,1015.8,97.2,15.2,22.1,31.9,22.5,00:14.0,07-12-18,01:07.0,07-12-18
12-07-18,5:00:19 AM,5,July-18,Rainy-2018,18.7,216.9,22.6,2.3,0.0,1015.4,97.5,7.2,22.5,29.0,22.9,00:19.0,07-12-18,01:22.0,07-12-18
12-07-18,6:00:14 AM,6,July-18,Rainy-2018,20.0,205.2,22.7,1.3,0.0,1015.6,98.1,10.9,22.5,27.5,22.9,00:14.0,07-12-18,01:12.0,07-12-18
12-07-18,7:00:10 AM,7,July-18,Rainy-2018,16.0,187.5,22.5,2.3,4.5,1016.2,98.6,8.7,22.4,23.2,22.6,00:10.0,07-12-18,01:03.0,07-12-18
12-07-18,8:00:15 AM,8,July-18,Rainy-2018,17.8,228.6,22.7,4.3,16.5,1016.8,98.8,11.6,22.5,24.6,22.7,00:15.0,07-12-18,01:19.0,07-12-18
12-07-18,9:00:14 AM,9,July-18,Rainy-2018,19.3,210.9,22.7,7.6,43.5,1017.3,98.9,10.1,22.6,28.2,22.7,00:14.0,07-12-18,01:21.0,07-12-18
12-07-18,10:00:18 AM,10,July-18,Rainy-2018,20.2,218.4,22.7,2.3,84.5,1017.7,98.7,13.8,22.7,31.9,22.8,00:18.0,07-12-18,01:31.0,07-12-18
12-07-18,11:00:15 AM,11,July-18,Rainy-2018,16.2,220.2,23.0,2.3,147.8,1017.8,98.2,9.4,22.7,26.8,23.3,00:15.0,07-12-18,01:20.0,07-12-18
12-07-18,12:00:19 PM,12,July-18,Rainy-2018,19.1,221.3,23.2,1.0,210.2,1017.7,98.8,11.6,23.1,28.2,23.4,00:19.0,07-12-18,01:15.0,07-12-18
12-07-18,1:00:14 PM,13,July-18,Rainy-2018,23.9,207.8,23.4,0.3,173.5,1017.2,97.9,14.5,23.2,33.3,23.6,00:14.0,07-12-18,01:21.0,07-12-18
12-07-18,2:00:15 PM,14,July-18,Rainy-2018,23.8,216.0,24.0,0.0,251.5,1016.7,95.2,15.2,23.6,30.4,24.2,00:15.0,07-12-18,01:22.0,07-12-18
12-07-18,3:00:14 PM,15,July-18,Rainy-2018,20.4,240.0,23.9,0.5,131.6,1016.1,96.0,11.6,23.2,32.6,24.3,00:14.0,07-12-18,01:27.0,07-12-18
12-07-18,4:00:18 PM,16,July-18,Rainy-2018,20.1,205.9,23.3,0.3,99.3,1015.5,97.4,10.1,23.2,32.6,23.4,00:18.0,07-12-18,01:24.0,07-12-18
12-07-18,5:00:18 PM,17,July-18,Rainy-2018,24.2,221.8,23.3,0.0,85.5,1015.1,97.0,15.2,23.1,38.4,23.4,00:18.0,07-12-18,01:13.0,07-12-18
12-07-18,6:00:23 PM,18,July-18,Rainy-2018,20.7,215.7,22.8,0.0,43.2,1015.4,96.8,13.8,22.6,27.5,23.1,00:23.0,07-12-18,01:24.0,07-12-18
12-07-18,7:00:14 PM,19,July-18,Rainy-2018,17.6,212.8,22.9,0.0,38.4,1015.5,95.5,10.1,22.8,26.1,22.9,00:14.0,07-12-18,01:12.0,07-12-18
12-07-18,8:00:14 PM,20,July-18,Rainy-2018,16.8,202.9,22.8,0.0,0.3,1015.9,97.4,8.7,22.8,25.3,22.9,00:14.0,07-12-18,01:21.0,07-12-18
12-07-18,9:00:14 PM,21,July-18,Rainy-2018,22.7,193.2,22.9,0.0,0.0,1016.0,97.6,11.6,22.8,32.6,23.1,00:14.0,07-12-18,01:21.0,07-12-18
12-07-18,10:00:11 PM,22,July-18,Rainy-2018,24.2,212.8,23.2,0.0,0.0,1016.5,97.0,15.2,23.1,35.5,23.3,00:11.0,07-12-18,01:09.0,07-12-18
12-07-18,11:00:14 PM,23,July-18,Rainy-2018,19.3,190.5,22.9,0.3,0.0,1016.6,98.8,13.0,22.9,30.4,23.1,00:14.0,07-12-18,01:22.0,07-12-18
13-07-18,12:00:14 AM,24,July-18,Rainy-2018,20.1,202.1,22.8,0.0,0.0,1016.4,99.1,10.9,22.8,30.4,22.9,00:14.0,7/13/2018,01:20.0,7/13/2018
13-07-18,1:00:14 AM,1,July-18,Rainy-2018,19.1,212.2,22.7,0.3,0.0,1016.0,99.2,9.4,22.7,29.7,22.8,00:14.0,7/13/2018,01:17.0,7/13/2018
13-07-18,2:00:19 AM,2,July-18,Rainy-2018,22.0,212.3,22.7,0.3,0.0,1015.0,99.6,13.0,22.7,34.0,22.8,00:19.0,7/13/2018,01:21.0,7/13/2018
13-07-18,3:00:15 AM,3,July-18,Rainy-2018,20.3,202.2,22.9,1.5,0.0,1014.8,99.8,11.6,22.8,28.2,22.9,00:15.0,7/13/2018,01:09.0,7/13/2018
13-07-18,4:00:18 AM,4,July-18,Rainy-2018,21.1,209.1,23.0,0.8,0.0,1014.3,99.6,9.4,22.9,34.0,23.1,00:18.0,7/13/2018,01:07.0,7/13/2018
13-07-18,5:00:19 AM,5,July-18,Rainy-2018,22.1,220.9,23.0,0.3,0.0,1014.5,99.5,12.3,23.0,31.9,23.2,00:19.0,7/13/2018,01:15.0,7/13/2018
13-07-18,6:00:42 AM,6,July-18,Rainy-2018,29.0,226.7,23.2,0.0,0.0,1014.6,98.8,18.1,23.2,32.6,23.2,00:42.0,7/13/2018,01:29.0,7/13/2018
13-07-18,7:00:40 AM,7,July-18,Rainy-2018,29.0,226.7,23.2,0.0,0.0,1014.6,98.8,18.1,23.2,32.6,23.2,00:40.0,7/13/2018,01:23.0,7/13/2018
13-07-18,8:00:42 AM,8,July-18,Rainy-2018,29.0,226.7,23.2,0.0,0.0,1014.6,98.8,18.1,23.2,32.6,23.2,00:42.0,7/13/2018,01:36.0,7/13/2018
13-07-18,9:00:40 AM,9,July-18,Rainy-2018,29.0,226.7,23.2,0.0,0.0,1014.6,98.8,18.1,23.2,32.6,23.2,00:40.0,7/13/2018,01:22.0,7/13/2018
13-07-18,10:00:42 AM,10,July-18,Rainy-2018,29.0,226.7,23.2,0.0,0.0,1014.6,98.8,18.1,23.2,32.6,23.2,00:42.0,7/13/2018,01:35.0,7/13/2018
13-07-18,11:00:40 AM,11,July-18,Rainy-2018,29.0,226.7,23.2,0.0,0.0,1014.6,98.8,18.1,23.2,32.6,23.2,00:40.0,7/13/2018,01:27.0,7/13/2018
13-07-18,12:00:40 PM,12,July-18,Rainy-2018,29.0,226.7,23.2,0.0,0.0,1014.6,98.8,18.1,23.2,32.6,23.2,00:40.0,7/13/2018,00:50.0,7/13/2018
13-07-18,1:00:40 PM,13,July-18,Rainy-2018,29.0,226.7,23.2,0.0,0.0,1014.6,98.8,18.1,23.2,32.6,23.2,00:40.0,7/13/2018,01:48.0,7/13/2018
13-07-18,2:00:44 PM,14,July-18,Rainy-2018,29.0,226.7,23.2,0.0,0.0,1014.6,98.8,18.1,23.2,32.6,23.2,00:44.0,7/13/2018,01:28.0,7/13/2018
13-07-18,3:00:40 PM,15,July-18,Rainy-2018,29.0,226.7,23.2,0.0,0.0,1014.6,98.8,18.1,23.2,32.6,23.2,00:40.0,7/13/2018,01:27.0,7/13/2018
13-07-18,4:00:42 PM,16,July-18,Rainy-2018,29.0,226.7,23.2,0.0,0.0,1014.6,98.8,18.1,23.2,32.6,23.2,00:42.0,7/13/2018,00:52.0,7/13/2018
13-07-18,5:00:40 PM,17,July-18,Rainy-2018,29.0,226.7,23.2,0.0,0.0,1014.6,98.8,18.1,23.2,32.6,23.2,00:40.0,7/13/2018,01:01.0,7/13/2018
13-07-18,6:00:41 PM,18,July-18,Rainy-2018,29.0,226.7,23.2,0.0,0.0,1014.6,98.8,18.1,23.2,32.6,23.2,00:41.0,7/13/2018,00:52.0,7/13/2018
13-07-18,7:00:40 PM,19,July-18,Rainy-2018,29.0,226.7,23.2,0.0,0.0,1014.6,98.8,18.1,23.2,32.6,23.2,00:40.0,7/13/2018,00:47.0,7/13/2018
13-07-18,8:00:44 PM,20,July-18,Rainy-2018,29.0,226.7,23.2,0.0,0.0,1014.6,98.8,18.1,23.2,32.6,23.2,00:44.0,7/13/2018,01:36.0,7/13/2018
13-07-18,9:00:40 PM,21,July-18,Rainy-2018,29.0,226.7,23.2,0.0,0.0,1014.6,98.8,18.1,23.2,32.6,23.2,00:40.0,7/13/2018,00:52.0,7/13/2018
13-07-18,10:00:44 PM,22,July-18,Rainy-2018,29.0,226.7,23.2,0.0,0.0,1014.6,98.8,18.1,23.2,32.6,23.2,00:44.0,7/13/2018,01:44.0,7/13/2018
13-07-18,11:00:42 PM,23,July-18,Rainy-2018,29.0,226.7,23.2,0.0,0.0,1014.6,98.8,18.1,23.2,32.6,23.2,00:42.0,7/13/2018,01:35.0,7/13/2018
14-07-18,12:00:40 AM,24,July-18,Rainy-2018,29.0,226.7,23.2,0.0,0.0,1014.6,98.8,18.1,23.2,32.6,23.2,00:40.0,7/14/2018,01:30.0,7/14/2018
14-07-18,12:00:40 AM,1,July-18,Rainy-2018,29.0,226.7,23.2,0.0,0.0,1014.6,98.8,18.1,23.2,32.6,23.2,00:40.0,7/14/2018,00:54.0,7/14/2018
14-07-18,1:00:40 AM,2,July-18,Rainy-2018,29.0,226.7,23.2,0.0,0.0,1014.6,98.8,18.1,23.2,32.6,23.2,00:40.0,7/14/2018,00:42.0,7/14/2018
14-07-18,2:00:45 AM,3,July-18,Rainy-2018,29.0,226.7,23.2,0.0,0.0,1014.6,98.8,18.1,23.2,32.6,23.2,00:45.0,7/14/2018,01:41.0,7/14/2018
14-07-18,3:00:41 AM,4,July-18,Rainy-2018,29.0,226.7,23.2,0.0,0.0,1014.6,98.8,18.1,23.2,32.6,23.2,00:41.0,7/14/2018,01:32.0,7/14/2018
14-07-18,4:00:40 AM,5,July-18,Rainy-2018,29.0,226.7,23.2,0.0,0.0,1014.6,98.8,18.1,23.2,32.6,23.2,00:40.0,7/14/2018,01:16.0,7/14/2018
14-07-18,5:00:42 AM,6,July-18,Rainy-2018,0.0,0.0,0.0,0.0,0.0,0.0,0.0,0.0,0.0,0.0,0.0,00:42.0,7/14/2018,01:28.0,7/14/2018
14-07-18,6:00:42 AM,7,July-18,Rainy-2018,0.0,0.0,0.0,0.0,0.0,0.0,0.0,0.0,0.0,0.0,0.0,00:42.0,7/14/2018,01:31.0,7/14/2018
14-07-18,7:00:45 AM,8,July-18,Rainy-2018,0.0,0.0,0.0,0.0,0.0,0.0,0.0,0.0,0.0,0.0,0.0,00:45.0,7/14/2018,01:27.0,7/14/2018
14-07-18,8:00:40 AM,9,July-18,Rainy-2018,0.0,0.0,0.0,0.0,0.0,0.0,0.0,0.0,0.0,0.0,0.0,00:40.0,7/14/2018,01:27.0,7/14/2018
14-07-18,9:00:40 AM,10,July-18,Rainy-2018,0.0,0.0,0.0,0.0,0.0,0.0,0.0,0.0,0.0,0.0,0.0,00:40.0,7/14/2018,01:28.0,7/14/2018
14-07-18,10:00:40 AM,11,July-18,Rainy-2018,0.0,0.0,0.0,0.0,0.0,0.0,0.0,0.0,0.0,0.0,0.0,00:40.0,7/14/2018,01:39.0,7/14/2018
14-07-18,11:00:40 AM,12,July-18,Rainy-2018,0.0,0.0,0.0,0.0,0.0,0.0,0.0,0.0,0.0,0.0,0.0,00:40.0,7/14/2018,01:31.0,7/14/2018
14-07-18,12:00:42 PM,13,July-18,Rainy-2018,0.0,0.0,0.0,0.0,0.0,0.0,0.0,0.0,0.0,0.0,0.0,00:42.0,7/14/2018,01:33.0,7/14/2018
14-07-18,1:00:40 PM,14,July-18,Rainy-2018,0.0,0.0,0.0,0.0,0.0,0.0,0.0,0.0,0.0,0.0,0.0,00:40.0,7/14/2018,01:39.0,7/14/2018
14-07-18,2:00:40 PM,15,July-18,Rainy-2018,0.0,0.0,0.0,0.0,0.0,0.0,0.0,0.0,0.0,0.0,0.0,00:40.0,7/14/2018,01:39.0,7/14/2018
14-07-18,3:00:42 PM,16,July-18,Rainy-2018,0.0,0.0,0.0,0.0,0.0,0.0,0.0,0.0,0.0,0.0,0.0,00:42.0,7/14/2018,01:40.0,7/14/2018
14-07-18,4:00:45 PM,17,July-18,Rainy-2018,0.0,0.0,0.0,0.0,0.0,0.0,0.0,0.0,0.0,0.0,0.0,00:45.0,7/14/2018,01:38.0,7/14/2018
14-07-18,5:00:42 PM,18,July-18,Rainy-2018,0.0,0.0,0.0,0.0,0.0,0.0,0.0,0.0,0.0,0.0,0.0,00:42.0,7/14/2018,01:31.0,7/14/2018
14-07-18,6:00:42 PM,19,July-18,Rainy-2018,0.0,0.0,0.0,0.0,0.0,0.0,0.0,0.0,0.0,0.0,0.0,00:42.0,7/14/2018,01:38.0,7/14/2018
14-07-18,7:00:42 PM,20,July-18,Rainy-2018,0.0,0.0,0.0,0.0,0.0,0.0,0.0,0.0,0.0,0.0,0.0,00:42.0,7/14/2018,01:32.0,7/14/2018
14-07-18,8:00:41 PM,21,July-18,Rainy-2018,0.0,0.0,0.0,0.0,0.0,0.0,0.0,0.0,0.0,0.0,0.0,00:41.0,7/14/2018,01:32.0,7/14/2018
14-07-18,9:00:40 PM,22,July-18,Rainy-2018,0.0,0.0,0.0,0.0,0.0,0.0,0.0,0.0,0.0,0.0,0.0,00:40.0,7/14/2018,01:32.0,7/14/2018
14-07-18,10:00:12 PM,23,July-18,Rainy-2018,0.0,0.0,0.0,0.0,0.0,0.0,0.0,0.0,0.0,0.0,0.0,00:12.0,7/14/2018,01:17.0,7/14/2018
14-07-18,11:00:14 PM,24,July-18,Rainy-2018,17.3,218.2,23.5,0.0,0.0,1015.4,98.5,0.0,0.0,23.9,23.8,00:14.0,7/14/2018,01:20.0,7/14/2018
15-07-18,12:00:14 AM,1,July-18,Rainy-2018,13.5,211.8,23.7,0.0,0.0,1015.1,99.0,6.5,23.6,21.0,23.8,00:14.0,7/15/2018,01:23.0,7/15/2018
15-07-18,12:00:14 AM,2,July-18,Rainy-2018,13.5,211.8,23.7,0.0,0.0,1015.1,99.0,6.5,23.6,21.0,23.8,00:14.0,7/15/2018,01:02.0,7/15/2018
15-07-18,1:00:19 AM,3,July-18,Rainy-2018,15.6,232.7,23.7,0.0,0.0,1014.7,99.2,7.2,23.6,22.5,23.8,00:19.0,7/15/2018,01:19.0,7/15/2018
15-07-18,2:00:14 AM,4,July-18,Rainy-2018,16.6,219.1,23.6,0.0,0.0,1014.2,99.6,7.2,23.5,23.2,23.7,00:14.0,7/15/2018,01:21.0,7/15/2018
15-07-18,3:00:15 AM,5,July-18,Rainy-2018,17.8,215.0,23.5,0.5,0.0,1013.7,99.9,10.1,23.5,25.3,23.6,00:15.0,7/15/2018,01:23.0,7/15/2018
15-07-18,4:00:18 AM,6,July-18,Rainy-2018,15.5,224.7,23.5,0.3,0.0,1013.3,99.9,9.4,23.5,23.2,23.6,00:18.0,7/15/2018,01:10.0,7/15/2018
15-07-18,5:00:19 AM,7,July-18,Rainy-2018,14.8,208.8,23.5,0.0,0.0,1013.0,99.9,9.4,23.5,21.7,23.6,00:19.0,7/15/2018,01:22.0,7/15/2018
15-07-18,6:00:14 AM,8,July-18,Rainy-2018,13.9,244.5,23.6,0.3,0.0,1013.2,99.5,7.2,23.6,20.3,23.7,00:14.0,7/15/2018,01:27.0,7/15/2018
15-07-18,7:00:19 AM,9,July-18,Rainy-2018,10.6,238.6,23.8,0.0,9.3,1013.6,98.8,5.8,23.7,16.7,23.8,00:19.0,7/15/2018,01:11.0,7/15/2018
15-07-18,8:00:18 AM,10,July-18,Rainy-2018,9.8,232.4,23.9,0.3,50.9,1014.3,99.1,5.8,23.8,17.4,24.0,00:18.0,7/15/2018,01:16.0,7/15/2018
15-07-18,9:00:14 AM,11,July-18,Rainy-2018,13.2,227.8,24.0,0.0,101.4,1014.6,98.6,7.2,23.9,19.6,24.2,00:14.0,7/15/2018,01:16.0,7/15/2018
15-07-18,10:00:18 AM,12,July-18,Rainy-2018,11.2,214.1,24.6,0.0,232.1,1014.9,97.3,6.5,24.2,15.9,25.1,00:18.0,7/15/2018,01:20.0,7/15/2018
15-07-18,11:00:14 AM,13,July-18,Rainy-2018,7.2,286.0,25.6,0.0,448.4,1015.0,94.3,0.0,25.1,13.8,26.4,00:14.0,7/15/2018,01:12.0,7/15/2018
15-07-18,12:00:19 PM,14,July-18,Rainy-2018,8.2,199.4,26.4,0.0,251.4,1015.0,90.3,0.0,26.3,13.8,26.5,00:19.0,7/15/2018,01:22.0,7/15/2018
15-07-18,1:00:14 PM,15,July-18,Rainy-2018,9.7,227.8,26.8,0.0,463.0,1014.6,89.7,4.3,26.3,17.4,27.2,00:14.0,7/15/2018,01:13.0,7/15/2018
15-07-18,2:00:19 PM,16,July-18,Rainy-2018,12.1,215.0,27.3,0.0,379.8,1013.9,87.5,4.3,27.0,17.4,27.9,00:19.0,7/15/2018,01:29.0,7/15/2018
15-07-18,3:00:14 PM,17,July-18,Rainy-2018,9.9,280.5,27.9,0.3,458.4,1013.2,86.3,0.0,26.6,16.7,28.5,00:14.0,7/15/2018,01:19.0,7/15/2018
15-07-18,4:00:19 PM,18,July-18,Rainy-2018,6.7,232.7,26.6,0.0,379.9,1012.1,94.3,0.0,26.2,11.6,26.9,00:19.0,7/15/2018,01:24.0,7/15/2018
15-07-18,5:00:14 PM,19,July-18,Rainy-2018,5.8,238.9,26.4,0.0,232.3,1011.7,95.4,0.0,26.2,11.6,26.6,00:14.0,7/15/2018,01:23.0,7/15/2018
15-07-18,6:00:14 PM,20,July-18,Rainy-2018,10.2,203.2,26.8,0.0,139.0,1011.6,90.5,0.0,26.3,19.6,27.3,00:14.0,7/15/2018,01:27.0,7/15/2018
15-07-18,7:00:15 PM,21,July-18,Rainy-2018,10.6,224.9,25.8,0.0,25.5,1011.9,92.7,4.3,25.2,18.8,26.4,00:15.0,7/15/2018,01:27.0,7/15/2018
15-07-18,8:00:14 PM,22,July-18,Rainy-2018,13.1,209.3,24.9,0.3,0.5,1012.6,95.8,5.1,24.5,26.1,25.2,00:14.0,7/15/2018,01:14.0,7/15/2018
15-07-18,9:00:10 PM,23,July-18,Rainy-2018,14.6,185.4,23.9,0.3,0.0,1012.8,97.0,5.1,23.7,26.8,24.5,00:10.0,7/15/2018,01:20.0,7/15/2018
15-07-18,10:00:18 PM,24,July-18,Rainy-2018,8.8,192.8,23.8,0.0,0.0,1013.2,96.5,0.0,23.8,16.7,23.9,00:18.0,7/15/2018,01:26.0,7/15/2018
15-07-18,11:00:18 PM,1,July-18,Rainy-2018,5.6,192.2,23.9,0.0,0.0,1013.5,96.9,0.0,23.8,13.0,24.0,00:18.0,7/15/2018,01:21.0,7/15/2018
16-07-18,12:00:15 AM,1,July-18,Rainy-2018,10.1,233.9,23.9,0.3,0.0,1013.6,98.1,5.1,23.7,17.4,24.0,00:15.0,7/16/2018,01:25.0,7/16/2018
16-07-18,12:00:15 AM,2,July-18,Rainy-2018,10.1,233.9,23.9,0.3,0.0,1013.6,98.1,5.1,23.7,17.4,24.0,00:15.0,7/16/2018,01:06.0,7/16/2018
16-07-18,1:00:15 AM,3,July-18,Rainy-2018,12.7,217.3,23.8,0.0,0.0,1013.7,99.2,3.6,23.7,18.1,23.8,00:15.0,7/16/2018,01:22.0,7/16/2018
16-07-18,2:00:18 AM,4,July-18,Rainy-2018,19.3,251.0,23.4,0.8,0.0,1013.1,99.9,9.4,23.1,27.5,23.8,00:18.0,7/16/2018,01:17.0,7/16/2018
16-07-18,3:00:18 AM,5,July-18,Rainy-2018,21.0,232.2,23.1,0.3,0.0,1012.8,100.0,10.1,23.0,31.1,23.2,00:18.0,7/16/2018,01:23.0,7/16/2018
16-07-18,4:00:18 AM,6,July-18,Rainy-2018,24.5,245.2,23.2,2.3,0.0,1012.7,100.0,15.9,23.1,32.6,23.3,00:18.0,7/16/2018,00:56.0,7/16/2018
16-07-18,5:00:29 AM,7,July-18,Rainy-2018,24.4,237.4,23.2,2.8,0.0,1012.4,100.0,15.2,23.1,39.8,23.3,00:29.0,7/16/2018,01:07.0,7/16/2018
16-07-18,6:00:18 AM,8,July-18,Rainy-2018,26.1,242.6,23.1,5.8,0.0,1012.7,100.0,11.6,23.0,36.9,23.3,00:18.0,7/16/2018,01:21.0,7/16/2018
16-07-18,7:00:14 AM,9,July-18,Rainy-2018,21.1,240.7,23.1,1.3,4.2,1013.6,100.0,9.4,23.1,33.3,23.2,00:14.0,7/16/2018,01:17.0,7/16/2018
16-07-18,8:00:18 AM,10,July-18,Rainy-2018,21.6,243.5,23.2,2.5,26.1,1014.2,100.0,10.9,23.2,36.2,23.3,00:18.0,7/16/2018,01:16.0,7/16/2018
16-07-18,9:00:14 AM,11,July-18,Rainy-2018,19.9,232.7,23.2,0.5,46.7,1014.6,100.0,11.6,23.2,27.5,23.3,00:14.0,7/16/2018,01:25.0,7/16/2018
16-07-18,10:00:14 AM,12,July-18,Rainy-2018,20.0,219.1,23.2,0.8,57.5,1015.0,100.0,12.3,23.1,29.7,23.3,00:14.0,7/16/2018,01:21.0,7/16/2018
16-07-18,11:00:14 AM,13,July-18,Rainy-2018,22.1,205.4,23.2,1.5,119.8,1015.3,100.0,11.6,23.1,30.4,23.3,00:14.0,7/16/2018,01:14.0,7/16/2018
16-07-18,12:00:24 PM,14,July-18,Rainy-2018,21.2,210.2,23.6,0.3,227.3,1015.4,100.0,12.3,23.3,32.6,24.0,00:24.0,7/16/2018,01:28.0,7/16/2018
16-07-18,1:00:14 PM,15,July-18,Rainy-2018,23.8,204.4,24.2,0.8,391.6,1015.1,99.9,13.0,23.8,39.8,24.8,00:14.0,7/16/2018,01:24.0,7/16/2018
16-07-18,2:00:14 PM,16,July-18,Rainy-2018,26.5,195.2,24.7,0.0,494.1,1014.5,98.7,16.7,24.5,35.5,25.0,00:14.0,7/16/2018,01:22.0,7/16/2018
16-07-18,3:00:15 PM,17,July-18,Rainy-2018,23.7,196.1,24.9,0.0,424.8,1014.1,96.9,15.2,24.6,31.9,25.1,00:15.0,7/16/2018,01:23.0,7/16/2018
16-07-18,4:00:15 PM,18,July-18,Rainy-2018,22.8,210.4,24.5,0.3,204.9,1013.4,97.6,14.5,24.2,31.9,24.7,00:15.0,7/16/2018,01:23.0,7/16/2018
16-07-18,5:00:14 PM,19,July-18,Rainy-2018,20.9,201.7,24.2,0.3,129.0,1013.2,98.2,13.8,23.8,29.0,24.5,00:14.0,7/16/2018,01:28.0,7/16/2018
16-07-18,6:00:15 PM,20,July-18,Rainy-2018,21.7,203.4,23.8,0.0,64.6,1013.7,98.7,14.5,23.7,30.4,23.9,00:15.0,7/16/2018,01:23.0,7/16/2018
16-07-18,7:00:15 PM,21,July-18,Rainy-2018,22.4,197.4,23.6,0.5,22.8,1014.0,98.8,13.8,23.3,30.4,23.9,00:15.0,7/16/2018,01:25.0,7/16/2018
16-07-18,8:00:18 PM,22,July-18,Rainy-2018,21.9,213.8,23.1,0.8,0.7,1014.4,99.2,10.9,22.9,34.0,23.4,00:18.0,7/16/2018,02:14.0,7/16/2018
16-07-18,9:00:19 PM,23,July-18,Rainy-2018,22.1,215.0,23.1,0.3,0.0,1015.1,99.6,13.8,23.1,33.3,23.2,00:19.0,7/16/2018,01:29.0,7/16/2018
16-07-18,10:00:14 PM,24,July-18,Rainy-2018,23.8,201.9,23.3,0.0,0.0,1015.4,99.3,15.2,23.1,32.6,23.4,00:14.0,7/16/2018,01:20.0,7/16/2018
16-07-18,11:00:15 PM,23,July-18,Rainy-2018,21.2,226.6,23.2,0.8,0.0,1016.0,99.4,15.2,23.1,31.1,23.4,00:15.0,7/16/2018,01:28.0,7/16/2018
17-07-18,12:00:18 AM,24,July-18,Rainy-2018,24.9,212.2,23.2,0.0,0.0,1015.6,99.3,15.2,23.1,37.7,23.3,00:18.0,7/17/2018,01:22.0,7/17/2018
17-07-18,12:00:18 AM,24,July-18,Rainy-2018,24.9,212.2,23.2,0.0,0.0,1015.6,99.3,15.2,23.1,37.7,23.3,00:18.0,7/17/2018,01:05.0,7/17/2018
17-07-18,1:00:15 AM,1,July-18,Rainy-2018,23.0,224.7,23.3,0.3,0.0,1015.2,99.1,14.5,23.2,32.6,23.3,00:15.0,7/17/2018,01:16.0,7/17/2018
17-07-18,2:00:14 AM,2,July-18,Rainy-2018,20.4,207.5,23.2,0.3,0.0,1014.9,99.3,10.1,23.0,31.9,23.3,00:14.0,7/17/2018,01:17.0,7/17/2018
17-07-18,3:00:18 AM,3,July-18,Rainy-2018,21.9,235.2,23.1,0.3,0.0,1014.5,99.6,15.2,22.9,37.7,23.2,00:18.0,7/17/2018,01:22.0,7/17/2018
17-07-18,4:00:14 AM,4,July-18,Rainy-2018,20.0,222.0,23.0,0.5,0.0,1014.3,99.4,8.7,22.9,36.2,23.1,00:14.0,7/17/2018,01:09.0,7/17/2018
17-07-18,5:00:19 AM,5,July-18,Rainy-2018,21.4,222.7,22.9,0.0,0.0,1014.4,99.6,8.7,22.9,31.9,23.0,00:19.0,7/17/2018,01:17.0,7/17/2018
17-07-18,6:00:18 AM,6,July-18,Rainy-2018,18.0,207.3,22.9,1.0,0.0,1014.5,99.9,9.4,22.9,29.7,23.0,00:18.0,7/17/2018,01:18.0,7/17/2018
17-07-18,7:00:19 AM,7,July-18,Rainy-2018,18.0,204.7,23.0,1.3,6.8,1014.8,99.7,10.1,22.8,27.5,23.2,00:19.0,7/17/2018,01:22.0,7/17/2018
17-07-18,8:00:19 AM,8,July-18,Rainy-2018,19.5,212.2,23.3,0.3,62.1,1015.2,99.7,11.6,23.2,31.9,23.6,00:19.0,7/17/2018,01:47.0,7/17/2018
17-07-18,9:00:10 AM,9,July-18,Rainy-2018,21.6,223.5,23.5,0.0,53.7,1016.0,98.9,12.3,23.4,31.1,23.6,00:10.0,7/17/2018,01:09.0,7/17/2018
17-07-18,10:00:14 AM,10,July-18,Rainy-2018,18.1,210.2,23.5,0.0,54.3,1016.5,99.1,10.9,23.4,26.8,23.7,00:14.0,7/17/2018,01:13.0,7/17/2018
17-07-18,11:00:19 AM,11,July-18,Rainy-2018,16.2,211.5,23.9,1.0,121.4,1016.7,99.5,9.4,23.7,26.1,24.2,00:19.0,7/17/2018,01:13.0,7/17/2018
17-07-18,12:00:15 PM,12,July-18,Rainy-2018,18.1,213.4,24.1,2.3,176.2,1017.0,99.2,10.1,24.0,27.5,24.2,00:15.0,7/17/2018,01:20.0,7/17/2018
17-07-18,1:00:14 PM,13,July-18,Rainy-2018,19.7,211.2,24.1,1.3,143.7,1016.9,98.7,11.6,24.0,31.9,24.2,00:14.0,7/17/2018,01:20.0,7/17/2018
17-07-18,2:00:15 PM,14,July-18,Rainy-2018,22.4,198.3,24.2,1.8,254.8,1016.5,98.0,14.5,24.0,32.6,24.4,00:15.0,7/17/2018,01:24.0,7/17/2018
17-07-18,3:00:16 PM,15,July-18,Rainy-2018,25.7,196.1,24.1,1.0,260.9,1016.0,96.8,17.4,23.7,39.8,24.4,00:16.0,7/17/2018,02:12.0,7/17/2018
17-07-18,4:00:14 PM,16,July-18,Rainy-2018,23.2,196.2,23.8,2.3,151.0,1015.3,97.8,15.2,23.7,34.8,23.9,00:14.0,7/17/2018,01:18.0,7/17/2018
17-07-18,5:00:14 PM,17,July-18,Rainy-2018,26.6,195.9,23.7,1.0,120.9,1014.8,97.8,16.7,23.5,37.7,23.9,00:14.0,7/17/2018,01:17.0,7/17/2018
17-07-18,6:00:18 PM,18,July-18,Rainy-2018,24.7,191.1,23.6,0.3,82.2,1014.5,97.9,16.7,23.4,34.0,23.6,00:18.0,7/17/2018,01:28.0,7/17/2018
17-07-18,7:00:18 PM,19,July-18,Rainy-2018,22.1,190.3,23.5,0.3,21.3,1014.7,98.2,13.8,23.5,33.3,23.6,00:18.0,7/17/2018,01:17.0,7/17/2018
17-07-18,8:00:14 PM,20,July-18,Rainy-2018,16.9,210.4,23.4,0.0,0.6,1015.2,99.3,8.7,23.3,25.3,23.5,00:14.0,7/17/2018,01:20.0,7/17/2018
17-07-18,9:00:14 PM,21,July-18,Rainy-2018,16.0,230.2,23.4,0.0,0.0,1016.1,99.5,9.4,23.3,23.9,23.5,00:14.0,7/17/2018,01:16.0,7/17/2018
17-07-18,10:00:14 PM,22,July-18,Rainy-2018,22.3,204.4,23.4,0.3,0.0,1016.4,98.4,10.9,23.3,30.4,23.5,00:14.0,7/17/2018,01:15.0,7/17/2018
17-07-18,11:00:18 PM,23,July-18,Rainy-2018,18.1,201.9,23.4,0.0,0.0,1016.9,99.2,9.4,23.3,30.4,23.5,00:18.0,7/17/2018,01:26.0,7/17/2018
18-07-18,12:00:18 AM,24,July-18,Rainy-2018,16.2,207.3,23.4,0.0,0.0,1016.9,99.4,8.7,23.4,26.1,23.5,00:18.0,7/18/2018,01:23.0,7/18/2018
18-07-18,1:00:25 AM,1,July-18,Rainy-2018,18.9,210.7,23.4,0.3,0.0,1016.6,99.7,10.1,23.3,25.3,23.4,00:25.0,7/18/2018,01:14.0,7/18/2018
18-07-18,2:00:14 AM,2,July-18,Rainy-2018,19.2,197.1,23.3,0.5,0.0,1016.2,100.0,12.3,23.2,27.5,23.4,00:14.0,7/18/2018,01:11.0,7/18/2018
18-07-18,3:00:15 AM,3,July-18,Rainy-2018,20.2,221.0,23.3,0.5,0.0,1015.8,100.0,12.3,23.2,30.4,23.3,00:15.0,7/18/2018,01:21.0,7/18/2018
18-07-18,4:00:15 AM,4,July-18,Rainy-2018,20.0,201.7,23.2,0.8,0.0,1015.5,100.0,10.1,23.0,30.4,23.3,00:15.0,7/18/2018,01:09.0,7/18/2018
18-07-18,5:00:19 AM,5,July-18,Rainy-2018,20.9,210.6,22.9,0.3,0.0,1015.6,100.0,11.6,22.9,29.0,23.0,00:19.0,7/18/2018,01:19.0,7/18/2018
18-07-18,6:00:18 AM,6,July-18,Rainy-2018,19.9,206.7,22.9,0.3,0.0,1016.1,100.0,11.6,22.7,31.9,23.0,00:18.0,7/18/2018,01:14.0,7/18/2018
18-07-18,7:00:14 AM,7,July-18,Rainy-2018,20.8,200.3,22.7,0.3,6.3,1016.6,100.0,11.6,22.7,29.7,22.9,00:14.0,7/18/2018,01:17.0,7/18/2018
18-07-18,8:00:18 AM,8,July-18,Rainy-2018,17.8,185.3,23.0,0.3,21.8,1017.1,100.0,11.6,22.9,26.1,23.1,00:18.0,7/18/2018,01:14.0,7/18/2018
18-07-18,9:00:10 AM,9,July-18,Rainy-2018,21.0,191.0,23.2,0.5,57.3,1017.7,99.9,8.0,23.0,37.7,23.4,00:10.0,7/18/2018,01:03.0,7/18/2018
18-07-18,10:00:14 AM,10,July-18,Rainy-2018,25.7,196.7,24.1,0.0,294.6,1018.1,97.0,18.1,23.4,34.8,24.6,00:14.0,7/18/2018,01:21.0,7/18/2018
18-07-18,11:00:12 AM,11,July-18,Rainy-2018,20.9,200.1,24.4,0.0,203.6,1018.8,96.0,12.3,24.1,28.2,24.6,00:12.0,7/18/2018,01:50.0,7/18/2018
18-07-18,12:00:18 PM,12,July-18,Rainy-2018,21.4,208.1,24.3,0.3,192.3,1018.6,96.6,13.0,24.0,36.2,24.7,00:18.0,7/18/2018,02:03.0,7/18/2018
18-07-18,1:00:15 PM,13,July-18,Rainy-2018,18.8,208.8,24.2,0.5,176.0,1018.3,98.7,10.1,24.0,30.4,24.3,00:15.0,7/18/2018,01:22.0,7/18/2018
18-07-18,2:00:18 PM,14,July-18,Rainy-2018,22.8,187.9,24.4,0.3,217.4,1018.2,96.6,14.5,24.3,31.1,24.5,00:18.0,7/18/2018,01:25.0,7/18/2018
18-07-18,3:00:10 PM,15,July-18,Rainy-2018,24.9,193.4,24.7,0.0,329.8,1017.7,94.9,17.4,24.5,34.0,25.1,00:10.0,7/18/2018,01:02.0,7/18/2018
18-07-18,4:00:19 PM,16,July-18,Rainy-2018,21.8,213.9,24.3,0.5,120.9,1017.3,96.7,13.8,23.8,30.4,24.9,00:19.0,7/18/2018,01:20.0,7/18/2018
18-07-18,5:00:15 PM,17,July-18,Rainy-2018,26.8,199.3,23.8,0.0,96.6,1016.9,97.5,17.4,23.4,37.7,24.0,00:15.0,7/18/2018,01:24.0,7/18/2018
18-07-18,6:00:18 PM,18,July-18,Rainy-2018,26.2,212.2,23.4,0.0,76.5,1017.0,97.2,16.7,23.4,35.5,23.5,00:18.0,7/18/2018,01:22.0,7/18/2018
18-07-18,7:00:18 PM,19,July-18,Rainy-2018,21.2,198.6,23.3,0.0,28.0,1017.2,96.7,13.8,23.2,29.7,23.5,00:18.0,7/18/2018,01:17.0,7/18/2018
18-07-18,8:00:14 PM,20,July-18,Rainy-2018,23.9,195.1,23.3,0.0,0.6,1017.4,96.6,15.2,23.2,33.3,23.3,00:14.0,7/18/2018,01:22.0,7/18/2018
18-07-18,9:00:18 PM,21,July-18,Rainy-2018,22.5,198.6,23.3,0.0,0.0,1017.7,96.5,13.0,23.2,34.0,23.4,00:18.0,7/18/2018,01:23.0,7/18/2018
18-07-18,10:00:22 PM,22,July-18,Rainy-2018,18.3,209.3,23.2,0.0,0.0,1018.2,96.6,10.9,23.2,29.7,23.3,00:22.0,7/18/2018,01:24.0,7/18/2018
18-07-18,11:00:18 PM,23,July-18,Rainy-2018,19.4,209.9,23.3,0.0,0.0,1018.9,96.2,13.0,23.2,27.5,23.4,00:18.0,7/18/2018,01:21.0,7/18/2018
19-07-18,12:00:18 AM,24,July-18,Rainy-2018,19.0,207.0,23.4,0.0,0.0,1018.8,96.8,12.3,23.3,31.1,23.4,00:18.0,7/19/2018,01:33.0,7/19/2018
19-07-18,12:00:18 AM,1,July-18,Rainy-2018,19.0,207.0,23.4,0.0,0.0,1018.8,96.8,12.3,23.3,31.1,23.4,00:18.0,7/19/2018,01:09.0,7/19/2018
19-07-18,1:00:19 AM,2,July-18,Rainy-2018,22.7,207.2,23.4,0.0,0.0,1018.0,97.2,13.8,23.3,33.3,23.5,00:19.0,7/19/2018,01:28.0,7/19/2018
19-07-18,2:00:19 AM,3,July-18,Rainy-2018,21.0,205.0,23.4,0.0,0.0,1017.4,97.0,13.0,23.3,29.0,23.5,00:19.0,7/19/2018,01:26.0,7/19/2018
19-07-18,3:00:18 AM,4,July-18,Rainy-2018,19.9,204.9,23.3,0.0,0.0,1017.1,98.0,13.8,23.2,26.8,23.4,00:18.0,7/19/2018,01:24.0,7/19/2018
19-07-18,4:00:18 AM,5,July-18,Rainy-2018,19.6,201.3,23.1,0.0,0.0,1017.0,99.4,13.0,23.1,31.9,23.2,00:18.0,7/19/2018,01:39.0,7/19/2018
19-07-18,5:00:13 AM,6,July-18,Rainy-2018,20.4,221.8,23.2,0.0,0.0,1017.1,98.9,12.3,23.1,29.0,23.4,00:13.0,7/19/2018,01:57.0,7/19/2018
19-07-18,6:00:35 AM,7,July-18,Rainy-2018,18.4,218.8,23.2,0.0,0.0,1017.4,99.4,10.9,23.2,26.1,23.3,00:35.0,7/19/2018,01:32.0,7/19/2018
19-07-18,7:00:15 AM,8,July-18,Rainy-2018,18.2,230.2,23.3,0.0,7.7,1017.8,99.6,10.9,23.2,29.0,23.4,00:15.0,7/19/2018,01:15.0,7/19/2018
19-07-18,8:00:10 AM,9,July-18,Rainy-2018,17.7,223.0,23.4,0.3,33.7,1018.3,99.7,10.9,23.4,26.8,23.5,00:10.0,7/19/2018,01:10.0,7/19/2018
19-07-18,9:00:19 AM,10,July-18,Rainy-2018,16.6,219.1,23.4,0.0,47.7,1018.7,100.0,10.1,23.3,21.7,23.7,00:19.0,7/19/2018,01:14.0,7/19/2018
19-07-18,10:00:10 AM,11,July-18,Rainy-2018,17.2,225.8,24.0,0.0,128.0,1019.3,98.0,8.0,23.7,23.9,24.4,00:10.0,7/19/2018,01:03.0,7/19/2018
19-07-18,11:00:14 AM,12,July-18,Rainy-2018,17.7,221.8,24.0,2.0,94.3,1019.4,98.8,9.4,23.7,31.1,24.3,00:14.0,7/19/2018,01:12.0,7/19/2018
19-07-18,12:00:15 PM,13,July-18,Rainy-2018,20.5,222.0,23.8,1.5,180.6,1019.4,99.8,13.0,23.6,29.0,24.0,00:15.0,7/19/2018,01:17.0,7/19/2018
19-07-18,1:00:15 PM,14,July-18,Rainy-2018,23.8,221.6,24.0,1.0,299.6,1019.0,99.1,15.9,23.8,32.6,24.2,00:15.0,7/19/2018,01:22.0,7/19/2018
19-07-18,2:00:14 PM,15,July-18,Rainy-2018,24.4,211.5,24.0,1.0,288.9,1018.2,98.8,15.9,23.8,33.3,24.3,00:14.0,7/19/2018,01:24.0,7/19/2018
19-07-18,3:00:13 PM,16,July-18,Rainy-2018,21.6,206.7,24.2,0.3,242.2,1017.5,99.0,13.8,24.0,29.0,24.4,00:13.0,7/19/2018,01:10.0,7/19/2018
19-07-18,4:00:12 PM,17,July-18,Rainy-2018,20.2,216.1,24.1,0.8,147.2,1017.0,98.8,12.3,23.9,29.7,24.2,00:12.0,7/19/2018,01:11.0,7/19/2018
19-07-18,5:00:10 PM,18,July-18,Rainy-2018,22.6,214.7,23.8,0.3,114.2,1016.5,98.7,13.8,23.8,33.3,23.9,00:10.0,7/19/2018,01:05.0,7/19/2018
19-07-18,6:00:19 PM,19,July-18,Rainy-2018,24.5,197.4,23.5,0.3,42.6,1016.5,98.0,9.4,23.2,39.8,23.8,00:19.0,7/19/2018,01:17.0,7/19/2018
19-07-18,7:00:10 PM,20,July-18,Rainy-2018,25.6,195.6,23.0,0.0,22.4,1016.7,97.4,16.7,22.9,38.4,23.2,00:10.0,7/19/2018,01:07.0,7/19/2018
19-07-18,8:00:10 PM,21,July-18,Rainy-2018,24.1,213.9,22.9,0.0,0.7,1017.2,99.0,13.8,22.9,35.5,22.9,00:10.0,7/19/2018,01:14.0,7/19/2018
19-07-18,9:00:13 PM,22,July-18,Rainy-2018,27.1,214.2,22.9,0.3,0.0,1017.7,99.6,19.6,22.8,39.8,22.9,00:13.0,7/19/2018,01:09.0,7/19/2018
19-07-18,10:00:13 PM,23,July-18,Rainy-2018,24.5,207.7,22.9,0.0,0.0,1018.4,97.8,13.8,22.8,35.5,23.0,00:13.0,7/19/2018,01:10.0,7/19/2018
19-07-18,11:00:13 PM,24,July-18,Rainy-2018,23.5,203.2,23.1,0.0,0.0,1018.6,97.6,15.2,23.0,33.3,23.1,00:13.0,7/19/2018,01:18.0,7/19/2018
20-07-18,12:00:13 AM,1,July-18,Rainy-2018,23.6,214.4,23.1,0.0,0.0,1018.4,97.2,15.2,23.0,32.6,23.2,00:13.0,7/20/2018,01:21.0,7/20/2018
20-07-18,12:00:13 AM,1,July-18,Rainy-2018,23.6,214.4,23.1,0.0,0.0,1018.4,97.2,15.2,23.0,32.6,23.2,00:13.0,7/20/2018,01:08.0,7/20/2018
20-07-18,1:00:15 AM,2,July-18,Rainy-2018,23.7,208.6,23.1,0.0,0.0,1017.9,97.3,15.2,22.9,33.3,23.2,00:15.0,7/20/2018,01:24.0,7/20/2018
20-07-18,2:00:14 AM,3,July-18,Rainy-2018,23.6,194.0,23.2,0.3,0.0,1017.2,98.1,13.8,23.0,32.6,23.3,00:14.0,7/20/2018,01:19.0,7/20/2018
20-07-18,3:00:15 AM,4,July-18,Rainy-2018,22.8,204.4,23.2,0.0,0.0,1017.0,97.3,12.3,23.1,34.0,23.3,00:15.0,7/20/2018,01:20.0,7/20/2018
20-07-18,4:00:13 AM,5,July-18,Rainy-2018,19.8,207.2,23.0,0.3,0.0,1016.6,98.1,11.6,23.0,30.4,23.1,00:13.0,7/20/2018,01:43.0,7/20/2018
20-07-18,5:00:11 AM,6,July-18,Rainy-2018,22.4,190.1,22.9,0.0,0.0,1016.2,98.4,13.0,22.8,33.3,23.0,00:11.0,7/20/2018,01:57.0,7/20/2018
20-07-18,6:00:10 AM,7,July-18,Rainy-2018,24.6,202.2,22.9,0.0,0.0,1016.2,98.0,16.7,22.8,38.4,23.0,00:10.0,7/20/2018,01:08.0,7/20/2018
20-07-18,7:00:15 AM,8,July-18,Rainy-2018,19.8,205.2,22.9,0.8,13.0,1016.6,99.5,13.0,22.9,31.9,23.0,00:15.0,7/20/2018,01:24.0,7/20/2018
20-07-18,8:00:15 AM,9,July-18,Rainy-2018,20.3,194.9,23.0,0.8,43.1,1017.3,99.5,13.0,22.9,29.7,23.0,00:15.0,7/20/2018,01:19.0,7/20/2018
20-07-18,9:00:10 AM,10,July-18,Rainy-2018,17.5,201.7,23.1,1.8,71.7,1018.1,99.6,10.9,23.0,25.3,23.3,00:10.0,7/20/2018,01:05.0,7/20/2018
20-07-18,10:00:15 AM,11,July-18,Rainy-2018,24.8,186.3,23.4,1.3,138.3,1018.4,99.0,14.5,23.2,33.3,23.5,00:15.0,7/20/2018,01:22.0,7/20/2018
20-07-18,11:00:15 AM,12,July-18,Rainy-2018,23.3,194.0,23.3,2.5,128.1,1018.8,98.2,15.2,23.3,32.6,23.4,00:15.0,7/20/2018,01:19.0,7/20/2018
20-07-18,12:00:10 PM,13,July-18,Rainy-2018,23.8,196.2,23.1,5.3,128.3,1018.9,98.5,12.3,22.9,31.1,23.3,00:10.0,7/20/2018,01:04.0,7/20/2018
20-07-18,1:00:10 PM,14,July-18,Rainy-2018,25.4,196.1,22.9,3.8,97.3,1018.5,98.3,15.9,22.6,38.4,23.1,00:10.0,7/20/2018,01:16.0,7/20/2018
20-07-18,2:00:19 PM,15,July-18,Rainy-2018,22.9,208.0,22.9,2.3,88.0,1017.9,98.4,15.2,22.7,29.7,23.1,00:19.0,7/20/2018,01:16.0,7/20/2018
20-07-18,3:00:12 PM,16,July-18,Rainy-2018,19.7,205.4,23.4,1.8,97.7,1017.3,98.3,11.6,23.0,30.4,23.6,00:12.0,7/20/2018,01:19.0,7/20/2018
20-07-18,4:00:15 PM,17,July-18,Rainy-2018,25.5,219.9,23.3,1.0,82.6,1017.0,99.2,15.9,23.2,36.9,23.5,00:15.0,7/20/2018,01:22.0,7/20/2018
20-07-18,5:00:14 PM,18,July-18,Rainy-2018,23.9,210.7,23.5,1.0,90.7,1016.9,98.5,12.3,23.4,36.2,23.6,00:14.0,7/20/2018,01:12.0,7/20/2018
20-07-18,6:00:15 PM,19,July-18,Rainy-2018,21.8,213.8,23.2,1.3,36.3,1016.9,99.1,12.3,23.1,37.7,23.4,00:15.0,7/20/2018,01:15.0,7/20/2018
20-07-18,7:00:10 PM,20,July-18,Rainy-2018,21.6,212.6,23.0,0.0,13.1,1017.1,99.3,11.6,23.0,37.7,23.1,00:10.0,7/20/2018,01:09.0,7/20/2018
20-07-18,8:00:10 PM,21,July-18,Rainy-2018,19.5,196.1,23.0,0.3,0.0,1017.2,100.0,13.0,23.0,28.2,23.1,00:10.0,7/20/2018,01:07.0,7/20/2018
20-07-18,9:00:15 PM,22,July-18,Rainy-2018,21.5,208.6,23.1,0.0,0.0,1017.6,99.7,13.8,23.0,29.7,23.1,00:15.0,7/20/2018,01:21.0,7/20/2018
20-07-18,10:00:14 PM,23,July-18,Rainy-2018,21.2,209.3,23.2,0.0,0.0,1017.9,99.0,12.3,23.1,31.1,23.2,00:14.0,7/20/2018,01:20.0,7/20/2018
20-07-18,11:00:14 PM,24,July-18,Rainy-2018,21.0,207.2,23.3,0.0,0.0,1018.4,98.2,14.5,23.2,30.4,23.4,00:14.0,7/20/2018,01:23.0,7/20/2018
21-07-18,12:00:14 AM,1,July-18,Rainy-2018,21.6,210.6,23.3,0.0,0.0,1018.6,98.9,12.3,23.3,29.0,23.4,00:14.0,7/21/2018,01:21.0,7/21/2018
21-07-18,12:00:14 AM,2,July-18,Rainy-2018,21.6,210.6,23.3,0.0,0.0,1018.6,98.9,12.3,23.3,29.0,23.4,00:14.0,7/21/2018,01:06.0,7/21/2018
21-07-18,1:00:19 AM,3,July-18,Rainy-2018,20.8,207.2,23.4,0.3,0.0,1018.4,98.5,11.6,23.4,31.1,23.5,00:19.0,7/21/2018,01:17.0,7/21/2018
21-07-18,2:00:14 AM,4,July-18,Rainy-2018,20.0,204.4,23.3,0.0,0.0,1017.5,98.9,12.3,23.3,29.7,23.4,00:14.0,7/21/2018,01:07.0,7/21/2018
21-07-18,3:00:15 AM,5,July-18,Rainy-2018,20.3,208.8,23.4,0.0,0.0,1017.1,97.7,11.6,23.3,27.5,23.5,00:15.0,7/21/2018,01:18.0,7/21/2018
21-07-18,4:00:10 AM,6,July-18,Rainy-2018,18.3,214.1,23.4,0.0,0.0,1017.0,98.6,10.1,23.3,26.1,23.4,00:10.0,7/21/2018,01:13.0,7/21/2018
21-07-18,5:00:19 AM,7,July-18,Rainy-2018,19.3,200.8,23.3,0.0,0.0,1017.0,98.9,13.0,23.2,30.4,23.4,00:19.0,7/21/2018,01:24.0,7/21/2018
21-07-18,6:00:15 AM,8,July-18,Rainy-2018,18.9,203.2,23.4,0.0,0.0,1017.0,98.2,11.6,23.3,28.2,23.4,00:15.0,7/21/2018,01:19.0,7/21/2018
21-07-18,7:00:14 AM,9,July-18,Rainy-2018,18.7,209.8,23.4,0.0,8.8,1017.4,98.7,10.1,23.3,28.2,23.4,00:14.0,7/21/2018,01:22.0,7/21/2018
21-07-18,8:00:13 AM,10,July-18,Rainy-2018,18.4,234.3,23.4,2.3,24.7,1018.2,99.5,11.6,23.3,28.2,23.4,00:13.0,7/21/2018,01:17.0,7/21/2018
21-07-18,9:00:18 AM,11,July-18,Rainy-2018,19.5,207.7,23.4,0.0,107.6,1019.2,99.8,10.1,23.2,30.4,23.8,00:18.0,7/21/2018,01:11.0,7/21/2018
21-07-18,10:00:14 AM,12,July-18,Rainy-2018,18.6,204.4,23.8,0.0,121.1,1019.9,99.3,11.6,23.6,27.5,24.0,00:14.0,7/21/2018,01:19.0,7/21/2018
21-07-18,11:00:15 AM,13,July-18,Rainy-2018,17.7,216.6,24.1,0.3,203.1,1020.2,99.1,10.9,23.8,26.1,24.2,00:15.0,7/21/2018,01:11.0,7/21/2018
21-07-18,12:00:14 PM,14,July-18,Rainy-2018,18.2,228.1,24.2,0.3,238.5,1020.3,99.0,11.6,24.0,26.1,24.6,00:14.0,7/21/2018,01:00.0,7/21/2018
21-07-18,1:00:13 PM,15,July-18,Rainy-2018,14.7,225.5,23.8,0.5,108.8,1019.9,99.3,8.0,23.7,23.9,24.0,00:13.0,7/21/2018,01:07.0,7/21/2018
21-07-18,2:00:18 PM,16,July-18,Rainy-2018,20.1,213.8,23.7,0.3,156.9,1019.4,99.4,13.0,23.6,29.0,23.9,00:18.0,7/21/2018,01:15.0,7/21/2018
21-07-18,3:00:15 PM,17,July-18,Rainy-2018,22.8,218.4,23.5,0.5,99.4,1019.0,99.0,15.2,23.3,33.3,23.7,00:15.0,7/21/2018,01:19.0,7/21/2018
21-07-18,4:00:10 PM,18,July-18,Rainy-2018,22.7,204.5,23.4,1.0,80.6,1018.3,99.6,13.8,23.2,32.6,23.5,00:10.0,7/21/2018,01:10.0,7/21/2018
21-07-18,5:00:18 PM,19,July-18,Rainy-2018,18.2,232.8,23.4,3.6,57.5,1017.8,99.8,8.0,23.3,29.0,23.6,00:18.0,7/21/2018,01:22.0,7/21/2018
21-07-18,6:00:19 PM,20,July-18,Rainy-2018,26.1,224.3,23.1,1.0,42.4,1017.7,100.0,7.2,22.7,39.8,23.4,00:19.0,7/21/2018,01:24.0,7/21/2018
21-07-18,7:00:15 PM,21,July-18,Rainy-2018,25.9,235.1,22.6,0.3,14.2,1018.1,100.0,18.8,22.5,38.4,22.7,00:15.0,7/21/2018,01:13.0,7/21/2018
21-07-18,8:00:14 PM,22,July-18,Rainy-2018,26.1,222.9,22.6,0.0,0.1,1019.0,99.9,11.6,22.6,36.9,22.7,00:14.0,7/21/2018,01:09.0,7/21/2018
21-07-18,9:00:18 PM,23,July-18,Rainy-2018,21.3,215.2,22.7,0.0,0.0,1019.4,99.3,14.5,22.6,29.7,22.9,00:18.0,7/21/2018,01:24.0,7/21/2018
21-07-18,10:00:14 PM,24,July-18,Rainy-2018,21.7,210.6,23.1,0.0,0.0,1019.6,99.0,12.3,22.9,29.0,23.3,00:14.0,7/21/2018,01:19.0,7/21/2018
21-07-18,11:00:19 PM,23,July-18,Rainy-2018,19.2,205.7,23.1,1.3,0.0,1019.8,99.0,8.7,22.9,29.0,23.3,00:19.0,7/21/2018,01:26.0,7/21/2018
22-07-18,12:00:15 AM,24,July-18,Rainy-2018,21.2,221.0,22.9,0.8,0.0,1019.7,99.8,13.0,22.8,29.0,23.0,00:15.0,7/22/2018,01:19.0,7/22/2018
22-07-18,1:00:15 AM,1,July-18,Rainy-2018,22.2,216.3,22.8,0.5,0.0,1019.4,100.0,14.5,22.8,29.0,22.9,00:15.0,7/22/2018,01:36.0,7/22/2018
22-07-18,2:00:18 AM,2,July-18,Rainy-2018,21.4,209.6,23.0,0.0,0.0,1018.9,100.0,13.0,22.9,34.8,23.0,00:18.0,7/22/2018,01:13.0,7/22/2018
22-07-18,3:00:14 AM,3,July-18,Rainy-2018,20.2,222.1,23.0,0.0,0.0,1018.1,100.0,13.8,22.9,28.2,23.0,00:14.0,7/22/2018,01:15.0,7/22/2018
22-07-18,4:00:15 AM,4,July-18,Rainy-2018,20.4,203.7,22.9,0.0,0.0,1017.7,100.0,13.0,22.9,29.0,23.0,00:15.0,7/22/2018,01:16.0,7/22/2018
22-07-18,5:00:24 AM,5,July-18,Rainy-2018,14.8,222.0,23.0,2.5,0.0,1017.2,100.0,5.8,23.0,23.2,23.1,00:24.0,7/22/2018,01:25.0,7/22/2018
22-07-18,6:00:14 AM,6,July-18,Rainy-2018,18.3,248.0,23.2,2.5,0.0,1017.2,100.0,9.4,23.1,28.2,23.2,00:14.0,7/22/2018,01:17.0,7/22/2018
22-07-18,7:00:15 AM,7,July-18,Rainy-2018,17.7,240.3,23.1,9.4,6.3,1017.8,100.0,5.8,22.9,29.7,23.3,00:15.0,7/22/2018,01:17.0,7/22/2018
22-07-18,8:00:13 AM,8,July-18,Rainy-2018,20.0,245.7,23.0,8.9,31.5,1018.6,100.0,11.6,22.9,29.7,23.1,00:13.0,7/22/2018,01:19.0,7/22/2018
22-07-18,9:00:18 AM,9,July-18,Rainy-2018,16.8,230.4,23.3,3.8,46.5,1019.3,100.0,9.4,23.0,26.1,23.5,00:18.0,7/22/2018,01:21.0,7/22/2018
22-07-18,10:00:14 AM,10,July-18,Rainy-2018,23.0,225.7,23.5,3.3,97.9,1019.8,100.0,11.6,23.4,37.7,23.6,00:14.0,7/22/2018,01:21.0,7/22/2018
22-07-18,11:00:18 AM,11,July-18,Rainy-2018,21.0,222.3,23.8,0.3,130.4,1019.9,99.9,12.3,23.5,34.0,24.0,00:18.0,7/22/2018,01:22.0,7/22/2018
22-07-18,12:00:14 PM,12,July-18,Rainy-2018,22.3,212.6,24.3,0.3,187.3,1019.9,97.8,13.0,24.0,31.1,24.6,00:14.0,7/22/2018,01:21.0,7/22/2018
22-07-18,1:00:18 PM,13,July-18,Rainy-2018,22.6,234.2,24.3,0.0,201.5,1019.4,97.3,13.8,24.1,33.3,24.5,00:18.0,7/22/2018,01:23.0,7/22/2018
22-07-18,2:00:15 PM,14,July-18,Rainy-2018,24.3,222.4,24.2,1.0,119.0,1018.8,97.4,12.3,23.9,34.8,24.4,00:15.0,7/22/2018,01:17.0,7/22/2018
22-07-18,3:00:18 PM,15,July-18,Rainy-2018,25.1,217.1,24.2,0.0,197.0,1018.0,96.9,14.5,24.0,36.9,24.5,00:18.0,7/22/2018,01:13.0,7/22/2018
22-07-18,4:00:14 PM,16,July-18,Rainy-2018,25.6,213.0,24.3,0.5,163.2,1017.8,96.9,16.7,24.1,34.8,24.5,00:14.0,7/22/2018,01:19.0,7/22/2018
22-07-18,5:00:15 PM,17,July-18,Rainy-2018,26.5,211.7,24.2,0.3,108.4,1017.4,96.4,18.1,24.1,38.4,24.3,00:15.0,7/22/2018,01:23.0,7/22/2018
22-07-18,6:00:18 PM,18,July-18,Rainy-2018,25.7,211.8,24.1,0.0,80.2,1017.3,97.2,15.9,24.0,36.9,24.2,00:18.0,7/22/2018,01:21.0,7/22/2018
22-07-18,7:00:10 PM,19,July-18,Rainy-2018,24.3,221.0,23.9,0.0,21.4,1017.9,97.1,15.2,23.8,34.8,24.0,00:10.0,7/22/2018,01:14.0,7/22/2018
22-07-18,8:00:14 PM,20,July-18,Rainy-2018,24.3,198.6,23.7,0.0,0.9,1018.3,97.1,13.8,23.7,35.5,23.8,00:14.0,7/22/2018,01:18.0,7/22/2018
22-07-18,9:00:14 PM,21,July-18,Rainy-2018,28.0,224.9,23.7,0.0,0.0,1018.4,96.0,15.9,23.7,37.7,23.8,00:14.0,7/22/2018,01:16.0,7/22/2018
22-07-18,10:00:15 PM,22,July-18,Rainy-2018,24.7,211.7,23.7,0.0,0.0,1018.9,96.2,14.5,23.6,35.5,23.8,00:15.0,7/22/2018,01:23.0,7/22/2018
22-07-18,11:00:10 PM,23,July-18,Rainy-2018,23.4,206.5,23.6,0.0,0.0,1019.1,96.4,15.2,23.6,31.9,23.7,00:10.0,7/22/2018,01:08.0,7/22/2018
23-07-18,12:00:18 AM,24,July-18,Rainy-2018,24.7,207.8,23.5,0.0,0.0,1018.8,96.5,16.7,23.5,36.9,23.6,00:18.0,7/23/2018,01:27.0,7/23/2018
23-07-18,1:00:13 AM,1,July-18,Rainy-2018,25.3,199.1,23.4,0.0,0.0,1018.1,97.2,16.7,23.4,34.8,23.5,00:13.0,7/23/2018,01:05.0,7/23/2018
23-07-18,2:00:14 AM,2,July-18,Rainy-2018,23.1,213.4,23.4,0.0,0.0,1017.6,97.4,15.9,23.4,31.9,23.5,00:14.0,7/23/2018,01:15.0,7/23/2018
23-07-18,3:00:19 AM,3,July-18,Rainy-2018,23.7,210.1,23.4,0.0,0.0,1017.1,97.5,15.2,23.3,34.0,23.4,00:19.0,7/23/2018,01:19.0,7/23/2018
23-07-18,4:00:18 AM,4,July-18,Rainy-2018,24.8,222.0,23.3,0.0,0.0,1016.8,98.4,18.1,23.3,36.9,23.4,00:18.0,7/23/2018,01:08.0,7/23/2018
23-07-18,5:00:19 AM,5,July-18,Rainy-2018,25.3,212.0,23.5,0.0,0.0,1016.9,97.7,14.5,23.4,50.0,23.5,00:19.0,7/23/2018,01:22.0,7/23/2018
23-07-18,6:00:15 AM,6,July-18,Rainy-2018,26.2,212.8,23.3,0.3,0.0,1017.0,98.4,14.5,23.2,36.9,23.4,00:15.0,7/23/2018,01:15.0,7/23/2018
23-07-18,7:00:18 AM,7,July-18,Rainy-2018,25.6,215.7,23.3,0.0,2.2,1017.3,98.9,17.4,23.2,34.8,23.3,00:18.0,7/23/2018,01:11.0,7/23/2018
23-07-18,8:00:18 AM,8,July-18,Rainy-2018,24.7,231.3,23.4,0.0,10.0,1018.0,98.6,15.2,23.3,34.0,23.5,00:18.0,7/23/2018,01:21.0,7/23/2018
23-07-18,9:00:18 AM,9,July-18,Rainy-2018,20.9,214.6,23.3,1.0,23.6,1018.8,98.6,9.4,23.2,31.9,23.5,00:18.0,7/23/2018,01:21.0,7/23/2018
23-07-18,10:00:14 AM,10,July-18,Rainy-2018,21.8,214.1,23.5,1.3,44.3,1019.2,98.6,11.6,23.3,32.6,23.7,00:14.0,7/23/2018,01:13.0,7/23/2018
23-07-18,11:00:15 AM,11,July-18,Rainy-2018,23.1,211.2,23.5,0.8,105.1,1019.2,99.2,15.2,23.3,31.9,23.7,00:15.0,7/23/2018,01:19.0,7/23/2018
23-07-18,12:00:18 PM,12,July-18,Rainy-2018,23.6,200.9,23.7,1.8,95.2,1019.1,98.7,13.0,23.6,34.8,23.8,00:18.0,7/23/2018,01:17.0,7/23/2018
23-07-18,1:00:14 PM,13,July-18,Rainy-2018,22.7,206.5,23.9,0.8,122.3,1018.4,98.1,12.3,23.7,36.2,24.1,00:14.0,7/23/2018,01:13.0,7/23/2018
23-07-18,2:00:14 PM,14,July-18,Rainy-2018,24.0,214.6,23.6,0.3,115.9,1018.0,98.2,15.9,23.4,34.0,23.9,00:14.0,7/23/2018,01:19.0,7/23/2018
23-07-18,3:00:10 PM,15,July-18,Rainy-2018,22.8,224.3,23.4,0.8,79.9,1017.5,99.2,14.5,23.3,32.6,23.6,00:10.0,7/23/2018,01:06.0,7/23/2018
23-07-18,4:00:18 PM,16,July-18,Rainy-2018,23.4,220.1,23.6,0.8,60.9,1017.0,99.1,14.5,23.5,47.8,23.8,00:18.0,7/23/2018,01:23.0,7/23/2018
23-07-18,5:00:12 PM,17,July-18,Rainy-2018,23.1,229.8,23.6,2.8,36.0,1017.0,98.5,11.6,23.4,36.9,23.8,00:12.0,7/23/2018,01:09.0,7/23/2018
23-07-18,6:00:14 PM,18,July-18,Rainy-2018,24.7,206.0,23.5,1.8,20.0,1017.0,99.0,13.0,23.4,36.2,23.5,00:14.0,7/23/2018,01:14.0,7/23/2018
23-07-18,7:00:14 PM,19,July-18,Rainy-2018,24.6,207.0,23.4,0.8,12.1,1017.2,98.9,15.9,23.3,34.8,23.5,00:14.0,7/23/2018,01:19.0,7/23/2018
23-07-18,8:00:14 PM,20,July-18,Rainy-2018,26.4,216.1,23.4,0.3,0.2,1017.6,98.9,17.4,23.4,36.2,23.4,00:14.0,7/23/2018,01:12.0,7/23/2018
23-07-18,9:00:18 PM,21,July-18,Rainy-2018,25.0,216.0,23.5,0.0,0.0,1017.9,98.6,15.9,23.4,36.2,23.6,00:18.0,7/23/2018,01:24.0,7/23/2018
23-07-18,10:00:18 PM,22,July-18,Rainy-2018,23.8,232.8,23.6,0.0,0.0,1018.5,98.0,15.9,23.5,34.0,23.7,00:18.0,7/23/2018,01:22.0,7/23/2018
23-07-18,11:00:18 PM,23,July-18,Rainy-2018,21.4,216.0,23.6,0.0,0.0,1019.3,97.8,14.5,23.6,31.1,23.7,00:18.0,7/23/2018,01:33.0,7/23/2018
24-07-18,12:00:19 AM,24,July-18,Rainy-2018,23.3,199.3,23.5,0.0,0.0,1019.2,98.5,14.5,23.5,31.9,23.6,00:19.0,7/24/2018,01:18.0,7/24/2018
24-07-18,12:00:19 AM,1,July-18,Rainy-2018,23.3,199.3,23.5,0.0,0.0,1019.2,98.5,14.5,23.5,31.9,23.6,00:19.0,7/24/2018,01:01.0,7/24/2018
24-07-18,1:00:14 AM,2,July-18,Rainy-2018,23.0,204.9,23.5,0.3,0.0,1019.1,98.5,14.5,23.4,31.9,23.6,00:14.0,7/24/2018,01:11.0,7/24/2018
24-07-18,2:00:14 AM,3,July-18,Rainy-2018,22.0,215.2,23.4,0.3,0.0,1018.4,98.8,13.0,23.3,31.1,23.5,00:14.0,7/24/2018,01:12.0,7/24/2018
24-07-18,3:00:14 AM,4,July-18,Rainy-2018,21.8,230.2,23.3,0.5,0.0,1017.8,99.3,8.7,23.2,33.3,23.4,00:14.0,7/24/2018,01:17.0,7/24/2018
24-07-18,4:00:19 AM,5,July-18,Rainy-2018,22.5,208.8,23.3,1.3,0.0,1017.5,99.5,12.3,23.2,31.1,23.4,00:19.0,7/24/2018,01:07.0,7/24/2018
24-07-18,5:00:19 AM,6,July-18,Rainy-2018,23.0,225.7,23.3,0.8,0.0,1017.5,99.5,12.3,23.3,34.0,23.4,00:19.0,7/24/2018,01:19.0,7/24/2018
24-07-18,6:00:14 AM,7,July-18,Rainy-2018,20.4,226.3,23.2,1.5,0.0,1017.8,99.8,10.1,23.2,31.1,23.3,00:14.0,7/24/2018,01:16.0,7/24/2018
24-07-18,7:00:19 AM,8,July-18,Rainy-2018,22.0,218.0,23.3,0.5,2.7,1018.5,99.2,12.3,23.2,32.6,23.4,00:19.0,7/24/2018,01:21.0,7/24/2018
24-07-18,8:00:10 AM,9,July-18,Rainy-2018,23.4,216.1,23.3,0.8,27.0,1019.3,98.8,14.5,23.1,34.8,23.4,00:10.0,7/24/2018,01:13.0,7/24/2018
24-07-18,9:00:15 AM,10,July-18,Rainy-2018,21.0,208.8,23.3,1.0,35.2,1019.9,98.9,10.9,23.2,31.1,23.5,00:15.0,7/24/2018,01:17.0,7/24/2018
24-07-18,10:00:28 AM,11,July-18,Rainy-2018,19.6,203.9,23.3,0.5,71.5,1020.6,99.1,11.6,23.2,28.2,23.6,00:28.0,7/24/2018,01:34.0,7/24/2018
24-07-18,11:00:13 AM,12,July-18,Rainy-2018,19.9,209.1,23.6,1.5,75.4,1020.9,98.1,11.6,23.3,31.1,23.8,00:13.0,7/24/2018,01:20.0,7/24/2018
24-07-18,12:00:10 PM,13,July-18,Rainy-2018,22.6,194.2,23.6,1.3,199.7,1020.8,98.5,11.6,23.4,35.5,23.9,00:10.0,7/24/2018,01:07.0,7/24/2018
24-07-18,1:00:15 PM,14,July-18,Rainy-2018,23.5,211.4,24.0,0.5,290.5,1020.5,98.1,11.6,23.7,42.0,24.3,00:15.0,7/24/2018,01:17.0,7/24/2018
24-07-18,2:00:18 PM,15,July-18,Rainy-2018,17.8,244.9,23.8,0.3,89.4,1020.2,98.6,10.1,23.6,27.5,24.1,00:18.0,7/24/2018,01:14.0,7/24/2018
24-07-18,3:00:14 PM,16,July-18,Rainy-2018,23.5,220.7,23.7,1.5,94.2,1019.6,98.4,13.8,23.5,36.2,23.8,00:14.0,7/24/2018,01:22.0,7/24/2018
24-07-18,4:00:18 PM,17,July-18,Rainy-2018,22.4,213.1,23.7,1.8,68.3,1019.2,98.3,11.6,23.4,34.8,23.9,00:18.0,7/24/2018,01:23.0,7/24/2018
24-07-18,5:00:14 PM,18,July-18,Rainy-2018,23.6,219.6,23.5,0.8,61.3,1018.9,98.6,13.8,23.4,35.5,23.6,00:14.0,7/24/2018,01:12.0,7/24/2018
24-07-18,6:00:14 PM,19,July-18,Rainy-2018,21.9,206.8,23.8,0.0,46.1,1019.1,97.6,13.0,23.6,34.8,23.8,00:14.0,7/24/2018,01:19.0,7/24/2018
24-07-18,7:00:15 PM,20,July-18,Rainy-2018,25.5,205.2,23.8,0.0,14.4,1019.4,97.0,16.7,23.8,45.6,23.8,00:15.0,7/24/2018,01:19.0,7/24/2018
24-07-18,8:00:12 PM,21,July-18,Rainy-2018,22.8,210.1,23.6,0.3,0.5,1019.7,97.8,13.0,23.4,33.3,23.8,00:12.0,7/24/2018,01:08.0,7/24/2018
24-07-18,9:00:14 PM,22,July-18,Rainy-2018,24.0,196.9,23.3,2.8,0.0,1020.1,98.8,15.9,23.1,39.1,23.5,00:14.0,7/24/2018,01:18.0,7/24/2018
24-07-18,10:00:14 PM,23,July-18,Rainy-2018,24.0,210.7,23.3,1.3,0.0,1020.6,99.2,13.8,23.1,36.9,23.5,00:14.0,7/24/2018,02:02.0,7/24/2018
24-07-18,11:00:14 PM,24,July-18,Rainy-2018,23.3,201.6,23.4,0.3,0.0,1020.9,98.8,13.8,23.3,32.6,23.5,00:14.0,7/24/2018,01:18.0,7/24/2018
25-07-18,12:00:14 AM,1,July-18,Rainy-2018,22.5,216.8,23.3,0.3,0.0,1020.9,99.0,13.8,23.3,31.1,23.4,00:14.0,7/25/2018,01:18.0,7/25/2018
25-07-18,12:00:14 AM,2,July-18,Rainy-2018,22.5,216.8,23.3,0.3,0.0,1020.9,99.0,13.8,23.3,31.1,23.4,00:14.0,7/25/2018,01:14.0,7/25/2018
25-07-18,1:00:19 AM,3,July-18,Rainy-2018,25.4,206.2,23.3,1.3,0.0,1020.5,98.6,18.1,23.2,35.5,23.4,00:19.0,7/25/2018,01:24.0,7/25/2018
25-07-18,2:00:18 AM,4,July-18,Rainy-2018,24.3,222.7,23.1,1.8,0.0,1020.1,99.0,13.8,22.9,46.3,23.2,00:18.0,7/25/2018,01:18.0,7/25/2018
25-07-18,3:00:15 AM,5,July-18,Rainy-2018,23.1,210.7,23.1,1.8,0.0,1019.5,99.4,13.8,23.0,34.8,23.2,00:15.0,7/25/2018,01:21.0,7/25/2018
25-07-18,4:00:19 AM,6,July-18,Rainy-2018,24.2,218.5,23.1,1.0,0.0,1019.2,99.4,13.8,23.0,33.3,23.1,00:19.0,7/25/2018,01:36.0,7/25/2018
25-07-18,5:00:11 AM,7,July-18,Rainy-2018,23.8,207.0,23.0,2.0,0.0,1019.1,99.5,15.2,22.7,34.8,23.1,00:11.0,7/25/2018,01:52.0,7/25/2018
25-07-18,6:00:14 AM,8,July-18,Rainy-2018,24.2,222.7,22.8,0.5,0.0,1019.3,99.5,16.7,22.6,31.9,23.1,00:14.0,7/25/2018,01:15.0,7/25/2018
25-07-18,7:00:10 AM,9,July-18,Rainy-2018,23.2,209.3,23.1,0.8,6.1,1019.6,99.2,15.2,23.1,31.9,23.2,00:10.0,7/25/2018,01:12.0,7/25/2018
25-07-18,8:00:13 AM,10,July-18,Rainy-2018,22.9,198.4,23.3,0.0,46.0,1020.1,98.5,15.9,23.2,31.1,23.5,00:13.0,7/25/2018,01:16.0,7/25/2018
25-07-18,9:00:15 AM,11,July-18,Rainy-2018,24.4,211.2,23.3,0.0,78.9,1020.9,97.6,15.9,23.2,34.8,23.5,00:15.0,7/25/2018,01:13.0,7/25/2018
25-07-18,10:00:13 AM,12,July-18,Rainy-2018,21.4,209.9,23.3,1.3,101.0,1021.3,98.8,13.0,23.2,31.9,23.6,00:13.0,7/25/2018,01:16.0,7/25/2018
25-07-18,11:00:15 AM,13,July-18,Rainy-2018,22.7,220.4,23.6,1.0,132.5,1021.7,98.1,12.3,23.2,31.1,24.0,00:15.0,7/25/2018,01:18.0,7/25/2018
25-07-18,12:00:10 PM,14,July-18,Rainy-2018,24.1,218.7,23.5,0.0,127.4,1021.4,98.0,14.5,23.2,34.8,23.9,00:10.0,7/25/2018,01:16.0,7/25/2018
25-07-18,1:00:14 PM,15,July-18,Rainy-2018,24.2,210.4,24.0,0.5,173.6,1021.0,96.3,15.9,23.6,35.5,24.4,00:14.0,7/25/2018,01:21.0,7/25/2018
25-07-18,2:00:14 PM,16,July-18,Rainy-2018,25.8,214.9,23.7,0.3,181.0,1020.6,97.0,16.7,23.5,36.9,24.0,00:14.0,7/25/2018,01:14.0,7/25/2018
25-07-18,3:00:12 PM,17,July-18,Rainy-2018,25.2,216.8,23.8,0.3,128.0,1020.2,96.2,15.2,23.5,36.9,24.0,00:12.0,7/25/2018,01:17.0,7/25/2018
25-07-18,4:00:15 PM,18,July-18,Rainy-2018,27.6,219.0,23.4,1.0,72.5,1019.8,97.3,18.1,23.3,36.9,23.8,00:15.0,7/25/2018,01:20.0,7/25/2018
25-07-18,5:00:14 PM,19,July-18,Rainy-2018,25.2,215.4,23.4,0.0,62.0,1019.5,98.0,15.2,23.3,36.9,23.5,00:14.0,7/25/2018,01:17.0,7/25/2018
25-07-18,6:00:15 PM,20,July-18,Rainy-2018,26.6,221.5,23.5,0.3,57.2,1019.3,97.0,18.1,23.5,42.0,23.6,00:15.0,7/25/2018,01:19.0,7/25/2018
25-07-18,7:00:15 PM,21,July-18,Rainy-2018,24.2,211.5,23.3,1.0,11.4,1019.5,97.8,10.9,22.8,36.2,23.5,00:15.0,7/25/2018,01:23.0,7/25/2018
25-07-18,8:00:10 PM,22,July-18,Rainy-2018,25.2,208.0,22.8,0.0,0.5,1019.9,98.6,15.9,22.7,36.2,22.8,00:10.0,7/25/2018,01:16.0,7/25/2018
25-07-18,9:00:10 PM,23,July-18,Rainy-2018,22.5,209.8,22.7,0.0,0.0,1020.7,97.7,10.1,22.7,34.8,22.8,00:10.0,7/25/2018,01:13.0,7/25/2018
25-07-18,10:00:10 PM,24,July-18,Rainy-2018,23.4,218.4,22.4,0.3,0.0,1020.8,98.3,15.2,22.3,32.6,22.7,00:10.0,7/25/2018,01:24.0,7/26/2018
25-07-18,11:00:10 PM,23,July-18,Rainy-2018,21.6,215.7,22.4,0.0,0.0,1021.2,97.4,11.6,22.3,33.3,22.4,00:10.0,7/25/2018,01:42.0,7/26/2018
26-07-18,12:00:15 AM,24,July-18,Rainy-2018,18.8,209.1,22.4,0.5,0.0,1021.2,99.3,11.6,22.3,32.6,22.4,00:15.0,7/26/2018,01:58.0,7/26/2018
26-07-18,1:00:15 AM,1,July-18,Rainy-2018,22.7,205.4,22.6,0.3,0.0,1020.9,99.7,13.8,22.4,35.5,22.7,00:15.0,7/26/2018,02:10.0,7/26/2018
26-07-18,2:00:14 AM,2,July-18,Rainy-2018,24.3,210.2,22.9,0.0,0.0,1020.5,98.7,13.8,22.7,31.9,23.0,00:14.0,7/26/2018,02:22.0,7/26/2018
26-07-18,3:00:15 AM,3,July-18,Rainy-2018,24.8,209.1,23.0,0.0,0.0,1020.0,98.4,15.9,22.9,34.0,23.0,00:15.0,7/26/2018,02:33.0,7/26/2018
26-07-18,4:00:15 AM,4,July-18,Rainy-2018,26.2,222.7,23.0,0.0,0.0,1019.4,97.9,16.7,23.0,36.9,23.1,00:15.0,7/26/2018,02:45.0,7/26/2018
26-07-18,5:00:19 AM,5,July-18,Rainy-2018,24.4,221.0,23.0,0.3,0.0,1019.3,98.0,14.5,23.0,36.9,23.1,00:19.0,7/26/2018,03:00.0,7/26/2018
26-07-18,6:00:13 AM,6,July-18,Rainy-2018,22.3,199.9,23.0,0.0,0.0,1019.6,98.3,11.6,23.0,31.1,23.2,00:13.0,7/26/2018,03:20.0,7/26/2018
26-07-18,7:00:18 AM,7,July-18,Rainy-2018,22.0,201.1,23.2,0.0,8.5,1020.3,97.3,14.5,23.1,31.1,23.2,00:18.0,7/26/2018,03:34.0,7/26/2018
26-07-18,8:00:18 AM,8,July-18,Rainy-2018,25.6,209.8,23.3,0.0,38.7,1020.6,97.2,14.5,23.2,36.9,23.4,00:18.0,7/26/2018,03:54.0,7/26/2018
26-07-18,9:00:14 AM,9,July-18,Rainy-2018,26.4,219.8,23.5,0.0,68.6,1021.0,96.5,13.8,23.2,42.0,23.6,00:14.0,7/26/2018,04:10.0,7/26/2018
26-07-18,10:00:14 AM,10,July-18,Rainy-2018,26.1,209.6,23.7,0.0,119.3,1022.1,95.7,13.0,23.5,37.7,23.9,00:14.0,7/26/2018,04:24.0,7/26/2018
26-07-18,11:00:15 AM,11,July-18,Rainy-2018,24.6,202.4,24.0,0.0,193.7,1022.5,95.4,15.9,23.7,33.3,24.4,00:15.0,7/26/2018,04:40.0,7/26/2018
26-07-18,12:00:18 PM,12,July-18,Rainy-2018,25.8,207.2,24.5,0.0,213.2,1022.3,93.5,13.0,24.2,40.6,24.6,00:18.0,7/26/2018,01:19.0,7/26/2018
26-07-18,1:00:14 PM,13,July-18,Rainy-2018,25.3,204.7,24.4,0.0,231.0,1021.9,93.7,13.0,24.0,36.2,24.8,00:14.0,7/26/2018,01:18.0,7/26/2018
26-07-18,2:00:10 PM,14,July-18,Rainy-2018,24.3,222.0,24.7,0.3,198.6,1021.6,92.6,13.8,23.8,34.8,25.0,00:10.0,7/26/2018,01:16.0,7/26/2018
26-07-18,3:00:15 PM,15,July-18,Rainy-2018,24.3,213.3,24.0,0.3,138.6,1020.5,95.8,11.6,23.9,39.8,24.1,00:15.0,7/26/2018,01:19.0,7/26/2018
26-07-18,4:00:14 PM,16,July-18,Rainy-2018,21.6,212.6,23.8,0.3,64.7,1020.1,95.8,13.0,23.7,36.9,23.9,00:14.0,7/26/2018,01:37.0,7/26/2018
26-07-18,5:00:14 PM,17,July-18,Rainy-2018,22.9,223.8,23.8,0.0,101.4,1020.0,94.7,8.0,23.7,35.5,23.9,00:14.0,7/26/2018,01:51.0,7/26/2018
26-07-18,6:00:12 PM,18,July-18,Rainy-2018,20.3,206.7,23.8,0.0,39.9,1020.1,94.0,12.3,23.6,38.4,24.0,00:12.0,7/26/2018,02:01.0,7/26/2018
26-07-18,7:00:14 PM,19,July-18,Rainy-2018,23.6,204.5,23.5,0.5,10.6,1020.1,94.8,13.0,23.3,36.2,23.8,00:14.0,7/26/2018,01:04.0,7/26/2018
26-07-18,8:00:15 PM,20,July-18,Rainy-2018,24.2,210.6,23.5,0.0,0.3,1020.3,95.3,15.2,23.4,34.0,23.5,00:15.0,7/26/2018,00:59.0,7/26/2018
26-07-18,9:00:15 PM,21,July-18,Rainy-2018,19.1,203.2,23.4,0.0,0.0,1020.7,96.2,9.4,23.2,35.5,23.5,00:15.0,7/26/2018,01:05.0,7/26/2018
26-07-18,10:00:14 PM,22,July-18,Rainy-2018,20.9,204.2,23.3,0.0,0.0,1020.8,96.9,10.1,23.2,34.0,23.4,00:14.0,7/26/2018,00:54.0,7/26/2018
26-07-18,11:00:14 PM,23,July-18,Rainy-2018,24.3,226.9,23.4,0.0,0.0,1020.6,96.3,13.8,23.3,39.8,23.5,00:14.0,7/26/2018,00:59.0,7/26/2018
27-07-18,12:00:18 AM,24,July-18,Rainy-2018,24.6,207.0,23.2,1.8,0.0,1020.3,97.3,9.4,23.0,36.9,23.5,00:18.0,7/27/2018,01:03.0,7/27/2018
27-07-18,12:00:18 AM,1,July-18,Rainy-2018,24.6,207.0,23.2,1.8,0.0,1020.3,97.3,9.4,23.0,36.9,23.5,00:18.0,7/27/2018,00:51.0,7/27/2018
27-07-18,1:00:15 AM,2,July-18,Rainy-2018,26.0,218.0,23.0,0.0,0.0,1019.9,98.8,18.1,22.9,36.9,23.1,00:15.0,7/27/2018,01:09.0,7/27/2018
27-07-18,2:00:14 AM,3,July-18,Rainy-2018,25.8,196.7,23.1,0.5,0.0,1019.4,98.2,16.7,23.0,40.6,23.2,00:14.0,7/27/2018,01:16.0,7/27/2018
27-07-18,3:00:18 AM,4,July-18,Rainy-2018,25.6,205.7,23.2,0.0,0.0,1018.9,97.3,16.7,23.1,37.7,23.2,00:18.0,7/27/2018,01:22.0,7/27/2018
27-07-18,4:00:10 AM,5,July-18,Rainy-2018,24.6,203.7,23.2,0.0,0.0,1018.6,96.6,13.8,23.2,36.9,23.3,00:10.0,7/27/2018,01:09.0,7/27/2018
27-07-18,5:00:19 AM,6,July-18,Rainy-2018,22.3,214.1,23.2,0.0,0.0,1018.5,96.8,13.8,23.1,31.9,23.3,00:19.0,7/27/2018,01:21.0,7/27/2018
27-07-18,6:00:15 AM,7,July-18,Rainy-2018,24.4,209.8,23.0,0.0,0.0,1018.5,97.9,15.2,22.9,34.8,23.1,00:15.0,7/27/2018,01:13.0,7/27/2018
27-07-18,7:00:11 AM,8,July-18,Rainy-2018,24.5,214.1,23.0,0.3,4.3,1019.2,98.1,13.8,22.9,35.5,23.0,00:11.0,7/27/2018,01:14.0,7/27/2018
27-07-18,8:00:19 AM,9,July-18,Rainy-2018,25.4,213.6,23.2,0.0,29.6,1019.7,97.5,15.9,23.0,35.5,23.3,00:19.0,7/27/2018,01:17.0,7/27/2018
27-07-18,9:00:14 AM,10,July-18,Rainy-2018,23.1,214.6,23.1,0.3,69.1,1020.4,97.7,14.5,23.0,33.3,23.3,00:14.0,7/27/2018,01:12.0,7/27/2018
27-07-18,10:00:15 AM,11,July-18,Rainy-2018,22.7,215.4,23.6,0.0,154.1,1020.9,96.1,10.1,23.3,36.2,24.1,00:15.0,7/27/2018,01:19.0,7/27/2018
27-07-18,11:00:13 AM,12,July-18,Rainy-2018,21.8,209.3,24.1,0.0,153.3,1021.1,94.2,13.0,24.0,33.3,24.2,00:13.0,7/27/2018,01:37.0,7/27/2018
27-07-18,12:00:18 PM,13,July-18,Rainy-2018,21.0,220.2,24.2,0.0,167.8,1021.1,94.2,12.3,23.8,31.1,24.5,00:18.0,7/27/2018,01:24.0,7/27/2018
27-07-18,1:00:14 PM,14,July-18,Rainy-2018,22.6,207.0,24.8,0.0,307.8,1020.8,92.1,13.0,24.5,36.9,25.6,00:14.0,7/27/2018,01:24.0,7/27/2018
27-07-18,2:00:15 PM,15,July-18,Rainy-2018,26.5,195.4,25.2,0.0,259.8,1020.2,90.2,16.7,24.3,34.0,25.7,00:15.0,7/27/2018,01:23.0,7/27/2018
27-07-18,3:00:15 PM,16,July-18,Rainy-2018,25.1,191.7,24.8,0.0,292.0,1019.7,92.2,15.2,24.0,36.2,25.5,00:15.0,7/27/2018,01:31.0,7/27/2018
27-07-18,4:00:15 PM,17,July-18,Rainy-2018,27.5,220.9,25.3,0.0,343.7,1019.4,89.1,16.7,25.2,38.4,25.6,00:15.0,7/27/2018,01:22.0,7/27/2018
27-07-18,5:00:14 PM,18,July-18,Rainy-2018,23.1,210.9,25.1,0.0,188.9,1019.2,90.2,11.6,24.7,35.5,25.5,00:14.0,7/27/2018,01:29.0,7/27/2018
27-07-18,6:00:19 PM,19,July-18,Rainy-2018,20.7,189.2,24.8,0.0,88.7,1019.3,91.5,12.3,24.7,32.6,25.0,00:19.0,7/27/2018,01:30.0,7/27/2018
27-07-18,7:00:14 PM,20,July-18,Rainy-2018,23.5,208.1,24.5,0.0,35.9,1019.5,91.3,10.9,24.3,34.8,24.7,00:14.0,7/27/2018,01:28.0,7/27/2018
27-07-18,8:00:19 PM,21,July-18,Rainy-2018,23.5,215.7,24.1,0.0,0.3,1019.9,93.1,13.0,24.0,34.8,24.3,00:19.0,7/27/2018,01:31.0,7/27/2018
27-07-18,9:00:15 PM,22,July-18,Rainy-2018,22.5,198.8,23.8,0.0,0.0,1020.3,94.7,12.3,23.6,36.9,24.0,00:15.0,7/27/2018,01:29.0,7/27/2018
27-07-18,10:00:18 PM,23,July-18,Rainy-2018,25.0,200.6,23.6,0.0,0.0,1020.6,94.9,14.5,23.6,34.0,23.7,00:18.0,7/27/2018,01:31.0,7/27/2018
27-07-18,11:00:19 PM,24,July-18,Rainy-2018,23.7,206.8,23.6,0.0,0.0,1020.8,94.8,15.2,23.5,39.1,23.7,00:19.0,7/27/2018,01:31.0,7/27/2018
28-07-18,12:00:19 AM,24,July-18,Rainy-2018,20.8,197.7,23.5,0.0,0.0,1020.7,95.3,11.6,23.4,31.1,23.5,00:19.0,7/28/2018,01:27.0,7/28/2018
28-07-18,12:00:19 AM,24,July-18,Rainy-2018,20.8,197.7,23.5,0.0,0.0,1020.7,95.3,11.6,23.4,31.1,23.5,00:19.0,7/28/2018,01:19.0,7/28/2018
28-07-18,1:00:15 AM,1,July-18,Rainy-2018,22.1,213.1,23.5,0.0,0.0,1020.3,95.4,13.0,23.5,32.6,23.5,00:15.0,7/28/2018,01:33.0,7/28/2018
28-07-18,2:00:10 AM,2,July-18,Rainy-2018,24.0,210.4,23.4,0.0,0.0,1019.6,95.2,14.5,23.3,33.3,23.5,00:10.0,7/28/2018,01:12.0,7/28/2018
28-07-18,3:00:15 AM,3,July-18,Rainy-2018,20.9,197.9,23.3,0.0,0.0,1019.1,95.4,13.0,23.3,29.0,23.4,00:15.0,7/28/2018,01:20.0,7/28/2018
28-07-18,4:00:14 AM,4,July-18,Rainy-2018,20.5,207.8,23.3,0.0,0.0,1018.9,95.3,10.1,23.3,31.9,23.4,00:14.0,7/28/2018,01:18.0,7/28/2018
28-07-18,5:00:19 AM,5,July-18,Rainy-2018,19.0,200.8,23.3,0.0,0.0,1019.0,96.1,10.1,23.2,27.5,23.3,00:19.0,7/28/2018,01:30.0,7/28/2018
28-07-18,6:00:15 AM,6,July-18,Rainy-2018,19.7,201.7,23.3,0.0,0.0,1019.2,95.4,10.9,23.2,31.9,23.3,00:15.0,7/28/2018,01:15.0,7/28/2018
28-07-18,7:00:15 AM,7,July-18,Rainy-2018,18.4,218.8,23.3,0.0,13.3,1019.6,95.7,10.9,23.2,26.8,23.3,00:15.0,7/28/2018,01:12.0,7/28/2018
28-07-18,8:00:14 AM,8,July-18,Rainy-2018,17.4,214.7,23.4,0.0,47.0,1020.4,95.5,8.7,23.3,29.0,23.5,00:14.0,7/28/2018,01:17.0,7/28/2018
28-07-18,9:00:15 AM,9,July-18,Rainy-2018,18.4,229.8,23.8,0.0,109.1,1021.0,95.3,10.1,23.5,28.2,24.1,00:15.0,7/28/2018,01:18.0,7/28/2018
28-07-18,10:00:15 AM,10,July-18,Rainy-2018,19.3,193.2,24.5,0.0,271.2,1021.7,93.1,13.0,24.0,28.2,25.1,00:15.0,7/28/2018,01:18.0,7/28/2018
28-07-18,11:00:14 AM,11,July-18,Rainy-2018,20.4,213.6,25.2,0.0,319.0,1022.1,90.5,12.3,24.9,30.4,25.6,00:14.0,7/28/2018,01:10.0,7/28/2018
28-07-18,12:00:14 PM,24,July-18,Rainy-2018,21.1,225.8,25.9,0.0,478.0,1022.1,87.4,7.2,25.3,35.5,26.4,00:14.0,7/28/2018,01:18.0,7/28/2018
28-07-18,1:00:10 PM,13,July-18,Rainy-2018,19.1,214.1,26.3,0.0,432.0,1021.8,86.2,9.4,25.9,29.0,26.8,00:10.0,7/28/2018,01:04.0,7/28/2018
28-07-18,2:00:14 PM,14,July-18,Rainy-2018,22.0,214.6,27.0,0.0,624.3,1021.1,84.5,14.5,26.5,30.4,27.4,00:14.0,7/28/2018,01:17.0,7/28/2018
28-07-18,3:00:19 PM,15,July-18,Rainy-2018,21.2,227.0,27.4,0.0,482.0,1020.5,82.4,13.8,26.7,32.6,27.7,00:19.0,7/28/2018,01:25.0,7/28/2018
28-07-18,4:00:15 PM,16,July-18,Rainy-2018,21.5,200.3,27.2,0.0,432.6,1020.0,83.1,11.6,26.7,31.1,27.4,00:15.0,7/28/2018,01:27.0,7/28/2018
28-07-18,5:00:14 PM,17,July-18,Rainy-2018,18.8,208.3,26.5,0.0,192.0,1019.7,85.6,10.1,26.2,26.1,27.2,00:14.0,7/28/2018,01:16.0,7/28/2018
28-07-18,6:00:15 PM,18,July-18,Rainy-2018,21.0,216.6,26.0,0.0,166.1,1019.7,86.4,10.1,25.7,30.4,26.3,00:15.0,7/28/2018,01:31.0,7/28/2018
28-07-18,7:00:15 PM,19,July-18,Rainy-2018,16.8,211.7,25.4,0.0,50.1,1019.9,88.2,9.4,25.0,25.3,25.7,00:15.0,7/28/2018,01:21.0,7/28/2018
28-07-18,8:00:15 PM,20,July-18,Rainy-2018,17.7,208.5,24.7,0.0,1.5,1020.1,90.7,8.0,24.4,27.5,25.0,00:15.0,7/28/2018,01:20.0,7/28/2018
28-07-18,9:00:14 PM,21,July-18,Rainy-2018,21.7,212.2,24.2,0.0,0.0,1020.6,92.3,12.3,24.1,30.4,24.4,00:14.0,7/28/2018,01:21.0,7/28/2018
28-07-18,10:00:15 PM,22,July-18,Rainy-2018,20.6,207.5,23.8,0.0,0.0,1021.0,93.6,10.9,23.7,29.7,24.1,00:15.0,7/28/2018,01:11.0,7/28/2018
28-07-18,11:00:18 PM,23,July-18,Rainy-2018,17.6,197.4,23.6,0.0,0.0,1021.4,94.8,10.9,23.5,27.5,23.7,00:18.0,7/28/2018,01:20.0,7/28/2018
29-07-18,12:00:15 AM,12,July-18,Rainy-2018,18.5,203.7,23.5,0.0,0.0,1021.5,94.6,8.0,23.4,27.5,23.6,00:15.0,7/29/2018,01:27.0,7/29/2018
29-07-18,12:00:15 AM,12,July-18,Rainy-2018,18.5,203.7,23.5,0.0,0.0,1021.5,94.6,8.0,23.4,27.5,23.6,00:15.0,7/29/2018,00:49.0,7/29/2018
29-07-18,1:00:18 AM,1,July-18,Rainy-2018,18.4,213.1,23.4,0.0,0.0,1020.8,95.0,9.4,23.3,26.8,23.5,00:18.0,7/29/2018,01:02.0,7/29/2018
29-07-18,2:00:14 AM,2,July-18,Rainy-2018,19.2,213.1,23.3,0.0,0.0,1020.3,95.9,11.6,23.1,30.4,23.4,00:14.0,7/29/2018,01:27.0,7/29/2018
29-07-18,3:00:24 AM,3,July-18,Rainy-2018,19.6,202.2,23.2,0.0,0.0,1019.4,96.8,10.9,23.1,29.7,23.2,00:24.0,7/29/2018,01:23.0,7/29/2018
29-07-18,4:00:19 AM,4,July-18,Rainy-2018,20.3,203.1,23.2,0.0,0.0,1019.0,96.1,12.3,23.2,34.0,23.3,00:19.0,7/29/2018,01:05.0,7/29/2018
29-07-18,5:00:19 AM,5,July-18,Rainy-2018,19.8,209.1,23.3,0.0,0.0,1019.2,95.3,13.0,23.2,28.2,23.3,00:19.0,7/29/2018,01:13.0,7/29/2018
29-07-18,6:00:10 AM,6,July-18,Rainy-2018,20.6,220.9,23.2,0.0,0.0,1019.5,95.7,12.3,23.1,30.4,23.2,00:10.0,7/29/2018,01:04.0,7/29/2018
29-07-18,7:00:14 AM,7,July-18,Rainy-2018,17.5,196.1,23.1,0.0,20.7,1020.0,95.6,10.1,23.0,26.8,23.2,00:14.0,7/29/2018,01:19.0,7/29/2018
29-07-18,8:00:14 AM,8,July-18,Rainy-2018,20.5,199.8,23.6,0.0,118.5,1020.6,95.1,13.0,23.2,28.2,23.9,00:14.0,7/29/2018,01:20.0,7/29/2018
29-07-18,9:00:15 AM,9,July-18,Rainy-2018,20.7,201.4,24.0,0.0,155.4,1020.8,94.4,11.6,23.8,30.4,24.2,00:15.0,7/29/2018,01:21.0,7/29/2018
29-07-18,10:00:14 AM,10,July-18,Rainy-2018,19.6,203.7,24.6,0.0,258.0,1021.6,91.7,10.1,24.1,28.2,24.9,00:14.0,7/29/2018,01:20.0,7/29/2018
29-07-18,11:00:15 AM,11,July-18,Rainy-2018,18.5,196.1,25.3,0.0,338.3,1022.3,89.3,8.7,24.9,26.8,25.7,00:15.0,7/29/2018,01:20.0,7/29/2018
29-07-18,12:00:12 PM,24,July-18,Rainy-2018,18.0,219.1,25.8,0.0,353.6,1022.1,88.5,9.4,25.4,34.8,26.3,00:12.0,7/29/2018,01:11.0,7/29/2018
29-07-18,1:00:15 PM,13,July-18,Rainy-2018,21.1,221.5,26.2,0.0,463.4,1022.0,87.0,12.3,25.7,28.2,26.7,00:15.0,7/29/2018,01:33.0,7/29/2018
29-07-18,2:00:19 PM,14,July-18,Rainy-2018,20.7,229.2,26.9,0.0,574.3,1022.0,84.7,13.0,26.4,31.1,27.3,00:19.0,7/29/2018,01:33.0,7/29/2018
29-07-18,3:00:14 PM,15,July-18,Rainy-2018,20.3,200.1,26.9,0.0,362.3,1021.4,83.8,12.3,26.4,31.1,27.5,00:14.0,7/29/2018,01:37.0,7/29/2018
29-07-18,4:00:14 PM,16,July-18,Rainy-2018,16.1,200.8,26.4,0.0,263.6,1020.7,86.0,7.2,26.0,26.8,26.8,00:14.0,7/29/2018,01:40.0,7/29/2018
29-07-18,5:00:18 PM,17,July-18,Rainy-2018,19.0,208.0,26.2,0.0,276.4,1020.2,86.8,10.9,25.8,27.5,26.6,00:18.0,7/29/2018,01:26.0,7/29/2018
29-07-18,6:00:19 PM,18,July-18,Rainy-2018,18.9,207.8,25.9,0.0,133.0,1020.0,86.4,9.4,25.5,27.5,26.5,00:19.0,7/29/2018,01:28.0,7/29/2018
29-07-18,7:00:18 PM,19,July-18,Rainy-2018,17.7,209.3,25.1,0.0,45.5,1020.0,88.9,11.6,24.7,24.6,25.5,00:18.0,7/29/2018,01:35.0,7/29/2018
29-07-18,8:00:15 PM,20,July-18,Rainy-2018,17.8,201.3,24.3,0.0,1.7,1020.2,93.0,10.9,23.8,29.0,24.7,00:15.0,7/29/2018,01:27.0,7/29/2018
29-07-18,9:00:14 PM,21,July-18,Rainy-2018,19.2,193.7,23.6,0.0,0.0,1020.5,94.8,10.9,23.6,27.5,23.8,00:14.0,7/29/2018,01:08.0,7/29/2018
29-07-18,10:00:15 PM,22,July-18,Rainy-2018,23.2,192.5,23.5,0.3,0.0,1020.7,93.6,14.5,23.4,32.6,23.7,00:15.0,7/29/2018,01:28.0,7/29/2018
29-07-18,11:00:18 PM,23,July-18,Rainy-2018,20.9,193.5,23.2,0.0,0.0,1021.2,94.3,13.0,23.1,29.7,23.4,00:18.0,7/29/2018,01:27.0,7/29/2018
30-07-18,12:00:18 AM,12,July-18,Rainy-2018,20.2,182.8,23.1,0.0,0.0,1021.0,94.6,11.6,23.0,29.7,23.2,00:18.0,7/30/2018,01:32.0,7/30/2018
30-07-18,12:00:18 AM,12,July-18,Rainy-2018,20.2,182.8,23.1,0.0,0.0,1021.0,94.6,11.6,23.0,29.7,23.2,00:18.0,7/30/2018,01:18.0,7/30/2018
30-07-18,1:00:19 AM,1,July-18,Rainy-2018,21.0,186.8,23.0,0.0,0.0,1020.4,94.7,13.0,22.9,31.9,23.1,00:19.0,7/30/2018,01:34.0,7/30/2018
30-07-18,2:00:15 AM,2,July-18,Rainy-2018,19.4,194.9,22.9,0.0,0.0,1019.8,95.6,12.3,22.9,29.7,23.0,00:15.0,7/30/2018,01:17.0,7/30/2018
30-07-18,3:00:15 AM,3,July-18,Rainy-2018,20.5,181.9,23.0,0.0,0.0,1019.3,95.9,10.9,23.0,29.0,23.1,00:15.0,7/30/2018,01:18.0,7/30/2018
30-07-18,4:00:14 AM,4,July-18,Rainy-2018,22.7,210.7,23.1,0.0,0.0,1018.5,95.6,13.0,23.0,30.4,23.2,00:14.0,7/30/2018,01:10.0,7/30/2018
30-07-18,5:00:19 AM,5,July-18,Rainy-2018,16.0,221.5,23.2,0.0,0.0,1019.0,95.1,9.4,23.2,24.6,23.2,00:19.0,7/30/2018,01:18.0,7/30/2018
30-07-18,6:00:18 AM,6,July-18,Rainy-2018,16.1,219.6,23.3,0.0,0.0,1019.3,96.4,10.1,23.2,26.1,23.3,00:18.0,7/30/2018,01:22.0,7/30/2018
30-07-18,7:00:14 AM,7,July-18,Rainy-2018,19.4,199.4,23.3,0.3,9.0,1019.7,96.7,13.0,23.2,28.2,23.4,00:14.0,7/30/2018,01:17.0,7/30/2018
30-07-18,8:00:15 AM,8,July-18,Rainy-2018,19.5,219.1,23.3,0.0,51.5,1020.3,98.0,10.9,23.2,29.7,23.4,00:15.0,7/30/2018,01:17.0,7/30/2018
30-07-18,9:00:18 AM,9,July-18,Rainy-2018,19.2,223.7,23.4,0.5,111.4,1020.6,97.9,10.1,23.2,27.5,23.8,00:18.0,7/30/2018,01:22.0,7/30/2018
30-07-18,10:00:12 AM,10,July-18,Rainy-2018,21.1,209.3,24.0,0.0,196.9,1021.1,95.8,11.6,23.7,31.1,24.5,00:12.0,7/30/2018,01:17.0,7/30/2018
30-07-18,11:00:14 AM,11,July-18,Rainy-2018,19.6,208.6,24.7,0.0,258.3,1021.7,93.1,10.9,24.5,26.8,24.9,00:14.0,7/30/2018,01:19.0,7/30/2018
30-07-18,12:00:14 PM,24,July-18,Rainy-2018,20.6,209.9,25.5,0.0,499.2,1021.6,90.1,11.6,24.6,29.0,26.0,00:14.0,7/30/2018,01:00.0,7/30/2018
30-07-18,1:00:13 PM,13,July-18,Rainy-2018,20.0,209.3,25.4,2.0,417.4,1021.3,91.4,11.6,24.4,31.1,26.0,00:13.0,7/30/2018,01:14.0,7/30/2018
30-07-18,2:00:19 PM,14,July-18,Rainy-2018,19.5,194.0,25.9,0.0,427.3,1020.9,89.3,9.4,25.2,29.0,26.7,00:19.0,7/30/2018,01:12.0,7/30/2018
30-07-18,3:00:15 PM,15,July-18,Rainy-2018,23.3,217.4,26.3,0.0,442.8,1020.4,86.1,15.2,25.6,31.1,26.7,00:15.0,7/30/2018,01:22.0,7/30/2018
30-07-18,4:00:18 PM,16,July-18,Rainy-2018,22.1,196.9,26.5,0.3,488.6,1019.7,85.7,11.6,26.1,44.2,26.8,00:18.0,7/30/2018,01:24.0,7/30/2018
30-07-18,5:00:19 PM,17,July-18,Rainy-2018,18.8,218.0,26.5,0.0,286.9,1019.3,83.8,10.9,26.2,28.2,26.7,00:19.0,7/30/2018,01:41.0,7/30/2018
30-07-18,6:00:15 PM,18,July-18,Rainy-2018,18.7,223.2,26.0,0.0,178.1,1019.0,85.4,10.9,25.5,28.2,26.2,00:15.0,7/30/2018,02:17.0,7/30/2018
30-07-18,7:00:18 PM,19,July-18,Rainy-2018,20.4,193.4,24.9,0.0,45.6,1019.2,88.5,12.3,24.5,31.1,25.5,00:18.0,7/30/2018,01:44.0,7/30/2018
30-07-18,8:00:14 PM,20,July-18,Rainy-2018,21.0,191.8,24.2,0.0,1.0,1019.6,90.5,13.0,23.9,30.4,24.5,00:14.0,7/30/2018,02:08.0,7/30/2018
30-07-18,9:00:15 PM,21,July-18,Rainy-2018,19.3,197.7,23.8,0.0,0.0,1020.2,92.3,11.6,23.7,31.1,24.0,00:15.0,7/30/2018,01:49.0,7/30/2018
30-07-18,10:00:15 PM,22,July-18,Rainy-2018,18.5,191.8,23.6,0.0,0.0,1020.7,92.9,11.6,23.4,29.0,23.7,00:15.0,7/30/2018,02:15.0,7/30/2018
30-07-18,11:00:18 PM,23,July-18,Rainy-2018,17.7,180.5,23.4,0.0,0.0,1020.8,94.2,12.3,23.3,24.6,23.5,00:18.0,7/30/2018,01:38.0,7/30/2018
31-07-18,12:00:15 AM,12,July-18,Rainy-2018,21.0,188.9,23.1,0.0,0.0,1020.6,94.2,13.8,23.0,29.0,23.3,00:15.0,7/31/2018,02:20.0,7/31/2018
31-07-18,12:00:15 AM,12,July-18,Rainy-2018,21.0,188.9,23.1,0.0,0.0,1020.6,94.2,13.8,23.0,29.0,23.3,00:15.0,7/31/2018,01:31.0,7/31/2018
31-07-18,1:00:19 AM,1,July-18,Rainy-2018,21.3,183.9,22.9,0.0,0.0,1020.0,94.5,12.3,22.8,30.4,23.1,00:19.0,7/31/2018,01:46.0,7/31/2018
31-07-18,2:00:13 AM,2,July-18,Rainy-2018,20.2,211.7,22.8,0.0,0.0,1019.5,94.8,11.6,22.8,31.1,22.9,00:13.0,7/31/2018,01:54.0,7/31/2018
31-07-18,3:00:18 AM,3,July-18,Rainy-2018,19.5,216.6,22.8,0.0,0.0,1019.3,94.5,11.6,22.7,31.1,22.9,00:18.0,7/31/2018,01:21.0,7/31/2018
31-07-18,4:00:18 AM,4,July-18,Rainy-2018,24.2,214.4,22.7,0.0,0.0,1018.9,94.1,13.0,22.6,32.6,22.8,00:18.0,7/31/2018,01:33.0,7/31/2018
31-07-18,5:00:19 AM,5,July-18,Rainy-2018,20.4,205.4,22.6,0.0,0.0,1018.9,96.1,13.0,22.6,31.1,22.8,00:19.0,7/31/2018,01:40.0,7/31/2018
31-07-18,6:00:18 AM,6,July-18,Rainy-2018,19.1,206.7,23.0,0.0,0.0,1019.3,96.0,10.9,22.8,26.8,23.1,00:18.0,7/31/2018,01:59.0,7/31/2018
31-07-18,7:00:18 AM,7,July-18,Rainy-2018,17.8,209.4,23.1,0.0,22.0,1019.6,96.6,9.4,23.0,25.3,23.2,00:18.0,7/31/2018,01:17.0,7/31/2018
31-07-18,8:00:14 AM,8,July-18,Rainy-2018,18.4,209.3,23.4,0.0,70.8,1020.0,96.2,10.9,23.2,28.2,23.6,00:14.0,7/31/2018,01:55.0,7/31/2018
31-07-18,9:00:14 AM,9,July-18,Rainy-2018,20.7,215.0,24.1,0.0,254.3,1020.6,94.6,13.8,23.6,29.7,24.8,00:14.0,7/31/2018,01:08.0,7/31/2018
31-07-18,10:00:18 AM,10,July-18,Rainy-2018,20.1,221.3,25.0,0.0,383.9,1021.5,91.1,11.6,24.8,29.7,25.5,00:18.0,7/31/2018,01:53.0,7/31/2018
31-07-18,11:00:10 AM,11,July-18,Rainy-2018,16.7,213.0,25.7,0.0,433.5,1022.0,88.0,10.1,25.2,26.1,26.0,00:10.0,7/31/2018,01:03.0,7/31/2018
31-07-18,12:00:18 PM,24,July-18,Rainy-2018,17.9,260.7,26.4,0.0,497.9,1022.1,86.9,9.4,25.9,25.3,26.9,00:18.0,7/31/2018,01:50.0,7/31/2018
31-07-18,1:00:15 PM,13,July-18,Rainy-2018,14.9,229.8,26.4,0.0,426.0,1021.9,86.6,7.2,26.0,26.1,27.2,00:15.0,7/31/2018,01:19.0,7/31/2018
31-07-18,2:00:14 PM,14,July-18,Rainy-2018,19.3,221.5,27.2,0.0,607.8,1021.1,82.3,8.7,26.8,29.0,27.8,00:14.0,7/31/2018,01:45.0,7/31/2018
31-07-18,3:00:14 PM,15,July-18,Rainy-2018,19.3,235.7,27.5,0.0,597.0,1020.4,81.6,8.0,27.0,28.2,27.9,00:14.0,7/31/2018,00:53.0,7/31/2018
31-07-18,4:00:19 PM,16,July-18,Rainy-2018,19.8,231.5,27.4,0.0,519.6,1019.8,81.8,11.6,27.1,30.4,27.6,00:19.0,7/31/2018,00:56.0,7/31/2018
31-07-18,5:00:14 PM,17,July-18,Rainy-2018,22.5,204.7,27.2,0.0,375.0,1019.4,81.6,15.2,26.7,31.9,27.6,00:14.0,7/31/2018,01:01.0,7/31/2018
31-07-18,6:00:15 PM,18,July-18,Rainy-2018,24.7,198.3,26.3,0.0,221.0,1019.2,82.7,13.8,25.8,35.5,26.7,00:15.0,7/31/2018,01:07.0,7/31/2018
31-07-18,7:00:18 PM,19,July-18,Rainy-2018,20.2,206.8,25.4,0.0,51.5,1019.4,86.6,10.9,25.0,28.2,25.8,00:18.0,7/31/2018,01:10.0,7/31/2018
31-07-18,8:00:15 PM,20,July-18,Rainy-2018,23.1,201.1,24.5,0.0,1.8,1019.7,89.1,13.8,24.3,40.6,25.0,00:15.0,7/31/2018,01:06.0,7/31/2018
31-07-18,9:00:15 PM,21,July-18,Rainy-2018,21.9,191.8,24.1,0.0,0.0,1020.2,91.3,13.8,23.9,35.5,24.3,00:15.0,7/31/2018,01:13.0,7/31/2018
31-07-18,10:00:15 PM,22,July-18,Rainy-2018,19.9,193.7,23.8,0.0,0.0,1020.6,91.7,13.0,23.7,30.4,23.9,00:15.0,7/31/2018,01:26.0,7/31/2018
31-07-18,11:00:14 PM,23,July-18,Rainy-2018,21.0,193.2,23.8,0.0,0.0,1021.0,92.7,14.5,23.8,31.1,23.9,00:14.0,7/31/2018,01:24.0,7/31/2018
01-08-18,12:00:14 AM,12,Aug-18,Winter-2018,22.3,199.4,23.6,0.0,0.0,1020.9,93.1,13.8,23.5,29.7,23.8,00:14.0,08-01-18,01:52.0,08-01-18
01-08-18,12:00:14 AM,12,Aug-18,Winter-2018,22.3,199.4,23.6,0.0,0.0,1020.9,93.1,13.8,23.5,29.7,23.8,00:14.0,08-01-18,01:44.0,08-01-18
01-08-18,1:00:15 AM,1,Aug-18,Winter-2018,19.9,194.0,23.4,0.0,0.0,1020.5,94.0,13.0,23.2,29.0,23.6,00:15.0,08-01-18,01:57.0,08-01-18
01-08-18,2:00:14 AM,2,Aug-18,Winter-2018,20.2,187.3,23.3,0.0,0.0,1020.0,95.0,12.3,23.2,27.5,23.4,00:14.0,08-01-18,01:17.0,08-01-18
01-08-18,3:00:18 AM,3,Aug-18,Winter-2018,18.9,199.6,23.3,0.0,0.0,1019.5,95.1,10.9,23.2,28.2,23.4,00:18.0,08-01-18,00:24.0,08-01-18
01-08-18,4:00:14 AM,4,Aug-18,Winter-2018,15.8,204.1,23.2,0.0,0.0,1019.3,96.1,8.7,23.2,26.1,23.3,00:14.0,08-01-18,01:29.0,08-01-18
01-08-18,5:00:19 AM,5,Aug-18,Winter-2018,20.9,204.4,23.3,0.0,0.0,1019.3,95.9,13.0,23.3,32.6,23.4,00:19.0,08-01-18,01:42.0,08-01-18
01-08-18,6:00:15 AM,6,Aug-18,Winter-2018,19.5,204.4,23.4,0.0,0.0,1019.5,96.1,11.6,23.3,28.2,23.4,00:15.0,08-01-18,01:24.0,08-01-18
01-08-18,7:00:14 AM,7,Aug-18,Winter-2018,22.4,216.3,23.5,0.0,12.8,1019.8,96.3,13.0,23.4,40.6,23.6,00:14.0,08-01-18,01:43.0,08-01-18
01-08-18,8:00:15 AM,8,Aug-18,Winter-2018,22.7,219.1,23.8,0.0,84.9,1020.5,95.6,13.0,23.6,32.6,23.9,00:15.0,08-01-18,01:45.0,08-01-18
01-08-18,9:00:10 AM,9,Aug-18,Winter-2018,21.6,218.2,24.3,0.0,200.9,1021.2,93.5,8.7,23.9,35.5,24.9,00:10.0,08-01-18,01:39.0,08-01-18
01-08-18,10:00:19 AM,10,Aug-18,Winter-2018,24.0,203.2,25.4,0.0,437.8,1021.9,90.9,15.2,24.9,34.0,26.0,00:19.0,08-01-18,02:00.0,08-01-18
01-08-18,11:00:18 AM,11,Aug-18,Winter-2018,21.8,205.5,26.1,0.0,474.7,1022.1,88.9,13.8,25.8,36.2,26.5,00:18.0,08-01-18,01:13.0,08-01-18
01-08-18,12:00:14 PM,24,Aug-18,Winter-2018,23.2,223.0,26.7,0.0,630.0,1021.9,86.3,12.3,26.1,36.2,27.4,00:14.0,08-01-18,01:25.0,08-01-18
01-08-18,1:00:19 PM,13,Aug-18,Winter-2018,23.9,227.0,27.5,0.0,773.2,1021.9,82.4,13.8,27.2,34.8,27.9,00:19.0,08-01-18,01:30.0,08-01-18
01-08-18,2:00:10 PM,14,Aug-18,Winter-2018,22.1,232.5,27.8,0.0,588.2,1021.3,80.7,12.3,27.4,35.5,28.4,00:10.0,08-01-18,01:23.0,08-01-18
01-08-18,3:00:19 PM,15,Aug-18,Winter-2018,21.2,199.1,27.9,0.0,570.1,1020.7,79.3,8.7,27.6,31.9,28.3,00:19.0,08-01-18,01:40.0,08-01-18
01-08-18,4:00:10 PM,16,Aug-18,Winter-2018,22.5,212.0,27.5,0.0,336.4,1020.3,80.1,8.7,27.0,33.3,28.4,00:10.0,08-01-18,01:27.0,08-01-18
01-08-18,5:00:18 PM,17,Aug-18,Winter-2018,22.9,217.4,27.4,0.0,393.2,1020.1,80.4,12.3,27.0,34.0,27.6,00:18.0,08-01-18,01:38.0,08-01-18
01-08-18,6:00:15 PM,18,Aug-18,Winter-2018,20.0,222.7,26.7,0.0,154.9,1020.1,82.4,10.1,26.1,31.1,27.4,00:15.0,08-01-18,01:54.0,08-01-18
01-08-18,7:00:19 PM,19,Aug-18,Winter-2018,20.5,207.3,25.5,0.0,54.7,1020.2,86.5,13.0,25.2,29.0,26.1,00:19.0,08-01-18,01:53.0,08-01-18
01-08-18,8:00:28 PM,20,Aug-18,Winter-2018,18.2,207.3,24.7,0.0,1.4,1020.4,89.0,9.4,24.4,27.5,25.2,00:28.0,08-01-18,02:01.0,08-01-18
01-08-18,9:00:14 PM,21,Aug-18,Winter-2018,16.1,221.0,24.3,0.0,0.0,1020.9,90.5,8.7,24.2,26.1,24.4,00:14.0,08-01-18,01:50.0,08-01-18
01-08-18,10:00:14 PM,22,Aug-18,Winter-2018,18.4,204.1,24.0,0.0,0.0,1021.3,91.4,10.1,23.9,26.8,24.2,00:14.0,08-01-18,01:52.0,08-01-18
01-08-18,11:00:14 PM,23,Aug-18,Winter-2018,21.2,197.2,23.8,0.0,0.0,1021.8,92.3,11.6,23.7,30.4,23.9,00:14.0,08-01-18,01:59.0,08-01-18
02-08-18,12:00:10 AM,12,Aug-18,Winter-2018,20.5,193.4,23.6,0.0,0.0,1021.5,93.1,13.0,23.6,32.6,23.8,00:10.0,08-02-18,00:58.0,08-02-18
02-08-18,12:00:10 AM,12,Aug-18,Winter-2018,20.5,193.4,23.6,0.0,0.0,1021.5,93.1,13.0,23.6,32.6,23.8,00:10.0,08-02-18,00:48.0,08-02-18
02-08-18,1:00:18 AM,1,Aug-18,Winter-2018,20.0,193.9,23.5,0.0,0.0,1021.1,94.3,13.0,23.3,31.1,23.6,00:18.0,08-02-18,01:02.0,08-02-18
02-08-18,2:00:18 AM,2,Aug-18,Winter-2018,21.7,221.8,23.3,0.0,0.0,1020.5,95.2,12.3,23.2,29.7,23.4,00:18.0,08-02-18,01:20.0,08-02-18
02-08-18,3:00:18 AM,3,Aug-18,Winter-2018,21.5,219.1,23.3,0.0,0.0,1020.0,95.8,13.0,23.3,28.2,23.4,00:18.0,08-02-18,01:24.0,08-02-18
02-08-18,4:00:14 AM,4,Aug-18,Winter-2018,18.7,214.9,23.5,0.0,0.0,1019.7,96.1,12.3,23.4,30.4,23.6,00:14.0,08-02-18,01:17.0,08-02-18
02-08-18,5:00:19 AM,5,Aug-18,Winter-2018,20.1,217.3,23.7,0.0,0.0,1019.6,95.9,11.6,23.6,29.0,23.8,00:19.0,08-02-18,01:30.0,08-02-18
02-08-18,6:00:15 AM,6,Aug-18,Winter-2018,19.4,242.9,23.6,0.0,0.0,1019.8,96.9,9.4,23.6,31.9,23.6,00:15.0,08-02-18,01:23.0,08-02-18
02-08-18,7:00:14 AM,7,Aug-18,Winter-2018,19.5,231.9,23.4,3.0,6.6,1020.4,98.8,10.9,23.4,32.6,23.6,00:14.0,08-02-18,01:20.0,08-02-18
02-08-18,8:00:14 AM,8,Aug-18,Winter-2018,21.7,213.8,23.4,0.3,42.5,1021.6,99.2,11.6,23.3,34.0,23.5,00:14.0,08-02-18,01:35.0,08-02-18
02-08-18,9:00:18 AM,9,Aug-18,Winter-2018,24.4,228.9,23.6,0.3,80.8,1022.5,98.2,13.0,23.4,39.1,23.9,00:18.0,08-02-18,01:35.0,08-02-18
02-08-18,10:00:15 AM,10,Aug-18,Winter-2018,24.9,217.9,24.3,0.0,236.7,1023.0,94.8,10.9,23.9,36.9,24.6,00:15.0,08-02-18,01:31.0,08-02-18
02-08-18,11:00:18 AM,11,Aug-18,Winter-2018,22.0,211.7,25.2,0.0,397.4,1023.6,91.7,11.6,24.6,31.9,25.6,00:18.0,08-02-18,01:33.0,08-02-18
02-08-18,12:00:18 PM,24,Aug-18,Winter-2018,23.0,248.3,25.8,0.0,558.3,1023.5,89.2,12.3,25.3,34.0,26.5,00:18.0,08-02-18,01:42.0,08-02-18
02-08-18,1:00:18 PM,13,Aug-18,Winter-2018,21.5,244.5,27.0,0.0,684.4,1023.5,84.8,12.3,26.4,31.1,27.3,00:18.0,08-02-18,01:44.0,08-02-18
02-08-18,2:00:18 PM,14,Aug-18,Winter-2018,18.7,225.8,27.0,0.0,447.5,1022.9,84.4,10.9,26.6,31.9,27.4,00:18.0,08-02-18,01:42.0,08-02-18
02-08-18,3:00:14 PM,15,Aug-18,Winter-2018,20.2,208.0,27.1,0.0,541.9,1022.5,83.8,9.4,26.6,34.8,27.6,00:14.0,08-02-18,01:33.0,08-02-18
02-08-18,4:00:10 PM,16,Aug-18,Winter-2018,22.2,195.9,27.0,0.0,396.4,1022.2,83.5,12.3,26.6,31.9,27.2,00:10.0,08-02-18,02:26.0,08-02-18
02-08-18,5:00:19 PM,17,Aug-18,Winter-2018,19.2,213.3,26.6,0.0,276.0,1022.2,84.9,10.1,26.0,30.4,27.0,00:19.0,08-02-18,01:24.0,08-02-18
02-08-18,6:00:18 PM,18,Aug-18,Winter-2018,19.0,201.6,25.8,0.0,127.3,1022.3,87.5,9.4,25.3,26.8,26.3,00:18.0,08-02-18,01:08.0,08-02-18
02-08-18,7:00:12 PM,19,Aug-18,Winter-2018,17.9,233.0,25.0,0.0,26.6,1022.4,89.7,9.4,24.7,27.5,25.3,00:12.0,08-02-18,01:20.0,08-02-18
02-08-18,8:00:19 PM,20,Aug-18,Winter-2018,16.2,217.7,24.5,0.0,0.2,1022.5,91.5,8.0,24.4,27.5,24.7,00:19.0,08-02-18,01:38.0,08-02-18
02-08-18,9:00:15 PM,21,Aug-18,Winter-2018,17.8,209.3,24.1,0.0,0.0,1022.7,91.3,10.1,23.9,28.2,24.4,00:15.0,08-02-18,01:21.0,08-02-18
02-08-18,10:00:18 PM,22,Aug-18,Winter-2018,17.3,211.5,23.8,0.0,0.0,1023.0,92.0,10.1,23.7,24.6,23.9,00:18.0,08-02-18,01:30.0,08-02-18
02-08-18,11:00:14 PM,23,Aug-18,Winter-2018,19.6,196.6,23.7,0.0,0.0,1023.5,92.2,10.9,23.5,27.5,23.8,00:14.0,08-02-18,01:20.0,08-02-18
03-08-18,12:00:14 AM,12,Aug-18,Winter-2018,19.0,195.4,23.5,0.0,0.0,1023.2,92.9,9.4,23.4,28.2,23.7,00:14.0,08-03-18,01:23.0,08-03-18
03-08-18,12:00:14 AM,12,Aug-18,Winter-2018,19.0,195.4,23.5,0.0,0.0,1023.2,92.9,9.4,23.4,28.2,23.7,00:14.0,08-03-18,01:03.0,08-03-18
03-08-18,1:00:15 AM,1,Aug-18,Winter-2018,19.6,198.1,23.4,0.0,0.0,1022.8,94.0,12.3,23.3,28.2,23.5,00:15.0,08-03-18,01:17.0,08-03-18
03-08-18,2:00:14 AM,2,Aug-18,Winter-2018,18.8,204.9,23.4,0.0,0.0,1022.4,95.0,10.1,23.4,31.1,23.5,00:14.0,08-03-18,01:28.0,08-03-18
03-08-18,3:00:18 AM,3,Aug-18,Winter-2018,20.2,200.4,23.5,0.0,0.0,1021.8,95.4,12.3,23.4,28.2,23.5,00:18.0,08-03-18,01:36.0,08-03-18
03-08-18,4:00:19 AM,4,Aug-18,Winter-2018,19.5,207.3,23.5,0.0,0.0,1021.4,95.6,11.6,23.5,33.3,23.6,00:19.0,08-03-18,01:23.0,08-03-18
03-08-18,5:00:19 AM,5,Aug-18,Winter-2018,20.8,207.0,23.6,0.0,0.0,1021.6,95.5,11.6,23.5,29.7,23.6,00:19.0,08-03-18,01:34.0,08-03-18
03-08-18,6:00:18 AM,6,Aug-18,Winter-2018,20.3,207.5,23.6,0.0,0.0,1022.0,95.6,11.6,23.6,30.4,23.6,00:18.0,08-03-18,01:26.0,08-03-18
03-08-18,7:00:12 AM,7,Aug-18,Winter-2018,21.2,206.2,23.6,0.0,9.9,1022.6,95.5,11.6,23.6,32.6,23.7,00:12.0,08-03-18,01:17.0,08-03-18
03-08-18,8:00:14 AM,8,Aug-18,Winter-2018,22.5,212.3,23.8,0.0,49.4,1022.9,95.6,10.9,23.7,31.9,24.0,00:14.0,08-03-18,01:21.0,08-03-18
03-08-18,9:00:15 AM,9,Aug-18,Winter-2018,23.8,251.9,24.0,0.0,56.2,1023.6,95.1,13.0,23.9,34.8,24.1,00:15.0,08-03-18,01:23.0,08-03-18
03-08-18,10:00:19 AM,10,Aug-18,Winter-2018,25.5,221.3,24.4,0.0,156.8,1024.0,93.9,15.2,24.1,39.1,24.8,00:19.0,08-03-18,01:37.0,08-03-18
03-08-18,11:00:19 AM,11,Aug-18,Winter-2018,23.1,220.5,24.9,0.0,218.3,1024.1,92.7,11.6,24.4,39.8,25.3,00:19.0,08-03-18,01:24.0,08-03-18
03-08-18,12:00:15 PM,24,Aug-18,Winter-2018,23.7,223.7,24.7,0.5,202.0,1024.2,93.1,12.3,24.2,42.0,25.0,00:15.0,08-03-18,01:16.0,08-03-18
03-08-18,1:00:19 PM,13,Aug-18,Winter-2018,26.1,212.6,25.8,0.0,555.4,1024.1,89.8,15.2,25.0,34.8,26.6,00:19.0,08-03-18,01:37.0,08-03-18
03-08-18,2:00:14 PM,14,Aug-18,Winter-2018,23.7,247.1,27.1,0.0,685.7,1024.0,84.4,10.1,26.6,33.3,27.3,00:14.0,08-03-18,01:29.0,08-06-18
03-08-18,3:00:14 PM,15,Aug-18,Winter-2018,21.1,212.3,27.0,0.0,609.4,1023.4,83.7,11.6,26.8,34.8,27.4,00:14.0,08-03-18,01:53.0,08-06-18
03-08-18,4:00:15 PM,16,Aug-18,Winter-2018,20.4,226.3,26.8,0.0,337.8,1022.8,83.0,10.9,26.3,31.1,27.5,00:15.0,08-03-18,02:13.0,08-06-18
03-08-18,5:00:10 PM,17,Aug-18,Winter-2018,21.9,198.6,25.6,0.0,151.9,1022.2,88.3,12.3,24.1,38.4,26.3,00:10.0,08-03-18,02:43.0,08-06-18
03-08-18,6:00:19 PM,18,Aug-18,Winter-2018,23.0,202.1,23.8,0.0,57.4,1021.9,94.7,14.5,23.5,34.0,24.1,00:19.0,08-03-18,03:11.0,08-06-18
03-08-18,7:00:14 PM,19,Aug-18,Winter-2018,23.0,199.1,23.7,0.0,30.2,1021.9,94.1,14.5,23.6,32.6,23.7,00:14.0,08-03-18,03:40.0,08-06-18
03-08-18,8:00:15 PM,20,Aug-18,Winter-2018,23.4,200.8,23.6,0.0,0.4,1022.2,94.3,15.9,23.6,36.2,23.7,00:15.0,08-03-18,04:13.0,08-06-18
03-08-18,9:00:14 PM,21,Aug-18,Winter-2018,22.0,215.2,23.5,0.0,0.0,1022.6,94.3,12.3,23.3,31.1,23.7,00:14.0,08-03-18,04:45.0,08-06-18
03-08-18,10:00:12 PM,22,Aug-18,Winter-2018,20.7,198.1,23.2,0.0,0.0,1023.0,94.2,12.3,23.2,29.7,23.3,00:12.0,08-03-18,05:17.0,08-06-18
03-08-18,11:00:17 PM,23,Aug-18,Winter-2018,22.8,207.0,23.3,0.0,0.0,1023.0,95.3,13.8,23.3,33.3,23.5,00:17.0,08-03-18,05:45.0,08-06-18
04-08-18,12:00:14 AM,12,Aug-18,Winter-2018,22.6,188.4,23.4,0.0,0.0,1022.9,95.2,14.5,23.3,31.1,23.5,00:14.0,08-04-18,06:13.0,08-06-18
04-08-18,1:00:15 AM,1,Aug-18,Winter-2018,21.6,211.4,23.3,0.0,0.0,1022.2,95.6,12.3,23.3,33.3,23.4,00:15.0,08-04-18,06:39.0,08-06-18
04-08-18,2:00:14 AM,2,Aug-18,Winter-2018,21.3,220.4,23.3,0.0,0.0,1021.7,96.3,9.4,23.3,32.6,23.4,00:14.0,08-04-18,07:01.0,08-06-18
04-08-18,3:00:18 AM,3,Aug-18,Winter-2018,22.1,208.0,23.2,0.0,0.0,1020.9,96.9,11.6,23.2,36.9,23.3,00:18.0,08-04-18,07:24.0,08-06-18
04-08-18,4:00:15 AM,4,Aug-18,Winter-2018,19.1,222.4,23.1,0.0,0.0,1020.8,97.3,9.4,23.1,28.2,23.2,00:15.0,08-04-18,07:48.0,08-06-18
04-08-18,5:00:19 AM,5,Aug-18,Winter-2018,18.2,216.8,23.1,0.0,0.0,1020.9,98.2,8.7,23.1,28.2,23.2,00:19.0,08-04-18,08:12.0,08-06-18
04-08-18,6:00:13 AM,6,Aug-18,Winter-2018,20.3,218.0,23.2,0.0,0.0,1020.9,98.1,12.3,23.1,28.2,23.4,00:13.0,08-04-18,08:39.0,08-06-18
04-08-18,7:00:13 AM,7,Aug-18,Winter-2018,15.5,258.8,23.3,0.0,13.4,1021.5,97.6,8.7,23.2,22.5,23.4,00:13.0,08-04-18,09:01.0,08-06-18
04-08-18,8:00:15 AM,8,Aug-18,Winter-2018,12.9,227.3,23.5,0.0,49.6,1022.2,97.2,6.5,23.4,20.3,23.7,00:15.0,08-04-18,09:22.0,08-06-18
04-08-18,9:00:14 AM,9,Aug-18,Winter-2018,15.9,257.1,23.8,0.0,119.6,1022.9,97.7,10.1,23.6,22.5,24.0,00:14.0,08-04-18,09:47.0,08-06-18
04-08-18,10:00:19 AM,10,Aug-18,Winter-2018,15.2,262.3,24.0,0.0,123.9,1023.3,96.7,6.5,23.9,23.2,24.1,00:19.0,08-04-18,10:09.0,08-06-18
04-08-18,11:00:14 AM,11,Aug-18,Winter-2018,13.2,245.7,24.6,0.0,271.3,1023.4,95.9,6.5,24.0,25.3,25.2,00:14.0,08-04-18,10:27.0,08-06-18
04-08-18,12:00:18 PM,24,Aug-18,Winter-2018,14.0,266.1,25.4,0.0,330.9,1023.4,93.3,6.5,24.9,23.9,25.7,00:18.0,08-04-18,10:48.0,08-06-18
04-08-18,1:00:11 PM,13,Aug-18,Winter-2018,15.3,204.1,25.8,2.3,344.1,1023.2,91.9,6.5,25.0,29.7,26.4,00:11.0,08-04-18,11:14.0,08-06-18
04-08-18,2:00:14 PM,14,Aug-18,Winter-2018,17.5,209.3,24.9,1.0,255.2,1022.7,96.3,9.4,24.5,29.0,25.2,00:14.0,08-04-18,11:41.0,08-06-18
04-08-18,3:00:15 PM,15,Aug-18,Winter-2018,24.0,225.5,25.5,0.0,466.9,1022.1,94.0,13.8,24.8,32.6,26.3,00:15.0,08-04-18,12:04.0,08-06-18
04-08-18,4:00:14 PM,16,Aug-18,Winter-2018,21.3,218.7,26.4,0.0,515.0,1021.8,89.5,9.4,26.0,33.3,26.7,00:14.0,08-04-18,12:25.0,08-06-18
04-08-18,5:00:14 PM,17,Aug-18,Winter-2018,21.9,212.0,26.3,0.0,376.8,1021.4,88.4,12.3,26.0,30.4,26.6,00:14.0,08-04-18,12:48.0,08-06-18
04-08-18,6:00:14 PM,18,Aug-18,Winter-2018,20.8,207.0,25.8,0.0,200.6,1021.2,87.2,14.5,25.5,27.5,26.1,00:14.0,08-04-18,13:11.0,08-06-18
04-08-18,7:00:14 PM,19,Aug-18,Winter-2018,17.1,202.2,24.9,0.0,50.3,1021.1,90.7,8.7,24.3,26.8,25.5,00:14.0,08-04-18,13:36.0,08-06-18
04-08-18,8:00:18 PM,20,Aug-18,Winter-2018,22.0,192.5,24.0,0.0,1.5,1021.4,92.7,13.8,23.9,29.7,24.3,00:18.0,08-04-18,14:03.0,08-06-18
04-08-18,9:00:18 PM,21,Aug-18,Winter-2018,23.2,201.6,23.7,0.0,0.0,1022.1,93.0,14.5,23.6,33.3,23.9,00:18.0,08-04-18,14:25.0,08-06-18
04-08-18,10:00:11 PM,22,Aug-18,Winter-2018,24.1,196.6,23.6,0.0,0.0,1022.4,93.3,15.2,23.5,34.8,23.7,00:11.0,08-04-18,14:48.0,08-06-18
04-08-18,11:00:19 PM,23,Aug-18,Winter-2018,24.2,195.2,23.5,0.0,0.0,1022.8,93.9,15.9,23.5,34.8,23.6,00:19.0,08-04-18,15:09.0,08-06-18
05-08-18,12:00:18 AM,12,Aug-18,Winter-2018,22.7,219.5,23.5,0.0,0.0,1022.9,94.3,14.5,23.4,36.2,23.5,00:18.0,08-05-18,15:31.0,08-06-18
05-08-18,1:00:16 AM,1,Aug-18,Winter-2018,21.7,210.1,23.4,0.0,0.0,1022.5,95.5,13.0,23.3,31.1,23.5,00:16.0,08-05-18,15:52.0,08-06-18
05-08-18,2:00:14 AM,2,Aug-18,Winter-2018,24.5,197.9,23.2,0.3,0.0,1021.7,96.2,14.5,23.1,34.8,23.3,00:14.0,08-05-18,16:12.0,08-06-18
05-08-18,3:00:18 AM,3,Aug-18,Winter-2018,26.5,207.2,23.1,0.0,0.0,1020.9,96.8,13.8,23.0,36.9,23.2,00:18.0,08-05-18,16:35.0,08-06-18
05-08-18,4:00:18 AM,4,Aug-18,Winter-2018,22.1,239.8,23.1,0.0,0.0,1020.6,96.3,11.6,23.1,34.0,23.2,00:18.0,08-05-18,17:00.0,08-06-18
05-08-18,5:00:19 AM,5,Aug-18,Winter-2018,23.8,213.0,23.1,0.0,0.0,1020.6,96.3,13.0,23.0,33.3,23.2,00:19.0,08-05-18,17:19.0,08-06-18
05-08-18,6:00:13 AM,6,Aug-18,Winter-2018,23.1,228.9,23.0,0.0,0.0,1021.0,96.3,10.9,23.0,31.1,23.1,00:13.0,08-05-18,17:42.0,08-06-18
05-08-18,7:00:18 AM,7,Aug-18,Winter-2018,23.1,220.2,23.2,0.0,9.7,1021.2,95.9,15.9,23.1,32.6,23.3,00:18.0,08-05-18,18:05.0,08-06-18
05-08-18,8:00:18 AM,8,Aug-18,Winter-2018,23.5,219.0,23.4,0.0,51.3,1022.0,95.9,11.6,23.3,34.0,23.5,00:18.0,08-05-18,18:32.0,08-06-18
05-08-18,9:00:17 AM,9,Aug-18,Winter-2018,23.1,221.3,23.7,0.0,120.2,1022.7,94.9,14.5,23.5,34.0,24.2,00:17.0,08-05-18,18:54.0,08-06-18
05-08-18,10:00:15 AM,10,Aug-18,Winter-2018,25.8,236.3,24.5,0.0,238.2,1023.1,92.1,14.5,24.2,36.2,24.9,00:15.0,08-05-18,19:21.0,08-06-18
05-08-18,11:00:15 AM,11,Aug-18,Winter-2018,21.4,220.4,24.8,0.0,233.4,1023.3,91.9,8.7,24.4,34.8,25.1,00:15.0,08-05-18,19:40.0,08-06-18
05-08-18,12:00:14 PM,24,Aug-18,Winter-2018,22.1,225.2,24.8,0.3,338.6,1023.3,93.1,9.4,24.1,34.8,25.1,00:14.0,08-05-18,20:07.0,08-06-18
05-08-18,1:00:15 PM,13,Aug-18,Winter-2018,19.2,220.7,25.3,0.0,371.2,1023.2,92.5,10.1,24.8,34.8,25.8,00:15.0,08-05-18,20:30.0,08-06-18
05-08-18,2:00:17 PM,14,Aug-18,Winter-2018,23.7,213.4,26.1,0.0,358.1,1022.9,88.2,14.5,25.8,32.6,26.4,00:17.0,08-05-18,20:51.0,08-06-18
05-08-18,3:00:10 PM,15,Aug-18,Winter-2018,27.5,208.3,26.3,0.0,515.3,1022.7,84.8,17.4,25.5,42.7,26.7,00:10.0,08-05-18,21:11.0,08-06-18
05-08-18,4:00:17 PM,16,Aug-18,Winter-2018,23.8,212.3,26.5,0.0,394.2,1022.2,84.0,15.2,26.2,31.9,26.7,00:17.0,08-05-18,21:35.0,08-06-18
05-08-18,5:00:18 PM,17,Aug-18,Winter-2018,24.3,213.8,25.8,0.0,227.2,1021.9,86.4,15.9,25.3,34.0,26.2,00:18.0,08-05-18,21:56.0,08-06-18
05-08-18,6:00:12 PM,18,Aug-18,Winter-2018,22.9,203.4,25.1,0.0,107.9,1021.1,88.5,15.2,24.8,35.5,25.4,00:12.0,08-05-18,22:17.0,08-06-18
05-08-18,7:00:10 PM,19,Aug-18,Winter-2018,23.0,198.6,24.4,0.0,35.1,1021.0,89.9,13.8,24.0,33.3,24.8,00:10.0,08-05-18,22:38.0,08-06-18
05-08-18,8:00:19 PM,20,Aug-18,Winter-2018,20.2,236.1,23.8,0.0,0.5,1021.1,91.0,10.9,23.6,32.6,24.0,00:19.0,08-05-18,23:02.0,08-06-18
05-08-18,9:00:14 PM,21,Aug-18,Winter-2018,17.3,197.1,23.6,0.0,0.0,1021.2,92.6,9.4,23.5,26.8,23.7,00:14.0,08-05-18,23:22.0,08-06-18
05-08-18,10:00:10 PM,22,Aug-18,Winter-2018,21.9,207.2,23.6,0.0,0.0,1021.8,93.4,13.0,23.4,34.8,23.6,00:10.0,08-05-18,23:41.0,08-06-18
05-08-18,11:00:18 PM,23,Aug-18,Winter-2018,19.4,199.3,23.4,0.0,0.0,1021.9,95.0,10.9,23.3,30.4,23.4,00:18.0,08-05-18,24:07.0,08-06-18
06-08-18,12:00:12 AM,12,Aug-18,Winter-2018,23.3,208.3,23.3,0.0,0.0,1021.4,94.1,15.9,23.3,36.2,23.4,00:12.0,08-06-18,24:31.0,08-06-18
06-08-18,1:00:19 AM,1,Aug-18,Winter-2018,22.2,202.1,23.3,0.0,0.0,1020.5,94.6,15.2,23.2,33.3,23.3,00:19.0,08-06-18,24:51.0,08-06-18
06-08-18,2:00:14 AM,2,Aug-18,Winter-2018,21.6,217.9,23.2,0.0,0.0,1019.8,95.0,10.9,23.1,30.4,23.3,00:14.0,08-06-18,25:14.0,08-06-18
06-08-18,3:00:14 AM,3,Aug-18,Winter-2018,22.1,221.5,23.1,0.0,0.0,1019.3,95.8,14.5,23.0,29.7,23.1,00:14.0,08-06-18,25:35.0,08-06-18
06-08-18,4:00:14 AM,4,Aug-18,Winter-2018,23.1,205.4,23.1,0.0,0.0,1019.2,95.6,14.5,23.0,32.6,23.2,00:14.0,08-06-18,25:56.0,08-06-18
06-08-18,5:00:19 AM,5,Aug-18,Winter-2018,23.8,207.2,23.2,0.0,0.0,1019.0,94.8,15.9,23.1,33.3,23.2,00:19.0,08-06-18,26:19.0,08-06-18
06-08-18,6:00:13 AM,6,Aug-18,Winter-2018,22.8,202.7,23.1,0.0,0.0,1019.2,95.2,10.9,23.0,36.9,23.2,00:13.0,08-06-18,26:39.0,08-06-18
06-08-18,7:00:18 AM,7,Aug-18,Winter-2018,20.8,208.3,23.2,0.0,8.9,1019.6,94.4,13.0,23.1,36.2,23.3,00:18.0,08-06-18,27:07.0,08-06-18
06-08-18,8:00:16 AM,8,Aug-18,Winter-2018,19.9,221.3,23.5,0.0,58.0,1020.2,94.4,12.3,23.3,31.1,23.7,00:16.0,08-06-18,27:30.0,08-06-18
06-08-18,9:00:14 AM,9,Aug-18,Winter-2018,27.2,207.7,23.0,0.5,72.2,1021.0,97.1,15.2,22.8,44.9,23.6,00:14.0,08-06-18,27:51.0,08-06-18
06-08-18,10:00:15 AM,10,Aug-18,Winter-2018,25.7,204.2,23.6,0.3,145.9,1021.7,96.1,12.3,23.1,37.7,24.0,00:15.0,08-06-18,28:10.0,08-06-18
06-08-18,11:00:14 AM,11,Aug-18,Winter-2018,25.2,204.1,24.1,0.0,246.0,1021.7,93.8,15.2,23.5,36.9,24.6,00:14.0,08-06-18,28:35.0,08-06-18
06-08-18,12:00:14 PM,24,Aug-18,Winter-2018,25.3,224.7,24.6,0.0,335.7,1021.6,92.3,12.3,24.3,36.2,24.9,00:14.0,08-06-18,28:54.0,08-06-18
06-08-18,1:00:14 PM,13,Aug-18,Winter-2018,22.6,223.3,25.4,0.0,486.3,1021.0,90.7,12.3,24.7,38.4,26.6,00:14.0,08-06-18,29:16.0,08-06-18
06-08-18,2:00:15 PM,14,Aug-18,Winter-2018,26.3,225.5,26.1,0.0,473.5,1020.6,86.2,15.9,25.1,37.7,26.9,00:15.0,08-06-18,01:19.0,08-06-18
06-08-18,3:00:14 PM,15,Aug-18,Winter-2018,25.9,219.5,25.6,0.0,348.1,1020.0,87.8,15.9,25.0,36.9,26.0,00:14.0,08-06-18,01:22.0,08-06-18
06-08-18,4:00:14 PM,16,Aug-18,Winter-2018,25.0,218.0,25.8,0.0,333.0,1019.4,86.9,13.0,25.4,35.5,26.5,00:14.0,08-06-18,01:21.0,08-06-18
06-08-18,5:00:18 PM,17,Aug-18,Winter-2018,26.3,215.5,25.9,0.0,266.5,1019.0,85.3,15.2,25.4,38.4,26.4,00:18.0,08-06-18,01:52.0,08-06-18
06-08-18,6:00:14 PM,18,Aug-18,Winter-2018,21.5,209.4,25.2,0.0,96.1,1019.1,86.7,10.1,24.9,35.5,25.4,00:14.0,08-06-18,01:38.0,08-06-18
06-08-18,7:00:19 PM,19,Aug-18,Winter-2018,23.7,205.5,24.4,0.0,18.8,1019.4,90.0,9.4,23.9,34.8,24.9,00:19.0,08-06-18,01:39.0,08-06-18
06-08-18,8:00:19 PM,20,Aug-18,Winter-2018,21.7,210.7,23.8,0.0,0.3,1019.8,93.1,11.6,23.7,34.8,23.9,00:19.0,08-06-18,01:41.0,08-06-18
06-08-18,9:00:18 PM,21,Aug-18,Winter-2018,21.2,195.6,23.6,0.0,0.0,1020.1,94.1,11.6,23.6,35.5,23.7,00:18.0,08-06-18,01:36.0,08-06-18
06-08-18,10:00:14 PM,22,Aug-18,Winter-2018,24.6,194.5,23.6,0.0,0.0,1020.0,93.7,14.5,23.6,34.8,23.7,00:14.0,08-06-18,01:35.0,08-06-18
06-08-18,11:00:18 PM,23,Aug-18,Winter-2018,24.0,200.9,23.4,0.0,0.0,1019.9,94.6,13.8,23.3,34.8,23.6,00:18.0,08-06-18,01:38.0,08-06-18
07-08-18,12:00:18 AM,12,Aug-18,Winter-2018,24.9,213.8,23.3,0.0,0.0,1019.6,94.4,14.5,23.2,33.3,23.4,00:18.0,08-07-18,01:45.0,08-07-18
07-08-18,12:00:18 AM,12,Aug-18,Winter-2018,24.9,213.8,23.3,0.0,0.0,1019.6,94.4,14.5,23.2,33.3,23.4,00:18.0,08-07-18,01:12.0,08-07-18
07-08-18,1:00:18 AM,1,Aug-18,Winter-2018,21.8,217.3,23.2,0.0,0.0,1019.0,94.6,12.3,23.2,34.0,23.3,00:18.0,08-07-18,01:28.0,08-07-18
07-08-18,2:00:18 AM,2,Aug-18,Winter-2018,21.0,209.4,23.2,0.0,0.0,1018.4,95.0,12.3,23.1,36.9,23.3,00:18.0,08-07-18,01:23.0,08-07-18
07-08-18,3:00:14 AM,3,Aug-18,Winter-2018,22.2,219.1,23.0,0.0,0.0,1017.5,94.9,10.9,23.0,34.8,23.1,00:14.0,08-07-18,01:12.0,08-07-18
07-08-18,4:00:10 AM,4,Aug-18,Winter-2018,20.5,210.4,22.9,0.0,0.0,1017.3,95.9,9.4,22.8,31.9,23.1,00:10.0,08-07-18,01:19.0,08-07-18
07-08-18,5:00:19 AM,5,Aug-18,Winter-2018,19.4,214.2,22.9,0.0,0.0,1017.6,95.8,10.9,22.8,30.4,22.9,00:19.0,08-07-18,01:28.0,08-07-18
07-08-18,6:00:18 AM,6,Aug-18,Winter-2018,19.6,244.7,22.9,0.0,0.0,1018.0,95.4,10.9,22.8,32.6,22.9,00:18.0,08-07-18,01:16.0,08-07-18
07-08-18,7:00:14 AM,7,Aug-18,Winter-2018,20.1,220.2,22.8,0.3,12.3,1018.6,96.1,10.1,22.7,34.0,23.0,00:14.0,08-07-18,01:18.0,08-07-18
07-08-18,8:00:14 AM,8,Aug-18,Winter-2018,22.1,192.7,22.9,0.0,94.1,1019.3,96.4,13.8,22.7,31.9,23.4,00:14.0,08-07-18,01:12.0,08-07-18
07-08-18,9:00:18 AM,9,Aug-18,Winter-2018,23.9,209.6,23.4,0.0,99.9,1020.0,94.4,15.2,23.2,35.5,23.5,00:18.0,08-07-18,01:16.0,08-07-18
07-08-18,10:00:12 AM,10,Aug-18,Winter-2018,25.1,221.5,23.9,0.0,248.9,1020.3,93.1,16.7,23.5,34.8,24.2,00:12.0,08-07-18,01:09.0,08-07-18
07-08-18,11:00:18 AM,11,Aug-18,Winter-2018,25.5,201.6,24.6,0.0,275.1,1020.4,90.2,15.9,24.2,37.7,25.0,00:18.0,08-07-18,01:30.0,08-07-18
07-08-18,12:00:14 PM,24,Aug-18,Winter-2018,22.1,212.8,24.9,0.0,268.8,1020.4,89.1,15.2,24.6,29.7,25.4,00:14.0,08-07-18,01:11.0,08-07-18
07-08-18,1:00:15 PM,13,Aug-18,Winter-2018,22.3,207.3,25.2,0.0,368.7,1020.1,88.6,13.0,24.3,33.3,25.6,00:15.0,08-07-18,01:21.0,08-07-18
07-08-18,2:00:18 PM,14,Aug-18,Winter-2018,22.6,210.4,26.0,0.0,449.3,1019.6,86.4,14.5,25.6,33.3,26.3,00:18.0,08-07-18,01:27.0,08-07-18
07-08-18,3:00:19 PM,15,Aug-18,Winter-2018,22.3,222.1,25.6,0.0,211.1,1018.6,86.6,14.5,25.2,32.6,26.0,00:19.0,08-07-18,01:27.0,08-07-18
07-08-18,4:00:18 PM,16,Aug-18,Winter-2018,19.3,226.0,25.2,0.0,178.4,1017.8,87.8,10.1,25.1,29.7,25.5,00:18.0,08-07-18,01:29.0,08-07-18
07-08-18,5:00:18 PM,17,Aug-18,Winter-2018,19.4,199.4,24.9,0.0,101.3,1017.4,88.8,8.7,24.7,32.6,25.1,00:18.0,08-07-18,01:26.0,08-07-18
07-08-18,6:00:19 PM,18,Aug-18,Winter-2018,19.4,210.9,24.6,0.0,95.3,1017.3,89.7,11.6,24.5,28.2,24.7,00:19.0,08-07-18,01:29.0,08-07-18
07-08-18,7:00:18 PM,19,Aug-18,Winter-2018,19.5,213.4,24.2,0.0,29.6,1017.4,91.4,11.6,24.0,28.2,24.5,00:18.0,08-07-18,01:20.0,08-07-18
07-08-18,8:00:18 PM,20,Aug-18,Winter-2018,19.5,198.6,23.8,0.0,0.8,1017.7,92.1,10.1,23.7,29.0,24.1,00:18.0,08-07-18,01:18.0,08-07-18
07-08-18,9:00:19 PM,21,Aug-18,Winter-2018,20.7,189.2,23.6,0.0,0.0,1018.0,93.4,12.3,23.5,29.7,23.7,00:19.0,08-07-18,01:24.0,08-07-18
07-08-18,10:00:18 PM,22,Aug-18,Winter-2018,16.8,210.6,23.5,0.0,0.0,1018.4,93.9,8.7,23.4,26.8,23.6,00:18.0,08-07-18,01:26.0,08-07-18
07-08-18,11:00:19 PM,23,Aug-18,Winter-2018,21.5,205.4,23.5,0.0,0.0,1018.5,94.1,14.5,23.5,31.9,23.6,00:19.0,08-07-18,01:16.0,08-07-18
08-08-18,12:00:14 AM,12,Aug-18,Winter-2018,21.1,212.8,23.4,0.0,0.0,1018.2,94.7,10.9,23.4,29.0,23.5,00:14.0,08-08-18,01:26.0,08-08-18
08-08-18,12:00:14 AM,12,Aug-18,Winter-2018,21.1,212.8,23.4,0.0,0.0,1018.2,94.7,10.9,23.4,29.0,23.5,00:14.0,08-08-18,00:54.0,08-08-18
08-08-18,1:00:24 AM,1,Aug-18,Winter-2018,20.5,202.2,23.4,0.0,0.0,1017.8,94.8,10.9,23.4,33.3,23.5,00:24.0,08-08-18,01:05.0,08-08-18
08-08-18,2:00:15 AM,2,Aug-18,Winter-2018,17.9,234.9,23.2,0.3,0.0,1017.5,96.3,8.7,23.1,29.0,23.4,00:15.0,08-08-18,01:21.0,08-08-18
08-08-18,3:00:10 AM,3,Aug-18,Winter-2018,19.6,219.1,22.9,0.8,0.0,1017.3,97.9,10.9,22.8,29.7,23.1,00:10.0,08-08-18,01:15.0,08-08-18
08-08-18,4:00:18 AM,4,Aug-18,Winter-2018,17.6,198.4,22.9,0.3,0.0,1017.0,98.3,9.4,22.8,26.8,23.0,00:18.0,08-08-18,01:54.0,08-08-18
08-08-18,5:00:11 AM,5,Aug-18,Winter-2018,18.0,209.3,22.9,0.3,0.0,1017.2,97.7,11.6,22.8,26.8,23.0,00:11.0,08-08-18,02:07.0,08-08-18
08-08-18,6:00:14 AM,6,Aug-18,Winter-2018,14.9,208.5,23.0,0.0,0.0,1017.5,97.7,8.7,22.9,22.5,23.0,00:14.0,08-08-18,01:20.0,08-08-18
08-08-18,7:00:15 AM,7,Aug-18,Winter-2018,15.6,217.4,23.1,0.0,3.1,1017.9,97.3,6.5,23.0,27.5,23.2,00:15.0,08-08-18,01:14.0,08-08-18
08-08-18,8:00:15 AM,8,Aug-18,Winter-2018,16.0,202.4,23.1,0.0,36.7,1018.4,97.8,8.7,23.0,24.6,23.3,00:15.0,08-08-18,01:15.0,08-08-18
08-08-18,9:00:10 AM,9,Aug-18,Winter-2018,18.0,213.6,23.4,0.0,74.9,1019.1,97.2,10.9,23.2,26.1,23.4,00:10.0,08-08-18,01:18.0,08-08-18
08-08-18,10:00:19 AM,10,Aug-18,Winter-2018,16.5,221.8,23.5,0.0,107.6,1019.3,96.7,9.4,23.4,24.6,23.7,00:19.0,08-08-18,01:16.0,08-08-18
08-08-18,11:00:12 AM,11,Aug-18,Winter-2018,16.6,216.3,24.1,0.0,188.6,1019.3,95.2,10.9,23.7,24.6,24.7,00:12.0,08-08-18,01:22.0,08-08-18
08-08-18,12:00:17 PM,24,Aug-18,Winter-2018,16.8,218.8,25.0,0.0,245.3,1019.4,91.6,10.1,24.7,24.6,25.2,00:17.0,08-08-18,01:22.0,08-08-18
08-08-18,1:00:15 PM,13,Aug-18,Winter-2018,21.8,183.5,24.7,0.3,307.0,1019.0,92.8,12.3,24.0,29.0,25.5,00:15.0,08-08-18,01:23.0,08-08-18
08-08-18,2:00:10 PM,14,Aug-18,Winter-2018,21.6,195.4,25.3,0.0,332.1,1018.4,90.7,13.0,24.9,30.4,25.5,00:10.0,08-08-18,01:18.0,08-08-18
08-08-18,3:00:12 PM,15,Aug-18,Winter-2018,19.5,193.7,25.7,0.0,295.3,1018.0,88.8,10.1,25.5,29.7,26.0,00:12.0,08-08-18,01:12.0,08-08-18
08-08-18,4:00:15 PM,16,Aug-18,Winter-2018,19.5,191.5,25.1,0.0,168.9,1017.7,91.0,11.6,24.9,27.5,25.5,00:15.0,08-08-18,01:17.0,08-08-18
08-08-18,5:00:10 PM,17,Aug-18,Winter-2018,16.3,207.0,24.7,0.0,117.2,1017.6,92.1,8.7,24.6,23.9,24.9,00:10.0,08-08-18,01:27.0,08-08-18
08-08-18,6:00:14 PM,18,Aug-18,Winter-2018,17.6,209.4,24.5,0.0,65.2,1017.5,92.8,10.9,24.3,26.1,24.6,00:14.0,08-08-18,01:21.0,08-08-18
08-08-18,7:00:15 PM,19,Aug-18,Winter-2018,17.0,212.0,24.1,0.0,18.0,1017.9,94.0,8.7,23.9,25.3,24.3,00:15.0,08-08-18,01:25.0,08-08-18
08-08-18,8:00:15 PM,20,Aug-18,Winter-2018,16.7,212.6,23.8,0.0,0.1,1018.6,95.2,10.1,23.8,24.6,23.9,00:15.0,08-08-18,01:16.0,08-08-18
08-08-18,9:00:19 PM,21,Aug-18,Winter-2018,17.7,203.7,23.7,0.0,0.0,1019.4,95.1,10.1,23.7,28.2,23.8,00:19.0,08-08-18,01:25.0,08-08-18
08-08-18,10:00:10 PM,22,Aug-18,Winter-2018,19.1,208.0,23.7,0.0,0.0,1019.6,95.5,10.9,23.6,27.5,23.7,00:10.0,08-08-18,01:08.0,08-08-18
08-08-18,11:00:10 PM,23,Aug-18,Winter-2018,18.6,203.4,23.6,0.0,0.0,1019.7,95.9,10.9,23.5,27.5,23.7,00:10.0,08-08-18,01:08.0,08-08-18
09-08-18,12:00:20 AM,12,Aug-18,Winter-2018,17.3,222.7,23.5,0.0,0.0,1019.7,96.1,10.9,23.5,23.9,23.6,00:20.0,08-09-18,01:30.0,08-09-18
09-08-18,1:00:14 AM,1,Aug-18,Winter-2018,17.1,197.9,23.5,0.0,0.0,1019.9,96.3,10.9,23.5,23.2,23.6,00:14.0,08-09-18,01:24.0,08-09-18
09-08-18,2:00:15 AM,2,Aug-18,Winter-2018,15.3,203.7,23.4,0.0,0.0,1019.3,98.0,8.0,23.3,21.7,23.5,00:15.0,08-09-18,01:24.0,08-09-18
09-08-18,3:00:24 AM,3,Aug-18,Winter-2018,15.7,217.7,23.2,0.3,0.0,1018.9,99.1,8.7,23.1,26.1,23.3,00:24.0,08-09-18,01:33.0,08-09-18
09-08-18,4:00:10 AM,4,Aug-18,Winter-2018,14.7,203.4,23.2,0.0,0.0,1018.9,99.4,8.7,23.1,21.0,23.2,00:10.0,08-09-18,01:23.0,08-09-18
09-08-18,5:00:19 AM,5,Aug-18,Winter-2018,14.3,224.1,23.2,0.0,0.0,1018.7,99.5,8.0,23.1,21.0,23.3,00:19.0,08-09-18,01:31.0,08-09-18
09-08-18,6:00:18 AM,6,Aug-18,Winter-2018,15.7,201.9,23.3,0.3,0.0,1019.4,99.3,9.4,23.2,26.8,23.3,00:18.0,08-09-18,01:24.0,08-09-18
09-08-18,7:00:10 AM,7,Aug-18,Winter-2018,14.8,260.0,23.1,6.1,2.0,1020.1,99.7,8.0,22.9,24.6,23.2,00:10.0,08-09-18,01:03.0,08-09-18
09-08-18,8:00:19 AM,8,Aug-18,Winter-2018,13.8,246.1,23.1,1.5,22.5,1020.8,100.0,5.8,22.9,24.6,23.2,00:19.0,08-09-18,01:26.0,08-09-18
09-08-18,8:00:19 AM,8,Aug-18,Winter-2018,13.8,246.1,23.1,1.5,22.5,1020.8,100.0,5.8,22.9,24.6,23.2,00:19.0,08-09-18,01:09.0,08-09-18
09-08-18,9:00:15 AM,9,Aug-18,Winter-2018,15.1,233.4,23.3,0.8,46.6,1021.5,100.0,8.7,23.1,22.5,23.4,00:15.0,08-09-18,01:22.0,08-09-18
09-08-18,10:00:15 AM,10,Aug-18,Winter-2018,14.7,217.4,23.6,0.5,109.7,1022.3,99.8,8.7,23.3,21.7,23.8,00:15.0,08-09-18,01:15.0,08-09-18
09-08-18,11:00:15 AM,11,Aug-18,Winter-2018,16.6,217.3,23.8,0.8,220.9,1022.4,98.6,8.7,23.6,24.6,24.4,00:15.0,08-09-18,01:19.0,08-09-18
09-08-18,12:00:18 PM,24,Aug-18,Winter-2018,16.1,237.7,24.6,0.0,356.3,1022.7,96.8,7.2,24.0,28.2,25.2,00:18.0,08-09-18,01:27.0,08-09-18
09-08-18,1:00:10 PM,13,Aug-18,Winter-2018,15.1,224.0,24.0,1.3,203.4,1022.3,97.7,6.5,23.6,24.6,24.9,00:10.0,08-09-18,01:09.0,08-09-18
09-08-18,2:00:15 PM,14,Aug-18,Winter-2018,12.4,242.6,24.2,1.5,177.8,1022.0,97.5,7.2,24.0,22.5,24.4,00:15.0,08-09-18,01:27.0,08-09-18
09-08-18,3:00:14 PM,15,Aug-18,Winter-2018,10.8,235.7,24.1,1.5,122.3,1021.4,98.9,5.1,23.8,22.5,24.4,00:14.0,08-09-18,01:26.0,08-09-18
09-08-18,4:00:18 PM,16,Aug-18,Winter-2018,16.4,216.5,25.0,0.0,267.5,1021.1,96.8,5.8,24.2,26.8,25.5,00:18.0,08-09-18,01:31.0,08-09-18
09-08-18,5:00:19 PM,17,Aug-18,Winter-2018,20.4,201.7,25.7,0.0,335.0,1021.0,92.3,12.3,25.3,28.2,26.1,00:19.0,08-09-18,01:35.0,08-09-18
09-08-18,6:00:14 PM,18,Aug-18,Winter-2018,21.7,193.9,24.8,0.0,123.9,1021.2,92.5,15.2,24.4,31.9,25.4,00:14.0,08-09-18,01:38.0,08-09-18
09-08-18,7:00:14 PM,19,Aug-18,Winter-2018,19.1,201.4,24.2,0.0,33.3,1021.9,94.6,10.9,24.1,29.0,24.4,00:14.0,08-09-18,01:33.0,08-09-18
09-08-18,8:00:14 PM,20,Aug-18,Winter-2018,18.4,210.9,23.8,0.0,0.6,1022.4,95.5,9.4,23.6,28.2,24.1,00:14.0,08-09-18,01:24.0,08-09-18
09-08-18,9:00:18 PM,21,Aug-18,Winter-2018,19.8,210.2,23.4,0.0,0.0,1022.7,95.7,11.6,23.3,29.0,23.6,00:18.0,08-09-18,01:33.0,08-09-18
09-08-18,10:00:18 PM,22,Aug-18,Winter-2018,21.1,195.1,23.3,0.0,0.0,1022.9,96.3,13.0,23.3,26.8,23.3,00:18.0,08-09-18,01:35.0,08-09-18
09-08-18,11:00:28 PM,23,Aug-18,Winter-2018,20.5,205.4,23.3,0.0,0.0,1023.4,97.4,13.0,23.2,29.7,23.4,00:28.0,08-09-18,01:43.0,08-09-18
10-08-18,12:00:15 AM,12,Aug-18,Winter-2018,21.0,200.9,23.2,0.0,0.0,1023.4,97.8,13.8,23.0,31.9,23.3,00:15.0,08-10-18,01:33.0,08-10-18
10-08-18,1:00:13 AM,1,Aug-18,Winter-2018,21.3,212.6,23.1,0.3,0.0,1023.2,98.1,13.8,23.0,30.4,23.2,00:13.0,08-10-18,01:28.0,08-10-18
10-08-18,2:00:18 AM,2,Aug-18,Winter-2018,21.2,221.3,22.9,0.0,0.0,1022.9,99.4,13.8,22.9,31.1,23.0,00:18.0,08-10-18,01:34.0,08-10-18
10-08-18,3:00:14 AM,3,Aug-18,Winter-2018,22.9,208.3,22.9,0.0,0.0,1022.4,99.3,14.5,22.8,33.3,23.0,00:14.0,08-10-18,01:25.0,08-10-18
10-08-18,4:00:14 AM,4,Aug-18,Winter-2018,21.1,231.2,23.0,0.0,0.0,1022.2,99.1,12.3,23.0,31.1,23.1,00:14.0,08-10-18,01:36.0,08-10-18
10-08-18,4:00:14 AM,5,Aug-18,Winter-2018,21.1,231.2,23.0,0.0,0.0,1022.2,99.1,12.3,23.0,31.1,23.1,00:14.0,08-10-18,01:41.0,08-10-18
10-08-18,6:00:18 AM,6,Aug-18,Winter-2018,21.5,218.5,22.8,0.3,0.0,1022.2,99.5,13.0,22.7,31.1,22.9,00:18.0,08-10-18,01:19.0,08-10-18
10-08-18,7:00:14 AM,7,Aug-18,Winter-2018,16.8,218.2,22.7,0.5,4.4,1022.6,99.8,8.7,22.6,27.5,22.8,00:14.0,08-10-18,01:22.0,08-10-18
10-08-18,8:00:10 AM,8,Aug-18,Winter-2018,18.9,208.9,22.9,0.3,30.8,1023.2,100.0,11.6,22.8,26.1,23.0,00:10.0,08-10-18,01:11.0,08-10-18
10-08-18,8:00:10 AM,8,Aug-18,Winter-2018,18.9,208.9,22.9,0.3,30.8,1023.2,100.0,11.6,22.8,26.1,23.0,00:10.0,08-10-18,01:02.0,08-10-18
10-08-18,9:00:23 AM,9,Aug-18,Winter-2018,18.7,225.5,23.2,0.0,81.6,1023.7,99.7,10.9,23.0,30.4,23.5,00:23.0,08-10-18,01:16.0,08-10-18
10-08-18,10:00:18 AM,10,Aug-18,Winter-2018,22.8,220.7,23.9,0.3,264.1,1024.4,98.0,13.8,23.5,32.6,24.7,00:18.0,08-10-18,01:13.0,08-10-18
10-08-18,11:00:15 AM,11,Aug-18,Winter-2018,18.6,211.2,24.8,0.0,335.3,1024.9,95.5,10.1,24.4,29.7,25.2,00:15.0,08-10-18,01:07.0,08-10-18
10-08-18,12:00:19 PM,24,Aug-18,Winter-2018,16.8,209.4,25.3,0.0,443.8,1024.5,95.1,6.5,24.7,31.9,26.1,00:19.0,08-10-18,01:25.0,08-10-18
10-08-18,1:00:19 PM,13,Aug-18,Winter-2018,19.7,215.2,25.2,2.0,431.1,1024.0,95.4,10.1,24.5,29.7,26.1,00:19.0,08-10-18,01:30.0,08-10-18
10-08-18,2:00:14 PM,14,Aug-18,Winter-2018,21.3,212.6,25.4,0.0,411.1,1023.7,95.7,10.9,24.9,33.3,25.9,00:14.0,08-10-18,01:17.0,08-10-18
10-08-18,3:00:15 PM,15,Aug-18,Winter-2018,23.5,235.8,25.7,0.0,455.3,1023.2,93.5,15.9,24.9,31.9,26.5,00:15.0,08-10-18,01:25.0,08-10-18
10-08-18,4:00:14 PM,16,Aug-18,Winter-2018,24.0,232.4,26.0,0.3,502.7,1022.7,90.6,13.0,25.8,34.0,26.4,00:14.0,08-10-18,01:33.0,08-10-18
10-08-18,5:00:19 PM,17,Aug-18,Winter-2018,23.8,202.9,26.0,0.0,353.4,1022.5,89.1,13.0,25.6,33.3,26.4,00:19.0,08-10-18,01:47.0,08-10-18
10-08-18,6:00:14 PM,18,Aug-18,Winter-2018,22.5,201.1,25.4,0.0,158.7,1022.1,91.4,13.8,24.6,33.3,25.7,00:14.0,08-10-18,01:28.0,08-10-18
10-08-18,7:00:10 PM,19,Aug-18,Winter-2018,20.5,211.0,24.4,0.0,28.8,1022.1,94.6,12.3,24.2,31.1,24.6,00:10.0,08-10-18,01:21.0,08-10-18
10-08-18,8:00:19 PM,20,Aug-18,Winter-2018,20.1,200.6,24.0,0.0,0.8,1022.5,93.6,10.1,23.8,31.9,24.3,00:19.0,08-10-18,01:20.0,08-10-18
10-08-18,9:00:14 PM,21,Aug-18,Winter-2018,23.2,192.7,23.7,0.0,0.0,1022.9,94.4,13.8,23.6,31.1,23.8,00:14.0,08-10-18,01:22.0,08-10-18
10-08-18,10:00:18 PM,22,Aug-18,Winter-2018,25.3,194.9,23.5,0.0,0.0,1023.3,95.4,15.2,23.4,48.5,23.6,00:18.0,08-10-18,01:34.0,08-10-18
10-08-18,11:00:14 PM,23,Aug-18,Winter-2018,26.6,198.9,23.4,0.0,0.0,1023.7,95.2,17.4,23.4,41.3,23.5,00:14.0,08-10-18,01:24.0,08-10-18
11-08-18,12:00:18 AM,12,Aug-18,Winter-2018,27.4,210.2,23.3,0.0,0.0,1023.4,95.9,17.4,23.3,41.3,23.5,00:18.0,08-11-18,01:28.0,08-11-18
11-08-18,1:00:19 AM,1,Aug-18,Winter-2018,21.9,220.2,23.3,0.0,0.0,1023.2,96.5,14.5,23.3,32.6,23.3,00:19.0,08-11-18,01:30.0,08-11-18
11-08-18,2:00:18 AM,2,Aug-18,Winter-2018,22.6,208.9,23.3,0.0,0.0,1022.6,96.5,13.8,23.1,31.9,23.4,00:18.0,08-11-18,01:16.0,08-11-18
11-08-18,3:00:10 AM,3,Aug-18,Winter-2018,20.5,211.5,23.1,0.0,0.0,1022.2,97.7,10.9,23.0,29.7,23.1,00:10.0,08-11-18,01:07.0,08-11-18
11-08-18,4:00:18 AM,4,Aug-18,Winter-2018,18.5,231.0,22.9,1.0,0.0,1021.9,98.8,8.7,22.9,29.7,23.0,00:18.0,08-11-18,01:36.0,08-11-18
11-08-18,5:00:19 AM,5,Aug-18,Winter-2018,17.0,215.5,22.8,0.3,0.0,1021.4,99.8,8.7,22.8,24.6,22.9,00:19.0,08-11-18,01:47.0,08-11-18
11-08-18,6:00:15 AM,6,Aug-18,Winter-2018,20.3,228.7,22.9,0.3,0.0,1021.3,99.2,10.9,22.8,33.3,23.0,00:15.0,08-11-18,01:22.0,08-11-18
11-08-18,7:00:18 AM,7,Aug-18,Winter-2018,20.8,226.1,23.0,0.5,9.4,1021.7,98.4,12.3,22.9,31.9,23.0,00:18.0,08-11-18,01:18.0,08-11-18
11-08-18,8:00:14 AM,8,Aug-18,Winter-2018,19.4,237.2,23.0,0.3,42.9,1022.1,99.6,11.6,22.9,31.1,23.1,00:14.0,08-11-18,01:29.0,08-11-18
11-08-18,8:00:14 AM,8,Aug-18,Winter-2018,19.4,237.2,23.0,0.3,42.9,1022.1,99.6,11.6,22.9,31.1,23.1,00:14.0,08-11-18,01:10.0,08-11-18
11-08-18,9:00:19 AM,9,Aug-18,Winter-2018,19.9,218.4,23.3,0.3,110.1,1022.5,99.6,11.6,23.1,30.4,23.5,00:19.0,08-11-18,01:26.0,08-11-18
11-08-18,10:00:18 AM,10,Aug-18,Winter-2018,19.8,240.7,23.5,0.0,170.7,1022.7,99.1,11.6,23.4,31.1,24.0,00:18.0,08-11-18,01:32.0,08-11-18
11-08-18,11:00:14 AM,11,Aug-18,Winter-2018,19.0,245.1,23.9,2.3,188.8,1022.9,98.5,11.6,23.5,31.1,24.3,00:14.0,08-11-18,01:35.0,08-11-18
11-08-18,12:00:14 PM,24,Aug-18,Winter-2018,19.8,228.0,23.8,0.5,375.8,1022.6,99.8,10.1,23.5,32.6,24.9,00:14.0,08-11-18,01:19.0,08-11-18
11-08-18,1:00:18 PM,13,Aug-18,Winter-2018,21.2,229.2,25.5,0.0,547.9,1022.2,94.2,9.4,25.1,34.0,26.1,00:18.0,08-11-18,01:37.0,08-11-18
11-08-18,2:00:19 PM,14,Aug-18,Winter-2018,21.5,232.7,26.5,0.0,641.0,1021.4,90.1,11.6,26.1,32.6,26.8,00:19.0,08-11-18,01:27.0,08-11-18
11-08-18,3:00:12 PM,15,Aug-18,Winter-2018,20.9,217.1,26.3,0.3,400.4,1020.6,90.8,13.0,25.8,31.9,26.5,00:12.0,08-11-18,01:23.0,08-11-18
11-08-18,4:00:19 PM,16,Aug-18,Winter-2018,23.7,214.4,26.1,0.0,431.0,1020.3,90.4,13.8,25.9,34.0,26.3,00:19.0,08-11-18,01:28.0,08-11-18
11-08-18,5:00:15 PM,17,Aug-18,Winter-2018,26.4,219.6,25.7,0.0,298.2,1019.6,91.6,12.3,25.4,36.9,26.2,00:15.0,08-11-18,01:27.0,08-11-18
11-08-18,6:00:12 PM,18,Aug-18,Winter-2018,26.0,218.8,25.1,0.0,113.5,1019.1,92.4,14.5,24.6,37.7,25.5,00:12.0,08-11-18,01:22.0,08-11-18
11-08-18,7:00:13 PM,19,Aug-18,Winter-2018,26.0,214.4,24.3,0.0,31.4,1019.3,93.7,17.4,24.1,36.9,24.6,00:13.0,08-11-18,01:25.0,08-11-18
11-08-18,8:00:15 PM,20,Aug-18,Winter-2018,22.5,204.2,24.0,0.0,1.0,1019.8,95.2,13.0,23.9,33.3,24.1,00:15.0,08-11-18,01:23.0,08-11-18
11-08-18,9:00:19 PM,21,Aug-18,Winter-2018,23.5,215.7,23.8,0.0,0.0,1020.2,96.4,13.8,23.7,36.9,23.9,00:19.0,08-11-18,01:26.0,08-11-18
11-08-18,10:00:15 PM,22,Aug-18,Winter-2018,26.1,189.4,23.6,0.0,0.0,1020.6,97.3,15.9,23.5,37.7,23.7,00:15.0,08-11-18,01:23.0,08-11-18
11-08-18,11:00:18 PM,23,Aug-18,Winter-2018,24.6,217.7,23.5,0.0,0.0,1020.6,97.4,14.5,23.4,34.8,23.6,00:18.0,08-11-18,01:31.0,08-11-18
12-08-18,12:00:14 AM,12,Aug-18,Winter-2018,23.5,213.9,23.6,0.0,0.0,1020.6,96.9,15.9,23.5,34.0,23.6,00:14.0,08-12-18,01:12.0,08-12-18
12-08-18,1:00:18 AM,1,Aug-18,Winter-2018,22.0,219.0,23.4,0.0,0.0,1020.3,97.0,14.5,23.3,31.9,23.5,00:18.0,08-12-18,01:29.0,08-12-18
12-08-18,2:00:18 AM,2,Aug-18,Winter-2018,20.6,210.6,23.2,0.5,0.0,1019.4,98.2,12.3,22.9,31.9,23.4,00:18.0,08-12-18,01:26.0,08-12-18
12-08-18,3:00:19 AM,3,Aug-18,Winter-2018,21.9,213.1,22.9,0.0,0.0,1018.6,98.9,11.6,22.9,33.3,23.0,00:19.0,08-12-18,01:24.0,08-12-18
12-08-18,4:00:18 AM,4,Aug-18,Winter-2018,23.0,217.3,22.9,0.8,0.0,1017.9,99.1,12.3,22.8,35.5,23.0,00:18.0,08-12-18,01:34.0,08-12-18
12-08-18,5:00:19 AM,5,Aug-18,Winter-2018,22.1,235.5,22.8,0.3,0.0,1017.6,99.5,11.6,22.7,34.0,22.9,00:19.0,08-12-18,01:47.0,08-12-18
12-08-18,6:00:15 AM,6,Aug-18,Winter-2018,21.3,225.0,22.8,0.5,0.0,1017.7,99.6,8.7,22.8,33.3,22.9,00:15.0,08-12-18,01:31.0,08-12-18
12-08-18,7:00:14 AM,7,Aug-18,Winter-2018,23.1,204.1,22.8,0.8,6.0,1017.9,99.8,10.1,22.7,39.1,22.9,00:14.0,08-12-18,01:24.0,08-12-18
12-08-18,8:00:15 AM,8,Aug-18,Winter-2018,23.4,231.9,22.8,1.8,37.9,1018.3,99.9,13.0,22.7,35.5,22.8,00:15.0,08-12-18,01:32.0,08-12-18
12-08-18,8:00:15 AM,8,Aug-18,Winter-2018,23.4,231.9,22.8,1.8,37.9,1018.3,99.9,13.0,22.7,35.5,22.8,00:15.0,08-12-18,01:10.0,08-12-18
12-08-18,9:00:18 AM,9,Aug-18,Winter-2018,23.8,215.7,23.0,0.8,97.3,1018.9,99.5,13.0,22.8,35.5,23.1,00:18.0,08-12-18,01:27.0,08-12-18
12-08-18,10:00:18 AM,10,Aug-18,Winter-2018,24.3,194.2,23.3,0.0,149.1,1019.3,97.6,13.0,23.0,37.7,23.7,00:18.0,08-12-18,01:27.0,08-12-18
12-08-18,11:00:18 AM,11,Aug-18,Winter-2018,22.3,210.9,24.0,0.3,232.2,1019.4,95.6,14.5,23.7,32.6,24.5,00:18.0,08-12-18,01:17.0,08-12-18
12-08-18,12:00:14 PM,24,Aug-18,Winter-2018,23.6,223.3,23.4,4.1,194.7,1019.3,97.9,10.9,22.8,36.9,24.3,00:14.0,08-12-18,01:34.0,08-12-18
12-08-18,1:00:25 PM,13,Aug-18,Winter-2018,22.0,215.4,24.3,0.5,301.7,1019.0,95.7,12.3,23.7,30.4,24.7,00:25.0,08-12-18,01:34.0,08-12-18
12-08-18,2:00:18 PM,14,Aug-18,Winter-2018,22.5,229.9,25.4,0.0,511.4,1018.3,92.9,13.0,24.3,31.9,25.8,00:18.0,08-12-18,01:29.0,08-12-18
12-08-18,3:00:15 PM,15,Aug-18,Winter-2018,18.4,203.4,25.3,0.0,264.8,1017.4,92.9,10.1,25.1,29.7,25.7,00:15.0,08-12-18,01:24.0,08-12-18
12-08-18,4:00:15 PM,16,Aug-18,Winter-2018,21.9,218.0,25.5,0.3,284.5,1016.8,90.2,12.3,25.2,32.6,25.8,00:15.0,08-12-18,01:29.0,08-12-18
12-08-18,5:00:15 PM,17,Aug-18,Winter-2018,21.7,227.2,25.2,0.0,242.5,1016.2,90.9,10.9,25.0,29.7,25.4,00:15.0,08-12-18,01:35.0,08-12-18
12-08-18,6:00:18 PM,18,Aug-18,Winter-2018,19.9,201.4,24.6,0.0,110.6,1016.0,92.1,11.6,24.1,29.0,25.0,00:18.0,08-12-18,01:33.0,08-12-18
12-08-18,7:00:15 PM,19,Aug-18,Winter-2018,19.9,196.2,23.9,0.0,39.7,1016.0,94.8,12.3,23.6,29.7,24.1,00:15.0,08-12-18,01:24.0,08-12-18
12-08-18,8:00:18 PM,20,Aug-18,Winter-2018,20.3,199.3,23.2,0.8,0.5,1016.4,97.0,12.3,22.8,29.0,23.6,00:18.0,08-12-18,01:29.0,08-12-18
12-08-18,9:00:14 PM,21,Aug-18,Winter-2018,21.1,198.3,22.9,0.0,0.0,1016.8,97.8,13.0,22.8,29.7,22.9,00:14.0,08-12-18,01:22.0,08-12-18
12-08-18,10:00:10 PM,22,Aug-18,Winter-2018,21.5,186.7,22.8,1.3,0.0,1017.1,99.1,12.3,22.7,31.9,22.9,00:10.0,08-12-18,01:20.0,08-12-18
12-08-18,11:00:14 PM,23,Aug-18,Winter-2018,17.0,188.2,22.9,0.3,0.0,1017.3,99.4,9.4,22.9,25.3,22.9,00:14.0,08-12-18,01:32.0,08-12-18
13-08-18,12:00:10 AM,12,Aug-18,Winter-2018,19.6,187.5,23.0,0.0,0.0,1017.2,98.7,11.6,22.9,31.9,23.1,00:10.0,8/13/2018,01:22.0,8/13/2018
13-08-18,1:00:14 AM,1,Aug-18,Winter-2018,18.1,203.1,23.0,0.0,0.0,1016.8,98.9,10.1,22.9,26.1,23.1,00:14.0,8/13/2018,01:02.0,8/13/2018
13-08-18,2:00:10 AM,2,Aug-18,Winter-2018,20.7,218.7,23.0,0.5,0.0,1016.4,99.1,12.3,22.8,30.4,23.0,00:10.0,8/13/2018,00:42.0,8/13/2018
13-08-18,3:00:14 AM,3,Aug-18,Winter-2018,18.8,194.7,22.7,0.8,0.0,1015.5,99.8,10.1,22.6,30.4,22.8,00:14.0,8/13/2018,00:57.0,8/13/2018
13-08-18,4:00:18 AM,4,Aug-18,Winter-2018,20.1,202.1,22.6,0.3,0.0,1015.0,99.7,11.6,22.5,29.7,22.8,00:18.0,8/13/2018,01:05.0,8/13/2018
13-08-18,5:00:19 AM,5,Aug-18,Winter-2018,16.4,213.8,22.8,1.3,0.0,1015.1,99.5,10.1,22.7,23.9,22.8,00:19.0,8/13/2018,01:20.0,8/13/2018
13-08-18,6:00:15 AM,6,Aug-18,Winter-2018,16.9,207.2,22.7,1.5,0.0,1015.3,100.0,9.4,22.6,29.7,22.8,00:15.0,8/13/2018,01:18.0,8/13/2018
13-08-18,7:00:14 AM,7,Aug-18,Winter-2018,17.4,198.1,22.7,1.8,6.0,1016.1,100.0,10.1,22.7,27.5,22.8,00:14.0,8/13/2018,01:22.0,8/13/2018
13-08-18,8:00:18 AM,8,Aug-18,Winter-2018,19.0,189.2,22.8,0.0,38.4,1016.9,100.0,9.4,22.7,29.7,23.0,00:18.0,8/13/2018,01:26.0,8/13/2018
13-08-18,8:00:18 AM,8,Aug-18,Winter-2018,19.0,189.2,22.8,0.0,38.4,1016.9,100.0,9.4,22.7,29.7,23.0,00:18.0,8/13/2018,01:10.0,8/13/2018
13-08-18,9:00:14 AM,9,Aug-18,Winter-2018,17.1,200.6,23.1,0.5,89.1,1017.6,100.0,10.9,22.9,26.1,23.3,00:14.0,8/13/2018,01:24.0,8/13/2018
13-08-18,10:00:14 AM,10,Aug-18,Winter-2018,17.9,219.1,23.6,0.8,155.8,1018.0,99.6,9.4,23.3,27.5,23.9,00:14.0,8/13/2018,01:21.0,8/13/2018
13-08-18,11:00:15 AM,11,Aug-18,Winter-2018,16.4,224.7,23.8,0.5,205.4,1018.4,99.2,8.0,23.5,25.3,24.2,00:15.0,8/13/2018,01:31.0,8/13/2018
13-08-18,12:00:15 PM,24,Aug-18,Winter-2018,16.4,227.5,24.5,0.0,262.5,1018.6,96.2,10.1,24.2,26.1,24.8,00:15.0,8/13/2018,01:22.0,8/13/2018
13-08-18,1:00:10 PM,13,Aug-18,Winter-2018,17.6,209.9,24.8,2.0,326.1,1018.2,95.2,6.5,24.1,29.0,25.6,00:10.0,8/13/2018,01:23.0,8/13/2018
13-08-18,2:00:18 PM,14,Aug-18,Winter-2018,19.4,213.9,25.2,0.0,470.4,1017.8,94.0,8.0,24.3,29.7,25.9,00:18.0,8/13/2018,01:31.0,8/13/2018
13-08-18,3:00:10 PM,15,Aug-18,Winter-2018,17.3,219.6,25.7,0.0,356.9,1017.5,92.8,5.8,25.2,34.0,26.0,00:10.0,8/13/2018,01:19.0,8/13/2018
13-08-18,4:00:14 PM,16,Aug-18,Winter-2018,15.7,202.6,25.1,0.8,216.0,1017.1,95.3,8.0,24.5,26.8,25.6,00:14.0,8/13/2018,01:22.0,8/13/2018
13-08-18,5:00:14 PM,17,Aug-18,Winter-2018,17.6,234.5,24.8,0.3,145.8,1016.9,95.1,10.1,24.6,26.8,25.0,00:14.0,8/13/2018,01:32.0,8/13/2018
13-08-18,6:00:11 PM,18,Aug-18,Winter-2018,14.7,211.4,24.6,0.0,46.4,1017.0,95.5,7.2,24.5,24.6,24.8,00:11.0,8/13/2018,01:29.0,8/13/2018
13-08-18,7:00:14 PM,19,Aug-18,Winter-2018,15.9,188.7,24.2,0.0,19.7,1017.5,95.2,8.7,24.0,26.1,24.5,00:14.0,8/13/2018,01:15.0,8/13/2018
13-08-18,8:00:10 PM,20,Aug-18,Winter-2018,17.0,207.0,24.0,0.0,1.0,1017.9,95.2,10.1,23.9,24.6,24.0,00:10.0,8/13/2018,01:05.0,8/13/2018
13-08-18,9:00:19 PM,21,Aug-18,Winter-2018,16.9,208.1,23.7,0.3,0.0,1018.7,96.8,5.1,23.5,26.1,23.9,00:19.0,8/13/2018,01:20.0,8/13/2018
13-08-18,10:00:14 PM,22,Aug-18,Winter-2018,18.1,214.7,23.4,0.0,0.0,1019.2,97.7,11.6,23.4,26.1,23.5,00:14.0,8/13/2018,01:20.0,8/13/2018
13-08-18,11:00:15 PM,23,Aug-18,Winter-2018,17.1,213.4,23.4,0.0,0.0,1019.4,98.2,9.4,23.4,26.1,23.5,00:15.0,8/13/2018,01:11.0,8/13/2018
14-08-18,12:00:18 AM,12,Aug-18,Winter-2018,19.6,209.3,23.4,0.0,0.0,1019.3,98.1,11.6,23.3,29.0,23.5,00:18.0,8/14/2018,01:20.0,8/14/2018
14-08-18,1:00:12 AM,1,Aug-18,Winter-2018,20.1,208.8,23.4,0.0,0.0,1019.1,98.6,11.6,23.3,31.9,23.4,00:12.0,8/14/2018,01:13.0,8/14/2018
14-08-18,2:00:18 AM,2,Aug-18,Winter-2018,19.0,220.9,23.3,0.0,0.0,1018.7,99.2,11.6,23.2,29.0,23.4,00:18.0,8/14/2018,01:24.0,8/14/2018
14-08-18,3:00:14 AM,3,Aug-18,Winter-2018,19.8,206.3,23.3,0.3,0.0,1018.1,99.2,11.6,23.2,30.4,23.3,00:14.0,8/14/2018,01:16.0,8/14/2018
14-08-18,4:00:18 AM,4,Aug-18,Winter-2018,20.3,225.0,23.2,0.0,0.0,1017.7,98.8,11.6,23.2,29.7,23.3,00:18.0,8/14/2018,01:25.0,8/14/2018
14-08-18,5:00:13 AM,5,Aug-18,Winter-2018,20.0,224.4,23.2,0.0,0.0,1017.7,98.7,10.9,23.2,31.9,23.2,00:13.0,8/14/2018,01:31.0,8/14/2018
14-08-18,6:00:19 AM,6,Aug-18,Winter-2018,19.9,228.0,23.1,0.0,0.0,1018.0,98.8,10.9,23.1,29.0,23.2,00:19.0,8/14/2018,01:09.0,8/14/2018
14-08-18,7:00:10 AM,7,Aug-18,Winter-2018,17.2,236.3,23.2,0.3,4.8,1018.5,98.9,8.7,23.1,27.5,23.2,00:10.0,8/14/2018,01:04.0,8/14/2018
14-08-18,8:00:10 AM,8,Aug-18,Winter-2018,17.3,223.0,23.2,0.0,31.0,1019.2,98.5,7.2,23.2,30.4,23.3,00:10.0,8/14/2018,01:05.0,8/14/2018
14-08-18,8:00:10 AM,8,Aug-18,Winter-2018,17.3,223.0,23.2,0.0,31.0,1019.2,98.5,7.2,23.2,30.4,23.3,00:10.0,8/14/2018,01:04.0,8/14/2018
14-08-18,9:00:10 AM,9,Aug-18,Winter-2018,20.1,222.3,23.6,0.3,159.4,1019.6,97.8,10.9,23.3,29.7,24.1,00:10.0,8/14/2018,01:11.0,8/14/2018
14-08-18,10:00:17 AM,10,Aug-18,Winter-2018,18.4,209.9,24.0,0.0,176.3,1020.1,96.9,8.7,23.8,26.8,24.2,00:17.0,8/14/2018,01:09.0,8/14/2018
14-08-18,11:00:16 AM,11,Aug-18,Winter-2018,20.2,215.5,24.6,0.0,305.0,1020.3,95.3,8.7,24.2,31.1,24.9,00:16.0,8/14/2018,01:13.0,8/14/2018
14-08-18,12:00:15 PM,24,Aug-18,Winter-2018,17.7,221.5,24.4,0.3,229.5,1020.2,96.0,9.4,24.2,29.0,24.8,00:15.0,8/14/2018,01:11.0,8/14/2018
14-08-18,1:00:15 PM,13,Aug-18,Winter-2018,18.3,216.8,25.0,0.3,285.8,1020.0,94.7,9.4,24.7,27.5,25.3,00:15.0,8/14/2018,01:12.0,8/14/2018
14-08-18,2:00:15 PM,14,Aug-18,Winter-2018,18.6,233.6,25.4,0.0,466.6,1019.4,93.4,8.7,24.8,34.0,26.1,00:15.0,8/14/2018,01:11.0,8/14/2018
14-08-18,3:00:15 PM,15,Aug-18,Winter-2018,15.0,216.3,25.4,1.0,236.5,1018.5,94.5,7.2,25.0,27.5,25.7,00:15.0,8/14/2018,01:12.0,8/14/2018
14-08-18,4:00:15 PM,16,Aug-18,Winter-2018,16.5,239.4,25.4,0.0,278.9,1017.8,93.9,8.7,25.0,26.8,25.8,00:15.0,8/14/2018,01:11.0,8/14/2018
14-08-18,5:00:15 PM,17,Aug-18,Winter-2018,18.7,206.2,25.3,0.0,235.8,1017.5,92.6,12.3,25.2,27.5,25.4,00:15.0,8/14/2018,01:22.0,8/14/2018
14-08-18,6:00:15 PM,18,Aug-18,Winter-2018,19.0,215.4,25.2,0.0,140.4,1017.3,92.2,11.6,24.9,28.2,25.4,00:15.0,8/14/2018,01:12.0,8/14/2018
14-08-18,7:00:15 PM,19,Aug-18,Winter-2018,15.8,202.2,24.6,0.0,43.9,1017.6,93.1,9.4,24.4,23.2,24.9,00:15.0,8/14/2018,01:12.0,8/14/2018
14-08-18,8:00:15 PM,20,Aug-18,Winter-2018,16.2,197.2,24.1,0.0,0.4,1018.1,94.3,10.9,24.0,23.9,24.4,00:15.0,8/14/2018,01:12.0,8/14/2018
14-08-18,9:00:15 PM,21,Aug-18,Winter-2018,16.6,206.2,23.9,0.0,0.0,1018.9,95.2,8.7,23.8,23.2,24.0,00:15.0,8/14/2018,01:13.0,8/14/2018
14-08-18,10:00:10 PM,22,Aug-18,Winter-2018,15.6,195.4,23.8,0.0,0.0,1019.4,95.6,9.4,23.8,22.5,23.9,00:10.0,8/14/2018,00:57.0,8/14/2018
14-08-18,11:00:10 PM,23,Aug-18,Winter-2018,18.5,183.0,23.8,0.0,0.0,1019.9,96.0,11.6,23.7,26.1,23.8,00:10.0,8/14/2018,01:07.0,8/14/2018
15-08-18,12:00:20 AM,12,Aug-18,Winter-2018,19.1,193.2,23.7,0.0,0.0,1019.8,96.5,12.3,23.6,30.4,23.8,00:20.0,8/15/2018,01:07.0,8/15/2018
15-08-18,1:00:10 AM,1,Aug-18,Winter-2018,16.5,206.5,23.7,0.0,0.0,1019.6,96.6,8.0,23.6,23.9,23.7,00:10.0,8/15/2018,01:02.0,8/15/2018
15-08-18,2:00:15 AM,2,Aug-18,Winter-2018,14.5,207.8,23.6,0.3,0.0,1019.4,97.3,8.0,23.4,21.7,23.6,00:15.0,8/15/2018,01:13.0,8/15/2018
15-08-18,3:00:15 AM,3,Aug-18,Winter-2018,17.4,216.5,23.3,0.8,0.0,1018.5,98.8,9.4,23.2,25.3,23.4,00:15.0,8/15/2018,01:13.0,8/15/2018
15-08-18,4:00:15 AM,4,Aug-18,Winter-2018,14.8,210.4,23.2,0.0,0.0,1018.1,99.0,7.2,23.2,26.8,23.3,00:15.0,8/15/2018,01:08.0,8/15/2018
15-08-18,5:00:19 AM,5,Aug-18,Winter-2018,16.3,225.2,23.3,0.0,0.0,1018.0,98.8,9.4,23.2,23.9,23.4,00:19.0,8/15/2018,01:15.0,8/15/2018
15-08-18,6:00:14 AM,6,Aug-18,Winter-2018,16.8,214.7,23.2,0.3,0.0,1018.1,99.3,8.0,23.1,25.3,23.4,00:14.0,8/15/2018,01:07.0,8/15/2018
15-08-18,7:00:14 AM,7,Aug-18,Winter-2018,15.6,240.6,23.2,0.3,3.9,1018.4,99.2,8.7,23.1,25.3,23.3,00:14.0,8/15/2018,01:12.0,8/15/2018
15-08-18,8:00:12 AM,8,Aug-18,Winter-2018,17.1,250.4,23.2,0.5,49.9,1019.1,99.7,10.1,23.1,28.2,23.4,00:12.0,8/15/2018,01:15.0,8/15/2018
15-08-18,8:00:12 AM,8,Aug-18,Winter-2018,17.1,250.4,23.2,0.5,49.9,1019.1,99.7,10.1,23.1,28.2,23.4,00:12.0,8/15/2018,00:57.0,8/15/2018
15-08-18,9:00:14 AM,9,Aug-18,Winter-2018,16.4,213.3,23.5,0.0,125.0,1019.6,99.2,9.4,23.3,23.2,23.8,00:14.0,8/15/2018,01:03.0,8/15/2018
15-08-18,10:00:15 AM,10,Aug-18,Winter-2018,15.3,263.0,23.5,5.8,56.0,1020.2,98.6,8.0,23.0,26.8,23.8,00:15.0,8/15/2018,01:15.0,8/15/2018
15-08-18,11:00:15 AM,11,Aug-18,Winter-2018,15.4,247.7,23.0,5.6,45.6,1020.5,100.0,8.0,22.9,28.2,23.1,00:15.0,8/15/2018,01:12.0,8/15/2018
15-08-18,12:00:15 PM,24,Aug-18,Winter-2018,10.9,234.2,23.8,0.0,296.2,1020.4,100.0,5.1,23.1,19.6,24.2,00:15.0,8/15/2018,01:10.0,8/15/2018
15-08-18,1:00:18 PM,13,Aug-18,Winter-2018,11.1,234.5,25.3,0.0,575.6,1020.2,97.0,4.3,24.1,18.1,26.1,00:18.0,8/15/2018,01:11.0,8/15/2018
15-08-18,2:00:14 PM,14,Aug-18,Winter-2018,13.6,187.9,25.5,0.0,266.0,1019.6,93.6,5.8,25.2,23.2,26.1,00:14.0,8/15/2018,01:11.0,8/15/2018
15-08-18,3:00:18 PM,15,Aug-18,Winter-2018,12.6,224.1,26.1,0.0,376.3,1018.9,92.3,5.8,25.7,21.7,26.4,00:18.0,8/15/2018,01:21.0,8/15/2018
15-08-18,4:00:14 PM,16,Aug-18,Winter-2018,14.9,240.1,26.1,0.0,274.9,1018.1,91.1,8.7,25.8,23.9,26.4,00:14.0,8/15/2018,01:12.0,8/15/2018
15-08-18,5:00:19 PM,17,Aug-18,Winter-2018,13.8,233.7,25.3,0.0,169.4,1017.5,92.9,5.8,25.1,20.3,25.7,00:19.0,8/15/2018,01:17.0,8/15/2018
15-08-18,6:00:24 PM,18,Aug-18,Winter-2018,12.3,223.2,25.4,0.0,129.6,1017.5,93.3,5.8,25.0,20.3,25.7,00:24.0,8/15/2018,01:22.0,8/15/2018
15-08-18,7:00:15 PM,19,Aug-18,Winter-2018,13.2,214.7,24.8,0.0,20.8,1017.8,94.4,6.5,24.6,20.3,25.0,00:15.0,8/15/2018,01:08.0,8/15/2018
15-08-18,8:00:18 PM,20,Aug-18,Winter-2018,13.7,218.7,24.3,0.0,0.0,1018.3,96.3,8.0,24.0,21.0,24.6,00:18.0,8/15/2018,01:12.0,8/15/2018
15-08-18,9:00:14 PM,21,Aug-18,Winter-2018,14.5,226.1,23.9,0.0,0.0,1019.2,97.5,7.2,23.8,21.7,24.0,00:14.0,8/15/2018,01:12.0,8/15/2018
15-08-18,10:00:13 PM,22,Aug-18,Winter-2018,13.4,208.1,23.6,0.0,0.0,1019.6,97.6,5.8,23.3,21.0,23.8,00:13.0,8/15/2018,01:07.0,8/15/2018
15-08-18,11:00:12 PM,23,Aug-18,Winter-2018,15.3,210.9,23.3,0.0,0.0,1019.9,97.8,8.7,23.3,21.7,23.4,00:12.0,8/15/2018,01:11.0,8/15/2018
16-08-18,12:00:18 AM,12,Aug-18,Winter-2018,17.7,199.1,23.2,0.0,0.0,1019.6,97.8,12.3,23.1,23.9,23.3,00:18.0,8/16/2018,01:22.0,8/16/2018
16-08-18,1:00:14 AM,1,Aug-18,Winter-2018,17.3,198.1,23.2,0.0,0.0,1019.1,98.6,10.9,23.2,23.2,23.3,00:14.0,8/16/2018,01:13.0,8/16/2018
16-08-18,2:00:18 AM,2,Aug-18,Winter-2018,17.0,218.8,23.3,0.0,0.0,1018.6,99.1,10.1,23.2,25.3,23.3,00:18.0,8/16/2018,01:17.0,8/16/2018
16-08-18,3:00:14 AM,3,Aug-18,Winter-2018,18.2,201.4,23.2,0.0,0.0,1017.8,99.3,10.9,23.2,24.6,23.3,00:14.0,8/16/2018,01:08.0,8/16/2018
16-08-18,4:00:14 AM,4,Aug-18,Winter-2018,15.2,223.2,23.3,0.0,0.0,1017.6,99.6,9.4,23.2,20.3,23.3,00:14.0,8/16/2018,01:09.0,8/16/2018
16-08-18,5:00:19 AM,5,Aug-18,Winter-2018,15.3,235.7,23.3,1.8,0.0,1017.7,100.0,7.2,23.2,23.9,23.4,00:19.0,8/16/2018,01:16.0,8/16/2018
16-08-18,6:00:14 AM,6,Aug-18,Winter-2018,16.3,247.6,23.1,0.5,0.0,1017.8,100.0,10.1,23.0,23.9,23.2,00:14.0,8/16/2018,01:06.0,8/16/2018
16-08-18,7:00:14 AM,7,Aug-18,Winter-2018,17.4,238.6,23.0,2.0,1.2,1018.0,100.0,9.4,22.9,26.1,23.0,00:14.0,8/16/2018,01:11.0,8/16/2018
16-08-18,8:00:18 AM,8,Aug-18,Winter-2018,22.5,222.9,23.0,1.8,6.0,1018.4,100.0,13.8,22.9,31.9,23.0,00:18.0,8/16/2018,01:20.0,8/16/2018
16-08-18,8:00:18 AM,8,Aug-18,Winter-2018,22.5,222.9,23.0,1.8,6.0,1018.4,100.0,13.8,22.9,31.9,23.0,00:18.0,8/16/2018,01:06.0,8/16/2018
16-08-18,9:00:14 AM,9,Aug-18,Winter-2018,21.6,233.0,22.9,7.1,9.9,1019.2,100.0,7.2,22.8,33.3,23.0,00:14.0,8/16/2018,01:13.0,8/16/2018
16-08-18,10:00:14 AM,10,Aug-18,Winter-2018,22.7,247.6,22.8,0.0,31.5,1019.5,100.0,15.2,22.8,32.6,22.9,00:14.0,8/16/2018,01:07.0,8/16/2018
16-08-18,11:00:14 AM,11,Aug-18,Winter-2018,18.8,265.2,23.0,0.0,41.1,1019.5,100.0,10.9,22.9,28.2,23.0,00:14.0,8/16/2018,01:12.0,8/16/2018
16-08-18,12:00:19 PM,24,Aug-18,Winter-2018,18.9,243.5,23.1,0.5,34.5,1019.5,100.0,10.9,23.0,29.0,23.1,00:19.0,8/16/2018,01:11.0,8/16/2018
16-08-18,1:00:14 PM,13,Aug-18,Winter-2018,18.5,258.8,23.2,1.3,39.7,1019.3,100.0,10.9,23.1,29.7,23.3,00:14.0,8/16/2018,01:12.0,8/16/2018
16-08-18,2:00:18 PM,14,Aug-18,Winter-2018,18.0,268.9,23.2,3.8,34.3,1018.5,100.0,9.4,23.2,29.7,23.3,00:18.0,8/16/2018,01:16.0,8/16/2018
16-08-18,3:00:14 PM,15,Aug-18,Winter-2018,16.6,247.0,23.1,3.6,37.3,1017.8,100.0,10.1,23.1,24.6,23.3,00:14.0,8/16/2018,01:07.0,8/16/2018
16-08-18,4:00:14 PM,16,Aug-18,Winter-2018,18.6,235.8,23.4,2.3,30.9,1017.1,100.0,10.1,23.3,25.3,23.4,00:14.0,8/16/2018,01:12.0,8/16/2018
16-08-18,5:00:18 PM,17,Aug-18,Winter-2018,17.5,244.9,23.4,0.8,16.7,1016.6,100.0,10.9,23.3,29.0,23.4,00:18.0,8/16/2018,01:21.0,8/16/2018
16-08-18,6:00:14 PM,18,Aug-18,Winter-2018,15.7,228.9,23.3,0.5,19.3,1015.9,100.0,8.7,23.2,23.9,23.4,00:14.0,8/16/2018,01:13.0,8/16/2018
16-08-18,7:00:19 PM,19,Aug-18,Winter-2018,18.9,220.7,23.5,0.3,8.3,1015.9,99.4,10.9,23.2,26.8,23.8,00:19.0,8/16/2018,01:17.0,8/16/2018
16-08-18,8:00:14 PM,20,Aug-18,Winter-2018,21.6,224.1,23.7,0.0,0.0,1016.2,98.8,11.6,23.7,31.1,23.8,00:14.0,8/16/2018,01:17.0,8/16/2018
16-08-18,9:00:15 PM,21,Aug-18,Winter-2018,24.8,209.6,23.5,0.5,0.0,1016.3,99.7,16.7,23.5,31.9,23.7,00:15.0,8/16/2018,01:08.0,8/16/2018
16-08-18,10:00:18 PM,22,Aug-18,Winter-2018,27.2,210.2,23.5,5.3,0.0,1016.4,99.8,17.4,23.5,36.2,23.6,00:18.0,8/16/2018,01:17.0,8/16/2018
16-08-18,11:00:14 PM,23,Aug-18,Winter-2018,28.1,212.6,23.5,11.9,0.0,1016.4,99.9,14.5,23.5,35.5,23.5,00:14.0,8/16/2018,01:12.0,8/16/2018
17-08-18,12:00:18 AM,12,Aug-18,Winter-2018,28.1,202.2,23.6,13.2,0.0,1015.8,100.0,14.5,23.5,39.8,23.6,00:18.0,8/17/2018,01:22.0,8/17/2018
17-08-18,1:00:14 AM,1,Aug-18,Winter-2018,17.9,65.7,23.4,75.9,0.0,1015.7,100.0,0.0,23.3,39.1,23.6,00:14.0,8/17/2018,02:09.0,8/17/2018
17-08-18,1:00:14 AM,1,Aug-18,Winter-2018,17.9,65.7,23.4,75.9,0.0,1015.7,100.0,0.0,23.3,39.1,23.6,00:14.0,8/17/2018,00:58.0,8/17/2018
17-08-18,2:00:19 AM,2,Aug-18,Winter-2018,14.9,207.0,23.2,65.5,0.0,1015.9,100.0,0.0,23.1,30.4,23.3,00:19.0,8/17/2018,01:04.0,8/17/2018
17-08-18,3:00:13 AM,3,Aug-18,Winter-2018,17.0,253.6,23.1,23.6,0.0,1014.8,100.0,7.2,23.0,24.6,23.2,00:13.0,8/17/2018,01:14.0,8/17/2018
17-08-18,4:00:14 AM,4,Aug-18,Winter-2018,16.2,245.2,22.9,7.9,0.0,1014.4,100.0,8.0,22.8,25.3,23.0,00:14.0,8/17/2018,01:09.0,8/17/2018
17-08-18,5:00:19 AM,5,Aug-18,Winter-2018,23.8,230.7,22.5,6.1,0.0,1014.3,100.0,12.3,22.2,40.6,22.8,00:19.0,8/17/2018,01:17.0,8/17/2018
17-08-18,6:00:14 AM,6,Aug-18,Winter-2018,22.0,228.4,22.3,4.3,0.0,1014.8,100.0,13.0,22.2,33.3,22.4,00:14.0,8/17/2018,01:06.0,8/17/2018
17-08-18,7:00:14 AM,7,Aug-18,Winter-2018,20.5,227.5,22.3,8.1,2.6,1015.2,100.0,10.9,22.2,31.9,22.4,00:14.0,8/17/2018,01:57.0,8/17/2018
17-08-18,8:00:14 AM,8,Aug-18,Winter-2018,23.0,226.6,22.0,1.8,14.4,1016.2,100.0,13.0,21.9,35.5,22.2,00:14.0,8/17/2018,02:06.0,8/17/2018
17-08-18,9:00:29 AM,9,Aug-18,Winter-2018,20.3,232.7,21.9,4.6,30.5,1017.0,100.0,8.0,21.9,31.1,22.0,00:29.0,8/17/2018,02:13.0,8/17/2018
17-08-18,10:00:15 AM,10,Aug-18,Winter-2018,18.2,236.3,22.0,3.0,76.0,1017.4,100.0,10.9,22.0,28.2,22.1,00:15.0,8/17/2018,01:11.0,8/17/2018
17-08-18,11:00:17 AM,11,Aug-18,Winter-2018,21.4,236.4,22.1,1.5,59.6,1017.4,100.0,11.6,22.0,31.1,22.2,00:17.0,8/17/2018,01:22.0,8/17/2018
17-08-18,12:00:13 PM,24,Aug-18,Winter-2018,18.9,216.5,22.2,0.0,69.5,1017.4,100.0,9.4,22.0,32.6,22.4,00:13.0,8/17/2018,01:26.0,8/17/2018
17-08-18,1:00:12 PM,13,Aug-18,Winter-2018,18.0,235.2,22.5,0.3,69.6,1017.2,100.0,10.9,22.3,31.9,22.6,00:12.0,8/17/2018,01:31.0,8/17/2018
17-08-18,2:00:19 PM,14,Aug-18,Winter-2018,21.8,242.5,22.2,1.3,48.8,1016.8,100.0,10.9,22.0,32.6,22.6,00:19.0,8/17/2018,01:37.0,8/17/2018
17-08-18,3:00:12 PM,15,Aug-18,Winter-2018,18.9,241.3,22.4,0.5,40.4,1016.2,100.0,10.1,22.2,31.9,22.5,00:12.0,8/17/2018,01:42.0,8/17/2018
17-08-18,4:00:19 PM,16,Aug-18,Winter-2018,19.1,222.3,22.5,0.5,53.5,1015.5,100.0,7.2,22.5,32.6,22.6,00:19.0,8/17/2018,01:52.0,8/17/2018
17-08-18,5:00:12 PM,17,Aug-18,Winter-2018,20.4,240.1,22.7,0.0,92.0,1015.3,100.0,10.9,22.6,31.9,22.7,00:12.0,8/17/2018,01:56.0,8/17/2018
17-08-18,6:00:15 PM,18,Aug-18,Winter-2018,17.0,229.5,22.9,0.0,47.6,1015.5,100.0,8.7,22.7,26.8,23.0,00:15.0,8/17/2018,01:04.0,8/17/2018
17-08-18,7:00:14 PM,19,Aug-18,Winter-2018,20.1,219.6,22.9,0.5,7.2,1015.9,100.0,10.1,22.8,29.7,23.0,00:14.0,8/17/2018,01:10.0,8/17/2018
17-08-18,8:00:14 PM,20,Aug-18,Winter-2018,19.4,214.4,22.9,1.3,0.0,1016.4,100.0,12.3,22.8,29.7,22.9,00:14.0,8/17/2018,01:11.0,8/17/2018
17-08-18,9:00:12 PM,21,Aug-18,Winter-2018,19.3,213.6,22.9,1.0,0.0,1016.9,100.0,10.9,22.7,31.9,23.0,00:12.0,8/17/2018,01:01.0,8/17/2018
17-08-18,10:00:15 PM,22,Aug-18,Winter-2018,17.3,220.4,22.8,0.5,0.0,1017.4,100.0,8.7,22.7,26.1,22.8,00:15.0,8/17/2018,01:08.0,8/17/2018
17-08-18,11:00:18 PM,23,Aug-18,Winter-2018,21.6,229.0,22.9,0.3,0.0,1017.8,100.0,11.6,22.8,29.0,23.0,00:18.0,8/17/2018,01:14.0,8/17/2018
18-08-18,12:00:15 AM,12,Aug-18,Winter-2018,18.2,207.5,22.9,0.3,0.0,1018.0,100.0,11.6,22.8,27.5,23.0,00:15.0,8/18/2018,01:11.0,8/18/2018
18-08-18,1:00:15 AM,1,Aug-18,Winter-2018,20.0,202.4,22.7,0.0,0.0,1017.8,99.7,10.9,22.7,33.3,22.8,00:15.0,8/18/2018,01:11.0,8/18/2018
18-08-18,2:00:18 AM,2,Aug-18,Winter-2018,20.1,219.3,22.7,0.0,0.0,1017.2,98.9,12.3,22.7,28.2,22.7,00:18.0,8/18/2018,01:19.0,8/18/2018
18-08-18,3:00:14 AM,3,Aug-18,Winter-2018,20.5,229.9,22.7,0.0,0.0,1016.9,98.1,12.3,22.7,29.7,22.8,00:14.0,8/18/2018,01:11.0,8/18/2018
18-08-18,4:00:18 AM,4,Aug-18,Winter-2018,19.5,225.4,22.7,0.0,0.0,1016.5,97.9,10.1,22.7,28.2,22.8,00:18.0,8/18/2018,01:09.0,8/18/2018
18-08-18,5:00:19 AM,5,Aug-18,Winter-2018,18.9,211.2,22.6,0.0,0.0,1016.6,99.5,10.9,22.4,29.7,22.8,00:19.0,8/18/2018,01:17.0,8/18/2018
18-08-18,6:00:14 AM,6,Aug-18,Winter-2018,19.8,217.1,22.5,0.0,0.0,1017.0,99.7,13.0,22.4,27.5,22.7,00:14.0,8/18/2018,01:16.0,8/18/2018
18-08-18,7:00:14 AM,7,Aug-18,Winter-2018,19.0,212.3,22.6,0.0,5.9,1017.7,99.8,12.3,22.5,28.2,22.7,00:14.0,8/18/2018,01:12.0,8/18/2018
18-08-18,8:00:19 AM,8,Aug-18,Winter-2018,18.2,222.6,22.7,0.3,48.4,1018.5,99.8,9.4,22.5,26.8,22.8,00:19.0,8/18/2018,01:08.0,8/18/2018
18-08-18,9:00:17 AM,9,Aug-18,Winter-2018,20.7,226.3,23.0,0.0,137.3,1019.3,99.1,11.6,22.6,33.3,23.1,00:17.0,8/18/2018,01:14.0,8/18/2018
18-08-18,10:00:12 AM,10,Aug-18,Winter-2018,18.4,238.9,23.0,0.0,80.8,1019.9,98.7,8.7,22.9,27.5,23.2,00:12.0,8/18/2018,01:19.0,8/18/2018
18-08-18,11:00:18 AM,11,Aug-18,Winter-2018,17.2,218.0,23.3,0.8,149.4,1020.1,99.2,10.1,23.1,26.8,23.5,00:18.0,8/18/2018,01:25.0,8/18/2018
18-08-18,12:00:15 PM,24,Aug-18,Winter-2018,20.2,225.7,23.2,0.8,172.2,1020.1,99.0,10.1,23.0,31.9,23.4,00:15.0,8/18/2018,01:30.0,8/18/2018
18-08-18,12:00:15 PM,24,Aug-18,Winter-2018,20.2,225.7,23.2,0.8,172.2,1020.1,99.0,10.1,23.0,31.9,23.4,00:15.0,8/18/2018,00:56.0,8/18/2018
18-08-18,1:00:14 PM,13,Aug-18,Winter-2018,21.7,213.4,23.6,0.0,230.7,1019.6,97.0,12.3,23.2,29.7,24.0,00:14.0,8/18/2018,01:00.0,8/18/2018
18-08-18,2:00:15 PM,14,Aug-18,Winter-2018,19.6,226.4,24.1,0.0,300.0,1019.0,96.8,11.6,23.7,28.2,24.7,00:15.0,8/18/2018,01:11.0,8/18/2018
18-08-18,3:00:15 PM,15,Aug-18,Winter-2018,19.6,211.4,23.9,0.5,296.9,1018.2,97.8,10.9,23.5,29.0,24.5,00:15.0,8/18/2018,01:06.0,8/18/2018
18-08-18,4:00:18 PM,16,Aug-18,Winter-2018,19.3,220.7,24.3,0.3,197.7,1017.8,95.9,13.0,23.5,26.8,24.7,00:18.0,8/18/2018,01:15.0,8/18/2018
18-08-18,5:00:14 PM,17,Aug-18,Winter-2018,15.3,208.5,23.8,0.0,133.2,1017.4,98.6,8.0,23.5,26.1,24.0,00:14.0,8/18/2018,01:10.0,8/18/2018
18-08-18,6:00:18 PM,18,Aug-18,Winter-2018,19.6,201.6,23.7,0.0,75.0,1017.4,97.8,12.3,23.7,27.5,23.8,00:18.0,8/18/2018,01:20.0,8/18/2018
18-08-18,7:00:15 PM,19,Aug-18,Winter-2018,19.6,193.0,23.3,0.3,14.8,1017.9,98.2,12.3,22.9,28.2,23.8,00:15.0,8/18/2018,01:07.0,8/18/2018
18-08-18,8:00:15 PM,20,Aug-18,Winter-2018,19.8,204.9,23.1,0.0,0.1,1018.7,98.9,11.6,22.9,28.2,23.3,00:15.0,8/18/2018,01:12.0,8/18/2018
18-08-18,9:00:14 PM,21,Aug-18,Winter-2018,19.4,197.6,23.2,0.3,0.0,1019.5,98.8,12.3,23.0,26.1,23.3,00:14.0,8/18/2018,01:11.0,8/18/2018
18-08-18,10:00:14 PM,22,Aug-18,Winter-2018,18.5,209.6,23.0,0.0,0.0,1020.1,99.9,10.9,23.0,28.2,23.1,00:14.0,8/18/2018,01:11.0,8/18/2018
18-08-18,11:00:18 PM,23,Aug-18,Winter-2018,23.1,209.9,23.0,0.3,0.0,1020.4,99.5,14.5,23.0,31.9,23.1,00:18.0,8/18/2018,01:15.0,8/18/2018
19-08-18,12:00:10 AM,12,Aug-18,Winter-2018,21.6,216.1,23.0,0.0,0.0,1020.3,98.5,13.0,23.0,29.7,23.1,00:10.0,8/19/2018,01:02.0,8/19/2018
19-08-18,1:00:14 AM,1,Aug-18,Winter-2018,22.6,219.1,23.0,0.0,0.0,1020.0,98.2,13.0,23.0,34.0,23.1,00:14.0,8/19/2018,01:17.0,8/19/2018
19-08-18,2:00:14 AM,2,Aug-18,Winter-2018,21.2,230.4,23.1,0.0,0.0,1019.6,97.9,13.0,23.0,30.4,23.1,00:14.0,8/19/2018,01:12.0,8/19/2018
19-08-18,3:00:14 AM,3,Aug-18,Winter-2018,19.7,227.5,23.0,0.0,0.0,1019.2,98.2,8.0,22.9,31.9,23.1,00:14.0,8/19/2018,01:11.0,8/19/2018
19-08-18,4:00:18 AM,4,Aug-18,Winter-2018,18.8,235.4,22.8,0.0,0.0,1018.9,99.2,10.9,22.7,30.4,22.9,00:18.0,8/19/2018,01:10.0,8/19/2018
19-08-18,5:00:19 AM,5,Aug-18,Winter-2018,18.6,229.8,22.6,0.0,0.0,1018.7,98.1,11.6,22.5,27.5,22.7,00:19.0,8/19/2018,01:17.0,8/19/2018
19-08-18,6:00:14 AM,6,Aug-18,Winter-2018,17.3,249.0,22.5,0.0,0.0,1019.0,99.4,10.9,22.4,29.7,22.5,00:14.0,8/19/2018,01:06.0,8/19/2018
19-08-18,7:00:14 AM,7,Aug-18,Winter-2018,18.9,240.1,22.5,0.0,2.8,1019.5,99.9,8.7,22.4,29.7,22.6,00:14.0,8/19/2018,01:11.0,8/19/2018
19-08-18,8:00:16 AM,8,Aug-18,Winter-2018,16.7,214.2,22.6,0.0,19.5,1020.0,100.0,10.1,22.6,28.2,22.7,00:16.0,8/19/2018,01:18.0,8/19/2018
19-08-18,8:00:16 AM,8,Aug-18,Winter-2018,16.7,214.2,22.6,0.0,19.5,1020.0,100.0,10.1,22.6,28.2,22.7,00:16.0,8/19/2018,01:01.0,8/19/2018
19-08-18,9:00:14 AM,9,Aug-18,Winter-2018,18.8,221.3,22.8,0.0,100.1,1020.4,100.0,10.1,22.7,32.6,23.1,00:14.0,8/19/2018,01:07.0,8/19/2018
19-08-18,10:00:15 AM,10,Aug-18,Winter-2018,15.8,238.0,23.1,0.5,90.2,1020.8,99.9,6.5,23.0,28.2,23.2,00:15.0,8/19/2018,01:05.0,8/19/2018
19-08-18,11:00:12 AM,11,Aug-18,Winter-2018,15.3,235.4,23.8,0.0,232.4,1021.1,98.9,7.2,23.2,23.2,24.0,00:12.0,8/19/2018,01:03.0,8/19/2018
19-08-18,12:00:18 PM,24,Aug-18,Winter-2018,15.3,229.5,24.3,0.8,347.9,1021.0,97.6,8.0,24.0,26.8,24.9,00:18.0,8/19/2018,01:09.0,8/19/2018
19-08-18,1:00:15 PM,13,Aug-18,Winter-2018,18.6,234.8,25.4,0.0,577.8,1020.8,94.9,7.2,24.4,29.7,25.8,00:15.0,8/19/2018,01:10.0,8/19/2018
19-08-18,2:00:17 PM,14,Aug-18,Winter-2018,14.5,239.1,24.2,2.0,227.8,1020.0,94.3,0.0,0.0,22.5,24.8,00:17.0,8/19/2018,01:25.0,8/19/2018
19-08-18,3:00:13 PM,15,Aug-18,Winter-2018,22.1,227.8,23.9,0.0,241.5,1019.6,96.8,12.3,23.5,31.9,24.7,00:13.0,8/19/2018,01:21.0,8/19/2018
19-08-18,4:00:14 PM,16,Aug-18,Winter-2018,22.5,216.3,24.4,0.3,262.1,1018.8,94.6,14.5,24.2,30.4,24.6,00:14.0,8/19/2018,01:22.0,8/19/2018
19-08-18,5:00:15 PM,17,Aug-18,Winter-2018,17.9,218.4,24.7,0.0,215.5,1018.2,93.3,8.0,24.6,26.8,24.8,00:15.0,8/19/2018,01:27.0,8/19/2018
19-08-18,6:00:15 PM,18,Aug-18,Winter-2018,22.5,218.5,24.7,0.0,148.7,1018.1,94.0,11.6,24.4,34.8,24.8,00:15.0,8/19/2018,01:23.0,8/19/2018
19-08-18,7:00:15 PM,19,Aug-18,Winter-2018,22.9,208.6,24.1,0.0,42.7,1018.0,94.5,15.2,23.7,31.9,24.7,00:15.0,8/19/2018,01:18.0,8/19/2018
19-08-18,8:00:18 PM,20,Aug-18,Winter-2018,21.8,211.5,23.6,0.0,0.2,1018.9,96.4,12.3,23.5,31.1,23.7,00:18.0,8/19/2018,01:26.0,8/19/2018
19-08-18,9:00:14 PM,21,Aug-18,Winter-2018,19.4,198.4,23.4,0.0,0.0,1019.9,97.4,10.1,23.3,31.1,23.5,00:14.0,8/19/2018,01:22.0,8/19/2018
19-08-18,10:00:18 PM,22,Aug-18,Winter-2018,19.8,216.8,23.2,0.0,0.0,1020.6,98.1,10.1,23.1,31.1,23.3,00:18.0,8/19/2018,01:31.0,8/19/2018
19-08-18,11:00:18 PM,23,Aug-18,Winter-2018,19.1,224.0,23.1,0.0,0.0,1021.0,99.0,13.0,23.1,27.5,23.2,00:18.0,8/19/2018,01:21.0,8/19/2018
20-08-18,12:00:15 AM,12,Aug-18,Winter-2018,20.7,216.3,23.2,0.0,0.0,1020.6,98.7,12.3,23.1,29.7,23.3,00:15.0,8/20/2018,01:19.0,8/20/2018
20-08-18,1:00:10 AM,1,Aug-18,Winter-2018,21.0,226.3,23.1,0.0,0.0,1019.8,98.9,13.0,23.0,31.1,23.3,00:10.0,8/20/2018,01:18.0,8/20/2018
20-08-18,2:00:15 AM,2,Aug-18,Winter-2018,20.5,209.1,23.0,0.0,0.0,1019.3,98.9,13.0,22.8,26.8,23.2,00:15.0,8/20/2018,01:19.0,8/20/2018
20-08-18,3:00:19 AM,3,Aug-18,Winter-2018,20.0,213.0,22.9,0.0,0.0,1018.8,98.6,10.1,22.8,28.2,23.0,00:19.0,8/20/2018,02:08.0,8/20/2018
20-08-18,4:00:15 AM,4,Aug-18,Winter-2018,20.9,220.5,23.0,0.0,0.0,1018.4,99.4,12.3,22.9,28.2,23.0,00:15.0,8/20/2018,01:11.0,8/20/2018
20-08-18,5:00:19 AM,5,Aug-18,Winter-2018,18.6,230.1,22.9,0.0,0.0,1018.7,99.6,11.6,22.9,27.5,23.0,00:19.0,8/20/2018,01:18.0,8/20/2018
20-08-18,6:00:14 AM,6,Aug-18,Winter-2018,20.5,202.7,22.9,0.0,0.0,1019.0,99.4,13.0,22.8,30.4,22.9,00:14.0,8/20/2018,01:06.0,8/20/2018
20-08-18,7:00:14 AM,7,Aug-18,Winter-2018,18.1,215.8,22.8,0.3,5.5,1019.6,99.9,10.1,22.8,28.2,22.9,00:14.0,8/20/2018,01:11.0,8/20/2018
20-08-18,8:00:18 AM,8,Aug-18,Winter-2018,17.7,234.8,22.9,1.0,35.5,1020.2,100.0,8.7,22.8,26.8,22.9,00:18.0,8/20/2018,01:13.0,8/20/2018
20-08-18,8:00:18 AM,8,Aug-18,Winter-2018,17.7,234.8,22.9,1.0,35.5,1020.2,100.0,8.7,22.8,26.8,22.9,00:18.0,8/20/2018,01:05.0,8/20/2018
20-08-18,9:00:18 AM,9,Aug-18,Winter-2018,16.3,232.1,22.9,0.0,82.6,1021.1,100.0,9.4,22.9,25.3,23.1,00:18.0,8/20/2018,01:11.0,8/20/2018
20-08-18,10:00:14 AM,10,Aug-18,Winter-2018,20.0,247.4,22.8,1.8,81.1,1021.8,100.0,8.7,22.4,30.4,23.2,00:14.0,8/20/2018,01:09.0,8/20/2018
20-08-18,11:00:18 AM,11,Aug-18,Winter-2018,22.6,242.3,22.7,2.3,139.5,1022.0,100.0,13.0,22.5,31.9,22.8,00:18.0,8/20/2018,01:18.0,8/20/2018
20-08-18,12:00:14 PM,24,Aug-18,Winter-2018,21.7,244.4,22.9,0.3,182.0,1021.8,100.0,11.6,22.7,30.4,23.2,00:14.0,8/20/2018,00:47.0,8/20/2018
20-08-18,1:00:18 PM,13,Aug-18,Winter-2018,17.8,240.3,23.6,0.0,266.2,1021.2,99.0,9.4,23.1,25.3,23.9,00:18.0,8/20/2018,00:58.0,8/20/2018
20-08-18,2:00:14 PM,14,Aug-18,Winter-2018,16.3,221.5,24.1,0.0,249.5,1020.7,97.0,9.4,23.8,24.6,24.2,00:14.0,8/20/2018,01:03.0,8/20/2018
20-08-18,3:00:15 PM,15,Aug-18,Winter-2018,17.2,219.3,23.5,0.0,105.9,1020.1,98.5,9.4,23.3,22.5,23.9,00:15.0,8/20/2018,01:08.0,8/20/2018
20-08-18,4:00:12 PM,16,Aug-18,Winter-2018,19.8,211.0,23.2,0.0,124.2,1019.6,99.3,13.0,23.0,29.7,23.3,00:12.0,8/20/2018,01:14.0,8/20/2018
20-08-18,5:00:18 PM,17,Aug-18,Winter-2018,21.1,220.1,22.9,0.0,83.9,1019.4,99.9,12.3,22.8,31.9,23.0,00:18.0,8/20/2018,01:15.0,8/20/2018
20-08-18,6:00:14 PM,18,Aug-18,Winter-2018,19.7,208.1,22.8,1.0,37.2,1019.5,99.9,10.1,22.7,34.0,22.9,00:14.0,8/20/2018,01:10.0,8/20/2018
20-08-18,7:00:18 PM,19,Aug-18,Winter-2018,21.1,213.8,22.5,1.3,8.1,1019.7,100.0,12.3,22.1,34.0,22.7,00:18.0,8/20/2018,01:19.0,8/20/2018
20-08-18,8:00:14 PM,20,Aug-18,Winter-2018,18.1,214.4,22.4,1.0,0.0,1020.1,100.0,9.4,22.2,26.8,22.5,00:14.0,8/20/2018,01:11.0,8/20/2018
20-08-18,9:00:14 PM,21,Aug-18,Winter-2018,20.5,207.8,22.4,1.3,0.0,1020.5,99.8,10.1,22.3,29.0,22.5,00:14.0,8/20/2018,01:11.0,8/20/2018
20-08-18,10:00:18 PM,22,Aug-18,Winter-2018,19.4,227.7,22.4,3.8,0.0,1020.9,100.0,8.7,22.1,29.0,22.5,00:18.0,8/20/2018,01:09.0,8/20/2018
20-08-18,11:00:15 PM,23,Aug-18,Winter-2018,17.5,217.4,22.1,2.5,0.0,1021.0,100.0,10.9,21.9,26.1,22.1,00:15.0,8/20/2018,01:17.0,8/20/2018
21-08-18,12:00:12 AM,12,Aug-18,Winter-2018,19.5,211.8,21.5,5.3,0.0,1020.7,100.0,12.3,21.0,27.5,21.9,00:12.0,8/21/2018,01:04.0,8/21/2018
21-08-18,1:00:14 AM,1,Aug-18,Winter-2018,20.3,207.3,21.4,3.6,0.0,1020.1,100.0,13.0,21.1,35.5,21.6,00:14.0,8/21/2018,01:11.0,8/21/2018
21-08-18,2:00:15 AM,2,Aug-18,Winter-2018,25.1,208.0,21.3,2.8,0.0,1019.5,100.0,17.4,21.1,35.5,21.4,00:15.0,8/21/2018,01:12.0,8/21/2018
21-08-18,3:00:15 AM,3,Aug-18,Winter-2018,19.0,262.7,21.6,4.1,0.0,1019.1,100.0,8.7,21.4,30.4,21.7,00:15.0,8/21/2018,01:07.0,8/21/2018
21-08-18,4:00:18 AM,4,Aug-18,Winter-2018,18.0,196.4,21.3,5.6,0.0,1018.6,100.0,6.5,20.7,30.4,21.7,00:18.0,8/21/2018,01:05.0,8/21/2018
21-08-18,5:00:19 AM,5,Aug-18,Winter-2018,22.2,199.4,20.9,0.0,0.0,1017.9,99.3,14.5,20.7,30.4,21.2,00:19.0,8/21/2018,01:13.0,8/21/2018
21-08-18,6:00:14 AM,6,Aug-18,Winter-2018,20.7,213.4,21.5,0.0,0.0,1018.1,99.5,12.3,21.1,29.0,21.8,00:14.0,8/21/2018,01:06.0,8/21/2018
21-08-18,7:00:18 AM,7,Aug-18,Winter-2018,22.5,215.0,21.9,0.0,5.6,1018.6,99.7,13.8,21.7,31.9,22.1,00:18.0,8/21/2018,01:15.0,8/21/2018
21-08-18,8:00:14 AM,8,Aug-18,Winter-2018,21.0,228.6,22.1,0.8,24.8,1019.5,99.9,12.3,22.0,31.1,22.2,00:14.0,8/21/2018,01:09.0,8/21/2018
21-08-18,8:00:14 AM,9,Aug-18,Winter-2018,21.0,228.6,22.1,0.8,24.8,1019.5,99.9,12.3,22.0,31.1,22.2,00:14.0,8/21/2018,00:55.0,8/21/2018
21-08-18,9:00:18 AM,9,Aug-18,Winter-2018,18.0,234.0,22.0,2.0,28.5,1020.4,100.0,9.4,21.9,31.1,22.1,00:18.0,8/21/2018,01:02.0,8/21/2018
21-08-18,10:00:19 AM,10,Aug-18,Winter-2018,19.7,227.5,21.7,1.5,58.9,1021.2,100.0,11.6,21.6,28.2,21.9,00:19.0,8/21/2018,01:16.0,8/21/2018
21-08-18,11:00:18 AM,11,Aug-18,Winter-2018,18.7,257.0,21.9,1.3,99.4,1021.3,100.0,8.7,21.7,28.2,22.0,00:18.0,8/21/2018,01:09.0,8/21/2018
21-08-18,12:00:14 PM,24,Aug-18,Winter-2018,18.8,242.3,21.9,1.3,128.2,1021.1,100.0,11.6,21.7,28.2,22.1,00:14.0,8/21/2018,01:09.0,8/21/2018
21-08-18,1:00:13 PM,13,Aug-18,Winter-2018,19.8,240.7,22.2,0.5,295.1,1020.9,99.9,12.3,21.9,29.0,22.5,00:13.0,8/21/2018,01:14.0,8/21/2018
21-08-18,2:00:14 PM,14,Aug-18,Winter-2018,19.7,222.9,22.4,0.8,160.7,1020.2,99.7,10.1,22.2,31.9,22.5,00:14.0,8/21/2018,01:10.0,8/21/2018
21-08-18,3:00:15 PM,15,Aug-18,Winter-2018,22.2,235.5,22.5,0.3,224.5,1019.4,100.0,11.6,22.5,32.6,22.6,00:15.0,8/21/2018,01:11.0,8/21/2018
21-08-18,4:00:19 PM,16,Aug-18,Winter-2018,19.7,235.7,22.4,1.0,126.4,1019.1,100.0,10.9,22.3,34.0,22.5,00:19.0,8/21/2018,01:20.0,8/21/2018
21-08-18,5:00:18 PM,17,Aug-18,Winter-2018,20.3,235.8,22.1,3.3,41.7,1019.0,100.0,10.9,21.7,32.6,22.4,00:18.0,8/21/2018,01:19.0,8/21/2018
21-08-18,6:00:10 PM,18,Aug-18,Winter-2018,23.4,245.5,21.5,3.0,25.1,1019.1,100.0,13.0,21.4,34.0,21.7,00:10.0,8/21/2018,01:01.0,8/21/2018
21-08-18,7:00:14 PM,19,Aug-18,Winter-2018,17.1,223.0,21.9,0.3,6.1,1019.3,100.0,10.9,21.6,26.1,22.1,00:14.0,8/21/2018,01:10.0,8/21/2018
21-08-18,8:00:14 PM,20,Aug-18,Winter-2018,20.0,209.9,22.3,0.3,0.0,1019.7,100.0,8.7,22.1,29.7,22.5,00:14.0,8/21/2018,01:10.0,8/21/2018
21-08-18,9:00:18 PM,21,Aug-18,Winter-2018,22.1,224.9,22.4,0.0,0.0,1020.4,99.9,15.2,22.3,32.6,22.5,00:18.0,8/21/2018,01:15.0,8/21/2018
21-08-18,10:00:14 PM,22,Aug-18,Winter-2018,21.0,210.6,22.3,0.0,0.0,1020.7,99.7,10.9,22.3,29.0,22.4,00:14.0,8/21/2018,02:15.0,8/21/2018
21-08-18,11:00:15 PM,23,Aug-18,Winter-2018,21.9,218.8,22.3,0.0,0.0,1020.9,98.9,14.5,22.2,29.7,22.4,00:15.0,8/21/2018,01:06.0,8/21/2018
22-08-18,12:00:19 AM,12,Aug-18,Winter-2018,22.9,214.6,22.4,0.0,0.0,1020.9,98.9,15.2,22.3,31.9,22.6,00:19.0,8/22/2018,01:15.0,8/22/2018
22-08-18,1:00:14 AM,1,Aug-18,Winter-2018,22.3,220.7,22.6,0.0,0.0,1020.5,98.5,13.8,22.5,30.4,22.8,00:14.0,8/22/2018,01:11.0,8/22/2018
22-08-18,2:00:18 AM,2,Aug-18,Winter-2018,23.8,214.6,22.7,0.0,0.0,1019.9,98.2,15.9,22.6,33.3,22.8,00:18.0,8/22/2018,01:20.0,8/22/2018
22-08-18,3:00:14 AM,3,Aug-18,Winter-2018,23.6,219.0,22.7,0.0,0.0,1019.5,97.9,13.8,22.6,32.6,22.8,00:14.0,8/22/2018,01:12.0,8/22/2018
22-08-18,4:00:15 AM,4,Aug-18,Winter-2018,21.9,213.8,22.7,0.0,0.0,1019.4,98.2,13.8,22.7,30.4,22.8,00:15.0,8/22/2018,01:06.0,8/22/2018
22-08-18,5:00:19 AM,5,Aug-18,Winter-2018,20.9,209.6,22.6,0.0,0.0,1019.5,99.1,12.3,22.6,29.7,22.7,00:19.0,8/22/2018,01:13.0,8/22/2018
22-08-18,6:00:14 AM,6,Aug-18,Winter-2018,19.8,216.0,22.6,0.0,0.0,1019.8,98.7,12.3,22.6,28.2,22.7,00:14.0,8/22/2018,01:07.0,8/22/2018
22-08-18,7:00:14 AM,7,Aug-18,Winter-2018,21.3,196.1,22.7,0.0,11.1,1020.1,98.9,13.8,22.7,31.1,22.8,00:14.0,8/22/2018,01:12.0,8/22/2018
22-08-18,8:00:18 AM,8,Aug-18,Winter-2018,21.0,226.9,22.8,0.0,66.8,1020.7,99.3,13.0,22.7,29.0,23.0,00:18.0,8/22/2018,01:21.0,8/22/2018
22-08-18,8:00:18 AM,8,Aug-18,Winter-2018,21.0,226.9,22.8,0.0,66.8,1020.7,99.3,13.0,22.7,29.0,23.0,00:18.0,8/22/2018,01:01.0,8/22/2018
22-08-18,9:00:19 AM,9,Aug-18,Winter-2018,21.2,250.7,23.2,1.0,112.2,1021.7,98.0,10.9,22.8,31.1,23.3,00:19.0,8/22/2018,01:09.0,8/22/2018
22-08-18,10:00:15 AM,10,Aug-18,Winter-2018,15.0,226.0,22.7,5.6,97.5,1022.2,99.9,7.2,22.6,23.9,23.0,00:15.0,8/22/2018,01:07.0,8/22/2018
22-08-18,11:00:19 AM,11,Aug-18,Winter-2018,17.3,221.8,23.1,1.8,192.5,1022.4,100.0,8.7,22.9,26.8,23.4,00:19.0,8/22/2018,01:16.0,8/22/2018
22-08-18,12:00:14 PM,24,Aug-18,Winter-2018,14.2,242.3,23.5,0.3,271.5,1022.5,100.0,8.0,22.9,22.5,24.5,00:14.0,8/22/2018,01:11.0,8/22/2018
22-08-18,1:00:18 PM,13,Aug-18,Winter-2018,15.7,229.2,24.3,3.8,360.1,1022.1,98.9,6.5,23.7,24.6,24.9,00:18.0,8/22/2018,01:16.0,8/22/2018
22-08-18,2:00:12 PM,14,Aug-18,Winter-2018,22.9,216.1,24.2,1.3,359.3,1021.3,98.0,9.4,23.6,37.7,25.3,00:12.0,8/22/2018,01:09.0,8/22/2018
22-08-18,3:00:18 PM,15,Aug-18,Winter-2018,22.8,215.5,24.4,0.0,312.1,1020.6,96.3,11.6,24.3,33.3,24.5,00:18.0,8/22/2018,01:20.0,8/22/2018
22-08-18,4:00:14 PM,16,Aug-18,Winter-2018,20.8,211.2,24.5,0.3,319.7,1020.2,96.7,11.6,24.1,29.0,25.2,00:14.0,8/22/2018,01:12.0,8/22/2018
22-08-18,5:00:19 PM,17,Aug-18,Winter-2018,23.2,212.2,23.7,2.8,171.5,1019.8,98.3,13.0,23.2,36.9,24.4,00:19.0,8/22/2018,01:07.0,8/22/2018
22-08-18,6:00:18 PM,18,Aug-18,Winter-2018,22.6,205.2,23.5,0.0,89.7,1020.1,98.4,12.3,23.3,32.6,23.7,00:18.0,8/22/2018,01:21.0,8/22/2018
22-08-18,7:00:12 PM,19,Aug-18,Winter-2018,22.4,214.4,23.1,0.0,20.8,1020.7,98.8,15.9,23.0,31.9,23.3,00:12.0,8/22/2018,01:11.0,8/22/2018
22-08-18,8:00:19 PM,20,Aug-18,Winter-2018,20.7,216.9,23.1,0.3,0.0,1021.2,98.9,13.0,23.0,30.4,23.2,00:19.0,8/22/2018,01:17.0,8/22/2018
22-08-18,9:00:10 PM,21,Aug-18,Winter-2018,21.9,225.5,23.2,0.0,0.0,1022.1,98.5,12.3,23.2,33.3,23.4,00:10.0,8/22/2018,01:04.0,8/22/2018
22-08-18,10:00:14 PM,22,Aug-18,Winter-2018,23.3,218.8,23.3,0.0,0.0,1022.7,97.3,13.0,23.1,38.4,23.4,00:14.0,8/22/2018,01:13.0,8/22/2018
22-08-18,11:00:15 PM,23,Aug-18,Winter-2018,21.7,212.0,23.1,0.0,0.0,1023.0,98.7,13.8,23.1,29.0,23.1,00:15.0,8/22/2018,01:13.0,8/22/2018
23-08-18,12:00:19 AM,12,Aug-18,Winter-2018,22.1,213.8,23.1,0.0,0.0,1022.7,99.1,13.8,23.0,31.1,23.1,00:19.0,8/23/2018,01:22.0,8/23/2018
23-08-18,1:00:18 AM,1,Aug-18,Winter-2018,20.4,221.0,23.0,0.0,0.0,1022.1,99.1,12.3,22.9,30.4,23.1,00:18.0,8/23/2018,01:21.0,8/23/2018
23-08-18,2:00:14 AM,2,Aug-18,Winter-2018,21.5,206.8,22.8,0.0,0.0,1021.6,99.1,14.5,22.8,30.4,22.9,00:14.0,8/23/2018,01:13.0,8/23/2018
23-08-18,3:00:18 AM,3,Aug-18,Winter-2018,20.6,217.4,22.7,0.0,0.0,1020.9,98.8,11.6,22.7,29.0,22.8,00:18.0,8/23/2018,01:17.0,8/23/2018
23-08-18,4:00:14 AM,4,Aug-18,Winter-2018,20.4,226.6,22.8,0.0,0.0,1020.8,98.7,13.0,22.7,30.4,22.9,00:14.0,8/23/2018,01:06.0,8/23/2018
23-08-18,5:00:19 AM,5,Aug-18,Winter-2018,16.9,211.7,22.7,0.0,0.0,1021.0,98.9,7.2,22.6,26.1,22.8,00:19.0,8/23/2018,01:14.0,8/23/2018
23-08-18,6:00:14 AM,6,Aug-18,Winter-2018,19.2,208.8,22.5,0.5,0.0,1021.2,99.7,10.9,22.3,26.8,22.7,00:14.0,8/23/2018,01:06.0,8/23/2018
23-08-18,7:00:14 AM,7,Aug-18,Winter-2018,15.7,237.0,22.6,0.8,3.4,1021.8,99.5,8.7,22.5,23.9,22.7,00:14.0,8/23/2018,01:11.0,8/23/2018
23-08-18,8:00:18 AM,8,Aug-18,Winter-2018,18.5,219.8,22.5,3.8,31.8,1022.7,100.0,9.4,22.5,29.0,22.7,00:18.0,8/23/2018,01:21.0,8/23/2018
23-08-18,8:00:18 AM,8,Aug-18,Winter-2018,18.5,219.8,22.5,3.8,31.8,1022.7,100.0,9.4,22.5,29.0,22.7,00:18.0,8/23/2018,01:07.0,8/23/2018
23-08-18,9:00:19 AM,9,Aug-18,Winter-2018,19.8,212.3,22.8,0.0,127.9,1023.4,100.0,11.6,22.6,27.5,23.3,00:19.0,8/23/2018,01:13.0,8/23/2018
23-08-18,10:00:19 AM,10,Aug-18,Winter-2018,18.7,229.8,23.3,0.0,147.6,1024.0,98.6,11.6,23.2,26.8,23.7,00:19.0,8/23/2018,01:19.0,8/23/2018
23-08-18,11:00:14 AM,11,Aug-18,Winter-2018,20.6,215.2,24.2,0.0,463.3,1024.1,96.4,10.9,23.5,29.7,25.1,00:14.0,8/23/2018,01:05.0,8/23/2018
23-08-18,12:00:19 PM,24,Aug-18,Winter-2018,19.6,231.3,24.1,5.3,231.9,1024.0,96.5,10.1,23.2,41.3,25.3,00:19.0,8/23/2018,01:09.0,8/23/2018
23-08-18,1:00:14 PM,13,Aug-18,Winter-2018,20.9,234.2,22.8,2.8,253.5,1023.7,99.9,10.9,22.5,36.9,23.3,00:14.0,8/23/2018,01:05.0,8/23/2018
23-08-18,2:00:14 PM,14,Aug-18,Winter-2018,17.6,229.0,23.6,0.0,372.5,1023.2,99.4,10.1,22.9,29.7,24.3,00:14.0,8/23/2018,01:11.0,8/23/2018
23-08-18,3:00:19 PM,15,Aug-18,Winter-2018,18.0,222.7,23.8,4.1,273.0,1022.4,98.5,8.7,23.3,32.6,24.4,00:19.0,8/23/2018,01:25.0,8/23/2018
23-08-18,4:00:15 PM,16,Aug-18,Winter-2018,20.7,224.1,25.2,0.0,464.2,1022.0,93.6,10.1,24.4,31.1,25.5,00:15.0,8/23/2018,01:06.0,8/23/2018
23-08-18,5:00:19 PM,17,Aug-18,Winter-2018,17.2,229.9,25.4,0.0,244.0,1021.8,91.5,7.2,25.1,28.2,25.7,00:19.0,8/23/2018,01:15.0,8/23/2018
23-08-18,6:00:14 PM,18,Aug-18,Winter-2018,18.5,214.2,24.9,0.3,139.3,1021.9,91.2,9.4,23.3,31.1,25.4,00:14.0,8/23/2018,01:10.0,8/23/2018
23-08-18,7:00:18 PM,19,Aug-18,Winter-2018,19.7,212.2,23.5,0.0,37.4,1022.2,96.8,11.6,23.3,29.0,23.6,00:18.0,8/23/2018,01:20.0,8/23/2018
23-08-18,8:00:14 PM,20,Aug-18,Winter-2018,19.7,208.3,23.4,0.0,0.2,1022.6,97.1,11.6,23.2,30.4,23.5,00:14.0,8/23/2018,01:11.0,8/23/2018
23-08-18,9:00:19 PM,21,Aug-18,Winter-2018,19.7,211.0,23.1,0.0,0.0,1023.0,96.8,13.0,23.0,26.8,23.2,00:19.0,8/23/2018,01:16.0,8/23/2018
23-08-18,10:00:14 PM,22,Aug-18,Winter-2018,19.1,200.9,23.2,0.0,0.0,1023.7,97.0,11.6,23.1,25.3,23.2,00:14.0,8/23/2018,01:06.0,8/23/2018
23-08-18,11:00:14 PM,23,Aug-18,Winter-2018,17.0,203.7,23.0,0.0,0.0,1024.0,96.9,8.7,22.9,26.8,23.1,00:14.0,8/23/2018,01:12.0,8/23/2018
24-08-18,12:00:15 AM,12,Aug-18,Winter-2018,16.5,202.4,22.8,0.3,0.0,1023.9,98.2,9.4,22.7,25.3,23.0,00:15.0,8/24/2018,01:12.0,8/24/2018
24-08-18,1:00:15 AM,1,Aug-18,Winter-2018,16.9,196.4,22.6,0.0,0.0,1023.5,98.1,10.1,22.5,24.6,22.7,00:15.0,8/24/2018,01:07.0,8/24/2018
24-08-18,2:00:18 AM,2,Aug-18,Winter-2018,16.9,200.4,22.5,0.0,0.0,1022.9,98.6,9.4,22.4,23.2,22.6,00:18.0,8/24/2018,01:10.0,8/24/2018
24-08-18,3:00:15 AM,3,Aug-18,Winter-2018,15.8,214.4,22.4,0.3,0.0,1022.3,99.5,10.1,22.4,23.2,22.5,00:15.0,8/24/2018,01:07.0,8/24/2018
24-08-18,4:00:18 AM,4,Aug-18,Winter-2018,18.3,199.6,22.3,0.3,0.0,1021.9,99.8,9.4,22.3,25.3,22.4,00:18.0,8/24/2018,01:07.0,8/24/2018
24-08-18,5:00:19 AM,5,Aug-18,Winter-2018,15.3,215.4,22.2,0.0,0.0,1022.1,99.3,10.1,22.2,23.2,22.3,00:19.0,8/24/2018,01:15.0,8/24/2018
24-08-18,6:00:14 AM,6,Aug-18,Winter-2018,16.0,201.9,22.2,0.0,0.0,1022.2,99.4,9.4,22.2,25.3,22.3,00:14.0,8/24/2018,01:06.0,8/24/2018
24-08-18,7:00:14 AM,7,Aug-18,Winter-2018,17.0,221.8,22.2,0.3,10.9,1022.4,99.6,9.4,22.2,26.8,22.3,00:14.0,8/24/2018,01:11.0,8/24/2018
24-08-18,8:00:18 AM,8,Aug-18,Winter-2018,16.9,222.6,22.4,0.5,30.6,1022.8,99.7,8.7,22.3,27.5,22.5,00:18.0,8/24/2018,01:26.0,8/24/2018
24-08-18,8:00:18 AM,8,Aug-18,Winter-2018,16.9,222.6,22.4,0.5,30.6,1022.8,99.7,8.7,22.3,27.5,22.5,00:18.0,8/24/2018,01:00.0,8/24/2018
24-08-18,9:00:18 AM,9,Aug-18,Winter-2018,15.3,220.2,22.6,1.3,113.4,1023.4,100.0,8.0,22.4,25.3,22.9,00:18.0,8/24/2018,01:06.0,8/24/2018
24-08-18,10:00:15 AM,10,Aug-18,Winter-2018,16.7,202.1,22.8,1.5,148.5,1024.0,100.0,10.1,22.7,23.9,23.1,00:15.0,8/24/2018,01:16.0,8/24/2018
24-08-18,11:00:14 AM,11,Aug-18,Winter-2018,17.4,203.7,24.0,0.0,536.7,1024.0,98.3,10.9,23.1,23.9,25.1,00:14.0,8/24/2018,01:11.0,8/24/2018
24-08-18,12:00:18 PM,24,Aug-18,Winter-2018,17.6,237.2,23.9,0.5,237.9,1024.0,96.3,9.4,23.1,27.5,25.1,00:18.0,8/24/2018,01:15.0,8/24/2018
24-08-18,1:00:14 PM,13,Aug-18,Winter-2018,17.5,205.9,23.8,0.3,490.8,1023.8,98.1,8.7,23.1,28.2,25.2,00:14.0,8/24/2018,01:06.0,8/24/2018
24-08-18,2:00:14 PM,14,Aug-18,Winter-2018,19.7,223.5,25.2,0.0,605.4,1023.3,93.1,10.9,24.7,30.4,25.6,00:14.0,8/24/2018,01:11.0,8/24/2018
24-08-18,3:00:19 PM,15,Aug-18,Winter-2018,18.7,228.4,24.8,1.8,361.2,1022.6,93.1,8.7,23.0,34.0,26.1,00:19.0,8/24/2018,01:17.0,8/24/2018
24-08-18,4:00:14 PM,16,Aug-18,Winter-2018,17.3,217.3,24.6,0.0,444.7,1021.9,94.7,7.2,23.1,25.3,25.3,00:14.0,8/24/2018,01:11.0,8/24/2018
24-08-18,5:00:18 PM,17,Aug-18,Winter-2018,16.6,218.5,24.5,0.5,264.0,1021.6,95.0,8.7,23.8,30.4,25.1,00:18.0,8/24/2018,01:15.0,8/24/2018
24-08-18,6:00:14 PM,18,Aug-18,Winter-2018,15.9,210.6,24.5,0.0,154.5,1021.3,94.5,9.4,24.4,23.2,24.7,00:14.0,8/24/2018,01:07.0,8/24/2018
24-08-18,7:00:14 PM,19,Aug-18,Winter-2018,17.1,209.1,23.9,0.3,25.9,1021.6,95.7,8.7,23.5,27.5,24.4,00:14.0,8/24/2018,01:12.0,8/24/2018
24-08-18,8:00:18 PM,20,Aug-18,Winter-2018,16.8,206.0,23.4,0.0,0.6,1022.1,96.9,10.1,23.2,25.3,23.5,00:18.0,8/24/2018,01:21.0,8/24/2018
24-08-18,9:00:14 PM,21,Aug-18,Winter-2018,18.8,196.7,23.0,0.0,0.0,1022.4,97.0,10.9,22.9,27.5,23.2,00:14.0,8/24/2018,01:12.0,8/24/2018
24-08-18,10:00:19 PM,22,Aug-18,Winter-2018,17.7,209.8,22.9,0.0,0.0,1022.8,97.3,11.6,22.8,26.8,22.9,00:19.0,8/24/2018,01:12.0,8/24/2018
24-08-18,11:00:14 PM,23,Aug-18,Winter-2018,16.5,199.4,22.8,0.0,0.0,1022.9,96.8,8.7,22.7,24.6,22.9,00:14.0,8/24/2018,01:12.0,8/24/2018
25-08-18,12:00:18 AM,12,Aug-18,Winter-2018,15.5,210.9,22.6,0.0,0.0,1022.7,97.1,8.7,22.6,21.7,22.7,00:18.0,8/25/2018,01:16.0,8/25/2018
25-08-18,1:00:14 AM,1,Aug-18,Winter-2018,18.8,214.6,22.4,0.0,0.0,1022.1,97.0,11.6,22.3,28.2,22.6,00:14.0,8/25/2018,01:17.0,8/25/2018
25-08-18,2:00:14 AM,2,Aug-18,Winter-2018,19.2,212.3,22.2,0.0,0.0,1021.3,97.1,12.3,22.2,26.8,22.3,00:14.0,8/25/2018,01:13.0,8/25/2018
25-08-18,3:00:15 AM,3,Aug-18,Winter-2018,18.8,211.4,22.1,0.0,0.0,1020.7,97.9,11.6,22.1,27.5,22.2,00:15.0,8/25/2018,01:14.0,8/25/2018
25-08-18,4:00:15 AM,4,Aug-18,Winter-2018,18.3,196.7,22.1,0.0,0.0,1020.5,98.2,11.6,22.1,29.7,22.2,00:15.0,8/25/2018,01:07.0,8/25/2018
25-08-18,5:00:19 AM,5,Aug-18,Winter-2018,18.4,192.7,22.1,0.0,0.0,1020.5,98.2,13.0,22.0,29.7,22.2,00:19.0,8/25/2018,01:15.0,8/25/2018
25-08-18,6:00:14 AM,6,Aug-18,Winter-2018,18.4,211.7,22.1,0.0,0.0,1020.6,99.0,12.3,22.0,26.1,22.3,00:14.0,8/25/2018,01:06.0,8/25/2018
25-08-18,7:00:14 AM,7,Aug-18,Winter-2018,17.5,206.8,22.3,0.3,6.4,1021.0,99.3,10.9,22.2,25.3,22.3,00:14.0,8/25/2018,01:11.0,8/25/2018
25-08-18,8:00:18 AM,8,Aug-18,Winter-2018,18.5,209.6,22.4,0.0,53.2,1022.0,99.8,10.9,22.2,28.2,22.7,00:18.0,8/25/2018,01:20.0,8/25/2018
25-08-18,8:00:18 AM,8,Aug-18,Winter-2018,18.5,209.6,22.4,0.0,53.2,1022.0,99.8,10.9,22.2,28.2,22.7,00:18.0,8/25/2018,01:00.0,8/25/2018
25-08-18,9:00:19 AM,9,Aug-18,Winter-2018,15.6,212.8,22.6,1.0,80.2,1022.7,99.7,8.0,22.6,23.9,22.8,00:19.0,8/25/2018,01:08.0,8/25/2018
25-08-18,10:00:15 AM,10,Aug-18,Winter-2018,17.7,210.2,23.2,0.0,241.4,1023.0,99.1,10.9,22.7,26.8,24.1,00:15.0,8/25/2018,01:07.0,8/25/2018
25-08-18,11:00:19 AM,11,Aug-18,Winter-2018,16.1,222.1,23.5,2.3,141.5,1023.1,97.5,6.5,23.1,26.8,24.1,00:19.0,8/25/2018,01:15.0,8/25/2018
25-08-18,12:00:14 PM,24,Aug-18,Winter-2018,19.0,212.0,23.8,1.0,340.4,1023.2,97.5,11.6,23.1,30.4,24.7,00:14.0,8/25/2018,01:11.0,8/25/2018
25-08-18,1:00:18 PM,13,Aug-18,Winter-2018,20.3,205.7,24.3,0.3,540.8,1023.1,96.3,11.6,23.2,29.0,25.3,00:18.0,8/25/2018,01:20.0,8/25/2018
25-08-18,2:00:14 PM,14,Aug-18,Winter-2018,15.7,235.4,24.7,0.5,484.5,1022.3,95.5,7.2,24.0,28.2,25.8,00:14.0,8/25/2018,01:12.0,8/25/2018
25-08-18,3:00:19 PM,15,Aug-18,Winter-2018,19.8,216.8,25.8,0.0,646.1,1021.9,90.5,9.4,25.2,32.6,26.2,00:19.0,8/25/2018,01:16.0,8/25/2018
25-08-18,4:00:14 PM,16,Aug-18,Winter-2018,19.8,214.1,25.6,0.0,387.7,1021.3,89.6,12.3,25.3,31.1,26.1,00:14.0,8/25/2018,01:07.0,8/25/2018
25-08-18,5:00:14 PM,17,Aug-18,Winter-2018,20.0,222.4,25.0,0.3,271.4,1020.9,91.7,10.1,23.9,32.6,26.1,00:14.0,8/25/2018,01:12.0,8/25/2018
25-08-18,6:00:15 PM,18,Aug-18,Winter-2018,18.5,218.7,24.4,0.0,142.6,1020.7,94.9,10.9,24.2,31.1,24.5,00:15.0,8/25/2018,01:12.0,8/25/2018
25-08-18,7:00:15 PM,19,Aug-18,Winter-2018,19.1,210.9,24.0,0.0,38.7,1020.7,93.7,10.1,23.7,27.5,24.3,00:15.0,8/25/2018,01:07.0,8/25/2018
25-08-18,8:00:28 PM,20,Aug-18,Winter-2018,18.9,197.9,23.4,0.0,0.0,1021.0,95.5,8.0,23.3,27.5,23.7,00:28.0,8/25/2018,01:30.0,8/25/2018
25-08-18,9:00:14 PM,21,Aug-18,Winter-2018,18.9,190.6,23.1,0.0,0.0,1021.5,95.5,10.9,22.9,26.8,23.3,00:14.0,8/25/2018,01:13.0,8/25/2018
25-08-18,10:00:15 PM,22,Aug-18,Winter-2018,16.3,196.1,22.9,0.0,0.0,1022.2,95.7,10.1,22.7,22.5,23.0,00:15.0,8/25/2018,01:13.0,8/25/2018
25-08-18,11:00:15 PM,23,Aug-18,Winter-2018,14.5,209.1,22.7,0.0,0.0,1022.5,96.5,8.7,22.6,21.0,22.8,00:15.0,8/25/2018,01:13.0,8/25/2018
26-08-18,12:00:28 AM,12,Aug-18,Winter-2018,17.4,203.9,22.6,0.0,0.0,1022.1,96.8,9.4,22.5,26.1,22.6,00:28.0,8/26/2018,01:26.0,8/26/2018
26-08-18,1:00:18 AM,1,Aug-18,Winter-2018,18.3,196.6,22.4,0.3,0.0,1021.3,97.0,12.3,22.2,26.1,22.5,00:18.0,8/26/2018,01:17.0,8/26/2018
26-08-18,2:00:14 AM,2,Aug-18,Winter-2018,16.6,205.7,22.0,0.3,0.0,1020.5,99.1,9.4,21.8,26.1,22.2,00:14.0,8/26/2018,01:12.0,8/26/2018
26-08-18,3:00:18 AM,3,Aug-18,Winter-2018,16.4,198.1,21.9,0.3,0.0,1019.8,99.7,10.1,21.8,21.7,22.0,00:18.0,8/26/2018,01:21.0,8/26/2018
26-08-18,4:00:14 AM,4,Aug-18,Winter-2018,16.6,190.6,21.9,0.0,0.0,1019.4,99.4,10.9,21.9,23.2,22.0,00:14.0,8/26/2018,01:08.0,8/26/2018
26-08-18,5:00:19 AM,5,Aug-18,Winter-2018,15.6,184.6,21.9,0.0,0.0,1019.5,98.7,9.4,21.8,22.5,21.9,00:19.0,8/26/2018,01:16.0,8/26/2018
26-08-18,6:00:14 AM,6,Aug-18,Winter-2018,12.1,179.4,21.9,0.0,0.0,1019.7,98.3,6.5,21.9,20.3,22.0,00:14.0,8/26/2018,01:07.0,8/26/2018
26-08-18,7:00:14 AM,7,Aug-18,Winter-2018,12.2,208.1,21.9,1.0,3.4,1020.0,99.0,5.8,21.8,23.2,22.1,00:14.0,8/26/2018,01:11.0,8/26/2018
26-08-18,8:00:18 AM,8,Aug-18,Winter-2018,9.8,235.7,21.9,1.3,21.3,1020.4,100.0,4.3,21.8,20.3,22.0,00:18.0,8/26/2018,01:26.0,8/26/2018
26-08-18,8:00:18 AM,8,Aug-18,Winter-2018,9.8,235.7,21.9,1.3,21.3,1020.4,100.0,4.3,21.8,20.3,22.0,00:18.0,8/26/2018,01:06.0,8/26/2018
26-08-18,9:00:18 AM,9,Aug-18,Winter-2018,13.9,215.4,22.3,0.0,104.8,1021.2,100.0,5.8,22.0,22.5,22.6,00:18.0,8/26/2018,01:11.0,8/26/2018
26-08-18,10:00:14 AM,10,Aug-18,Winter-2018,15.9,198.8,22.7,1.0,139.3,1021.9,99.0,8.7,22.5,24.6,22.9,00:14.0,8/26/2018,01:10.0,8/26/2018
26-08-18,11:00:18 AM,11,Aug-18,Winter-2018,18.0,226.6,23.3,3.3,254.5,1021.9,97.9,11.6,22.8,26.8,23.9,00:18.0,8/26/2018,01:19.0,8/26/2018
26-08-18,12:00:14 PM,24,Aug-18,Winter-2018,19.4,210.4,22.3,3.0,207.7,1021.6,99.4,9.4,22.0,30.4,23.2,00:14.0,8/26/2018,01:11.0,8/26/2018
26-08-18,1:00:14 PM,13,Aug-18,Winter-2018,16.6,216.5,23.1,0.5,251.8,1020.9,99.5,9.4,22.8,24.6,23.5,00:14.0,8/26/2018,01:05.0,8/26/2018
26-08-18,2:00:14 PM,14,Aug-18,Winter-2018,15.1,226.9,24.2,0.3,427.9,1020.2,96.8,6.5,23.5,23.2,24.6,00:14.0,8/26/2018,01:11.0,8/26/2018
26-08-18,3:00:19 PM,15,Aug-18,Winter-2018,15.1,207.5,23.6,2.0,221.6,1019.3,98.6,5.8,23.1,31.9,24.6,00:19.0,8/26/2018,01:15.0,8/26/2018
26-08-18,4:00:14 PM,16,Aug-18,Winter-2018,17.7,240.4,24.0,0.5,290.5,1018.7,96.7,9.4,23.5,30.4,24.6,00:14.0,8/26/2018,01:06.0,8/26/2018
26-08-18,5:00:14 PM,17,Aug-18,Winter-2018,13.1,220.7,24.4,1.3,237.3,1018.4,96.7,5.8,24.0,21.0,24.8,00:14.0,8/26/2018,01:11.0,8/26/2018
26-08-18,6:00:15 PM,18,Aug-18,Winter-2018,17.0,219.8,24.2,0.0,131.4,1018.2,94.7,10.9,24.0,25.3,24.3,00:15.0,8/26/2018,01:11.0,8/26/2018
26-08-18,7:00:15 PM,19,Aug-18,Winter-2018,15.5,215.4,23.7,0.0,20.2,1018.8,95.2,6.5,23.5,23.9,24.0,00:15.0,8/26/2018,01:07.0,8/26/2018
26-08-18,8:00:18 PM,20,Aug-18,Winter-2018,13.8,205.9,23.2,0.0,0.0,1019.6,96.7,6.5,22.9,26.1,23.5,00:18.0,8/26/2018,01:13.0,8/28/2018
26-08-18,9:00:15 PM,21,Aug-18,Winter-2018,14.9,191.3,22.8,0.0,0.0,1020.1,98.2,8.0,22.8,23.2,22.9,00:15.0,8/26/2018,01:24.0,8/28/2018
26-08-18,10:00:18 PM,22,Aug-18,Winter-2018,16.3,192.0,22.8,0.0,0.0,1020.8,98.2,8.7,22.7,23.2,22.8,00:18.0,8/26/2018,01:29.0,8/28/2018
26-08-18,11:00:15 PM,23,Aug-18,Winter-2018,15.0,188.2,22.7,0.0,0.0,1021.0,98.1,8.7,22.6,22.5,22.8,00:15.0,8/26/2018,01:39.0,8/28/2018
27-08-18,12:00:10 AM,12,Aug-18,Winter-2018,14.9,197.7,22.6,0.0,0.0,1020.9,98.2,8.7,22.5,23.9,22.7,00:10.0,8/27/2018,01:46.0,8/28/2018
27-08-18,1:00:18 AM,1,Aug-18,Winter-2018,14.6,198.9,22.5,0.0,0.0,1020.6,98.5,10.1,22.5,19.6,22.6,00:18.0,8/27/2018,01:54.0,8/28/2018
27-08-18,2:00:18 AM,2,Aug-18,Winter-2018,12.1,189.6,22.5,0.0,0.0,1020.1,98.9,6.5,22.4,18.8,22.5,00:18.0,8/27/2018,02:02.0,8/28/2018
27-08-18,3:00:15 AM,3,Aug-18,Winter-2018,10.2,241.0,22.2,1.8,0.0,1019.8,99.5,0.0,22.0,18.1,22.4,00:15.0,8/27/2018,02:13.0,8/28/2018
27-08-18,4:00:18 AM,4,Aug-18,Winter-2018,10.8,230.7,22.1,1.5,0.0,1019.4,100.0,5.1,22.0,21.0,22.2,00:18.0,8/27/2018,02:18.0,8/28/2018
27-08-18,5:00:19 AM,5,Aug-18,Winter-2018,10.0,222.0,22.0,0.0,0.0,1019.5,99.9,5.1,21.7,15.9,22.2,00:19.0,8/27/2018,02:23.0,8/28/2018
27-08-18,6:00:18 AM,6,Aug-18,Winter-2018,11.2,191.8,21.7,0.5,0.0,1020.0,100.0,5.8,21.3,18.1,22.2,00:18.0,8/27/2018,02:32.0,8/28/2018
27-08-18,7:00:15 AM,7,Aug-18,Winter-2018,9.9,229.8,21.6,0.3,10.7,1020.3,99.8,5.8,21.3,16.7,22.0,00:15.0,8/27/2018,02:36.0,8/28/2018
27-08-18,8:00:18 AM,8,Aug-18,Winter-2018,10.3,225.5,22.0,0.5,36.2,1020.9,99.3,5.1,21.7,15.9,22.1,00:18.0,8/27/2018,02:43.0,8/28/2018
27-08-18,9:00:19 AM,9,Aug-18,Winter-2018,9.6,249.7,22.0,0.8,111.0,1021.6,100.0,4.3,21.7,17.4,22.4,00:19.0,8/27/2018,02:52.0,8/28/2018
27-08-18,10:00:14 AM,10,Aug-18,Winter-2018,8.9,215.7,23.0,0.0,247.9,1022.6,97.1,5.1,22.4,13.8,23.7,00:14.0,8/27/2018,02:59.0,8/28/2018
27-08-18,11:00:29 AM,11,Aug-18,Winter-2018,9.8,235.8,24.0,0.0,437.0,1022.7,93.4,3.6,23.5,17.4,24.9,00:29.0,8/27/2018,03:06.0,8/28/2018
27-08-18,12:00:11 PM,24,Aug-18,Winter-2018,11.2,238.6,25.3,0.0,706.0,1022.5,87.4,5.8,24.8,18.1,25.8,00:11.0,8/27/2018,03:14.0,8/28/2018
27-08-18,1:00:14 PM,13,Aug-18,Winter-2018,9.7,198.1,25.9,0.0,563.6,1022.0,85.8,4.3,25.3,15.9,26.3,00:14.0,8/27/2018,03:23.0,8/28/2018
27-08-18,2:00:19 PM,14,Aug-18,Winter-2018,10.3,183.9,24.0,0.3,163.9,1021.1,92.9,3.6,22.9,18.8,25.3,00:19.0,8/27/2018,03:30.0,8/28/2018
27-08-18,3:00:14 PM,15,Aug-18,Winter-2018,9.2,201.9,24.0,0.0,264.1,1020.6,92.0,4.3,22.9,13.8,24.7,00:14.0,8/27/2018,03:39.0,8/28/2018
27-08-18,4:00:15 PM,16,Aug-18,Winter-2018,9.9,189.4,25.2,0.0,395.1,1020.2,88.3,0.0,24.6,14.5,25.6,00:15.0,8/27/2018,03:46.0,8/28/2018
27-08-18,5:00:14 PM,17,Aug-18,Winter-2018,10.4,218.5,24.4,0.8,99.4,1020.1,90.4,0.0,22.4,21.7,25.5,00:14.0,8/27/2018,03:54.0,8/28/2018
27-08-18,6:00:14 PM,18,Aug-18,Winter-2018,6.5,206.2,22.0,0.5,46.5,1020.0,98.8,0.0,21.9,13.8,22.4,00:14.0,8/27/2018,03:59.0,8/28/2018
27-08-18,7:00:14 PM,19,Aug-18,Winter-2018,1.7,205.4,22.2,0.0,22.4,1019.9,98.6,0.0,22.1,7.2,22.4,00:14.0,8/27/2018,04:06.0,8/28/2018
27-08-18,8:00:15 PM,20,Aug-18,Winter-2018,4.9,190.1,22.4,0.0,0.2,1020.0,97.9,0.0,22.3,9.4,22.4,00:15.0,8/27/2018,04:14.0,8/28/2018
27-08-18,9:00:18 PM,21,Aug-18,Winter-2018,3.3,171.5,22.3,0.0,0.0,1020.5,98.5,0.0,22.2,8.7,22.4,00:18.0,8/27/2018,04:23.0,8/28/2018
27-08-18,10:00:15 PM,22,Aug-18,Winter-2018,7.9,196.1,22.3,0.0,0.0,1021.1,98.9,0.0,22.2,16.7,22.4,00:15.0,8/27/2018,04:29.0,8/28/2018
27-08-18,11:00:14 PM,23,Aug-18,Winter-2018,11.0,192.3,22.3,0.0,0.0,1021.0,98.7,5.1,22.2,17.4,22.4,00:14.0,8/27/2018,04:36.0,8/28/2018
28-08-18,12:00:15 AM,12,Aug-18,Winter-2018,13.0,188.6,22.3,0.0,0.0,1020.8,98.3,7.2,22.2,18.8,22.3,00:15.0,8/28/2018,04:47.0,8/28/2018
28-08-18,1:00:10 AM,1,Aug-18,Winter-2018,16.7,194.9,22.2,0.0,0.0,1020.5,98.3,9.4,22.1,24.6,22.3,00:10.0,8/28/2018,04:56.0,8/28/2018
28-08-18,2:00:19 AM,2,Aug-18,Winter-2018,15.8,201.9,22.1,0.0,0.0,1020.3,98.8,8.0,22.1,23.9,22.2,00:19.0,8/28/2018,05:04.0,8/28/2018
28-08-18,3:00:14 AM,3,Aug-18,Winter-2018,14.8,205.2,22.1,0.0,0.0,1019.8,99.2,9.4,22.1,22.5,22.2,00:14.0,8/28/2018,05:13.0,8/28/2018
28-08-18,4:00:15 AM,4,Aug-18,Winter-2018,12.3,222.0,22.0,0.0,0.0,1019.5,99.5,5.8,22.0,18.8,22.1,00:15.0,8/28/2018,05:18.0,8/28/2018
28-08-18,5:00:19 AM,5,Aug-18,Winter-2018,13.5,228.4,22.0,0.0,0.0,1019.6,99.6,8.0,22.0,18.8,22.1,00:19.0,8/28/2018,05:23.0,8/28/2018
28-08-18,6:00:13 AM,6,Aug-18,Winter-2018,12.5,221.3,22.0,0.0,0.0,1019.9,99.5,7.2,21.9,18.1,22.1,00:13.0,8/28/2018,05:36.0,8/28/2018
28-08-18,7:00:18 AM,7,Aug-18,Winter-2018,12.6,217.9,21.9,0.0,14.0,1020.2,99.4,8.0,21.9,17.4,22.0,00:18.0,8/28/2018,05:44.0,8/28/2018
28-08-18,8:00:18 AM,8,Aug-18,Winter-2018,11.7,217.1,22.3,0.0,71.9,1020.8,98.7,7.2,22.0,18.1,22.5,00:18.0,8/28/2018,05:50.0,8/28/2018
28-08-18,9:00:14 AM,9,Aug-18,Winter-2018,13.6,217.4,23.0,0.0,249.0,1021.5,97.3,7.2,22.5,19.6,23.5,00:14.0,8/28/2018,05:57.0,8/28/2018
28-08-18,10:00:14 AM,10,Aug-18,Winter-2018,12.3,233.3,23.5,0.0,265.2,1022.3,94.9,6.5,23.4,20.3,23.6,00:14.0,8/28/2018,06:04.0,8/28/2018
28-08-18,11:00:15 AM,11,Aug-18,Winter-2018,11.9,252.6,24.2,0.0,456.0,1023.0,92.6,6.5,23.6,18.1,24.6,00:15.0,8/28/2018,06:15.0,8/28/2018
28-08-18,12:00:15 PM,24,Aug-18,Winter-2018,12.1,217.7,24.4,0.0,366.2,1023.1,91.4,5.8,24.2,18.1,24.5,00:15.0,8/28/2018,06:23.0,8/28/2018
28-08-18,1:00:18 PM,13,Aug-18,Winter-2018,12.3,220.1,24.8,0.0,438.3,1022.8,89.5,7.2,24.5,18.8,25.0,00:18.0,8/28/2018,06:29.0,8/28/2018
28-08-18,2:00:29 PM,14,Aug-18,Winter-2018,12.3,205.5,25.5,0.0,580.1,1021.9,85.9,6.5,25.0,18.1,25.9,00:29.0,8/28/2018,06:34.0,8/28/2018
28-08-18,3:00:14 PM,15,Aug-18,Winter-2018,13.4,207.0,26.0,0.0,623.5,1020.9,84.5,6.5,25.8,21.7,26.2,00:14.0,8/28/2018,06:43.0,8/28/2018
28-08-18,4:00:19 PM,16,Aug-18,Winter-2018,13.1,231.2,26.0,0.0,460.7,1020.5,85.0,5.1,25.6,19.6,26.3,00:19.0,8/28/2018,01:10.0,8/28/2018
28-08-18,5:00:15 PM,17,Aug-18,Winter-2018,10.1,218.5,25.5,0.0,205.7,1020.3,86.0,4.3,25.1,15.9,26.1,00:15.0,8/28/2018,01:12.0,8/28/2018
28-08-18,6:00:15 PM,18,Aug-18,Winter-2018,8.6,210.6,24.8,0.0,92.1,1020.2,89.8,0.0,24.4,13.0,25.1,00:15.0,8/28/2018,01:06.0,8/28/2018
28-08-18,7:00:18 PM,19,Aug-18,Winter-2018,10.3,200.8,23.8,0.0,24.8,1020.5,92.2,5.8,23.3,14.5,24.4,00:18.0,8/28/2018,01:15.0,8/28/2018
28-08-18,8:00:14 PM,20,Aug-18,Winter-2018,8.1,196.2,23.0,0.0,0.0,1020.8,94.1,4.3,22.8,13.0,23.3,00:14.0,8/28/2018,01:11.0,8/28/2018
28-08-18,9:00:18 PM,21,Aug-18,Winter-2018,9.8,211.4,22.7,0.0,0.0,1021.1,96.8,5.8,22.7,15.2,22.8,00:18.0,8/28/2018,01:13.0,8/28/2018
28-08-18,10:00:15 PM,22,Aug-18,Winter-2018,11.4,194.5,22.6,0.0,0.0,1022.0,98.2,6.5,22.5,18.8,22.7,00:15.0,8/28/2018,01:12.0,8/28/2018
28-08-18,11:00:18 PM,23,Aug-18,Winter-2018,11.8,193.5,22.3,0.0,0.0,1022.4,97.2,7.2,22.2,18.8,22.5,00:18.0,8/28/2018,01:20.0,8/28/2018
29-08-18,12:00:14 AM,12,Aug-18,Winter-2018,12.6,198.8,22.1,0.0,0.0,1022.4,97.1,7.2,22.0,18.1,22.2,00:14.0,8/29/2018,01:12.0,8/29/2018
29-08-18,1:00:18 AM,1,Aug-18,Winter-2018,15.2,192.7,22.1,0.0,0.0,1022.0,98.1,10.1,22.0,21.0,22.1,00:18.0,8/29/2018,01:16.0,8/29/2018
29-08-18,2:00:14 AM,2,Aug-18,Winter-2018,16.5,206.2,22.0,0.0,0.0,1021.5,98.9,10.1,22.0,24.6,22.1,00:14.0,8/29/2018,01:07.0,8/29/2018
29-08-18,3:00:18 AM,3,Aug-18,Winter-2018,16.6,204.7,22.0,0.0,0.0,1021.0,99.0,9.4,21.9,22.5,22.0,00:18.0,8/29/2018,01:16.0,8/29/2018
29-08-18,4:00:14 AM,4,Aug-18,Winter-2018,17.5,204.7,22.0,0.0,0.0,1020.8,98.7,10.9,21.9,25.3,22.1,00:14.0,8/29/2018,01:05.0,8/29/2018
29-08-18,5:00:19 AM,5,Aug-18,Winter-2018,17.3,196.6,21.9,0.0,0.0,1020.6,98.5,9.4,21.9,24.6,22.0,00:19.0,8/29/2018,01:13.0,8/29/2018
29-08-18,6:00:14 AM,6,Aug-18,Winter-2018,16.9,193.7,21.9,0.0,0.0,1020.8,98.6,10.9,21.9,27.5,22.0,00:14.0,8/29/2018,01:06.0,8/29/2018
29-08-18,7:00:14 AM,7,Aug-18,Winter-2018,16.4,213.0,22.0,0.0,9.4,1021.5,98.7,9.4,22.0,22.5,22.1,00:14.0,8/29/2018,01:11.0,8/29/2018
29-08-18,8:00:18 AM,8,Aug-18,Winter-2018,16.5,213.1,22.2,0.0,70.7,1022.2,98.3,10.1,22.1,25.3,22.4,00:18.0,8/29/2018,01:13.0,8/29/2018
29-08-18,8:00:18 AM,8,Aug-18,Winter-2018,16.5,213.1,22.2,0.0,70.7,1022.2,98.3,10.1,22.1,25.3,22.4,00:18.0,8/29/2018,01:01.0,8/29/2018
29-08-18,9:00:14 AM,9,Aug-18,Winter-2018,17.3,215.8,22.7,0.0,126.4,1022.9,97.0,10.9,22.4,24.6,22.8,00:14.0,8/29/2018,01:07.0,8/29/2018
29-08-18,10:00:14 AM,10,Aug-18,Winter-2018,16.9,209.9,23.5,0.0,385.8,1023.4,95.1,8.7,22.8,22.5,24.4,00:14.0,8/29/2018,01:09.0,8/29/2018
29-08-18,11:00:18 AM,11,Aug-18,Winter-2018,15.2,245.4,24.8,0.0,566.8,1024.0,91.4,8.0,24.4,23.2,25.2,00:18.0,8/29/2018,01:03.0,8/29/2018
29-08-18,12:00:15 PM,24,Aug-18,Winter-2018,15.0,220.5,25.5,0.0,730.9,1024.1,89.7,8.0,24.8,23.9,26.1,00:15.0,8/29/2018,01:08.0,8/29/2018
29-08-18,1:00:10 PM,13,Aug-18,Winter-2018,13.8,244.9,25.1,0.0,454.6,1023.8,91.3,7.2,24.3,21.7,26.0,00:10.0,8/29/2018,01:06.0,8/29/2018
29-08-18,2:00:15 PM,14,Aug-18,Winter-2018,16.2,208.3,25.5,0.0,562.2,1023.2,89.9,6.5,24.7,24.6,26.2,00:15.0,8/29/2018,01:06.0,8/29/2018
29-08-18,3:00:43 PM,15,Aug-18,Winter-2018,17.1,192.3,25.2,0.0,609.7,1022.6,90.4,8.0,24.4,26.1,26.2,00:43.0,8/29/2018,01:34.0,8/29/2018
29-08-18,4:00:14 PM,16,Aug-18,Winter-2018,15.6,224.6,25.7,0.0,574.5,1022.0,88.2,6.5,25.5,25.3,26.0,00:14.0,8/29/2018,01:10.0,8/29/2018
29-08-18,5:00:15 PM,17,Aug-18,Winter-2018,15.0,212.8,25.6,0.0,412.8,1021.6,88.2,8.7,25.3,21.0,25.8,00:15.0,8/29/2018,01:11.0,8/29/2018
29-08-18,6:00:14 PM,18,Aug-18,Winter-2018,12.6,243.9,24.8,0.0,124.6,1021.7,92.0,4.3,24.4,21.0,25.3,00:14.0,8/29/2018,01:10.0,8/29/2018
29-08-18,7:00:14 PM,19,Aug-18,Winter-2018,13.9,217.9,24.2,0.0,26.1,1022.0,92.2,7.2,23.8,23.9,24.6,00:14.0,8/29/2018,01:10.0,8/29/2018
29-08-18,8:00:18 PM,20,Aug-18,Winter-2018,13.8,212.2,23.7,0.0,0.0,1022.3,93.8,7.2,23.4,23.9,23.8,00:18.0,8/29/2018,01:15.0,8/29/2018
29-08-18,9:00:14 PM,21,Aug-18,Winter-2018,15.2,215.2,23.1,0.0,0.0,1022.6,95.6,9.4,22.8,23.2,23.4,00:14.0,8/29/2018,01:11.0,8/29/2018
29-08-18,10:00:19 PM,22,Aug-18,Winter-2018,16.6,215.4,22.8,0.0,0.0,1023.0,96.3,10.9,22.7,23.9,22.9,00:19.0,8/29/2018,01:17.0,8/29/2018
29-08-18,11:00:14 PM,23,Aug-18,Winter-2018,17.1,197.4,22.7,0.0,0.0,1023.1,95.9,10.1,22.6,25.3,22.7,00:14.0,8/29/2018,01:11.0,8/29/2018
30-08-18,12:00:18 AM,12,Aug-18,Winter-2018,18.3,192.8,22.6,0.0,0.0,1022.8,96.4,10.9,22.6,26.8,22.7,00:18.0,8/30/2018,01:15.0,8/30/2018
30-08-18,1:00:14 AM,1,Aug-18,Winter-2018,19.5,193.4,22.7,0.0,0.0,1022.5,95.9,11.6,22.6,28.2,22.8,00:14.0,8/30/2018,01:06.0,8/30/2018
30-08-18,2:00:10 AM,2,Aug-18,Winter-2018,18.9,204.1,22.6,0.0,0.0,1022.2,96.5,11.6,22.6,25.3,22.7,00:10.0,8/30/2018,01:07.0,8/30/2018
30-08-18,3:00:15 AM,3,Aug-18,Winter-2018,20.5,217.6,22.6,0.0,0.0,1021.5,96.8,11.6,22.6,29.7,22.7,00:15.0,8/30/2018,01:12.0,8/30/2018
30-08-18,4:00:14 AM,4,Aug-18,Winter-2018,21.3,224.6,22.6,0.0,0.0,1021.0,97.1,13.0,22.6,29.0,22.7,00:14.0,8/30/2018,01:06.0,8/30/2018
30-08-18,5:00:19 AM,5,Aug-18,Winter-2018,19.6,201.4,22.6,0.0,0.0,1021.4,98.0,12.3,22.5,27.5,22.7,00:19.0,8/30/2018,01:14.0,8/30/2018
30-08-18,6:00:14 AM,6,Aug-18,Winter-2018,18.4,225.2,22.3,0.0,0.0,1021.8,98.9,10.1,22.3,27.5,22.5,00:14.0,8/30/2018,01:06.0,8/30/2018
30-08-18,7:00:14 AM,7,Aug-18,Winter-2018,16.2,210.1,22.2,0.3,5.9,1022.0,99.5,8.0,22.1,26.1,22.3,00:14.0,8/30/2018,01:11.0,8/30/2018
30-08-18,8:00:18 AM,8,Aug-18,Winter-2018,16.2,219.9,22.2,0.5,31.0,1022.4,99.7,8.7,22.1,26.1,22.3,00:18.0,8/30/2018,01:20.0,8/30/2018
30-08-18,8:00:18 AM,8,Aug-18,Winter-2018,16.2,219.9,22.2,0.5,31.0,1022.4,99.7,8.7,22.1,26.1,22.3,00:18.0,8/30/2018,01:00.0,8/30/2018
30-08-18,9:00:19 AM,9,Aug-18,Winter-2018,16.7,210.9,22.3,0.8,68.2,1023.0,99.8,7.2,22.2,28.2,22.4,00:19.0,8/30/2018,01:08.0,8/30/2018
30-08-18,10:00:15 AM,10,Aug-18,Winter-2018,19.6,221.6,22.4,0.8,176.3,1023.3,99.7,10.1,22.1,29.7,22.9,00:15.0,8/30/2018,01:07.0,8/30/2018
30-08-18,11:00:19 AM,11,Aug-18,Winter-2018,17.7,226.0,24.0,0.0,579.0,1023.8,95.2,10.1,22.9,26.8,24.7,00:19.0,8/30/2018,01:15.0,8/30/2018
30-08-18,12:00:14 PM,24,Aug-18,Winter-2018,16.1,208.8,23.6,0.3,146.5,1023.8,95.7,7.2,22.8,26.1,24.5,00:14.0,8/30/2018,01:10.0,8/30/2018
30-08-18,1:00:18 PM,13,Aug-18,Winter-2018,19.2,201.4,23.1,0.3,257.3,1023.3,98.3,9.4,22.7,26.8,23.7,00:18.0,8/30/2018,01:13.0,8/30/2018
30-08-18,2:00:11 PM,14,Aug-18,Winter-2018,13.9,208.8,23.2,0.3,215.0,1022.8,97.4,4.3,22.4,29.0,23.8,00:11.0,8/30/2018,01:08.0,8/30/2018
30-08-18,3:00:18 PM,15,Aug-18,Winter-2018,15.2,212.2,24.4,0.0,411.7,1022.3,93.8,6.5,23.6,26.1,25.2,00:18.0,8/30/2018,01:20.0,8/30/2018
30-08-18,4:00:14 PM,16,Aug-18,Winter-2018,17.2,222.7,24.6,0.0,335.4,1021.8,92.0,9.4,24.0,25.3,25.1,00:14.0,8/30/2018,01:11.0,8/30/2018
30-08-18,5:00:18 PM,17,Aug-18,Winter-2018,17.1,233.0,25.4,0.0,389.1,1021.2,89.6,8.7,24.9,24.6,25.7,00:18.0,8/30/2018,01:15.0,8/30/2018
30-08-18,6:00:14 PM,18,Aug-18,Winter-2018,16.0,210.2,24.8,0.0,123.4,1021.0,91.7,9.4,24.6,24.6,25.2,00:14.0,8/30/2018,01:07.0,8/30/2018
30-08-18,7:00:10 PM,19,Aug-18,Winter-2018,14.8,203.4,24.1,0.0,27.4,1021.2,92.5,8.0,23.6,25.3,24.7,00:10.0,8/30/2018,01:03.0,8/30/2018
30-08-18,8:00:15 PM,20,Aug-18,Winter-2018,15.0,222.6,23.4,0.0,0.0,1021.9,95.2,8.7,23.2,24.6,23.6,00:15.0,8/30/2018,01:13.0,8/30/2018
30-08-18,9:00:15 PM,21,Aug-18,Winter-2018,17.0,211.4,23.2,0.0,0.0,1022.3,96.5,10.1,23.1,26.8,23.2,00:15.0,8/30/2018,01:13.0,8/30/2018
30-08-18,10:00:18 PM,22,Aug-18,Winter-2018,18.1,206.8,22.7,0.0,0.0,1022.9,96.5,11.6,22.5,26.1,23.1,00:18.0,8/30/2018,01:21.0,8/30/2018
30-08-18,11:00:10 PM,23,Aug-18,Winter-2018,18.7,217.3,22.6,0.0,0.0,1023.1,97.3,13.0,22.5,26.1,22.6,00:10.0,8/30/2018,01:03.0,8/30/2018
31-08-18,12:00:14 AM,12,Aug-18,Winter-2018,17.4,215.4,22.6,0.0,0.0,1023.0,98.9,10.1,22.6,23.9,22.7,00:14.0,8/31/2018,01:18.0,8/31/2018
31-08-18,1:00:14 AM,1,Aug-18,Winter-2018,18.2,209.4,22.7,0.0,0.0,1022.6,99.1,11.6,22.6,26.8,22.7,00:14.0,8/31/2018,01:12.0,8/31/2018
31-08-18,2:00:13 AM,2,Aug-18,Winter-2018,17.2,218.2,22.5,0.3,0.0,1022.2,99.5,11.6,22.5,24.6,22.6,00:13.0,8/31/2018,01:06.0,8/31/2018
31-08-18,3:00:15 AM,3,Aug-18,Winter-2018,20.6,220.1,22.5,0.5,0.0,1021.9,99.7,10.9,22.4,29.0,22.6,00:15.0,8/31/2018,01:08.0,8/31/2018
31-08-18,4:00:19 AM,4,Aug-18,Winter-2018,21.2,228.7,22.5,0.0,0.0,1021.5,97.7,13.0,22.4,30.4,22.5,00:19.0,8/31/2018,01:06.0,8/31/2018
31-08-18,5:00:19 AM,5,Aug-18,Winter-2018,18.4,229.9,22.4,0.0,0.0,1021.8,97.3,9.4,22.4,28.2,22.5,00:19.0,8/31/2018,01:13.0,8/31/2018
31-08-18,6:00:14 AM,6,Aug-18,Winter-2018,18.9,246.1,22.4,0.0,0.0,1022.0,98.0,9.4,22.4,30.4,22.5,00:14.0,8/31/2018,01:06.0,8/31/2018
31-08-18,7:00:14 AM,7,Aug-18,Winter-2018,17.1,220.7,22.3,0.0,16.4,1022.3,98.6,8.7,22.2,25.3,22.5,00:14.0,8/31/2018,01:11.0,8/31/2018
31-08-18,8:00:18 AM,8,Aug-18,Winter-2018,17.7,229.5,22.7,0.0,108.7,1022.8,97.8,10.1,22.5,26.1,22.9,00:18.0,8/31/2018,01:20.0,8/31/2018
31-08-18,8:00:18 AM,8,Aug-18,Winter-2018,17.7,229.5,22.7,0.0,108.7,1022.8,97.8,10.1,22.5,26.1,22.9,00:18.0,8/31/2018,01:00.0,8/31/2018
31-08-18,9:00:19 AM,9,Aug-18,Winter-2018,16.4,231.2,23.2,0.0,246.2,1023.7,96.7,8.7,22.8,26.8,23.8,00:19.0,8/31/2018,01:08.0,8/31/2018
31-08-18,10:00:15 AM,10,Aug-18,Winter-2018,16.0,235.7,23.7,0.0,322.3,1024.1,95.8,8.0,23.0,26.8,24.0,00:15.0,8/31/2018,01:06.0,8/31/2018
31-08-18,11:00:12 AM,11,Aug-18,Winter-2018,14.0,253.0,24.0,0.0,470.3,1024.1,96.6,5.1,23.2,25.3,25.1,00:12.0,8/31/2018,01:09.0,8/31/2018
31-08-18,12:00:18 PM,24,Aug-18,Winter-2018,17.6,252.3,25.4,0.0,634.3,1024.3,89.9,10.1,24.2,28.2,26.3,00:18.0,8/31/2018,01:19.0,8/31/2018
31-08-18,1:00:14 PM,13,Aug-18,Winter-2018,18.7,254.7,24.7,1.0,507.4,1024.0,91.1,10.9,23.0,31.1,25.6,00:14.0,8/31/2018,01:17.0,8/31/2018
31-08-18,2:00:18 PM,14,Aug-18,Winter-2018,12.6,257.5,23.7,0.3,349.4,1023.4,97.5,5.8,22.8,22.5,24.3,00:18.0,8/31/2018,01:21.0,8/31/2018
31-08-18,3:00:14 PM,15,Aug-18,Winter-2018,16.5,208.6,25.3,0.0,595.6,1023.0,91.2,8.7,24.0,25.3,26.5,00:14.0,8/31/2018,01:12.0,8/31/2018
31-08-18,4:00:14 PM,16,Aug-18,Winter-2018,15.5,233.6,26.2,0.0,503.4,1022.7,83.6,6.5,25.8,26.8,26.6,00:14.0,8/31/2018,01:17.0,8/31/2018
31-08-18,5:00:18 PM,17,Aug-18,Winter-2018,15.7,249.4,25.5,0.0,255.9,1022.1,87.2,8.0,24.8,23.2,26.1,00:18.0,8/31/2018,01:26.0,8/31/2018
31-08-18,6:00:14 PM,18,Aug-18,Winter-2018,16.1,207.7,24.6,0.0,116.0,1022.0,91.0,8.7,24.1,23.9,24.9,00:14.0,8/31/2018,01:18.0,8/31/2018
31-08-18,7:00:19 PM,19,Aug-18,Winter-2018,14.1,215.8,23.9,0.0,19.5,1022.3,92.9,5.8,23.7,21.7,24.1,00:19.0,8/31/2018,01:22.0,8/31/2018
31-08-18,8:00:14 PM,20,Aug-18,Winter-2018,14.7,209.6,23.5,0.0,0.0,1022.9,94.8,8.0,23.3,22.5,23.7,00:14.0,8/31/2018,01:13.0,8/31/2018
31-08-18,9:00:14 PM,21,Aug-18,Winter-2018,17.4,223.0,23.2,0.0,0.0,1023.5,96.2,8.7,23.1,29.7,23.3,00:14.0,8/31/2018,01:18.0,8/31/2018
31-08-18,10:00:15 PM,22,Aug-18,Winter-2018,17.4,209.6,22.9,0.0,0.0,1024.0,96.3,10.9,22.8,23.9,23.2,00:15.0,8/31/2018,01:23.0,8/31/2018
31-08-18,11:00:15 PM,23,Aug-18,Winter-2018,15.6,199.4,22.7,0.0,0.0,1024.1,96.3,9.4,22.6,21.7,22.8,00:15.0,8/31/2018,00:52.0,09-03-18
01-09-18,12:00:19 AM,24,Aug-18,Winter-2018,16.4,214.1,22.6,0.0,0.0,1024.0,96.9,10.1,22.5,26.1,22.7,00:19.0,09-01-18,00:59.0,09-03-18
01-09-18,1:00:18 AM,1,Aug-18,Winter-2018,17.7,219.5,22.5,0.0,0.0,1023.6,97.2,10.1,22.5,23.2,22.7,00:18.0,09-01-18,01:06.0,09-03-18
01-09-18,2:00:14 AM,2,Aug-18,Winter-2018,16.8,227.3,22.4,0.0,0.0,1023.3,97.6,8.7,22.4,24.6,22.5,00:14.0,09-01-18,01:13.0,09-03-18
01-09-18,3:00:19 AM,3,Aug-18,Winter-2018,16.4,224.6,22.5,0.0,0.0,1022.9,97.1,8.0,22.4,23.9,22.5,00:19.0,09-01-18,01:18.0,09-03-18
01-09-18,4:00:14 AM,4,Aug-18,Winter-2018,14.6,244.1,22.4,0.0,0.0,1022.6,97.1,5.8,22.3,25.3,22.4,00:14.0,09-01-18,01:23.0,09-03-18
01-09-18,5:00:18 AM,5,Aug-18,Winter-2018,12.5,233.0,22.3,0.0,0.0,1022.3,98.5,6.5,22.2,19.6,22.4,00:18.0,09-01-18,01:29.0,09-03-18
01-09-18,6:00:15 AM,6,Aug-18,Winter-2018,13.2,241.7,22.2,0.0,0.0,1022.6,98.6,7.2,22.1,23.9,22.4,00:15.0,09-01-18,01:36.0,09-03-18
01-09-18,7:00:18 AM,7,Aug-18,Winter-2018,13.9,222.0,22.3,0.0,12.1,1023.0,98.0,5.8,22.2,21.7,22.5,00:18.0,09-01-18,01:43.0,09-03-18
01-09-18,8:00:18 AM,8,Aug-18,Winter-2018,15.8,218.4,22.6,0.0,109.5,1023.7,97.9,8.0,22.5,22.5,23.0,00:18.0,09-01-18,01:48.0,09-03-18
01-09-18,9:00:19 AM,9,Aug-18,Winter-2018,16.9,241.0,23.2,0.0,218.6,1024.4,96.4,10.1,22.8,26.1,23.7,00:19.0,09-01-18,01:53.0,09-03-18
01-09-18,10:00:18 AM,10,Aug-18,Winter-2018,15.1,244.7,24.3,0.0,433.3,1025.5,92.9,6.5,23.7,22.5,24.7,00:18.0,09-01-18,01:59.0,09-03-18
01-09-18,11:00:19 AM,11,Aug-18,Winter-2018,15.3,205.7,25.1,0.0,630.7,1025.9,90.6,8.7,24.5,21.0,25.6,00:19.0,09-01-18,02:04.0,09-03-18
01-09-18,12:00:15 PM,12,Aug-18,Winter-2018,15.1,218.0,25.4,0.0,563.5,1025.5,90.1,9.4,24.5,21.7,26.0,00:15.0,09-01-18,02:13.0,09-03-18
01-09-18,1:00:18 PM,13,Aug-18,Winter-2018,13.6,216.0,26.3,0.0,629.6,1024.9,86.0,5.1,25.4,21.7,27.1,00:18.0,09-01-18,02:18.0,09-03-18
01-09-18,2:00:19 PM,14,Aug-18,Winter-2018,20.2,204.5,23.2,0.8,112.3,1024.0,96.1,8.0,22.6,31.1,25.4,00:19.0,09-01-18,02:23.0,09-03-18
01-09-18,3:00:14 PM,15,Aug-18,Winter-2018,18.6,207.8,23.0,0.5,278.3,1023.7,97.5,10.9,22.4,31.1,23.6,00:14.0,09-01-18,02:29.0,09-03-18
01-09-18,4:00:19 PM,16,Aug-18,Winter-2018,16.2,199.1,23.1,0.0,315.3,1023.3,97.4,8.7,22.6,23.2,23.6,00:19.0,09-01-18,02:34.0,09-03-18
01-09-18,5:00:18 PM,17,Aug-18,Winter-2018,18.3,201.7,23.3,0.8,181.3,1023.0,94.7,8.7,21.6,34.8,24.1,00:18.0,09-01-18,02:43.0,09-03-18
01-09-18,6:00:14 PM,18,Aug-18,Winter-2018,18.2,197.2,21.6,0.3,107.1,1022.9,97.9,8.7,21.4,31.9,22.0,00:14.0,09-01-18,02:48.0,09-03-18
01-09-18,7:00:18 PM,19,Aug-18,Winter-2018,14.7,200.9,22.3,0.0,15.2,1023.1,98.0,8.7,22.1,21.0,22.5,00:18.0,09-01-18,02:53.0,09-03-18
01-09-18,8:00:19 PM,20,Aug-18,Winter-2018,19.8,224.1,21.9,1.0,0.0,1023.5,98.6,8.0,21.0,31.1,22.6,00:19.0,09-01-18,02:59.0,09-03-18
01-09-18,9:00:18 PM,21,Aug-18,Winter-2018,14.8,209.6,21.8,0.0,0.0,1023.9,99.1,7.2,21.3,27.5,22.2,00:18.0,09-01-18,03:06.0,09-03-18
01-09-18,10:00:18 PM,22,Aug-18,Winter-2018,14.1,206.0,22.4,0.0,0.0,1024.6,99.5,8.7,22.3,20.3,22.4,00:18.0,09-01-18,03:14.0,09-03-18
01-09-18,11:00:14 PM,23,Aug-18,Winter-2018,17.4,210.9,22.4,0.0,0.0,1024.4,99.1,10.1,22.2,26.8,22.5,00:14.0,09-01-18,03:18.0,09-03-18
02-09-18,12:00:19 AM,24,Aug-18,Winter-2018,17.8,206.3,21.8,0.0,0.0,1024.1,98.4,10.1,21.6,26.1,22.2,00:19.0,09-02-18,03:23.0,09-03-18
02-09-18,1:00:14 AM,1,Aug-18,Winter-2018,15.5,208.3,21.5,0.0,0.0,1023.8,98.6,8.7,21.4,26.1,21.6,00:14.0,09-02-18,03:29.0,09-03-18
02-09-18,2:00:18 AM,2,Aug-18,Winter-2018,16.3,222.7,21.7,0.0,0.0,1023.1,98.6,8.0,21.5,26.8,21.8,00:18.0,09-02-18,03:36.0,09-03-18
02-09-18,3:00:14 AM,3,Aug-18,Winter-2018,18.6,218.2,21.7,0.3,0.0,1022.6,98.3,10.9,21.6,27.5,21.9,00:14.0,09-02-18,03:43.0,09-03-18
02-09-18,4:00:18 AM,4,Aug-18,Winter-2018,14.4,221.8,21.5,1.0,0.0,1022.3,99.9,8.7,21.4,23.2,21.7,00:18.0,09-02-18,03:48.0,09-03-18
02-09-18,5:00:19 AM,5,Aug-18,Winter-2018,16.2,210.4,21.5,1.0,0.0,1022.2,100.0,10.1,21.4,26.8,21.7,00:19.0,09-02-18,03:53.0,09-03-18
02-09-18,6:00:10 AM,6,Aug-18,Winter-2018,13.5,248.6,21.5,2.3,0.0,1022.3,100.0,6.5,21.4,26.1,21.7,00:10.0,09-02-18,03:59.0,09-03-18
02-09-18,7:00:14 AM,7,Aug-18,Winter-2018,13.9,213.3,21.8,1.0,6.0,1022.8,100.0,6.5,21.4,23.2,22.0,00:14.0,09-02-18,04:03.0,09-03-18
02-09-18,8:00:18 AM,8,Aug-18,Winter-2018,12.6,225.0,21.9,0.3,31.1,1023.3,100.0,8.0,21.9,21.7,21.9,00:18.0,09-02-18,04:13.0,09-03-18
02-09-18,9:00:15 AM,9,Aug-18,Winter-2018,16.5,218.0,22.1,0.3,117.1,1024.0,100.0,5.1,21.9,26.8,22.6,00:15.0,09-02-18,04:18.0,09-03-18
02-09-18,10:00:18 AM,10,Aug-18,Winter-2018,17.6,237.2,22.9,0.0,197.0,1024.8,99.1,10.9,22.6,24.6,23.3,00:18.0,09-02-18,04:23.0,09-03-18
02-09-18,11:00:10 AM,11,Aug-18,Winter-2018,19.2,233.1,23.1,1.3,149.3,1024.7,97.6,8.7,22.6,30.4,23.3,00:10.0,09-02-18,04:29.0,09-03-18
02-09-18,12:00:14 PM,12,Aug-18,Winter-2018,17.3,212.8,23.0,0.3,188.4,1024.7,97.9,9.4,22.6,29.0,23.3,00:14.0,09-02-18,04:33.0,09-03-18
02-09-18,1:00:18 PM,13,Aug-18,Winter-2018,16.9,205.2,23.4,0.0,318.7,1024.1,97.1,10.9,22.7,25.3,24.3,00:18.0,09-02-18,04:43.0,09-03-18
02-09-18,2:00:18 PM,14,Aug-18,Winter-2018,16.9,228.4,24.6,0.0,350.4,1023.5,93.7,10.9,24.1,27.5,25.2,00:18.0,09-02-18,04:48.0,09-03-18
02-09-18,3:00:14 PM,15,Aug-18,Winter-2018,17.9,227.5,24.2,0.3,241.3,1022.9,93.7,10.1,23.6,28.2,25.3,00:14.0,09-02-18,04:53.0,09-03-18
02-09-18,4:00:19 PM,16,Aug-18,Winter-2018,20.7,217.9,22.7,1.5,139.2,1022.6,98.0,7.2,22.0,31.9,23.6,00:19.0,09-02-18,04:59.0,09-03-18
02-09-18,5:00:19 PM,17,Aug-18,Winter-2018,20.6,209.8,22.6,0.0,155.4,1022.2,97.4,13.0,22.1,31.1,23.0,00:19.0,09-02-18,05:04.0,09-03-18
02-09-18,6:00:18 PM,18,Aug-18,Winter-2018,17.2,206.7,22.8,0.0,53.9,1022.4,94.8,10.9,22.4,25.3,23.2,00:18.0,09-02-18,05:13.0,09-03-18
02-09-18,7:00:14 PM,19,Aug-18,Winter-2018,18.6,205.7,22.5,0.0,13.5,1022.9,96.7,11.6,22.4,26.1,22.6,00:14.0,09-02-18,05:18.0,09-03-18
02-09-18,8:00:23 PM,20,Aug-18,Winter-2018,19.3,207.8,22.6,0.0,0.0,1023.3,97.6,10.9,22.5,28.2,22.7,00:23.0,09-02-18,05:23.0,09-03-18
02-09-18,9:00:19 PM,21,Aug-18,Winter-2018,18.4,198.1,22.7,0.0,0.0,1023.8,97.6,9.4,22.6,26.8,22.7,00:19.0,09-02-18,05:29.0,09-03-18
02-09-18,10:00:18 PM,22,Aug-18,Winter-2018,19.1,218.4,22.5,0.5,0.0,1024.2,98.5,9.4,22.4,28.2,22.7,00:18.0,09-02-18,05:36.0,09-03-18
02-09-18,11:00:19 PM,23,Aug-18,Winter-2018,17.4,203.2,22.3,0.0,0.0,1024.8,98.2,9.4,22.2,28.2,22.6,00:19.0,09-02-18,05:43.0,09-03-18
03-09-18,12:00:14 AM,24,Aug-18,Winter-2018,16.7,221.8,22.4,0.0,0.0,1024.2,98.8,10.1,22.2,26.8,22.5,00:14.0,09-03-18,05:48.0,09-03-18
03-09-18,1:00:19 AM,1,Aug-18,Winter-2018,17.6,195.1,22.4,0.3,0.0,1023.9,98.8,10.9,22.2,24.6,22.5,00:19.0,09-03-18,05:53.0,09-03-18
03-09-18,2:00:15 AM,2,Aug-18,Winter-2018,17.0,199.4,22.3,0.0,0.0,1023.3,99.2,10.1,22.2,26.8,22.4,00:15.0,09-03-18,05:59.0,09-03-18
03-09-18,3:00:18 AM,3,Aug-18,Winter-2018,17.6,211.8,22.2,0.3,0.0,1022.7,99.2,10.1,22.1,26.1,22.3,00:18.0,09-03-18,06:04.0,09-03-18
03-09-18,4:00:19 AM,4,Aug-18,Winter-2018,16.3,217.1,21.8,0.3,0.0,1022.3,99.0,10.1,21.7,24.6,22.1,00:19.0,09-03-18,06:13.0,09-03-18
03-09-18,5:00:19 AM,5,Aug-18,Winter-2018,16.7,201.9,21.7,0.3,0.0,1022.1,99.2,8.7,21.4,31.1,21.9,00:19.0,09-03-18,06:18.0,09-03-18
03-09-18,6:00:18 AM,6,Aug-18,Winter-2018,16.4,205.2,21.7,0.5,0.0,1022.2,99.4,9.4,21.3,25.3,21.9,00:18.0,09-03-18,06:23.0,09-03-18
03-09-18,7:00:15 AM,7,Aug-18,Winter-2018,16.8,217.3,21.9,0.8,6.5,1022.5,99.7,8.7,21.7,26.1,22.1,00:15.0,09-03-18,06:29.0,09-03-18
03-09-18,8:00:18 AM,8,Aug-18,Winter-2018,17.4,201.6,21.6,1.0,28.4,1023.2,100.0,8.0,21.3,30.4,21.9,00:18.0,09-03-18,06:33.0,09-03-18
03-09-18,9:00:19 AM,9,Aug-18,Winter-2018,17.6,208.8,21.8,0.0,166.4,1024.0,99.7,8.7,21.3,27.5,22.0,00:19.0,09-03-18,06:43.0,09-03-18
03-09-18,10:00:18 AM,10,Aug-18,Winter-2018,18.5,214.1,22.2,0.0,224.5,1024.9,99.0,10.9,21.9,26.1,22.6,00:18.0,09-03-18,06:48.0,09-03-18
03-09-18,11:00:19 AM,11,Aug-18,Winter-2018,17.6,224.9,22.3,1.0,177.3,1025.2,99.3,9.4,22.1,25.3,22.6,00:19.0,09-03-18,06:53.0,09-03-18
03-09-18,12:00:14 PM,12,Aug-18,Winter-2018,15.3,205.0,22.5,0.5,260.4,1025.2,100.0,8.7,22.1,22.5,22.9,00:14.0,09-03-18,06:59.0,09-03-18
03-09-18,1:00:13 PM,13,Aug-18,Winter-2018,14.9,237.2,22.8,2.0,255.2,1024.3,100.0,8.7,22.6,23.2,23.0,00:13.0,09-03-18,07:04.0,09-03-18
03-09-18,2:00:18 PM,14,Aug-18,Winter-2018,19.3,223.8,22.7,1.5,306.7,1023.6,99.9,8.0,22.3,29.7,23.0,00:18.0,09-03-18,07:13.0,09-03-18
03-09-18,3:00:12 PM,15,Aug-18,Winter-2018,17.7,225.0,22.3,1.8,287.0,1023.1,99.9,10.1,22.1,26.8,22.6,00:12.0,09-03-18,07:18.0,09-03-18
03-09-18,4:00:15 PM,16,Aug-18,Winter-2018,13.3,229.8,22.8,0.0,305.1,1023.0,99.2,5.8,22.2,21.7,23.3,00:15.0,09-03-18,07:23.0,09-03-18
03-09-18,5:00:24 PM,17,Aug-18,Winter-2018,14.3,205.9,22.7,0.3,170.7,1022.6,98.6,8.0,22.5,23.2,22.9,00:24.0,09-03-18,07:29.0,09-03-18
03-09-18,6:00:10 PM,18,Aug-18,Winter-2018,14.8,208.1,23.0,0.0,120.2,1022.7,97.2,10.1,22.8,20.3,23.1,00:10.0,09-03-18,01:05.0,09-03-18
03-09-18,7:00:15 PM,19,Aug-18,Winter-2018,14.4,204.7,22.8,0.0,16.5,1023.2,96.8,8.7,22.6,21.7,22.9,00:15.0,09-03-18,01:16.0,09-03-18
03-09-18,8:00:14 PM,20,Aug-18,Winter-2018,15.1,212.0,22.4,0.0,0.0,1023.6,98.2,10.1,22.2,24.6,22.6,00:14.0,09-03-18,01:16.0,09-03-18
03-09-18,9:00:18 PM,21,Aug-18,Winter-2018,15.7,207.3,22.2,0.0,0.0,1024.0,99.1,8.7,22.1,22.5,22.3,00:18.0,09-03-18,01:32.0,09-03-18
03-09-18,10:00:14 PM,22,Aug-18,Winter-2018,18.1,201.7,22.4,0.0,0.0,1024.6,98.6,10.1,22.2,29.7,22.6,00:14.0,09-03-18,01:23.0,09-03-18
03-09-18,11:00:19 PM,23,Aug-18,Winter-2018,16.6,209.4,22.5,0.0,0.0,1025.2,97.6,9.4,22.4,25.3,22.6,00:19.0,09-03-18,01:30.0,09-03-18
04-09-18,12:00:14 AM,24,Aug-18,Winter-2018,15.3,205.9,22.4,0.0,0.0,1025.2,97.9,8.7,22.3,23.2,22.4,00:14.0,09-04-18,01:21.0,09-04-18
04-09-18,1:00:25 AM,1,Aug-18,Winter-2018,15.8,214.7,22.3,0.0,0.0,1024.5,99.0,9.4,22.2,22.5,22.3,00:25.0,09-04-18,01:42.0,09-04-18
04-09-18,2:00:15 AM,2,Aug-18,Winter-2018,16.3,220.5,22.2,0.0,0.0,1024.1,99.5,7.2,22.2,24.6,22.3,00:15.0,09-04-18,01:29.0,09-04-18
04-09-18,3:00:14 AM,3,Aug-18,Winter-2018,14.4,229.2,22.1,0.3,0.0,1023.7,99.1,8.0,21.9,23.2,22.3,00:14.0,09-04-18,01:28.0,09-04-18
04-09-18,4:00:15 AM,4,Aug-18,Winter-2018,16.3,229.9,22.1,0.0,0.0,1023.5,99.3,9.4,22.0,25.3,22.1,00:15.0,09-04-18,01:33.0,09-04-18
04-09-18,5:00:19 AM,5,Aug-18,Winter-2018,15.5,233.4,22.1,0.0,0.0,1023.8,98.4,7.2,22.0,23.9,22.1,00:19.0,09-04-18,01:40.0,09-04-18
04-09-18,6:00:14 AM,6,Aug-18,Winter-2018,15.1,232.4,22.0,0.0,0.0,1024.0,99.1,9.4,21.9,23.2,22.1,00:14.0,09-04-18,01:07.0,09-04-18
04-09-18,7:00:14 AM,7,Aug-18,Winter-2018,15.0,233.6,21.9,0.3,6.7,1024.1,99.6,9.4,21.6,21.0,22.1,00:14.0,09-04-18,01:12.0,09-04-18
04-09-18,8:00:18 AM,8,Aug-18,Winter-2018,14.5,241.9,21.9,0.0,105.1,1025.3,98.9,9.4,21.6,20.3,22.2,00:18.0,09-04-18,01:24.0,09-04-18
04-09-18,8:00:18 AM,9,Aug-18,Winter-2018,14.5,241.9,21.9,0.0,105.1,1025.3,98.9,9.4,21.6,20.3,22.2,00:18.0,09-04-18,01:08.0,09-04-18
04-09-18,9:00:19 AM,10,Aug-18,Winter-2018,14.7,223.8,21.7,0.0,174.3,1025.8,98.8,8.7,21.5,21.7,22.0,00:19.0,09-04-18,01:16.0,09-04-18
04-09-18,10:00:15 AM,11,Aug-18,Winter-2018,14.3,245.8,22.8,0.0,388.9,1026.6,94.2,6.5,22.0,26.1,23.3,00:15.0,09-04-18,01:10.0,09-04-18
04-09-18,11:00:29 AM,12,Aug-18,Winter-2018,11.1,247.0,23.1,0.0,327.2,1026.8,95.2,5.1,22.8,18.1,23.3,00:29.0,09-04-18,01:30.0,09-04-18
04-09-18,12:00:14 PM,13,Aug-18,Winter-2018,11.0,224.9,22.9,0.8,263.5,1026.5,97.0,5.1,22.7,16.7,23.4,00:14.0,09-04-18,01:15.0,09-04-18
04-09-18,1:00:40 PM,14,Aug-18,Winter-2018,8.0,242.8,23.2,0.0,109.2,1026.0,95.6,8.0,23.2,19.6,23.8,00:40.0,09-04-18,01:27.0,09-04-18
04-09-18,2:00:40 PM,15,Aug-18,Winter-2018,8.0,242.8,23.2,0.0,109.2,1026.0,95.6,8.0,23.2,19.6,23.8,00:40.0,09-04-18,01:31.0,09-04-18
04-09-18,3:00:40 PM,16,Aug-18,Winter-2018,8.0,242.8,23.2,0.0,109.2,1026.0,95.6,8.0,23.2,19.6,23.8,00:40.0,09-04-18,01:27.0,09-04-18
04-09-18,4:00:42 PM,17,Aug-18,Winter-2018,8.0,242.8,23.2,0.0,109.2,1026.0,95.6,8.0,23.2,19.6,23.8,00:42.0,09-04-18,01:25.0,09-04-18
04-09-18,5:00:40 PM,18,Aug-18,Winter-2018,8.0,242.8,23.2,0.0,109.2,1026.0,95.6,8.0,23.2,19.6,23.8,00:40.0,09-04-18,01:32.0,09-04-18
04-09-18,6:00:42 PM,19,Aug-18,Winter-2018,8.0,242.8,23.2,0.0,109.2,1026.0,95.6,8.0,23.2,19.6,23.8,00:42.0,09-04-18,01:42.0,09-04-18
04-09-18,7:00:42 PM,20,Aug-18,Winter-2018,8.0,242.8,23.2,0.0,109.2,1026.0,95.6,8.0,23.2,19.6,23.8,00:42.0,09-04-18,01:42.0,09-04-18
04-09-18,8:00:45 PM,21,Aug-18,Winter-2018,8.0,242.8,23.2,0.0,109.2,1026.0,95.6,8.0,23.2,19.6,23.8,00:45.0,09-04-18,01:44.0,09-04-18
04-09-18,9:00:45 PM,22,Aug-18,Winter-2018,8.0,242.8,23.2,0.0,109.2,1026.0,95.6,8.0,23.2,19.6,23.8,00:45.0,09-04-18,01:45.0,09-04-18
04-09-18,10:00:40 PM,23,Aug-18,Winter-2018,8.0,242.8,23.2,0.0,109.2,1026.0,95.6,8.0,23.2,19.6,23.8,00:40.0,09-04-18,01:46.0,09-04-18
04-09-18,11:00:40 PM,24,Aug-18,Winter-2018,8.0,242.8,23.2,0.0,109.2,1026.0,95.6,8.0,23.2,19.6,23.8,00:40.0,09-04-18,01:43.0,09-04-18
05-09-18,12:00:42 AM,12,Aug-18,Winter-2018,8.0,242.8,23.2,0.0,109.2,1026.0,95.6,8.0,23.2,19.6,23.8,00:42.0,09-05-18,01:42.0,09-05-18
05-09-18,1:00:40 AM,1,Aug-18,Winter-2018,8.0,242.8,23.2,0.0,109.2,1026.0,95.6,8.0,23.2,19.6,23.8,00:40.0,09-05-18,01:44.0,09-05-18
05-09-18,2:00:40 AM,2,Aug-18,Winter-2018,8.0,242.8,23.2,0.0,109.2,1026.0,95.6,8.0,23.2,19.6,23.8,00:40.0,09-05-18,01:48.0,09-05-18
05-09-18,3:00:40 AM,3,Aug-18,Winter-2018,8.0,242.8,23.2,0.0,109.2,1026.0,95.6,8.0,23.2,19.6,23.8,00:40.0,09-05-18,01:48.0,09-05-18
05-09-18,4:00:41 AM,4,Aug-18,Winter-2018,8.0,242.8,23.2,0.0,109.2,1026.0,95.6,8.0,23.2,19.6,23.8,00:41.0,09-05-18,02:07.0,09-05-18
05-09-18,5:00:42 AM,5,Aug-18,Winter-2018,0.0,0.0,0.0,0.0,0.0,0.0,0.0,0.0,0.0,0.0,0.0,00:42.0,09-05-18,02:12.0,09-05-18
05-09-18,6:00:42 AM,6,Aug-18,Winter-2018,0.0,0.0,0.0,0.0,0.0,0.0,0.0,0.0,0.0,0.0,0.0,00:42.0,09-05-18,01:28.0,09-05-18
05-09-18,7:00:40 AM,7,Aug-18,Winter-2018,0.0,0.0,0.0,0.0,0.0,0.0,0.0,0.0,0.0,0.0,0.0,00:40.0,09-05-18,01:23.0,09-05-18
05-09-18,8:00:40 AM,8,Aug-18,Winter-2018,0.0,0.0,0.0,0.0,0.0,0.0,0.0,0.0,0.0,0.0,0.0,00:40.0,09-05-18,01:31.0,09-05-18
05-09-18,9:00:41 AM,9,Aug-18,Winter-2018,0.0,0.0,0.0,0.0,0.0,0.0,0.0,0.0,0.0,0.0,0.0,00:40.0,09-05-18,00:49.0,09-05-18
05-09-18,10:00:42 AM,10,Aug-18,Winter-2018,0.0,0.0,0.0,0.0,0.0,0.0,0.0,0.0,0.0,0.0,0.0,00:41.0,09-05-18,01:37.0,09-05-18
05-09-18,11:00:41 AM,11,Aug-18,Winter-2018,0.0,0.0,0.0,0.0,0.0,0.0,0.0,0.0,0.0,0.0,0.0,00:42.0,09-05-18,01:23.0,09-05-18
05-09-18,12:00:40 PM,12,Aug-18,Winter-2018,0.0,0.0,0.0,0.0,0.0,0.0,0.0,0.0,0.0,0.0,0.0,00:41.0,09-05-18,01:26.0,09-05-18
05-09-18,1:00:45 PM,13,Aug-18,Winter-2018,0.0,0.0,0.0,0.0,0.0,0.0,0.0,0.0,0.0,0.0,0.0,00:40.0,09-05-18,01:23.0,09-05-18
05-09-18,2:00:40 PM,14,Aug-18,Winter-2018,0.0,0.0,0.0,0.0,0.0,0.0,0.0,0.0,0.0,0.0,0.0,00:45.0,09-05-18,01:23.0,09-05-18
05-09-18,3:00:42 PM,15,Aug-18,Winter-2018,0.0,0.0,0.0,0.0,0.0,0.0,0.0,0.0,0.0,0.0,0.0,00:40.0,09-05-18,01:21.0,09-05-18
05-09-18,4:00:42 PM,16,Aug-18,Winter-2018,0.0,0.0,0.0,0.0,0.0,0.0,0.0,0.0,0.0,0.0,0.0,00:42.0,09-05-18,01:21.0,09-05-18
05-09-18,5:00:40 PM,17,Aug-18,Winter-2018,0.0,0.0,0.0,0.0,0.0,0.0,0.0,0.0,0.0,0.0,0.0,00:42.0,09-05-18,01:20.0,09-05-18
05-09-18,6:00:40 PM,18,Aug-18,Winter-2018,0.0,0.0,0.0,0.0,0.0,0.0,0.0,0.0,0.0,0.0,0.0,00:40.0,09-05-18,01:22.0,09-05-18
05-09-18,7:00:40 PM,19,Aug-18,Winter-2018,0.0,0.0,0.0,0.0,0.0,0.0,0.0,0.0,0.0,0.0,0.0,00:40.0,09-05-18,01:45.0,09-05-18
05-09-18,8:00:42 PM,20,Aug-18,Winter-2018,0.0,0.0,0.0,0.0,0.0,0.0,0.0,0.0,0.0,0.0,0.0,00:40.0,09-05-18,00:25.0,09-05-18
05-09-18,9:00:40 PM,21,Aug-18,Winter-2018,0.0,0.0,0.0,0.0,0.0,0.0,0.0,0.0,0.0,0.0,0.0,00:42.0,09-05-18,00:27.0,09-05-18
05-09-18,10:00:42 PM,22,Aug-18,Winter-2018,0.0,0.0,0.0,0.0,0.0,0.0,0.0,0.0,0.0,0.0,0.0,00:40.0,09-05-18,00:30.0,09-05-18
05-09-18,11:00:42 PM,23,Aug-18,Winter-2018,0.0,0.0,0.0,0.0,0.0,0.0,0.0,0.0,0.0,0.0,0.0,00:42.0,09-05-18,00:28.0,09-05-18
05-09-18,12:00:42 AM,24,Aug-18,Winter-2018,0.0,0.0,0.0,0.0,0.0,0.0,0.0,0.0,0.0,0.0,0.0,00:42.0,09-05-18,00:25.0,09-05-18
06-09-18,1:00:41 AM,1,Aug-18,Winter-2018,0.0,0.0,0.0,0.0,0.0,0.0,0.0,0.0,0.0,0.0,0.0,00:42.0,09-06-18,00:28.0,09-06-18
06-09-18,2:00:40 AM,2,Aug-18,Winter-2018,0.0,0.0,0.0,0.0,0.0,0.0,0.0,0.0,0.0,0.0,0.0,00:41.0,09-06-18,00:31.0,09-06-18
06-09-18,3:00:45 AM,3,Aug-18,Winter-2018,0.0,0.0,0.0,0.0,0.0,0.0,0.0,0.0,0.0,0.0,0.0,00:40.0,09-06-18,00:32.0,09-06-18
06-09-18,4:00:40 AM,4,Aug-18,Winter-2018,0.0,0.0,0.0,0.0,0.0,0.0,0.0,0.0,0.0,0.0,0.0,00:45.0,09-06-18,00:31.0,09-06-18
06-09-18,5:00:42 AM,5,Aug-18,Winter-2018,0.0,0.0,0.0,0.0,0.0,0.0,0.0,0.0,0.0,0.0,0.0,00:40.0,09-06-18,01:11.0,09-06-18
06-09-18,6:00:12 AM,6,Aug-18,Winter-2018,0.0,0.0,0.0,0.0,0.0,0.0,0.0,0.0,0.0,0.0,0.0,00:42.0,09-06-18,01:16.0,09-06-18
06-09-18,7:00:14 AM,7,Aug-18,Winter-2018,16.9,243.2,21.2,0.0,0.0,1022.3,97.8,0.0,0.0,27.5,21.5,00:12.0,09-06-18,01:08.0,09-06-18
06-09-18,8:00:15 AM,8,Aug-18,Winter-2018,16.8,222.4,21.4,0.0,3.2,1023.0,99.3,8.0,21.3,26.8,21.4,00:14.0,09-06-18,01:11.0,09-06-18
06-09-18,8:00:15 AM,9,Aug-18,Winter-2018,21.4,231.6,21.3,0.0,27.0,1023.7,99.9,9.4,21.2,32.6,21.4,00:15.0,09-06-18,01:19.0,09-06-18
06-09-18,9:00:15 AM,10,Aug-18,Winter-2018,21.4,231.6,21.3,0.0,27.0,1023.7,99.9,9.4,21.2,32.6,21.4,00:15.0,09-06-18,00:55.0,09-06-18
06-09-18,10:00:11 AM,11,Aug-18,Winter-2018,19.1,237.4,21.3,0.0,47.2,1024.2,100.0,9.4,21.2,31.1,21.4,00:15.0,09-06-18,01:03.0,09-06-18
06-09-18,11:00:14 AM,12,Aug-18,Winter-2018,14.6,248.6,21.8,0.0,137.9,1024.9,99.3,7.2,21.4,25.3,22.3,00:11.0,09-06-18,01:08.0,09-06-18
06-09-18,12:00:18 PM,13,Aug-18,Winter-2018,13.2,231.6,22.4,0.0,189.0,1025.3,97.3,5.8,22.2,23.2,22.8,00:14.0,09-06-18,01:11.0,09-06-18
06-09-18,1:00:14 PM,14,Aug-18,Winter-2018,12.5,263.8,23.5,0.0,439.0,1025.3,94.7,0.0,22.7,24.6,24.5,00:18.0,09-06-18,01:15.0,09-06-18
06-09-18,2:00:14 PM,15,Aug-18,Winter-2018,14.0,228.9,24.7,0.0,543.2,1024.5,90.6,3.6,24.0,24.6,25.3,00:14.0,09-06-18,01:06.0,09-06-18
06-09-18,3:00:14 PM,16,Aug-18,Winter-2018,16.6,231.6,25.3,0.0,641.3,1023.8,87.2,9.4,24.7,26.8,26.2,00:14.0,09-06-18,01:11.0,09-06-18
06-09-18,4:00:15 PM,17,Aug-18,Winter-2018,17.2,248.0,25.7,0.0,538.5,1022.9,84.8,9.4,24.9,27.5,26.2,00:14.0,09-06-18,01:07.0,09-06-18
06-09-18,5:00:19 PM,18,Aug-18,Winter-2018,18.1,243.6,25.6,0.0,464.6,1022.2,84.2,10.9,25.2,26.8,26.0,00:15.0,09-06-18,01:07.0,09-06-18
06-09-18,6:00:14 PM,19,Aug-18,Winter-2018,16.8,222.1,25.2,0.0,299.9,1022.2,83.2,8.7,24.7,25.3,25.6,00:19.0,09-06-18,01:16.0,09-06-18
06-09-18,7:00:18 PM,20,Aug-18,Winter-2018,17.0,218.5,24.4,0.0,128.8,1022.3,85.9,8.0,24.2,26.8,24.8,00:14.0,09-06-18,01:11.0,09-06-18
06-09-18,8:00:14 PM,21,Aug-18,Winter-2018,15.6,228.6,23.6,0.0,37.3,1022.5,87.3,9.4,23.1,23.2,24.2,00:18.0,09-06-18,01:21.0,09-06-18
06-09-18,9:00:19 PM,22,Aug-18,Winter-2018,12.2,209.8,22.7,0.0,0.0,1023.0,92.5,6.5,22.3,20.3,23.1,00:14.0,09-06-18,01:12.0,09-06-18
06-09-18,10:00:14 PM,23,Aug-18,Winter-2018,12.4,203.2,22.1,0.0,0.0,1023.3,95.3,6.5,21.9,21.7,22.3,00:19.0,09-06-18,01:17.0,09-06-18
06-09-18,11:00:18 PM,24,Aug-18,Winter-2018,14.5,194.7,21.9,0.0,0.0,1023.6,94.9,8.7,21.8,21.0,21.9,00:14.0,09-06-18,01:05.0,09-07-18
06-09-18,12:00:19 AM,12,Aug-18,Winter-2018,16.5,195.1,21.7,0.0,0.0,1023.7,94.9,10.1,21.6,23.2,21.8,00:18.0,09-06-18,01:15.0,09-07-18
07-09-18,1:00:18 AM,1,Sep-18,Winter-2018,19.1,195.7,21.5,0.0,0.0,1023.3,96.0,11.6,21.5,24.6,21.6,00:19.0,09-07-18,01:20.0,09-07-18
07-09-18,2:00:10 AM,2,Sep-18,Winter-2018,17.0,205.0,21.4,0.0,0.0,1022.8,97.0,10.9,21.3,25.3,21.5,00:18.0,09-07-18,01:25.0,09-07-18
07-09-18,3:00:18 AM,3,Sep-18,Winter-2018,20.5,213.6,21.5,0.0,0.0,1022.6,97.5,11.6,21.3,29.0,21.5,00:10.0,09-07-18,01:33.0,09-07-18
07-09-18,4:00:14 AM,4,Sep-18,Winter-2018,18.4,224.3,21.4,0.0,0.0,1022.1,98.0,11.6,21.3,26.8,21.5,00:18.0,09-07-18,01:38.0,09-07-18
07-09-18,5:00:19 AM,5,Sep-18,Winter-2018,17.6,231.8,21.3,0.0,0.0,1021.8,98.2,10.9,21.3,26.1,21.4,00:14.0,09-07-18,01:45.0,09-07-18
07-09-18,6:00:18 AM,6,Sep-18,Winter-2018,17.6,215.5,21.2,0.0,0.0,1021.8,98.2,10.1,21.1,27.5,21.3,00:19.0,09-07-18,01:50.0,09-07-18
07-09-18,7:00:10 AM,7,Sep-18,Winter-2018,18.2,218.2,21.1,0.0,0.0,1022.1,98.4,11.6,21.0,26.1,21.1,00:18.0,09-07-18,01:55.0,09-07-18
07-09-18,8:00:14 AM,8,Sep-18,Winter-2018,15.2,218.8,21.1,0.0,12.1,1022.6,97.9,9.4,21.1,25.3,21.3,00:10.0,09-07-18,02:01.0,09-07-18
07-09-18,9:00:18 AM,9,Sep-18,Winter-2018,14.2,230.5,21.5,0.0,124.3,1023.5,98.2,5.1,21.3,23.9,21.9,00:14.0,09-07-18,02:06.0,09-07-18
07-09-18,10:00:14 AM,10,Sep-18,Winter-2018,14.5,230.7,22.6,0.0,373.8,1024.5,94.1,6.5,21.9,24.6,23.1,00:18.0,09-07-18,02:15.0,09-07-18
07-09-18,11:00:18 AM,11,Sep-18,Winter-2018,14.4,215.8,23.5,0.0,549.1,1025.4,90.5,7.2,22.8,20.3,24.4,00:14.0,09-07-18,02:20.0,09-07-18
07-09-18,12:00:14 PM,12,Sep-18,Winter-2018,14.4,266.8,24.3,0.0,593.8,1025.7,86.9,5.8,23.7,26.1,25.3,00:18.0,09-07-18,02:25.0,09-07-18
07-09-18,1:00:14 PM,13,Sep-18,Winter-2018,14.4,216.1,24.8,0.0,705.1,1025.6,85.5,5.8,24.4,22.5,25.7,00:14.0,09-07-18,02:31.0,09-07-18
07-09-18,2:00:14 PM,14,Sep-18,Winter-2018,15.2,247.7,25.8,0.0,834.7,1024.9,82.6,8.0,25.5,25.3,26.3,00:14.0,09-07-18,02:36.0,09-07-18
07-09-18,3:00:18 PM,15,Sep-18,Winter-2018,13.3,254.0,26.1,0.0,740.4,1024.0,82.3,5.8,25.3,21.0,26.9,00:14.0,09-07-18,02:45.0,09-07-18
07-09-18,4:00:14 PM,16,Sep-18,Winter-2018,14.0,255.4,26.0,0.0,519.2,1023.2,80.9,6.5,25.5,22.5,26.3,00:18.0,09-07-18,00:55.0,09-07-18
07-09-18,5:00:15 PM,17,Sep-18,Winter-2018,15.0,240.1,25.6,0.0,320.3,1022.6,79.9,6.5,25.1,23.9,26.0,00:14.0,09-07-18,01:03.0,09-07-18
07-09-18,6:00:19 PM,18,Sep-18,Winter-2018,16.4,226.9,25.8,0.0,337.2,1022.4,77.5,7.2,25.3,24.6,26.1,00:15.0,09-07-18,01:12.0,09-07-18
07-09-18,7:00:18 PM,19,Sep-18,Winter-2018,12.2,222.4,24.9,0.0,133.7,1022.4,81.2,6.5,24.4,19.6,25.3,00:19.0,09-07-18,01:21.0,09-07-18
07-09-18,8:00:10 PM,20,Sep-18,Winter-2018,8.0,216.5,23.9,0.0,22.5,1022.4,85.5,0.0,23.1,16.7,24.4,00:18.0,09-07-18,01:21.0,09-07-18
07-09-18,9:00:14 PM,21,Sep-18,Winter-2018,5.9,213.4,22.6,0.0,0.0,1022.5,91.8,3.6,22.2,10.1,23.1,00:10.0,09-07-18,01:03.0,09-07-18
07-09-18,10:00:13 PM,22,Sep-18,Winter-2018,9.3,205.4,22.3,0.0,0.0,1022.8,94.5,4.3,22.0,15.2,22.4,00:14.0,09-07-18,01:12.0,09-07-18
07-09-18,11:00:18 PM,23,Sep-18,Winter-2018,11.0,196.2,21.8,0.0,0.0,1023.1,95.7,6.5,21.6,18.8,22.0,00:13.0,09-07-18,01:22.0,09-07-18
07-09-18,12:00:14 AM,24,Sep-18,Winter-2018,17.1,193.5,21.6,0.0,0.0,1023.1,96.4,9.4,21.6,26.8,21.7,00:18.0,09-07-18,00:57.0,09-08-18
08-09-18,1:00:10 AM,1,Sep-18,Winter-2018,18.8,189.6,21.7,0.0,0.0,1022.9,96.8,10.9,21.6,26.8,21.7,00:14.0,09-08-18,01:04.0,09-08-18
08-09-18,2:00:19 AM,2,Sep-18,Winter-2018,16.9,209.9,21.5,0.0,0.0,1022.3,97.2,8.7,21.4,24.6,21.7,00:10.0,09-08-18,01:03.0,09-08-18
08-09-18,3:00:18 AM,3,Sep-18,Winter-2018,15.8,189.4,21.5,0.0,0.0,1022.0,97.3,7.2,21.3,24.6,21.6,00:19.0,09-08-18,01:21.0,09-08-18
08-09-18,4:00:14 AM,4,Sep-18,Winter-2018,14.4,194.5,21.6,0.0,0.0,1021.7,97.6,8.0,21.5,21.0,21.7,00:18.0,09-08-18,01:21.0,09-08-18
08-09-18,5:00:19 AM,5,Sep-18,Winter-2018,16.6,213.6,21.5,0.0,0.0,1021.1,97.5,10.1,21.5,25.3,21.6,00:14.0,09-08-18,01:08.0,09-08-18
08-09-18,6:00:14 AM,6,Sep-18,Winter-2018,16.8,205.5,21.6,0.0,0.0,1021.2,96.9,10.1,21.5,24.6,21.6,00:19.0,09-08-18,01:16.0,09-08-18
08-09-18,7:00:18 AM,7,Sep-18,Winter-2018,14.1,218.0,21.6,0.0,0.0,1022.0,97.7,8.7,21.5,21.7,21.6,00:14.0,09-08-18,01:06.0,09-08-18
08-09-18,8:00:14 AM,8,Sep-18,Winter-2018,13.6,211.2,21.6,0.0,13.4,1022.6,97.9,8.0,21.5,19.6,21.7,00:18.0,09-08-18,01:15.0,09-08-18
08-09-18,9:00:12 AM,9,Sep-18,Winter-2018,13.3,221.3,21.9,0.0,99.0,1023.2,97.1,7.2,21.7,20.3,22.3,00:14.0,09-08-18,00:56.0,09-08-18
08-09-18,10:00:19 AM,10,Sep-18,Winter-2018,12.8,228.4,22.7,0.0,219.6,1024.5,94.3,7.2,22.2,21.0,23.1,00:12.0,09-08-18,01:06.0,09-08-18
08-09-18,11:00:14 AM,11,Sep-18,Winter-2018,15.6,202.1,22.8,0.3,325.9,1025.3,95.4,8.0,22.4,23.9,23.2,00:19.0,09-08-18,01:16.0,09-08-18
08-09-18,12:00:18 PM,12,Sep-18,Winter-2018,16.7,221.3,23.7,0.0,633.4,1025.5,91.7,9.4,22.8,27.5,24.6,00:14.0,09-08-18,01:11.0,09-08-18
08-09-18,1:00:14 PM,13,Sep-18,Winter-2018,15.6,215.5,25.0,0.0,752.9,1025.2,87.3,6.5,24.2,23.2,25.9,00:18.0,09-08-18,01:15.0,09-08-18
08-09-18,2:00:14 PM,14,Sep-18,Winter-2018,16.2,249.1,26.0,0.0,814.9,1024.2,82.0,7.2,25.7,26.1,26.4,00:14.0,09-08-18,01:21.0,09-08-18
08-09-18,3:00:18 PM,15,Sep-18,Winter-2018,16.7,231.6,26.5,0.0,741.7,1023.4,81.5,8.0,25.6,29.0,27.1,00:14.0,09-08-18,01:07.0,09-08-18
08-09-18,4:00:19 PM,16,Sep-18,Winter-2018,20.5,187.9,26.2,0.0,729.0,1022.7,80.2,10.9,25.7,29.0,26.7,00:18.0,09-08-18,01:15.0,09-08-18
08-09-18,5:00:19 PM,17,Sep-18,Winter-2018,18.4,211.4,26.4,0.0,513.3,1022.3,78.6,10.1,25.6,29.0,27.0,00:19.0,09-08-18,01:21.0,09-08-18
08-09-18,6:00:14 PM,18,Sep-18,Winter-2018,19.5,200.1,25.6,0.0,315.5,1022.2,80.7,10.1,25.0,28.2,26.1,00:19.0,09-08-18,01:11.0,09-08-18
08-09-18,7:00:14 PM,19,Sep-18,Winter-2018,19.8,203.9,24.1,0.0,103.8,1022.4,86.8,10.1,22.9,28.2,25.0,00:14.0,09-08-18,01:07.0,09-08-18
08-09-18,8:00:19 PM,20,Sep-18,Winter-2018,14.4,202.4,22.3,0.0,11.7,1022.5,90.6,7.2,21.9,23.2,22.9,00:14.0,09-08-18,01:11.0,09-08-18
08-09-18,9:00:10 PM,21,Sep-18,Winter-2018,12.7,199.6,21.8,0.0,0.0,1022.8,93.7,6.5,21.7,21.0,21.9,00:19.0,09-08-18,01:17.0,09-08-18
08-09-18,10:00:12 PM,22,Sep-18,Winter-2018,14.6,200.8,21.7,0.0,0.0,1023.2,96.2,8.7,21.6,21.0,21.8,00:10.0,09-08-18,01:13.0,09-08-18
08-09-18,11:00:15 PM,23,Sep-18,Winter-2018,13.1,203.9,21.5,0.0,0.0,1023.8,97.8,8.0,21.4,18.8,21.6,00:12.0,09-08-18,01:11.0,09-08-18
08-09-18,12:00:18 AM,24,Sep-18,Winter-2018,14.9,198.8,21.6,0.0,0.0,1023.8,98.4,8.7,21.5,21.7,21.7,00:15.0,09-08-18,01:13.0,09-08-18
09-09-18,1:00:14 AM,1,Sep-18,Winter-2018,14.5,189.1,21.4,0.0,0.0,1023.6,98.6,8.7,21.3,22.5,21.5,00:18.0,09-09-18,01:21.0,09-09-18
09-09-18,2:00:18 AM,2,Sep-18,Winter-2018,14.6,195.7,21.2,0.0,0.0,1023.3,98.5,8.7,21.1,21.7,21.3,00:14.0,09-09-18,01:12.0,09-09-18
09-09-18,3:00:14 AM,2,Sep-18,Winter-2018,14.3,175.5,21.0,0.0,0.0,1022.8,98.3,8.7,20.9,21.7,21.1,00:18.0,09-09-18,01:16.0,09-09-18
09-09-18,4:00:18 AM,3,Sep-18,Winter-2018,14.1,182.6,20.9,0.0,0.0,1022.4,98.9,8.0,20.9,21.7,20.9,00:14.0,09-09-18,01:08.0,09-09-18
09-09-18,5:00:19 AM,4,Sep-18,Winter-2018,12.7,186.0,20.8,0.0,0.0,1022.0,99.1,6.5,20.7,25.3,20.9,00:18.0,09-09-18,01:08.0,09-09-18
09-09-18,6:00:14 AM,5,Sep-18,Winter-2018,10.8,198.3,20.6,0.0,0.0,1022.0,98.8,6.5,20.5,17.4,20.7,00:19.0,09-09-18,01:16.0,09-09-18
09-09-18,7:00:14 AM,6,Sep-18,Winter-2018,11.2,195.7,20.6,0.0,0.0,1022.5,99.5,6.5,20.6,15.9,20.7,00:14.0,09-09-18,01:06.0,09-09-18
09-09-18,8:00:18 AM,7,Sep-18,Winter-2018,13.0,191.1,20.8,0.0,21.8,1023.0,99.7,7.2,20.7,18.8,21.0,00:14.0,09-09-18,01:11.0,09-09-18
09-09-18,8:00:18 AM,8,Sep-18,Winter-2018,12.1,188.4,21.7,0.0,190.5,1024.1,97.6,5.8,21.0,18.8,22.7,00:18.0,09-09-18,01:20.0,09-09-18
09-09-18,9:00:19 AM,9,Sep-18,Winter-2018,12.1,188.4,21.7,0.0,190.5,1024.1,97.6,5.8,21.0,18.8,22.7,00:18.0,09-09-18,01:00.0,09-09-18
09-09-18,10:00:15 AM,10,Sep-18,Winter-2018,14.5,188.7,23.6,0.0,497.8,1025.6,90.6,6.5,22.7,21.7,24.3,00:19.0,09-09-18,01:08.0,09-09-18
09-09-18,11:00:19 AM,11,Sep-18,Winter-2018,16.2,246.4,24.9,0.0,626.7,1026.3,83.3,5.8,24.4,25.3,25.4,00:15.0,09-09-18,01:07.0,09-09-18
09-09-18,12:00:14 PM,12,Sep-18,Winter-2018,11.2,211.7,24.7,0.0,419.8,1026.6,85.2,5.1,24.3,18.1,25.0,00:19.0,09-09-18,01:16.0,09-09-18
09-09-18,1:00:15 PM,13,Sep-18,Winter-2018,15.3,224.0,26.0,0.0,764.4,1026.5,79.0,6.5,25.0,22.5,26.9,00:14.0,09-09-18,00:56.0,09-09-18
09-09-18,2:00:19 PM,14,Sep-18,Winter-2018,14.6,209.9,27.0,0.0,889.2,1026.3,73.8,8.0,26.2,22.5,27.7,00:15.0,09-09-18,01:04.0,09-09-18
09-09-18,3:00:14 PM,15,Sep-18,Winter-2018,14.0,208.9,27.4,0.0,738.1,1025.5,71.3,7.2,27.0,23.9,27.9,00:19.0,09-09-18,01:15.0,09-09-18
09-09-18,4:00:18 PM,16,Sep-18,Winter-2018,12.8,223.8,27.6,0.0,645.5,1024.6,70.5,4.3,27.1,19.6,28.1,00:14.0,09-09-18,01:10.0,09-09-18
09-09-18,5:00:14 PM,17,Sep-18,Winter-2018,12.6,267.8,27.0,0.0,465.3,1024.1,76.7,6.5,26.1,18.8,28.1,00:18.0,09-09-18,01:19.0,09-09-18
09-09-18,6:00:19 PM,18,Sep-18,Winter-2018,10.9,236.0,26.0,0.0,264.2,1024.1,82.0,0.0,24.5,18.8,26.9,00:14.0,09-09-18,01:11.0,09-09-18
09-09-18,7:00:14 PM,19,Sep-18,Winter-2018,9.8,257.0,24.5,0.0,82.2,1024.1,90.4,3.6,23.9,17.4,25.1,00:19.0,09-09-18,01:15.0,09-09-18
09-09-18,8:00:18 PM,20,Sep-18,Winter-2018,9.7,231.0,23.7,0.0,14.2,1024.7,93.4,5.1,23.3,14.5,23.9,00:14.0,09-09-18,01:06.0,09-09-18
09-09-18,9:00:10 PM,21,Sep-18,Winter-2018,10.6,234.3,23.0,0.0,0.0,1025.3,93.2,5.8,22.8,16.7,23.3,00:18.0,09-09-18,01:15.0,09-09-18
09-09-18,10:00:15 PM,22,Sep-18,Winter-2018,10.8,209.4,22.6,0.0,0.0,1025.8,94.1,4.3,22.3,18.1,22.8,00:10.0,09-09-18,01:02.0,09-09-18
09-09-18,11:00:14 PM,23,Sep-18,Winter-2018,13.2,204.5,22.2,0.0,0.0,1026.3,95.1,8.0,22.0,18.1,22.3,00:15.0,09-09-18,01:16.0,09-09-18
09-09-18,12:00:14 AM,24,Sep-18,Winter-2018,13.9,208.8,21.8,0.0,0.0,1026.5,96.0,9.4,21.7,21.0,22.0,00:14.0,09-09-18,01:06.0,09-09-18
10-09-18,1:00:10 AM,1,Sep-18,Winter-2018,12.6,209.9,21.5,0.0,0.0,1026.4,97.4,8.7,21.4,18.1,21.7,00:14.0,09-10-18,01:11.0,09-10-18
10-09-18,2:00:14 AM,2,Sep-18,Winter-2018,10.4,194.5,21.3,0.0,0.0,1026.3,98.6,5.1,21.1,15.9,21.4,00:10.0,09-10-18,01:07.0,09-10-18
10-09-18,3:00:15 AM,3,Sep-18,Winter-2018,12.5,192.8,21.2,0.0,0.0,1026.1,99.1,7.2,21.1,18.1,21.3,00:14.0,09-10-18,01:07.0,09-10-18
10-09-18,4:00:15 AM,4,Sep-18,Winter-2018,11.0,223.8,21.1,0.0,0.0,1025.7,99.4,6.5,21.0,15.9,21.1,00:15.0,09-10-18,01:07.0,09-10-18
10-09-18,5:00:19 AM,5,Sep-18,Winter-2018,9.5,182.4,20.9,0.0,0.0,1025.5,99.7,4.3,20.8,14.5,21.0,00:15.0,09-10-18,01:03.0,09-10-18
10-09-18,6:00:14 AM,6,Sep-18,Winter-2018,10.8,187.3,20.7,0.0,0.0,1025.5,99.9,5.8,20.7,16.7,20.8,00:19.0,09-10-18,01:11.0,09-10-18
10-09-18,7:00:14 AM,7,Sep-18,Winter-2018,7.7,180.5,20.7,0.0,0.0,1025.7,98.9,0.0,20.5,13.8,20.8,00:14.0,09-10-18,01:07.0,09-10-18
10-09-18,8:00:18 AM,8,Sep-18,Winter-2018,2.5,199.9,21.7,0.0,194.1,1027.5,95.3,0.0,20.7,10.9,22.9,00:18.0,09-10-18,01:21.0,09-10-18
10-09-18,9:00:19 AM,9,Sep-18,Winter-2018,2.5,199.9,21.7,0.0,194.1,1027.5,95.3,0.0,20.7,10.9,22.9,00:18.0,09-10-18,01:01.0,09-10-18
10-09-18,10:00:15 AM,10,Sep-18,Winter-2018,7.4,237.0,23.7,0.0,405.6,1029.0,85.9,0.0,22.9,13.0,24.5,00:19.0,09-10-18,01:09.0,09-10-18
10-09-18,11:00:15 AM,11,Sep-18,Winter-2018,10.0,258.9,24.7,0.0,594.7,1029.7,80.4,0.0,24.3,15.2,25.2,00:15.0,09-10-18,00:56.0,09-10-18
10-09-18,12:00:12 PM,12,Sep-18,Winter-2018,9.7,225.5,25.2,0.0,734.4,1030.0,80.2,3.6,25.0,16.7,25.6,00:15.0,09-10-18,01:03.0,09-10-18
10-09-18,1:00:10 PM,13,Sep-18,Winter-2018,11.0,257.7,26.3,0.0,895.8,1030.0,77.5,0.0,25.6,18.8,26.9,00:12.0,09-10-18,01:09.0,09-10-18
10-09-18,2:00:14 PM,14,Sep-18,Winter-2018,9.3,229.8,26.3,0.0,716.4,1029.5,78.8,0.0,25.9,16.7,26.7,00:10.0,09-10-18,01:11.0,09-10-18
10-09-18,3:00:10 PM,15,Sep-18,Winter-2018,10.7,253.6,26.8,0.0,768.9,1028.8,77.4,0.0,26.2,18.1,27.5,00:14.0,09-10-18,01:07.0,09-10-18
10-09-18,4:00:15 PM,16,Sep-18,Winter-2018,12.5,251.7,27.5,0.0,743.3,1028.0,72.9,3.6,27.3,20.3,27.7,00:10.0,09-10-18,01:03.0,09-10-18
10-09-18,5:00:15 PM,17,Sep-18,Winter-2018,11.3,236.3,27.4,0.0,514.0,1027.2,72.6,5.8,27.1,18.1,27.7,00:15.0,09-10-18,01:08.0,09-10-18
10-09-18,6:00:14 PM,18,Sep-18,Winter-2018,11.1,249.6,26.9,0.0,297.3,1027.0,75.4,4.3,26.5,19.6,27.2,00:15.0,09-10-18,01:13.0,09-10-18
10-09-18,7:00:14 PM,19,Sep-18,Winter-2018,11.0,228.9,25.9,0.0,146.9,1027.0,80.3,0.0,25.0,20.3,26.6,00:14.0,09-10-18,01:12.0,09-10-18
10-09-18,8:00:18 PM,20,Sep-18,Winter-2018,9.5,235.5,24.5,0.0,20.7,1027.2,88.2,5.1,23.9,13.8,25.0,00:14.0,09-10-18,01:12.0,09-10-18
10-09-18,9:00:14 PM,21,Sep-18,Winter-2018,7.7,218.2,23.5,0.0,0.0,1027.4,91.5,0.0,23.0,14.5,23.9,00:18.0,09-10-18,01:16.0,09-10-18
10-09-18,10:00:12 PM,22,Sep-18,Winter-2018,8.1,204.7,22.8,0.0,0.0,1028.1,93.6,3.6,22.5,13.8,23.0,00:14.0,09-10-18,01:12.0,09-10-18
10-09-18,11:00:18 PM,23,Sep-18,Winter-2018,7.2,206.5,22.3,0.0,0.0,1028.7,96.0,0.0,22.1,11.6,22.5,00:12.0,09-10-18,01:10.0,09-10-18
10-09-18,12:00:14 AM,24,Sep-18,Winter-2018,6.5,213.6,22.0,0.0,0.0,1028.9,96.7,0.0,21.9,12.3,22.1,00:18.0,09-10-18,01:21.0,09-10-18
11-09-18,1:00:15 AM,1,Sep-18,Winter-2018,10.0,215.5,21.8,0.0,0.0,1028.9,97.6,5.8,21.8,16.7,21.9,00:14.0,09-11-18,01:13.0,09-11-18
11-09-18,2:00:15 AM,2,Sep-18,Winter-2018,10.6,196.2,21.8,0.0,0.0,1028.6,98.1,5.8,21.8,15.9,21.9,00:15.0,09-11-18,01:14.0,09-11-18
11-09-18,3:00:18 AM,3,Sep-18,Winter-2018,11.9,189.6,21.7,0.0,0.0,1028.1,98.5,8.0,21.6,16.7,21.9,00:15.0,09-11-18,01:14.0,09-11-18
11-09-18,4:00:14 AM,4,Sep-18,Winter-2018,10.5,194.9,21.5,0.0,0.0,1027.5,98.9,5.1,21.3,18.8,21.6,00:18.0,09-11-18,01:22.0,09-11-18
11-09-18,5:00:19 AM,5,Sep-18,Winter-2018,10.6,213.4,21.3,0.0,0.0,1027.0,99.2,6.5,21.2,15.2,21.4,00:14.0,09-11-18,01:04.0,09-11-18
11-09-18,6:00:14 AM,6,Sep-18,Winter-2018,7.6,202.2,21.2,0.0,0.0,1027.0,99.4,4.3,21.2,11.6,21.3,00:19.0,09-11-18,01:12.0,09-11-18
11-09-18,7:00:12 AM,7,Sep-18,Winter-2018,5.4,209.1,21.3,0.0,0.0,1027.4,99.3,0.0,21.2,9.4,21.4,00:14.0,09-11-18,01:07.0,09-11-18
11-09-18,8:00:15 AM,8,Sep-18,Winter-2018,6.4,197.6,21.3,0.0,21.9,1028.0,99.4,3.6,21.1,10.1,21.5,00:12.0,09-11-18,01:05.0,09-11-18
11-09-18,9:00:16 AM,9,Sep-18,Winter-2018,8.1,218.2,22.1,0.0,176.5,1028.9,98.4,4.3,21.5,13.0,22.8,00:15.0,09-11-18,01:04.0,09-11-18
11-09-18,10:00:10 AM,10,Sep-18,Winter-2018,9.5,260.9,23.1,0.0,247.7,1029.8,94.5,0.0,22.8,18.1,23.4,00:16.0,09-11-18,01:10.0,09-11-18
11-09-18,11:00:14 AM,11,Sep-18,Winter-2018,9.5,206.7,24.2,0.0,557.3,1030.7,90.6,0.0,23.4,16.7,25.0,00:10.0,09-11-18,01:01.0,09-11-18
11-09-18,12:00:14 PM,12,Sep-18,Winter-2018,10.5,266.3,25.4,0.0,697.1,1031.3,85.1,4.3,24.8,17.4,26.0,00:14.0,09-11-18,01:10.0,09-11-18
11-09-18,1:00:10 PM,13,Sep-18,Winter-2018,9.9,226.0,26.3,0.0,859.9,1030.8,81.3,0.0,25.5,17.4,27.3,00:14.0,09-11-18,01:10.0,09-11-18
11-09-18,2:00:15 PM,14,Sep-18,Winter-2018,10.7,241.0,27.2,0.0,872.7,1030.1,76.9,3.6,26.9,18.1,27.5,00:10.0,09-11-18,01:06.0,09-11-18
11-09-18,3:00:18 PM,15,Sep-18,Winter-2018,11.8,238.3,27.4,0.0,795.8,1029.2,75.6,5.8,26.8,19.6,27.8,00:15.0,09-11-18,01:06.0,09-11-18
11-09-18,4:00:14 PM,16,Sep-18,Winter-2018,12.7,230.7,27.7,0.0,649.9,1028.4,73.1,5.1,27.2,20.3,28.1,00:18.0,09-11-18,01:15.0,09-11-18
11-09-18,5:00:18 PM,17,Sep-18,Winter-2018,11.5,239.2,27.9,0.0,593.1,1027.7,71.7,4.3,27.8,18.8,28.2,00:14.0,09-11-18,01:10.0,09-11-18
11-09-18,6:00:15 PM,18,Sep-18,Winter-2018,12.3,236.1,27.7,0.0,360.7,1027.1,71.0,4.3,27.0,21.7,28.0,00:18.0,09-11-18,01:20.0,09-11-18
11-09-18,7:00:15 PM,19,Sep-18,Winter-2018,10.8,222.0,26.3,0.0,97.7,1026.8,77.5,6.5,25.8,18.1,27.0,00:15.0,09-11-18,01:07.0,09-11-18
11-09-18,8:00:14 PM,20,Sep-18,Winter-2018,12.2,229.3,24.9,0.0,9.6,1026.6,83.5,6.5,24.4,17.4,25.8,00:15.0,09-11-18,01:12.0,09-11-18
11-09-18,9:00:14 PM,21,Sep-18,Winter-2018,11.9,243.5,23.9,0.0,0.0,1026.7,90.5,8.0,23.6,18.1,24.4,00:14.0,09-11-18,01:11.0,09-11-18
11-09-18,10:00:15 PM,22,Sep-18,Winter-2018,8.8,250.6,23.1,0.0,0.0,1026.9,94.3,3.6,22.8,15.2,23.6,00:14.0,09-11-18,01:11.0,09-11-18
11-09-18,11:00:15 PM,23,Sep-18,Winter-2018,6.4,217.3,22.4,0.0,0.0,1027.5,94.7,0.0,22.1,11.6,22.8,00:15.0,09-11-18,01:12.0,09-11-18
11-09-18,12:00:18 AM,24,Sep-18,Winter-2018,3.8,218.5,21.9,0.0,0.0,1027.9,93.2,0.0,21.8,10.9,22.1,00:15.0,09-11-18,01:07.0,09-11-18
12-09-18,1:00:24 AM,1,Sep-18,Winter-2018,6.8,208.5,21.6,0.0,0.0,1027.7,96.5,0.0,21.5,13.0,21.8,00:18.0,09-12-18,01:16.0,09-12-18
12-09-18,2:00:14 AM,2,Sep-18,Winter-2018,11.0,197.1,21.5,0.0,0.0,1027.1,97.6,5.1,21.4,18.8,21.6,00:24.0,09-12-18,01:16.0,09-12-18
12-09-18,3:00:10 AM,3,Sep-18,Winter-2018,14.5,206.3,21.3,0.0,0.0,1026.5,97.9,8.7,21.3,23.2,21.5,00:14.0,09-12-18,01:22.0,09-12-18
12-09-18,4:00:15 AM,4,Sep-18,Winter-2018,11.6,257.1,21.2,0.0,0.0,1026.1,98.2,5.1,21.2,18.8,21.3,00:10.0,09-12-18,01:03.0,09-12-18
12-09-18,5:00:24 AM,5,Sep-18,Winter-2018,10.0,209.6,21.4,0.0,0.0,1025.9,98.4,5.1,21.3,16.7,21.5,00:15.0,09-12-18,01:05.0,09-12-18
12-09-18,6:00:14 AM,6,Sep-18,Winter-2018,9.6,213.4,21.2,0.0,0.0,1025.7,98.7,5.8,21.1,14.5,21.3,00:24.0,09-12-18,01:13.0,09-12-18
12-09-18,7:00:14 AM,7,Sep-18,Winter-2018,8.4,222.3,21.2,0.0,0.0,1026.0,99.3,4.3,21.1,14.5,21.4,00:14.0,09-12-18,01:06.0,09-12-18
12-09-18,8:00:15 AM,8,Sep-18,Winter-2018,8.5,209.8,21.4,0.0,10.9,1026.5,99.5,3.6,21.3,14.5,21.6,00:14.0,09-12-18,01:06.0,09-12-18
12-09-18,9:00:20 AM,9,Sep-18,Winter-2018,11.1,237.3,21.8,0.0,82.0,1027.4,98.9,5.1,21.6,17.4,22.1,00:15.0,09-12-18,00:46.0,09-12-18
12-09-18,10:00:18 AM,10,Sep-18,Winter-2018,11.8,251.6,22.5,0.0,289.2,1028.6,96.1,4.3,22.0,18.1,23.0,00:20.0,09-12-18,00:54.0,09-12-18
12-09-18,11:00:19 AM,11,Sep-18,Winter-2018,12.0,251.3,23.4,0.0,522.0,1029.1,91.6,5.8,22.7,19.6,24.2,00:18.0,09-12-18,01:24.0,09-12-18
12-09-18,12:00:18 PM,12,Sep-18,Winter-2018,11.1,254.0,24.6,0.0,639.5,1029.1,87.2,5.1,24.2,18.8,25.2,00:19.0,09-12-18,01:12.0,09-12-18
12-09-18,1:00:15 PM,13,Sep-18,Winter-2018,11.7,238.8,25.6,0.0,833.5,1028.7,82.7,0.0,25.0,20.3,26.5,00:18.0,09-12-18,01:09.0,09-12-18
12-09-18,2:00:14 PM,14,Sep-18,Winter-2018,12.1,216.3,26.3,0.0,811.5,1027.8,80.4,5.1,25.6,21.7,27.0,00:15.0,09-12-18,01:11.0,09-12-18
12-09-18,3:00:14 PM,15,Sep-18,Winter-2018,12.6,271.3,26.6,0.0,625.3,1026.5,77.8,3.6,25.5,20.3,27.4,00:14.0,09-12-18,01:11.0,09-12-18
12-09-18,4:00:14 PM,16,Sep-18,Winter-2018,11.8,260.7,26.5,0.0,617.0,1025.7,79.2,5.8,26.0,18.1,27.0,00:14.0,09-12-18,01:15.0,09-12-18
12-09-18,5:00:15 PM,17,Sep-18,Winter-2018,12.4,229.8,27.1,0.0,529.4,1025.3,74.1,5.1,26.7,21.7,27.5,00:14.0,09-12-18,01:11.0,09-12-18
12-09-18,6:00:12 PM,18,Sep-18,Winter-2018,11.3,213.4,26.7,0.0,310.2,1024.9,73.8,5.1,26.3,20.3,27.1,00:15.0,09-12-18,01:12.0,09-12-18
12-09-18,7:00:18 PM,19,Sep-18,Winter-2018,11.9,232.8,26.1,0.0,133.5,1024.3,74.9,5.1,25.4,18.1,26.7,00:12.0,09-12-18,01:09.0,09-12-18
12-09-18,8:00:14 PM,20,Sep-18,Winter-2018,10.7,214.6,24.5,0.0,14.8,1024.1,80.6,5.1,23.7,15.2,25.4,00:18.0,09-12-18,01:20.0,09-12-18
12-09-18,9:00:18 PM,21,Sep-18,Winter-2018,11.1,208.3,23.2,0.0,0.0,1024.2,86.6,7.2,23.0,17.4,23.7,00:14.0,09-12-18,01:11.0,09-12-18
12-09-18,10:00:14 PM,22,Sep-18,Winter-2018,11.0,200.3,22.7,0.0,0.0,1025.0,89.1,6.5,22.3,16.7,23.0,00:18.0,09-12-18,01:15.0,09-12-18
12-09-18,11:00:18 PM,23,Sep-18,Winter-2018,10.9,204.9,22.2,0.0,0.0,1025.5,94.0,4.3,22.0,17.4,22.3,00:14.0,09-12-18,01:07.0,09-12-18
12-09-18,12:00:14 AM,24,Sep-18,Winter-2018,14.2,191.8,21.8,0.0,0.0,1025.5,95.9,8.0,21.6,21.0,22.0,00:18.0,09-12-18,01:15.0,09-12-18
13-09-18,1:00:18 AM,1,Sep-18,Winter-2018,12.9,198.4,21.5,0.0,0.0,1025.1,96.3,6.5,21.3,18.8,21.6,00:14.0,9/13/2018,01:11.0,9/13/2018
13-09-18,2:00:15 AM,2,Sep-18,Winter-2018,13.5,194.7,21.3,0.0,0.0,1024.4,96.4,7.2,21.2,20.3,21.3,00:18.0,9/13/2018,01:10.0,9/13/2018
13-09-18,3:00:19 AM,3,Sep-18,Winter-2018,15.5,210.7,21.2,0.0,0.0,1023.9,97.1,8.0,21.2,23.2,21.3,00:15.0,9/13/2018,01:08.0,9/13/2018
13-09-18,4:00:14 AM,4,Sep-18,Winter-2018,12.9,209.4,21.1,0.0,0.0,1023.4,97.9,5.8,21.0,21.7,21.2,00:19.0,9/13/2018,01:16.0,9/13/2018
13-09-18,5:00:19 AM,5,Sep-18,Winter-2018,13.3,192.5,21.0,0.0,0.0,1023.1,97.9,8.7,20.9,21.7,21.1,00:14.0,9/13/2018,01:06.0,9/13/2018
13-09-18,6:00:14 AM,6,Sep-18,Winter-2018,11.6,202.4,20.8,0.0,0.0,1023.1,97.7,6.5,20.8,18.1,20.9,00:19.0,9/13/2018,01:13.0,9/13/2018
13-09-18,7:00:14 AM,7,Sep-18,Winter-2018,11.0,221.8,20.8,0.0,0.0,1023.5,98.2,5.8,20.7,17.4,20.9,00:14.0,9/13/2018,01:07.0,9/13/2018
13-09-18,8:00:18 AM,8,Sep-18,Winter-2018,8.4,206.7,20.7,0.0,21.0,1024.0,98.8,4.3,20.6,14.5,21.0,00:14.0,9/13/2018,01:12.0,9/13/2018
13-09-18,9:00:14 AM,9,Sep-18,Winter-2018,12.3,211.0,21.6,0.0,181.2,1025.2,98.2,8.0,21.0,24.6,22.3,00:18.0,9/13/2018,00:56.0,9/13/2018
13-09-18,10:00:14 AM,10,Sep-18,Winter-2018,14.6,214.7,22.9,0.0,351.6,1026.2,93.4,6.5,22.3,21.0,23.8,00:14.0,9/13/2018,01:04.0,9/13/2018
13-09-18,11:00:18 AM,11,Sep-18,Winter-2018,12.9,218.8,24.2,0.0,572.0,1027.1,86.8,5.8,23.8,18.1,24.7,00:14.0,9/13/2018,01:10.0,9/13/2018
13-09-18,12:00:29 PM,12,Sep-18,Winter-2018,13.8,222.4,25.5,0.0,781.4,1027.3,80.5,7.2,24.7,21.0,26.3,00:18.0,9/13/2018,01:24.0,9/13/2018
13-09-18,1:00:15 PM,13,Sep-18,Winter-2018,14.5,194.9,26.7,0.0,874.8,1027.1,74.4,5.1,26.1,21.7,27.4,00:29.0,9/13/2018,01:25.0,9/13/2018
13-09-18,2:00:19 PM,14,Sep-18,Winter-2018,14.1,221.3,27.9,0.0,953.9,1026.6,68.5,4.3,27.4,21.7,28.3,00:15.0,9/13/2018,01:06.0,9/13/2018
13-09-18,3:00:14 PM,15,Sep-18,Winter-2018,11.6,223.7,28.1,0.0,771.4,1025.8,67.3,3.6,27.5,18.8,28.5,00:19.0,9/13/2018,01:15.0,9/13/2018
13-09-18,4:00:18 PM,16,Sep-18,Winter-2018,11.5,290.5,27.6,0.0,626.4,1024.7,71.0,0.0,26.5,19.6,28.3,00:14.0,9/13/2018,01:11.0,9/13/2018
13-09-18,5:00:28 PM,17,Sep-18,Winter-2018,11.5,192.7,26.9,0.0,452.6,1024.0,75.6,5.1,26.4,17.4,27.9,00:18.0,9/13/2018,01:24.0,9/13/2018
13-09-18,6:00:14 PM,18,Sep-18,Winter-2018,13.1,232.1,27.1,0.0,362.7,1024.0,75.2,4.3,26.5,21.0,27.9,00:28.0,9/13/2018,01:30.0,9/13/2018
13-09-18,7:00:18 PM,19,Sep-18,Winter-2018,13.0,244.4,25.9,0.0,151.6,1023.9,76.2,5.8,25.3,18.8,26.4,00:14.0,9/13/2018,01:11.0,9/13/2018
13-09-18,8:00:15 PM,20,Sep-18,Winter-2018,8.0,221.8,24.5,0.0,12.2,1024.1,83.5,0.0,23.8,15.9,25.3,00:18.0,9/13/2018,01:13.0,9/13/2018
13-09-18,9:00:28 PM,21,Sep-18,Winter-2018,8.2,217.9,23.7,0.0,0.0,1024.1,89.4,3.6,23.5,18.1,23.8,00:15.0,9/13/2018,01:12.0,9/13/2018
13-09-18,10:00:10 PM,22,Sep-18,Winter-2018,11.0,226.0,23.0,0.0,0.0,1024.9,93.4,6.5,22.7,16.7,23.5,00:28.0,9/13/2018,01:25.0,9/13/2018
13-09-18,11:00:19 PM,23,Sep-18,Winter-2018,10.1,214.4,22.3,0.0,0.0,1025.1,93.5,3.6,22.1,15.2,22.7,00:10.0,9/13/2018,01:03.0,9/13/2018
13-09-18,12:00:14 AM,24,Sep-18,Winter-2018,10.9,209.6,22.0,0.0,0.0,1025.0,95.6,5.8,21.9,16.7,22.1,00:19.0,9/13/2018,01:11.0,9/13/2018
14-09-18,1:00:15 AM,1,Sep-18,Winter-2018,10.4,189.9,21.7,0.0,0.0,1024.1,96.9,5.8,21.6,16.7,21.9,00:14.0,9/14/2018,01:07.0,9/14/2018
14-09-18,2:00:12 AM,2,Sep-18,Winter-2018,10.9,206.7,21.6,0.0,0.0,1023.9,96.6,6.5,21.5,15.9,21.7,00:15.0,9/14/2018,01:13.0,9/14/2018
14-09-18,3:00:19 AM,3,Sep-18,Winter-2018,11.5,206.7,21.4,0.0,0.0,1023.5,97.6,7.2,21.3,18.8,21.5,00:12.0,9/14/2018,01:10.0,9/14/2018
14-09-18,4:00:14 AM,4,Sep-18,Winter-2018,9.1,202.7,21.2,0.0,0.0,1023.1,97.0,5.1,21.2,14.5,21.3,00:19.0,9/14/2018,01:12.0,9/14/2018
14-09-18,5:00:14 AM,5,Sep-18,Winter-2018,7.3,207.2,21.1,0.0,0.0,1023.0,96.8,4.3,20.9,11.6,21.2,00:14.0,9/14/2018,01:02.0,9/14/2018
14-09-18,6:00:25 AM,6,Sep-18,Winter-2018,7.3,197.2,21.0,0.0,0.0,1023.2,97.8,4.3,20.9,12.3,21.1,00:14.0,9/14/2018,01:07.0,9/14/2018
14-09-18,7:00:15 AM,7,Sep-18,Winter-2018,9.8,200.1,21.2,0.0,0.0,1023.7,97.9,5.8,21.1,13.8,21.3,00:25.0,9/14/2018,01:21.0,9/14/2018
14-09-18,8:00:14 AM,8,Sep-18,Winter-2018,7.4,198.3,21.0,0.0,19.8,1024.1,98.4,5.1,20.8,10.9,21.3,00:15.0,9/14/2018,01:11.0,9/14/2018
14-09-18,9:00:18 AM,9,Sep-18,Winter-2018,7.4,192.5,22.2,0.0,200.0,1025.6,96.7,4.3,21.3,10.9,23.4,00:14.0,9/14/2018,00:59.0,9/14/2018
14-09-18,10:00:15 AM,10,Sep-18,Winter-2018,7.6,233.6,24.1,0.0,377.0,1027.1,89.1,0.0,23.4,12.3,24.7,00:18.0,9/14/2018,01:05.0,9/14/2018
14-09-18,11:00:14 AM,11,Sep-18,Winter-2018,5.9,278.0,24.9,0.0,394.5,1028.0,84.9,0.0,24.3,11.6,25.2,00:15.0,9/14/2018,01:17.0,9/14/2018
14-09-18,12:00:18 PM,12,Sep-18,Winter-2018,4.7,315.9,25.7,0.0,572.6,1028.3,82.0,0.0,24.9,10.1,26.2,00:14.0,9/14/2018,01:12.0,9/14/2018
14-09-18,1:00:14 PM,13,Sep-18,Winter-2018,6.3,268.2,26.3,0.0,592.1,1028.0,80.0,0.0,26.0,12.3,27.2,00:18.0,9/14/2018,01:16.0,9/14/2018
14-09-18,2:00:14 PM,14,Sep-18,Winter-2018,8.7,283.3,27.0,0.0,755.3,1027.2,79.0,0.0,26.7,15.2,27.3,00:14.0,9/14/2018,01:07.0,9/14/2018
14-09-18,3:00:18 PM,15,Sep-18,Winter-2018,10.7,296.3,27.6,0.0,708.5,1026.3,75.3,4.3,27.3,15.9,27.8,00:14.0,9/14/2018,01:12.0,9/14/2018
14-09-18,4:00:14 PM,16,Sep-18,Winter-2018,9.9,294.4,28.2,0.0,707.8,1025.6,72.9,0.0,27.4,16.7,28.7,00:18.0,9/14/2018,01:21.0,9/14/2018
14-09-18,5:00:10 PM,17,Sep-18,Winter-2018,10.1,259.9,28.5,0.0,568.0,1025.0,71.5,4.3,28.2,15.9,28.7,00:14.0,9/14/2018,01:20.0,9/14/2018
14-09-18,6:00:18 PM,18,Sep-18,Winter-2018,11.6,264.8,28.1,0.0,324.6,1024.8,75.1,4.3,26.8,21.0,28.7,00:10.0,9/14/2018,01:03.0,9/14/2018
14-09-18,7:00:15 PM,19,Sep-18,Winter-2018,11.6,257.2,25.3,0.0,77.9,1025.0,86.5,4.3,24.7,18.1,26.8,00:18.0,9/14/2018,01:11.0,9/14/2018
14-09-18,8:00:19 PM,20,Sep-18,Winter-2018,9.7,220.1,24.0,0.0,9.2,1025.4,91.2,4.3,23.4,17.4,24.7,00:15.0,9/14/2018,01:08.0,9/14/2018
14-09-18,9:00:14 PM,21,Sep-18,Winter-2018,8.2,214.4,23.6,0.0,0.0,1025.6,91.0,0.0,23.4,13.8,23.7,00:19.0,9/14/2018,01:17.0,9/14/2018
14-09-18,10:00:18 PM,22,Sep-18,Winter-2018,13.4,190.5,23.5,0.0,0.0,1026.2,93.5,7.2,23.4,19.6,23.7,00:14.0,9/14/2018,01:13.0,9/14/2018
14-09-18,11:00:14 PM,23,Sep-18,Winter-2018,9.2,195.1,23.2,0.0,0.0,1026.6,95.1,0.0,23.1,17.4,23.4,00:18.0,9/14/2018,01:22.0,9/14/2018
14-09-18,12:00:10 AM,24,Sep-18,Winter-2018,6.3,215.4,22.9,0.0,0.0,1026.9,96.2,0.0,22.6,12.3,23.0,00:14.0,9/14/2018,01:13.0,9/14/2018
15-09-18,1:00:15 AM,1,Sep-18,Winter-2018,2.7,265.7,22.3,0.0,0.0,1026.9,97.2,0.0,22.1,8.0,22.6,00:10.0,9/15/2018,01:09.0,9/15/2018
15-09-18,2:00:15 AM,2,Sep-18,Winter-2018,6.4,225.2,22.0,0.0,0.0,1026.7,97.5,0.0,22.0,10.9,22.1,00:15.0,9/15/2018,01:09.0,9/15/2018
15-09-18,3:00:14 AM,3,Sep-18,Winter-2018,5.2,219.1,21.9,0.0,0.0,1026.3,97.4,0.0,21.8,9.4,22.1,00:15.0,9/15/2018,01:14.0,9/15/2018
15-09-18,4:00:15 AM,4,Sep-18,Winter-2018,4.9,238.9,21.8,0.0,0.0,1025.9,97.2,0.0,21.5,8.0,21.9,00:14.0,9/15/2018,01:13.0,9/15/2018
15-09-18,5:00:19 AM,5,Sep-18,Winter-2018,5.4,235.1,21.4,0.0,0.0,1025.5,96.2,0.0,21.2,9.4,21.6,00:15.0,9/15/2018,01:00.0,9/15/2018
15-09-18,6:00:16 AM,6,Sep-18,Winter-2018,7.3,215.5,21.5,0.0,0.0,1025.6,95.6,3.6,21.3,10.9,21.6,00:19.0,9/15/2018,01:06.0,9/15/2018
15-09-18,7:00:15 AM,7,Sep-18,Winter-2018,3.1,222.9,21.1,0.0,0.0,1025.7,96.5,0.0,20.8,5.8,21.6,00:16.0,9/15/2018,01:12.0,9/15/2018
15-09-18,8:00:19 AM,8,Sep-18,Winter-2018,2.8,229.9,21.0,0.0,18.8,1026.3,98.3,0.0,20.8,6.5,21.5,00:15.0,9/15/2018,01:05.0,9/15/2018
15-09-18,9:00:15 AM,9,Sep-18,Winter-2018,4.8,210.7,22.4,0.0,169.0,1027.6,97.2,0.0,21.5,10.9,23.4,00:19.0,9/15/2018,00:55.0,9/15/2018
15-09-18,10:00:18 AM,10,Sep-18,Winter-2018,6.0,243.9,23.9,0.0,365.0,1029.1,93.2,0.0,23.4,10.1,24.5,00:15.0,9/15/2018,01:02.0,9/15/2018
15-09-18,11:00:14 AM,11,Sep-18,Winter-2018,7.6,264.6,25.0,0.0,651.2,1029.7,89.0,0.0,24.4,12.3,25.7,00:18.0,9/15/2018,01:15.0,9/15/2018
15-09-18,12:00:18 PM,12,Sep-18,Winter-2018,7.4,312.5,26.0,0.0,751.4,1029.8,84.7,0.0,25.6,12.3,26.4,00:14.0,9/15/2018,01:11.0,9/15/2018
15-09-18,1:00:14 PM,13,Sep-18,Winter-2018,9.1,246.1,26.6,0.0,729.7,1029.4,81.7,0.0,26.4,13.8,26.8,00:18.0,9/15/2018,01:21.0,9/15/2018
15-09-18,2:00:19 PM,14,Sep-18,Winter-2018,9.6,267.1,26.7,0.0,553.4,1028.4,82.0,5.1,26.4,13.8,26.8,00:14.0,9/15/2018,01:12.0,9/15/2018
15-09-18,3:00:15 PM,15,Sep-18,Winter-2018,9.5,291.1,26.7,0.0,463.8,1027.2,81.5,5.8,26.5,13.8,27.1,00:19.0,9/15/2018,01:17.0,9/15/2018
15-09-18,4:00:19 PM,16,Sep-18,Winter-2018,9.8,274.7,26.7,0.0,335.7,1026.2,81.4,4.3,26.4,14.5,27.1,00:15.0,9/15/2018,01:12.0,9/15/2018
15-09-18,5:00:12 PM,17,Sep-18,Winter-2018,12.0,237.6,25.7,0.0,187.4,1025.5,87.9,7.2,25.1,15.9,26.4,00:19.0,9/15/2018,01:11.0,9/15/2018
15-09-18,6:00:14 PM,18,Sep-18,Winter-2018,6.4,243.5,24.5,0.0,92.4,1025.2,94.4,0.0,24.4,14.5,25.1,00:12.0,9/15/2018,01:05.0,9/15/2018
15-09-18,7:00:18 PM,19,Sep-18,Winter-2018,2.0,251.0,24.5,0.0,68.9,1025.4,92.7,0.0,24.4,8.0,24.6,00:14.0,9/15/2018,01:12.0,9/15/2018
15-09-18,8:00:14 PM,20,Sep-18,Winter-2018,0.4,251.1,24.5,0.0,13.0,1025.4,91.7,0.0,24.2,5.1,24.7,00:18.0,9/15/2018,01:21.0,9/15/2018
15-09-18,9:00:14 PM,21,Sep-18,Winter-2018,3.1,258.8,23.9,0.0,0.0,1025.5,93.5,0.0,23.7,5.8,24.2,00:14.0,9/15/2018,01:13.0,9/15/2018
15-09-18,10:00:18 PM,22,Sep-18,Winter-2018,1.9,276.7,23.7,0.0,0.0,1026.0,91.4,0.0,23.6,6.5,23.8,00:14.0,9/15/2018,01:13.0,9/15/2018
15-09-18,11:00:15 PM,23,Sep-18,Winter-2018,0.5,263.5,23.5,0.0,0.0,1026.5,89.9,0.0,23.4,5.1,23.7,00:18.0,9/15/2018,01:11.0,9/15/2018
15-09-18,12:00:19 AM,24,Sep-18,Winter-2018,2.2,238.2,23.4,0.0,0.0,1026.7,88.7,0.0,23.3,7.2,23.6,00:15.0,9/15/2018,01:09.0,9/15/2018
16-09-18,1:00:14 AM,1,Sep-18,Winter-2018,2.8,204.1,23.5,0.0,0.0,1026.5,92.2,0.0,23.4,9.4,23.6,00:19.0,9/16/2018,01:18.0,9/16/2018
16-09-18,2:00:18 AM,2,Sep-18,Winter-2018,7.8,219.8,23.2,0.0,0.0,1026.3,95.8,4.3,23.1,13.0,23.4,00:14.0,9/16/2018,01:13.0,9/16/2018
16-09-18,3:00:14 AM,3,Sep-18,Winter-2018,4.3,237.3,23.0,0.0,0.0,1025.6,96.4,0.0,22.8,9.4,23.1,00:18.0,9/16/2018,01:22.0,9/16/2018
16-09-18,4:00:19 AM,4,Sep-18,Winter-2018,2.7,237.3,22.6,0.0,0.0,1025.1,96.7,0.0,22.4,8.0,22.9,00:14.0,9/16/2018,01:14.0,9/16/2018
16-09-18,5:00:12 AM,5,Sep-18,Winter-2018,3.8,238.0,22.1,0.0,0.0,1024.7,97.1,0.0,21.9,9.4,22.4,00:19.0,9/16/2018,01:36.0,9/16/2018
16-09-18,6:00:18 AM,6,Sep-18,Winter-2018,7.2,229.2,21.9,0.0,0.0,1025.0,96.5,3.6,21.8,11.6,21.9,00:12.0,9/16/2018,01:42.0,9/16/2018
16-09-18,7:00:12 AM,7,Sep-18,Winter-2018,8.0,222.1,21.8,0.0,0.0,1025.5,98.2,3.6,21.6,12.3,21.9,00:18.0,9/16/2018,00:57.0,9/16/2018
16-09-18,8:00:19 AM,8,Sep-18,Winter-2018,7.6,241.0,22.1,0.0,10.4,1026.1,98.6,4.3,21.9,11.6,22.3,00:12.0,9/16/2018,01:03.0,9/16/2018
16-09-18,9:00:10 AM,9,Sep-18,Winter-2018,8.3,247.1,22.8,0.0,134.6,1026.9,98.8,0.0,22.4,13.8,23.2,00:19.0,9/16/2018,01:00.0,9/16/2018
16-09-18,10:00:10 AM,10,Sep-18,Winter-2018,6.5,223.7,23.7,0.0,267.0,1028.0,96.5,0.0,23.1,11.6,24.1,00:10.0,9/16/2018,01:06.0,9/16/2018
16-09-18,11:00:24 AM,11,Sep-18,Winter-2018,7.0,248.7,24.3,0.0,301.2,1028.3,93.1,0.0,23.9,12.3,24.5,00:10.0,9/16/2018,01:03.0,9/16/2018
16-09-18,12:00:14 PM,12,Sep-18,Winter-2018,9.5,280.3,25.7,0.0,775.1,1028.5,89.3,0.0,24.4,16.7,26.3,00:24.0,9/16/2018,01:15.0,9/16/2018
16-09-18,1:00:14 PM,13,Sep-18,Winter-2018,10.8,275.7,26.0,0.0,617.2,1028.0,87.3,5.8,25.6,14.5,26.4,00:14.0,9/16/2018,01:07.0,9/16/2018
16-09-18,2:00:15 PM,14,Sep-18,Winter-2018,9.6,262.0,26.1,0.0,645.9,1026.7,86.0,5.8,25.5,13.0,27.4,00:14.0,9/16/2018,01:12.0,9/16/2018
16-09-18,3:00:15 PM,15,Sep-18,Winter-2018,9.7,281.2,26.7,0.0,426.9,1025.6,83.3,0.0,26.2,15.9,27.4,00:15.0,9/16/2018,01:13.0,9/16/2018
16-09-18,4:00:13 PM,16,Sep-18,Winter-2018,10.1,263.0,27.5,0.0,647.3,1024.5,79.0,0.0,26.8,17.4,28.0,00:15.0,9/16/2018,01:08.0,9/16/2018
16-09-18,5:00:15 PM,17,Sep-18,Winter-2018,9.8,270.8,28.1,0.0,518.0,1024.0,73.1,3.6,27.6,15.2,28.4,00:13.0,9/16/2018,01:06.0,9/16/2018
16-09-18,6:00:15 PM,18,Sep-18,Winter-2018,8.6,236.1,28.2,0.0,358.6,1023.7,72.1,4.3,28.0,13.0,28.3,00:15.0,9/16/2018,01:18.0,9/16/2018
16-09-18,7:00:14 PM,19,Sep-18,Winter-2018,8.4,240.6,27.5,0.0,139.1,1023.6,73.6,4.3,26.7,13.0,28.2,00:15.0,9/16/2018,01:13.0,9/16/2018
16-09-18,8:00:15 PM,20,Sep-18,Winter-2018,6.2,230.8,25.9,0.0,12.0,1023.7,79.9,0.0,25.2,11.6,26.7,00:14.0,9/16/2018,01:08.0,9/16/2018
16-09-18,9:00:15 PM,21,Sep-18,Winter-2018,2.7,224.9,24.9,0.0,0.0,1024.0,85.8,0.0,24.6,8.7,25.2,00:15.0,9/16/2018,01:13.0,9/16/2018
16-09-18,10:00:15 PM,22,Sep-18,Winter-2018,4.6,241.7,24.8,0.0,0.0,1024.6,87.0,0.0,24.7,13.8,25.0,00:15.0,9/16/2018,01:18.0,9/16/2018
16-09-18,11:00:14 PM,23,Sep-18,Winter-2018,3.3,236.0,24.4,0.0,0.0,1025.4,87.9,0.0,24.1,9.4,24.9,00:15.0,9/16/2018,01:14.0,9/16/2018
16-09-18,12:00:18 AM,24,Sep-18,Winter-2018,2.3,194.5,23.5,0.0,0.0,1025.6,91.6,0.0,23.0,10.1,24.1,00:14.0,9/16/2018,01:14.0,9/16/2018
17-09-18,1:00:18 AM,1,Sep-18,Winter-2018,4.0,234.9,22.8,0.0,0.0,1024.9,93.8,0.0,22.5,10.9,23.0,00:18.0,9/17/2018,01:27.0,9/17/2018
17-09-18,2:00:14 AM,2,Sep-18,Winter-2018,4.1,196.1,22.3,0.0,0.0,1024.1,94.4,0.0,22.2,11.6,22.5,00:18.0,9/17/2018,01:18.0,9/17/2018
17-09-18,3:00:15 AM,3,Sep-18,Winter-2018,2.5,207.7,22.0,0.0,0.0,1023.8,94.3,0.0,21.8,8.0,22.2,00:14.0,9/17/2018,01:09.0,9/17/2018
17-09-18,4:00:15 AM,4,Sep-18,Winter-2018,9.9,206.2,21.8,0.0,0.0,1023.3,94.9,5.1,21.8,15.9,21.8,00:15.0,9/17/2018,01:10.0,9/17/2018
17-09-18,5:00:19 AM,5,Sep-18,Winter-2018,11.6,212.0,21.9,0.0,0.0,1023.2,98.2,4.3,21.8,18.1,21.9,00:15.0,9/17/2018,01:04.0,9/17/2018
17-09-18,6:00:14 AM,6,Sep-18,Winter-2018,8.3,208.8,21.9,0.0,0.0,1023.5,98.9,4.3,21.7,13.0,22.0,00:19.0,9/17/2018,01:11.0,9/17/2018
17-09-18,7:00:14 AM,7,Sep-18,Winter-2018,7.4,236.0,21.6,0.0,0.0,1023.7,99.1,3.6,21.6,12.3,21.7,00:14.0,9/17/2018,01:07.0,9/17/2018
17-09-18,8:00:18 AM,8,Sep-18,Winter-2018,10.7,224.3,21.7,0.0,13.0,1024.1,99.4,5.8,21.6,17.4,21.8,00:14.0,9/17/2018,01:12.0,9/17/2018
17-09-18,9:00:19 AM,9,Sep-18,Winter-2018,11.6,214.4,22.3,0.0,150.5,1025.4,98.5,6.5,21.8,18.1,23.1,00:18.0,9/17/2018,01:01.0,9/17/2018
17-09-18,10:00:15 AM,10,Sep-18,Winter-2018,11.8,235.4,23.7,0.0,333.9,1026.3,93.9,7.2,23.1,18.8,24.3,00:19.0,9/17/2018,01:09.0,9/17/2018
17-09-18,11:00:19 AM,11,Sep-18,Winter-2018,10.5,258.9,24.9,0.0,572.7,1026.9,88.5,6.5,24.3,15.9,25.7,00:15.0,9/17/2018,01:07.0,9/17/2018
17-09-18,12:00:14 PM,12,Sep-18,Winter-2018,10.5,247.8,25.8,0.0,581.8,1026.9,85.9,4.3,25.2,17.4,26.2,00:19.0,9/17/2018,01:16.0,9/17/2018
17-09-18,1:00:18 PM,13,Sep-18,Winter-2018,10.8,271.3,26.3,0.0,703.0,1026.5,84.7,3.6,25.7,17.4,26.6,00:14.0,9/17/2018,01:11.0,9/17/2018
17-09-18,2:00:14 PM,14,Sep-18,Winter-2018,11.9,232.4,26.7,0.0,759.3,1025.7,83.4,5.1,26.3,18.1,27.3,00:18.0,9/17/2018,01:20.0,9/17/2018
17-09-18,3:00:19 PM,15,Sep-18,Winter-2018,12.4,250.1,27.2,0.0,672.0,1024.7,81.1,5.8,26.7,18.1,27.5,00:14.0,9/17/2018,01:12.0,9/17/2018
17-09-18,4:00:14 PM,16,Sep-18,Winter-2018,12.9,269.0,27.5,0.0,572.8,1023.5,77.1,7.2,27.2,18.1,27.7,00:19.0,9/17/2018,01:16.0,9/17/2018
17-09-18,5:00:14 PM,17,Sep-18,Winter-2018,12.0,291.7,27.9,0.0,521.6,1023.0,73.4,4.3,27.3,17.4,28.2,00:14.0,9/17/2018,01:07.0,9/17/2018
17-09-18,6:00:14 PM,18,Sep-18,Winter-2018,11.3,294.6,28.1,0.0,347.9,1022.8,70.6,5.8,27.7,17.4,28.4,00:14.0,9/17/2018,01:12.0,9/17/2018
17-09-18,7:00:14 PM,19,Sep-18,Winter-2018,9.6,245.8,27.2,0.0,132.9,1022.8,73.1,5.1,26.6,14.5,27.7,00:14.0,9/17/2018,01:07.0,9/17/2018
17-09-18,8:00:18 PM,20,Sep-18,Winter-2018,7.8,235.5,25.9,0.0,11.6,1023.2,79.9,4.3,25.4,12.3,26.6,00:14.0,9/17/2018,01:12.0,9/17/2018
17-09-18,9:00:14 PM,21,Sep-18,Winter-2018,8.4,223.3,25.1,0.0,0.0,1023.7,82.2,3.6,24.9,14.5,25.4,00:18.0,9/17/2018,01:21.0,9/17/2018
17-09-18,10:00:19 PM,22,Sep-18,Winter-2018,7.1,204.5,24.3,0.0,0.0,1024.2,89.6,0.0,23.7,11.6,24.9,00:14.0,9/17/2018,01:13.0,9/17/2018
17-09-18,11:00:14 PM,23,Sep-18,Winter-2018,7.4,223.3,23.5,0.0,0.0,1025.2,90.6,3.6,23.2,12.3,23.7,00:19.0,9/17/2018,01:17.0,9/17/2018
17-09-18,12:00:14 AM,24,Sep-18,Winter-2018,7.3,194.5,23.0,0.0,0.0,1025.5,90.1,3.6,22.6,12.3,23.2,00:14.0,9/17/2018,01:08.0,9/17/2018
18-09-18,1:00:14 AM,1,Sep-18,Winter-2018,8.7,203.2,22.4,0.0,0.0,1024.8,90.4,5.1,22.2,13.0,22.6,00:14.0,9/18/2018,01:08.0,9/18/2018
18-09-18,2:00:14 AM,2,Sep-18,Winter-2018,9.3,202.1,22.1,0.0,0.0,1024.2,89.3,6.5,21.9,13.0,22.2,00:14.0,9/18/2018,01:13.0,9/18/2018
18-09-18,3:00:19 AM,3,Sep-18,Winter-2018,9.2,217.1,21.8,0.0,0.0,1023.9,91.3,4.3,21.6,15.9,21.9,00:14.0,9/18/2018,01:13.0,9/18/2018
18-09-18,4:00:15 AM,4,Sep-18,Winter-2018,9.6,206.0,21.5,0.0,0.0,1023.5,95.3,4.3,21.5,18.8,21.6,00:19.0,9/18/2018,01:13.0,9/18/2018
18-09-18,5:00:19 AM,5,Sep-18,Winter-2018,9.6,237.2,21.4,0.0,0.0,1023.3,97.4,4.3,21.3,16.7,21.6,00:15.0,9/18/2018,01:05.0,9/18/2018
18-09-18,6:00:14 AM,6,Sep-18,Winter-2018,7.6,217.4,21.3,0.0,0.0,1023.6,98.2,0.0,21.3,13.0,21.4,00:19.0,9/18/2018,01:13.0,9/18/2018
18-09-18,7:00:19 AM,7,Sep-18,Winter-2018,8.0,245.5,21.3,0.0,0.0,1023.9,98.6,4.3,21.3,12.3,21.4,00:14.0,9/18/2018,00:56.0,9/18/2018
18-09-18,8:00:19 AM,8,Sep-18,Winter-2018,8.1,259.6,21.4,0.0,13.2,1024.6,98.7,0.0,21.3,13.0,21.6,00:19.0,9/18/2018,01:02.0,9/18/2018
18-09-18,9:00:18 AM,9,Sep-18,Winter-2018,8.4,237.0,22.0,0.0,140.7,1025.6,98.1,3.6,21.6,17.4,22.7,00:19.0,9/18/2018,00:59.0,9/18/2018
18-09-18,10:00:18 AM,10,Sep-18,Winter-2018,11.3,216.6,23.2,0.0,323.9,1026.5,93.9,5.8,22.7,16.7,23.6,00:18.0,9/18/2018,01:07.0,9/18/2018
18-09-18,11:00:19 AM,11,Sep-18,Winter-2018,11.3,287.9,24.3,0.0,586.9,1027.1,88.7,5.8,23.6,17.4,24.8,00:18.0,9/18/2018,01:11.0,9/18/2018
18-09-18,12:00:10 PM,12,Sep-18,Winter-2018,11.3,252.4,25.3,0.0,733.3,1027.1,85.1,3.6,24.7,20.3,25.9,00:19.0,9/18/2018,00:50.0,9/18/2018
18-09-18,1:00:18 PM,13,Sep-18,Winter-2018,11.4,282.0,26.4,0.0,851.1,1026.7,81.1,6.5,25.7,17.4,26.8,00:10.0,9/18/2018,00:57.0,9/18/2018
18-09-18,2:00:19 PM,14,Sep-18,Winter-2018,12.0,277.1,27.2,0.0,873.3,1025.9,78.7,6.5,26.7,21.0,27.5,00:18.0,9/18/2018,01:29.0,9/18/2018
18-09-18,3:00:14 PM,15,Sep-18,Winter-2018,12.4,269.3,27.5,0.0,742.0,1024.9,78.2,5.8,27.3,18.8,27.8,00:19.0,9/18/2018,01:10.0,9/18/2018
18-09-18,4:00:15 PM,16,Sep-18,Winter-2018,11.8,287.2,27.6,0.0,593.1,1023.8,77.1,6.5,27.3,18.1,27.9,00:14.0,9/18/2018,00:57.0,9/18/2018
18-09-18,5:00:14 PM,17,Sep-18,Winter-2018,12.9,264.3,27.8,0.0,513.2,1023.2,76.8,7.2,27.5,20.3,28.1,00:15.0,9/18/2018,01:03.0,9/18/2018
18-09-18,6:00:18 PM,18,Sep-18,Winter-2018,13.8,248.8,27.7,0.0,311.9,1022.9,76.5,8.0,27.4,19.6,28.0,00:14.0,9/18/2018,01:11.0,9/18/2018
18-09-18,7:00:14 PM,19,Sep-18,Winter-2018,11.1,250.4,27.1,0.0,122.2,1023.3,79.4,5.8,26.5,17.4,27.6,00:18.0,9/18/2018,01:20.0,9/18/2018
18-09-18,8:00:19 PM,20,Sep-18,Winter-2018,8.9,205.5,25.9,0.0,10.7,1023.6,83.5,0.0,25.5,13.8,26.4,00:14.0,9/18/2018,01:12.0,9/18/2018
18-09-18,9:00:14 PM,21,Sep-18,Winter-2018,8.3,216.0,25.4,0.0,0.0,1023.9,84.5,0.0,25.1,15.2,25.5,00:19.0,9/18/2018,01:16.0,9/18/2018
18-09-18,10:00:14 PM,22,Sep-18,Winter-2018,2.9,229.5,24.9,0.0,0.0,1024.6,86.5,0.0,24.8,8.0,25.1,00:14.0,9/18/2018,01:07.0,9/18/2018
18-09-18,11:00:15 PM,23,Sep-18,Winter-2018,5.9,236.9,24.4,0.0,0.0,1025.5,90.0,0.0,24.0,12.3,24.8,00:14.0,9/18/2018,01:13.0,9/18/2018
18-09-18,12:00:14 AM,24,Sep-18,Winter-2018,2.9,259.8,23.6,0.0,0.0,1025.7,89.8,0.0,23.3,10.1,24.0,00:15.0,9/18/2018,01:13.0,9/18/2018
19-09-18,1:00:15 AM,1,Sep-18,Winter-2018,3.4,228.3,23.2,0.0,0.0,1025.4,89.7,0.0,22.9,8.7,23.4,00:14.0,9/19/2018,01:13.0,9/19/2018
19-09-18,2:00:19 AM,2,Sep-18,Winter-2018,4.4,231.3,23.1,0.0,0.0,1025.1,86.8,0.0,22.7,10.9,23.5,00:15.0,9/19/2018,01:13.0,9/19/2018
19-09-18,3:00:12 AM,3,Sep-18,Winter-2018,5.4,209.1,22.6,0.0,0.0,1024.8,83.0,0.0,22.4,11.6,23.2,00:19.0,9/19/2018,01:22.0,9/19/2018
19-09-18,4:00:18 AM,4,Sep-18,Winter-2018,5.6,221.5,22.2,0.0,0.0,1024.1,90.2,0.0,22.0,11.6,22.4,00:12.0,9/19/2018,01:15.0,9/19/2018
19-09-18,5:00:19 AM,5,Sep-18,Winter-2018,6.7,233.1,22.0,0.0,0.0,1024.0,95.6,0.0,21.9,12.3,22.0,00:18.0,9/19/2018,01:05.0,9/19/2018
19-09-18,6:00:14 AM,6,Sep-18,Winter-2018,8.2,206.5,22.0,0.0,0.0,1024.1,97.3,4.3,22.0,13.0,22.2,00:19.0,9/19/2018,01:13.0,9/19/2018
19-09-18,7:00:14 AM,7,Sep-18,Winter-2018,7.6,221.8,22.2,0.0,0.0,1024.9,98.0,3.6,22.2,13.0,22.3,00:14.0,9/19/2018,01:06.0,9/19/2018
19-09-18,8:00:18 AM,8,Sep-18,Winter-2018,9.4,226.0,22.4,0.0,15.4,1025.5,98.1,0.0,22.3,15.9,22.6,00:14.0,9/19/2018,01:11.0,9/19/2018
19-09-18,9:00:19 AM,9,Sep-18,Winter-2018,9.3,256.0,23.0,0.0,96.8,1026.2,97.5,3.6,22.6,15.2,23.4,00:18.0,9/19/2018,01:00.0,9/19/2018
19-09-18,10:00:15 AM,10,Sep-18,Winter-2018,10.2,246.1,24.4,0.0,369.2,1027.1,90.1,4.3,23.4,18.1,25.3,00:19.0,9/19/2018,01:08.0,9/19/2018
19-09-18,11:00:19 AM,11,Sep-18,Winter-2018,11.8,255.5,25.7,0.0,538.7,1027.9,81.7,5.8,25.3,18.1,25.9,00:15.0,9/19/2018,01:11.0,9/19/2018
19-09-18,12:00:14 PM,12,Sep-18,Winter-2018,11.8,240.1,26.3,0.0,754.5,1027.6,83.3,7.2,25.8,17.4,26.5,00:19.0,9/19/2018,01:16.0,9/19/2018
19-09-18,1:00:18 PM,13,Sep-18,Winter-2018,12.3,254.0,27.1,0.0,791.8,1026.8,80.3,5.8,26.5,19.6,27.6,00:14.0,9/19/2018,01:11.0,9/19/2018
19-09-18,2:00:14 PM,14,Sep-18,Winter-2018,12.8,264.2,27.7,0.0,693.2,1025.8,78.3,5.8,27.2,20.3,28.3,00:18.0,9/19/2018,01:15.0,9/19/2018
19-09-18,3:00:18 PM,15,Sep-18,Winter-2018,13.7,285.7,27.8,0.0,666.1,1024.4,79.0,5.1,27.4,18.8,28.1,00:14.0,9/19/2018,01:06.0,9/19/2018
19-09-18,4:00:12 PM,16,Sep-18,Winter-2018,12.6,253.6,28.0,0.0,498.2,1023.4,78.9,4.3,27.6,19.6,28.2,00:18.0,9/19/2018,00:59.0,9/19/2018
19-09-18,5:00:29 PM,17,Sep-18,Winter-2018,13.6,275.9,28.2,0.0,446.0,1022.6,78.7,7.2,27.7,18.8,28.4,00:12.0,9/19/2018,01:06.0,9/19/2018
19-09-18,6:00:19 PM,18,Sep-18,Winter-2018,11.7,93.4,26.9,12.2,135.4,1022.5,80.3,0.0,23.5,28.2,28.2,00:29.0,9/19/2018,01:24.0,9/19/2018
19-09-18,7:00:15 PM,19,Sep-18,Winter-2018,13.0,155.1,21.3,29.5,12.9,1022.7,95.1,0.0,20.3,29.0,23.4,00:19.0,9/19/2018,01:10.0,9/19/2018
19-09-18,8:00:14 PM,20,Sep-18,Winter-2018,3.3,173.3,20.6,0.5,5.0,1022.4,98.9,0.0,20.4,8.7,20.9,00:15.0,9/19/2018,01:11.0,9/19/2018
19-09-18,9:00:15 PM,21,Sep-18,Winter-2018,5.4,198.8,22.1,0.0,0.0,1022.9,98.6,0.0,20.9,11.6,23.1,00:14.0,9/19/2018,01:05.0,9/19/2018
19-09-18,10:00:15 PM,22,Sep-18,Winter-2018,6.4,219.9,23.4,0.0,0.0,1023.5,93.5,0.0,23.1,12.3,23.6,00:15.0,9/19/2018,01:11.0,9/19/2018
19-09-18,11:00:18 PM,23,Sep-18,Winter-2018,1.6,235.5,23.8,0.0,0.0,1024.0,92.2,0.0,23.5,6.5,24.2,00:15.0,9/19/2018,01:11.0,9/19/2018
19-09-18,12:00:14 AM,24,Sep-18,Winter-2018,1.9,251.4,24.2,0.0,0.0,1024.1,84.7,0.0,24.0,8.0,24.3,00:18.0,9/19/2018,01:19.0,9/19/2018
20-09-18,1:00:18 AM,1,Sep-18,Winter-2018,5.4,250.6,24.3,0.0,0.0,1023.8,84.4,0.0,24.0,9.4,24.5,00:14.0,9/20/2018,01:11.0,9/20/2018
20-09-18,2:00:12 AM,2,Sep-18,Winter-2018,4.8,256.1,23.6,0.0,0.0,1023.5,84.4,0.0,22.9,8.0,24.2,00:18.0,9/20/2018,01:15.0,9/20/2018
20-09-18,3:00:14 AM,3,Sep-18,Winter-2018,5.0,252.6,22.5,0.0,0.0,1023.0,87.5,0.0,22.3,8.7,22.9,00:12.0,9/20/2018,01:04.0,9/20/2018
20-09-18,4:00:14 AM,4,Sep-18,Winter-2018,6.7,244.2,22.8,0.0,0.0,1022.5,86.9,0.0,22.7,11.6,22.9,00:14.0,9/20/2018,01:15.0,9/20/2018
20-09-18,5:00:19 AM,5,Sep-18,Winter-2018,6.7,236.6,22.6,0.0,0.0,1022.2,89.2,3.6,22.6,10.1,22.7,00:14.0,9/20/2018,01:06.0,9/20/2018
20-09-18,6:00:14 AM,6,Sep-18,Winter-2018,5.7,217.6,22.4,0.0,0.0,1022.2,93.0,0.0,22.2,10.1,22.7,00:19.0,9/20/2018,01:14.0,9/20/2018
20-09-18,7:00:14 AM,7,Sep-18,Winter-2018,8.1,220.7,22.7,0.0,0.0,1022.6,96.1,4.3,22.4,13.8,22.9,00:14.0,9/20/2018,01:06.0,9/20/2018
20-09-18,8:00:23 AM,8,Sep-18,Winter-2018,9.7,226.1,23.0,0.0,5.6,1023.0,96.4,5.8,22.9,15.2,23.0,00:14.0,9/20/2018,01:11.0,9/20/2018
20-09-18,9:00:19 AM,9,Sep-18,Winter-2018,7.9,245.1,22.9,0.0,32.5,1023.7,95.2,3.6,22.8,15.2,23.0,00:23.0,9/20/2018,01:00.0,9/20/2018
20-09-18,10:00:15 AM,10,Sep-18,Winter-2018,11.2,263.4,23.4,0.3,191.3,1024.6,95.0,6.5,23.0,15.2,24.1,00:19.0,9/20/2018,01:08.0,9/20/2018
20-09-18,11:00:19 AM,11,Sep-18,Winter-2018,10.2,236.9,24.9,0.0,547.0,1025.6,93.6,5.8,24.1,15.9,25.4,00:15.0,9/20/2018,01:07.0,9/20/2018
20-09-18,12:00:14 PM,12,Sep-18,Winter-2018,9.4,255.4,26.0,0.0,733.2,1025.9,87.6,5.8,25.4,15.9,26.6,00:19.0,9/20/2018,01:15.0,9/20/2018
20-09-18,1:00:10 PM,13,Sep-18,Winter-2018,10.0,259.5,26.8,0.0,833.7,1025.5,85.3,5.8,26.6,15.9,27.1,00:14.0,9/20/2018,01:11.0,9/20/2018
20-09-18,2:00:18 PM,14,Sep-18,Winter-2018,9.1,295.7,27.5,0.0,862.0,1024.4,83.1,0.0,27.1,13.8,27.9,00:10.0,9/20/2018,01:02.0,9/20/2018
20-09-18,3:00:14 PM,15,Sep-18,Winter-2018,7.6,273.2,28.2,0.0,816.2,1023.5,80.7,0.0,27.9,13.0,28.8,00:18.0,9/20/2018,01:15.0,9/20/2018
20-09-18,4:00:14 PM,16,Sep-18,Winter-2018,9.0,252.4,28.7,0.0,687.7,1022.7,78.4,0.0,28.6,15.9,28.9,00:14.0,9/20/2018,01:06.0,9/20/2018
20-09-18,5:00:10 PM,17,Sep-18,Winter-2018,8.0,242.3,29.0,0.0,492.2,1022.3,77.3,0.0,28.9,12.3,29.2,00:14.0,9/20/2018,01:20.0,9/20/2018
20-09-18,6:00:18 PM,18,Sep-18,Winter-2018,8.4,257.5,28.8,0.0,272.1,1021.8,77.6,4.3,28.7,13.0,28.9,00:10.0,9/20/2018,01:02.0,9/20/2018
20-09-18,7:00:25 PM,19,Sep-18,Winter-2018,8.5,238.5,28.1,0.0,119.3,1021.4,80.0,5.1,27.6,12.3,28.7,00:18.0,9/20/2018,01:10.0,9/20/2018
20-09-18,8:00:18 PM,20,Sep-18,Winter-2018,7.4,238.9,27.0,0.0,10.3,1021.2,83.8,0.0,26.6,10.9,27.6,00:25.0,9/20/2018,01:22.0,9/20/2018
20-09-18,9:00:10 PM,21,Sep-18,Winter-2018,6.1,237.6,26.5,0.0,0.0,1021.5,85.1,0.0,26.5,11.6,26.6,00:18.0,9/20/2018,01:16.0,9/20/2018
20-09-18,10:00:15 PM,22,Sep-18,Winter-2018,5.5,259.3,26.2,0.0,0.0,1022.2,84.8,0.0,26.0,13.0,26.5,00:10.0,9/20/2018,01:04.0,9/20/2018
20-09-18,11:00:19 PM,23,Sep-18,Winter-2018,1.4,248.6,25.6,0.0,0.0,1022.9,87.5,0.0,25.2,6.5,26.0,00:15.0,9/20/2018,01:13.0,9/20/2018
20-09-18,12:00:18 AM,24,Sep-18,Winter-2018,4.2,255.7,25.3,0.0,0.0,1023.0,87.8,0.0,25.2,10.1,25.4,00:19.0,9/20/2018,01:22.0,9/20/2018
21-09-18,1:00:14 AM,1,Sep-18,Winter-2018,5.2,229.0,25.4,0.0,0.0,1022.8,86.2,0.0,25.1,10.9,25.6,00:18.0,9/21/2018,01:21.0,9/21/2018
21-09-18,2:00:18 AM,2,Sep-18,Winter-2018,5.3,226.1,25.2,0.0,0.0,1022.3,86.9,0.0,24.8,10.9,25.7,00:14.0,9/21/2018,01:13.0,9/21/2018
21-09-18,3:00:14 AM,3,Sep-18,Winter-2018,6.2,242.2,24.9,0.0,0.0,1021.9,87.7,0.0,24.7,12.3,25.6,00:18.0,9/21/2018,01:17.0,9/21/2018
21-09-18,4:00:14 AM,4,Sep-18,Winter-2018,6.5,249.7,24.4,0.0,0.0,1021.0,90.3,4.3,24.0,9.4,24.7,00:14.0,9/21/2018,01:08.0,9/21/2018
21-09-18,5:00:19 AM,5,Sep-18,Winter-2018,5.9,234.5,23.8,0.0,0.0,1020.6,93.1,3.6,23.6,8.7,24.0,00:14.0,9/21/2018,01:06.0,9/21/2018
21-09-18,6:00:14 AM,6,Sep-18,Winter-2018,9.9,243.0,23.8,0.0,0.0,1020.7,94.5,5.1,23.6,15.2,23.9,00:19.0,9/21/2018,01:14.0,9/21/2018
21-09-18,7:00:14 AM,7,Sep-18,Winter-2018,10.2,220.5,23.5,0.0,0.0,1020.9,97.5,5.8,23.3,16.7,23.6,00:14.0,9/21/2018,01:07.0,9/21/2018
21-09-18,8:00:18 AM,8,Sep-18,Winter-2018,9.5,233.0,23.3,0.0,8.1,1021.2,97.7,5.8,23.2,13.8,23.5,00:14.0,9/21/2018,01:11.0,9/21/2018
21-09-18,9:00:19 AM,9,Sep-18,Winter-2018,11.8,237.7,23.9,0.0,143.9,1022.2,95.3,8.0,23.5,16.7,24.3,00:18.0,9/21/2018,01:01.0,9/21/2018
21-09-18,10:00:15 AM,10,Sep-18,Winter-2018,13.7,230.5,25.0,0.0,415.3,1023.3,91.3,7.2,24.3,18.8,25.5,00:19.0,9/21/2018,01:08.0,9/21/2018
21-09-18,11:00:10 AM,11,Sep-18,Winter-2018,12.5,256.8,26.0,0.0,613.9,1023.9,87.9,7.2,25.5,17.4,26.6,00:15.0,9/21/2018,01:07.0,9/21/2018
21-09-18,12:00:15 PM,12,Sep-18,Winter-2018,11.9,244.9,27.1,0.0,758.0,1023.9,83.3,5.8,26.6,18.1,27.5,00:10.0,9/21/2018,01:12.0,9/21/2018
21-09-18,1:00:19 PM,13,Sep-18,Winter-2018,13.0,255.5,28.0,0.0,847.2,1023.3,80.2,7.2,27.6,17.4,28.5,00:15.0,9/21/2018,01:07.0,9/21/2018
21-09-18,2:00:14 PM,14,Sep-18,Winter-2018,13.8,272.5,28.9,0.0,857.4,1022.5,73.9,8.7,28.5,18.8,29.3,00:19.0,9/21/2018,01:16.0,9/21/2018
21-09-18,3:00:18 PM,15,Sep-18,Winter-2018,13.3,253.6,29.6,0.0,789.9,1021.5,69.6,8.0,29.3,19.6,30.0,00:14.0,9/21/2018,01:11.0,9/21/2018
21-09-18,4:00:15 PM,16,Sep-18,Winter-2018,14.7,262.4,30.0,0.0,674.5,1020.5,65.2,7.2,29.8,22.5,30.2,00:18.0,9/21/2018,01:13.0,9/28/2018
21-09-18,5:00:12 PM,17,Sep-18,Winter-2018,14.8,252.9,30.3,0.0,534.9,1019.8,61.5,8.7,30.1,23.2,30.5,00:15.0,9/21/2018,01:19.0,9/28/2018
21-09-18,6:00:15 PM,18,Sep-18,Winter-2018,12.8,256.0,30.2,0.0,349.1,1019.5,61.9,6.5,29.7,22.5,30.6,00:12.0,9/21/2018,01:29.0,9/28/2018
21-09-18,7:00:18 PM,19,Sep-18,Winter-2018,11.1,247.6,29.2,0.0,111.9,1019.6,63.5,5.1,28.7,15.9,29.7,00:15.0,9/21/2018,01:34.0,9/28/2018
21-09-18,8:00:15 PM,20,Sep-18,Winter-2018,11.4,258.1,28.3,0.0,10.4,1019.6,63.6,6.5,28.0,17.4,28.7,00:18.0,9/21/2018,01:39.0,9/28/2018
21-09-18,9:00:18 PM,21,Sep-18,Winter-2018,9.1,270.6,27.9,0.0,0.0,1020.2,62.9,3.6,27.4,17.4,28.2,00:15.0,9/21/2018,01:45.0,9/28/2018
21-09-18,10:00:18 PM,22,Sep-18,Winter-2018,6.5,244.4,27.4,0.0,0.0,1020.6,64.5,0.0,27.0,13.0,27.7,00:18.0,9/21/2018,01:52.0,9/28/2018
21-09-18,11:00:19 PM,23,Sep-18,Winter-2018,7.1,214.9,27.6,0.0,0.0,1021.0,64.4,0.0,27.2,13.0,27.7,00:18.0,9/21/2018,01:59.0,9/28/2018
21-09-18,12:00:15 AM,24,Sep-18,Winter-2018,6.6,223.5,26.1,0.0,0.0,1021.2,83.4,0.0,25.3,13.8,27.2,00:19.0,9/21/2018,02:04.0,9/28/2018
22-09-18,1:00:18 AM,1,Sep-18,Winter-2018,6.6,236.1,25.1,0.0,0.0,1020.9,88.5,0.0,24.8,15.2,25.3,00:15.0,9/22/2018,02:12.0,9/28/2018
22-09-18,2:00:19 AM,2,Sep-18,Winter-2018,6.4,190.1,24.6,0.0,0.0,1020.5,89.2,0.0,24.4,17.4,24.8,00:18.0,9/22/2018,02:19.0,9/28/2018
22-09-18,3:00:18 AM,3,Sep-18,Winter-2018,14.7,187.9,24.4,0.0,0.0,1020.0,88.6,8.7,24.3,21.7,24.5,00:19.0,9/22/2018,02:29.0,9/28/2018
22-09-18,4:00:14 AM,4,Sep-18,Winter-2018,13.6,197.4,24.5,0.0,0.0,1019.5,88.0,6.5,24.4,23.9,24.6,00:18.0,9/22/2018,02:34.0,9/28/2018
22-09-18,5:00:19 AM,5,Sep-18,Winter-2018,16.2,202.9,24.3,0.0,0.0,1018.9,90.9,10.9,24.1,21.0,24.5,00:14.0,9/22/2018,02:39.0,9/28/2018
22-09-18,6:00:18 AM,6,Sep-18,Winter-2018,16.5,212.3,24.0,0.0,0.0,1018.4,94.2,10.9,23.8,23.2,24.1,00:19.0,9/22/2018,02:45.0,9/28/2018
22-09-18,7:00:15 AM,7,Sep-18,Winter-2018,18.6,193.9,23.9,0.0,0.0,1018.9,95.2,12.3,23.8,26.1,23.9,00:18.0,9/22/2018,02:50.0,9/28/2018
22-09-18,8:00:18 AM,8,Sep-18,Winter-2018,18.3,205.9,23.8,0.0,6.9,1019.4,95.6,10.9,23.7,23.9,23.9,00:15.0,9/22/2018,02:59.0,9/28/2018
22-09-18,9:00:19 AM,9,Sep-18,Winter-2018,17.1,195.2,24.0,0.0,60.3,1020.2,95.0,10.9,23.8,23.9,24.1,00:18.0,9/22/2018,03:04.0,9/28/2018
22-09-18,10:00:14 AM,10,Sep-18,Winter-2018,17.5,198.3,24.3,0.0,104.8,1020.9,93.7,10.1,24.1,24.6,24.4,00:19.0,9/22/2018,03:09.0,9/28/2018
22-09-18,11:00:19 AM,11,Sep-18,Winter-2018,19.7,193.7,24.3,0.0,80.9,1021.7,93.2,12.3,24.2,26.8,24.3,00:14.0,9/22/2018,03:15.0,9/28/2018
22-09-18,12:00:14 PM,12,Sep-18,Winter-2018,19.8,196.2,24.2,0.0,105.3,1022.2,93.4,11.6,24.0,27.5,24.3,00:19.0,9/22/2018,03:19.0,9/28/2018
22-09-18,1:00:15 PM,13,Sep-18,Winter-2018,18.4,193.7,24.0,0.3,125.1,1022.1,95.7,10.1,23.9,25.3,24.0,00:14.0,9/22/2018,03:29.0,9/28/2018
22-09-18,2:00:18 PM,14,Sep-18,Winter-2018,19.6,202.7,24.0,0.0,149.7,1021.4,95.6,9.4,23.9,28.2,24.1,00:15.0,9/22/2018,03:34.0,9/28/2018
22-09-18,3:00:15 PM,15,Sep-18,Winter-2018,20.4,196.4,24.1,0.3,123.0,1020.8,95.1,11.6,24.0,28.2,24.2,00:18.0,9/22/2018,03:39.0,9/28/2018
22-09-18,4:00:18 PM,16,Sep-18,Winter-2018,20.2,206.0,23.9,0.5,83.1,1020.4,95.5,10.9,23.8,26.8,24.0,00:15.0,9/22/2018,03:45.0,9/28/2018
22-09-18,5:00:19 PM,17,Sep-18,Winter-2018,20.8,202.4,23.6,0.5,53.8,1020.0,95.0,13.8,23.4,29.7,23.8,00:18.0,9/22/2018,03:49.0,9/28/2018
22-09-18,6:00:18 PM,18,Sep-18,Winter-2018,19.5,191.1,23.3,0.8,43.0,1020.0,96.0,11.6,23.3,30.4,23.4,00:19.0,9/22/2018,03:59.0,9/28/2018
22-09-18,7:00:14 PM,19,Sep-18,Winter-2018,20.0,193.4,23.3,0.0,25.9,1020.5,96.3,10.9,23.3,28.2,23.4,00:18.0,9/22/2018,04:04.0,9/28/2018
22-09-18,8:00:10 PM,20,Sep-18,Winter-2018,19.6,205.4,23.3,0.0,3.2,1021.1,96.4,11.6,23.2,28.2,23.4,00:14.0,9/22/2018,04:09.0,9/28/2018
22-09-18,9:00:18 PM,21,Sep-18,Winter-2018,18.7,191.0,23.3,0.0,0.0,1022.2,95.5,10.1,23.3,29.0,23.4,00:10.0,9/22/2018,04:15.0,9/28/2018
22-09-18,10:00:18 PM,22,Sep-18,Winter-2018,15.2,187.0,23.4,0.0,0.0,1022.8,95.2,9.4,23.3,23.9,23.4,00:18.0,9/22/2018,04:22.0,9/28/2018
22-09-18,11:00:14 PM,23,Sep-18,Winter-2018,16.4,191.3,23.6,0.0,0.0,1023.2,94.5,6.5,23.4,23.2,23.7,00:18.0,9/22/2018,04:29.0,9/28/2018
22-09-18,12:00:19 AM,24,Sep-18,Winter-2018,15.6,229.2,23.6,0.0,0.0,1023.8,93.3,5.1,23.5,29.0,23.7,00:14.0,9/22/2018,04:34.0,9/28/2018
23-09-18,1:00:14 AM,1,Sep-18,Winter-2018,17.3,186.0,23.4,0.0,0.0,1023.8,95.0,8.0,23.2,23.9,23.5,00:19.0,9/23/2018,04:39.0,9/28/2018
23-09-18,2:00:19 AM,2,Sep-18,Winter-2018,20.3,207.7,22.8,0.8,0.0,1023.8,94.6,8.7,21.3,30.4,23.2,00:14.0,9/23/2018,04:45.0,9/28/2018
23-09-18,3:00:14 AM,3,Sep-18,Winter-2018,10.6,186.1,21.2,0.3,0.0,1023.6,96.7,0.0,21.1,20.3,21.3,00:19.0,9/23/2018,04:52.0,9/28/2018
23-09-18,4:00:15 AM,4,Sep-18,Winter-2018,11.9,162.9,20.8,0.0,0.0,1023.5,97.0,5.1,20.5,21.0,21.2,00:14.0,9/23/2018,04:59.0,9/28/2018
23-09-18,5:00:19 AM,5,Sep-18,Winter-2018,8.6,169.1,21.3,0.0,0.0,1023.1,95.2,4.3,20.7,16.7,22.0,00:15.0,9/23/2018,05:04.0,9/28/2018
23-09-18,6:00:18 AM,6,Sep-18,Winter-2018,14.6,168.9,22.3,0.0,0.0,1023.3,90.2,7.2,22.0,24.6,22.6,00:19.0,9/23/2018,05:09.0,9/28/2018
23-09-18,7:00:15 AM,7,Sep-18,Winter-2018,9.9,154.7,22.5,0.0,0.0,1023.7,88.3,3.6,22.4,17.4,22.6,00:18.0,9/23/2018,05:15.0,9/28/2018
23-09-18,8:00:18 AM,8,Sep-18,Winter-2018,11.6,166.3,22.4,0.0,8.2,1024.2,89.6,5.8,22.3,19.6,22.6,00:15.0,9/23/2018,05:19.0,9/28/2018
23-09-18,9:00:15 AM,9,Sep-18,Winter-2018,14.0,178.4,23.5,0.0,192.4,1025.6,84.9,6.5,22.6,22.5,24.6,00:18.0,9/23/2018,05:29.0,9/28/2018
23-09-18,10:00:14 AM,10,Sep-18,Winter-2018,17.8,184.6,25.2,0.0,416.8,1026.8,78.6,9.4,24.6,26.8,25.6,00:15.0,9/23/2018,05:34.0,9/28/2018
23-09-18,11:00:19 AM,11,Sep-18,Winter-2018,19.5,169.6,26.0,0.0,605.2,1027.7,78.9,10.9,25.6,27.5,26.4,00:14.0,9/23/2018,05:39.0,9/28/2018
23-09-18,12:00:14 PM,12,Sep-18,Winter-2018,19.6,182.4,27.0,0.0,801.1,1028.0,77.9,10.9,26.3,29.0,27.4,00:19.0,9/23/2018,05:45.0,9/28/2018
23-09-18,1:00:18 PM,13,Sep-18,Winter-2018,18.1,186.1,27.7,0.0,870.1,1027.9,76.7,8.0,27.2,29.7,28.4,00:14.0,9/23/2018,05:52.0,9/28/2018
23-09-18,2:00:18 PM,14,Sep-18,Winter-2018,18.2,184.2,27.9,0.0,726.1,1027.4,75.3,8.7,27.5,29.0,28.5,00:18.0,9/23/2018,05:59.0,9/28/2018
23-09-18,3:00:14 PM,15,Sep-18,Winter-2018,19.7,192.2,28.5,0.0,782.2,1026.6,73.5,11.6,27.9,30.4,28.8,00:18.0,9/23/2018,06:04.0,9/28/2018
23-09-18,4:00:19 PM,16,Sep-18,Winter-2018,15.8,197.4,28.1,0.0,501.0,1025.9,76.2,8.0,27.8,24.6,28.6,00:14.0,9/23/2018,06:09.0,9/28/2018
23-09-18,5:00:14 PM,17,Sep-18,Winter-2018,16.9,207.8,28.1,0.0,497.1,1025.5,76.3,8.0,27.9,24.6,28.4,00:19.0,9/23/2018,06:15.0,9/28/2018
23-09-18,6:00:18 PM,18,Sep-18,Winter-2018,16.4,193.5,27.7,0.0,326.8,1025.4,76.4,8.0,27.4,23.2,28.0,00:14.0,9/23/2018,06:22.0,9/28/2018
23-09-18,7:00:18 PM,19,Sep-18,Winter-2018,14.4,211.4,26.7,0.0,116.4,1025.6,80.1,5.1,26.0,23.9,27.5,00:18.0,9/23/2018,06:29.0,9/28/2018
23-09-18,8:00:14 PM,20,Sep-18,Winter-2018,6.2,197.9,25.2,0.0,8.0,1025.9,85.0,0.0,24.5,15.2,26.0,00:18.0,9/23/2018,06:34.0,9/28/2018
23-09-18,9:00:19 PM,21,Sep-18,Winter-2018,7.2,219.8,24.2,0.0,0.0,1026.4,91.0,0.0,24.0,15.2,24.5,00:14.0,9/23/2018,06:39.0,9/28/2018
23-09-18,10:00:14 PM,22,Sep-18,Winter-2018,15.6,192.3,23.8,0.0,0.0,1026.8,93.7,6.5,23.7,23.9,24.0,00:19.0,9/23/2018,06:45.0,9/28/2018
23-09-18,11:00:19 PM,23,Sep-18,Winter-2018,19.9,194.0,23.6,0.0,0.0,1026.8,90.9,13.0,23.5,29.0,23.8,00:14.0,9/23/2018,06:49.0,9/28/2018
23-09-18,12:00:18 AM,24,Sep-18,Winter-2018,17.2,193.2,23.4,0.0,0.0,1026.8,92.1,8.0,23.2,26.1,23.5,00:19.0,9/23/2018,06:59.0,9/28/2018
24-09-18,1:00:14 AM,1,Sep-18,Winter-2018,12.2,192.3,22.9,0.0,0.0,1026.7,94.9,4.3,22.7,21.7,23.2,00:18.0,9/24/2018,07:04.0,9/28/2018
24-09-18,2:00:10 AM,2,Sep-18,Winter-2018,9.2,194.0,22.6,0.0,0.0,1026.6,95.4,0.0,22.3,19.6,22.7,00:14.0,9/24/2018,07:09.0,9/28/2018
24-09-18,3:00:15 AM,3,Sep-18,Winter-2018,2.8,272.3,22.2,0.0,0.0,1026.3,95.6,0.0,22.1,9.4,22.4,00:10.0,9/24/2018,07:15.0,9/28/2018
24-09-18,4:00:18 AM,4,Sep-18,Winter-2018,9.5,217.7,22.0,0.0,0.0,1025.8,96.4,0.0,22.0,16.7,22.1,00:15.0,9/24/2018,07:22.0,9/28/2018
24-09-18,5:00:19 AM,5,Sep-18,Winter-2018,14.9,193.5,22.0,0.0,0.0,1025.6,95.9,8.0,21.9,24.6,22.1,00:18.0,9/24/2018,07:29.0,9/28/2018
24-09-18,6:00:18 AM,6,Sep-18,Winter-2018,13.0,211.7,22.0,0.0,0.0,1025.9,94.9,7.2,21.7,21.0,22.2,00:19.0,9/24/2018,07:34.0,9/28/2018
24-09-18,7:00:15 AM,7,Sep-18,Winter-2018,11.7,218.0,21.7,0.0,0.0,1026.2,96.5,7.2,21.7,18.8,21.8,00:18.0,9/24/2018,07:42.0,9/28/2018
24-09-18,8:00:18 AM,8,Sep-18,Winter-2018,9.7,194.0,21.8,0.0,17.1,1026.8,97.2,4.3,21.7,14.5,22.1,00:15.0,9/24/2018,07:49.0,9/28/2018
24-09-18,9:00:24 AM,9,Sep-18,Winter-2018,10.3,213.4,22.7,0.0,177.7,1027.8,95.4,5.1,22.1,15.9,23.5,00:18.0,9/24/2018,07:59.0,9/28/2018
24-09-18,10:00:18 AM,10,Sep-18,Winter-2018,11.8,214.6,24.1,0.0,410.3,1029.0,90.5,5.8,23.5,20.3,24.9,00:24.0,9/24/2018,08:04.0,9/28/2018
24-09-18,11:00:14 AM,11,Sep-18,Winter-2018,12.6,217.1,25.4,0.0,606.0,1029.7,83.7,4.3,24.9,18.8,26.2,00:18.0,9/24/2018,08:09.0,9/28/2018
24-09-18,12:00:15 PM,12,Sep-18,Winter-2018,10.4,243.9,26.6,0.0,752.8,1029.9,78.8,3.6,26.2,17.4,27.2,00:14.0,9/24/2018,08:15.0,9/28/2018
24-09-18,1:00:12 PM,13,Sep-18,Winter-2018,9.8,217.3,27.5,0.0,844.1,1029.6,76.1,0.0,27.1,18.1,28.0,00:15.0,9/24/2018,08:22.0,9/28/2018
24-09-18,2:00:12 PM,14,Sep-18,Winter-2018,11.8,263.6,28.0,0.0,865.8,1029.1,74.2,5.1,27.7,16.7,28.3,00:12.0,9/24/2018,08:29.0,9/28/2018
24-09-18,3:00:19 PM,15,Sep-18,Winter-2018,11.5,223.7,28.5,0.0,813.1,1028.3,74.7,3.6,28.2,17.4,28.9,00:12.0,9/24/2018,08:34.0,9/28/2018
24-09-18,4:00:18 PM,16,Sep-18,Winter-2018,12.0,238.8,28.7,0.0,677.5,1027.4,75.4,5.8,28.4,19.6,28.9,00:19.0,9/24/2018,08:39.0,9/28/2018
24-09-18,5:00:10 PM,17,Sep-18,Winter-2018,11.6,248.6,28.3,0.0,521.2,1026.6,77.4,5.8,28.1,18.8,28.6,00:18.0,9/24/2018,08:45.0,9/28/2018
24-09-18,6:00:18 PM,18,Sep-18,Winter-2018,12.8,223.2,27.7,0.0,318.2,1026.1,77.1,6.5,27.2,18.8,28.1,00:10.0,9/24/2018,08:52.0,9/28/2018
24-09-18,7:00:19 PM,19,Sep-18,Winter-2018,10.3,247.6,26.7,0.0,110.4,1026.0,78.4,5.8,26.1,15.9,27.2,00:18.0,9/24/2018,08:59.0,9/28/2018
24-09-18,8:00:14 PM,20,Sep-18,Winter-2018,6.6,229.0,25.1,0.0,7.8,1026.2,83.3,0.0,24.6,11.6,26.0,00:19.0,9/24/2018,09:04.0,9/28/2018
24-09-18,9:00:12 PM,21,Sep-18,Winter-2018,4.6,221.5,24.2,0.0,0.0,1026.5,88.9,0.0,23.9,11.6,24.6,00:14.0,9/24/2018,09:09.0,9/28/2018
24-09-18,10:00:14 PM,22,Sep-18,Winter-2018,6.0,231.9,23.7,0.0,0.0,1027.0,92.8,0.0,23.5,10.1,23.9,00:12.0,9/24/2018,09:15.0,9/28/2018
24-09-18,11:00:18 PM,23,Sep-18,Winter-2018,5.9,254.7,23.4,0.0,0.0,1027.9,94.8,0.0,23.1,10.9,23.6,00:14.0,9/24/2018,09:19.0,9/28/2018
24-09-18,12:00:19 AM,24,Sep-18,Winter-2018,7.2,208.0,23.1,0.0,0.0,1028.1,96.3,0.0,23.0,12.3,23.2,00:18.0,9/24/2018,09:29.0,9/28/2018
25-09-18,1:00:14 AM,1,Sep-18,Winter-2018,3.3,175.3,22.7,0.0,0.0,1027.7,97.1,0.0,22.5,9.4,23.0,00:19.0,9/25/2018,09:34.0,9/28/2018
25-09-18,2:00:19 AM,2,Sep-18,Winter-2018,5.5,201.4,22.2,0.0,0.0,1027.0,88.4,0.0,22.0,10.9,22.5,00:14.0,9/25/2018,09:39.0,9/28/2018
25-09-18,3:00:11 AM,3,Sep-18,Winter-2018,6.4,213.6,22.3,0.0,0.0,1026.6,72.1,3.6,22.2,10.1,22.3,00:19.0,9/25/2018,09:45.0,9/28/2018
25-09-18,4:00:14 AM,4,Sep-18,Winter-2018,4.0,238.8,22.1,0.0,0.0,1026.4,69.1,0.0,21.9,8.7,22.2,00:11.0,9/25/2018,09:50.0,9/28/2018
25-09-18,5:00:19 AM,5,Sep-18,Winter-2018,6.1,223.3,22.2,0.0,0.0,1026.1,68.5,0.0,22.0,10.1,22.3,00:14.0,9/25/2018,09:59.0,9/28/2018
25-09-18,6:00:18 AM,6,Sep-18,Winter-2018,6.7,231.0,21.9,0.0,0.0,1026.0,70.4,3.6,21.5,11.6,22.2,00:19.0,9/25/2018,10:04.0,9/28/2018
25-09-18,7:00:10 AM,7,Sep-18,Winter-2018,5.5,238.2,21.6,0.0,0.0,1026.3,73.6,0.0,21.4,11.6,21.8,00:18.0,9/25/2018,10:09.0,9/28/2018
25-09-18,8:00:18 AM,8,Sep-18,Winter-2018,6.0,229.3,21.5,0.0,17.2,1026.8,82.1,0.0,21.4,10.9,21.8,00:10.0,9/25/2018,10:15.0,9/28/2018
25-09-18,9:00:19 AM,9,Sep-18,Winter-2018,5.8,232.4,22.5,0.0,176.7,1028.0,88.5,0.0,21.8,10.1,23.4,00:18.0,9/25/2018,10:22.0,9/28/2018
25-09-18,10:00:19 AM,10,Sep-18,Winter-2018,8.0,234.2,24.2,0.0,397.2,1029.3,85.3,0.0,23.4,12.3,24.6,00:19.0,9/25/2018,10:29.0,9/28/2018
25-09-18,11:00:14 AM,11,Sep-18,Winter-2018,10.0,233.6,24.9,0.0,593.3,1030.0,82.9,5.8,24.5,14.5,25.5,00:19.0,9/25/2018,10:34.0,9/28/2018
25-09-18,12:00:18 PM,12,Sep-18,Winter-2018,6.0,299.1,26.2,0.0,746.0,1030.0,79.3,0.0,25.5,10.9,27.1,00:14.0,9/25/2018,10:39.0,9/28/2018
25-09-18,1:00:18 PM,13,Sep-18,Winter-2018,7.7,259.6,27.1,0.0,842.8,1029.6,82.3,0.0,26.9,13.0,27.3,00:18.0,9/25/2018,10:45.0,9/28/2018
25-09-18,2:00:14 PM,14,Sep-18,Winter-2018,10.4,295.2,27.6,0.0,824.1,1028.8,82.7,3.6,27.2,17.4,27.8,00:18.0,9/25/2018,10:50.0,9/28/2018
25-09-18,3:00:17 PM,15,Sep-18,Winter-2018,12.2,274.9,27.4,0.0,636.6,1027.7,84.2,7.2,27.2,16.7,27.5,00:14.0,9/25/2018,10:59.0,9/28/2018
25-09-18,4:00:19 PM,16,Sep-18,Winter-2018,12.4,268.0,27.2,0.0,552.9,1026.7,85.7,8.0,27.1,16.7,27.4,00:17.0,9/25/2018,11:04.0,9/28/2018
25-09-18,5:00:18 PM,17,Sep-18,Winter-2018,12.7,221.5,27.3,0.0,453.8,1026.0,84.7,7.2,27.0,19.6,27.6,00:19.0,9/25/2018,11:09.0,9/28/2018
25-09-18,6:00:14 PM,18,Sep-18,Winter-2018,12.4,267.2,27.2,0.0,291.6,1025.6,83.6,5.8,26.8,17.4,27.6,00:18.0,9/25/2018,11:15.0,9/28/2018
25-09-18,7:00:19 PM,19,Sep-18,Winter-2018,10.8,251.3,26.6,0.0,113.5,1025.4,84.9,4.3,26.0,16.7,26.9,00:14.0,9/25/2018,11:20.0,9/28/2018
25-09-18,8:00:14 PM,20,Sep-18,Winter-2018,7.1,241.9,25.2,0.0,7.4,1025.4,90.6,3.6,24.7,12.3,26.0,00:19.0,9/25/2018,11:32.0,9/28/2018
25-09-18,9:00:18 PM,21,Sep-18,Winter-2018,5.8,253.0,24.5,0.0,0.0,1025.6,94.5,3.6,24.4,9.4,24.7,00:14.0,9/25/2018,11:39.0,9/28/2018
25-09-18,10:00:14 PM,22,Sep-18,Winter-2018,6.6,234.2,24.4,0.0,0.0,1026.5,95.3,0.0,24.3,10.1,24.5,00:18.0,9/25/2018,11:45.0,9/28/2018
25-09-18,11:00:15 PM,23,Sep-18,Winter-2018,2.1,248.6,24.2,0.0,0.0,1027.0,95.5,0.0,23.9,8.0,24.4,00:14.0,9/25/2018,11:49.0,9/28/2018
25-09-18,12:00:18 AM,24,Sep-18,Winter-2018,0.4,248.0,23.7,0.0,0.0,1027.0,96.3,0.0,23.5,4.3,23.9,00:15.0,9/25/2018,11:59.0,9/28/2018
26-09-18,1:00:19 AM,1,Sep-18,Winter-2018,0.0,248.0,22.6,0.0,0.0,1026.6,96.9,0.0,22.0,0.0,23.5,00:18.0,9/26/2018,12:04.0,9/28/2018
26-09-18,2:00:14 AM,2,Sep-18,Winter-2018,0.6,250.4,21.8,0.0,0.0,1026.0,98.5,0.0,21.6,4.3,22.2,00:19.0,9/26/2018,12:09.0,9/28/2018
26-09-18,3:00:19 AM,3,Sep-18,Winter-2018,0.3,250.4,22.1,0.0,0.0,1025.6,99.1,0.0,21.7,4.3,22.4,00:14.0,9/26/2018,12:15.0,9/28/2018
26-09-18,4:00:18 AM,4,Sep-18,Winter-2018,0.0,250.4,21.1,0.0,0.0,1025.1,99.3,0.0,20.7,0.0,21.7,00:19.0,9/26/2018,12:20.0,9/28/2018
26-09-18,5:00:19 AM,5,Sep-18,Winter-2018,0.0,250.4,20.4,0.3,0.0,1024.3,99.6,0.0,20.1,0.0,21.0,00:18.0,9/26/2018,12:29.0,9/28/2018
26-09-18,6:00:18 AM,6,Sep-18,Winter-2018,0.0,250.4,19.9,0.0,0.0,1024.2,99.9,0.0,19.6,0.0,20.3,00:19.0,9/26/2018,12:34.0,9/28/2018
26-09-18,7:00:15 AM,7,Sep-18,Winter-2018,0.0,250.4,19.7,0.0,0.0,1025.0,100.0,0.0,19.5,0.0,20.0,00:18.0,9/26/2018,12:39.0,9/28/2018
26-09-18,8:00:18 AM,8,Sep-18,Winter-2018,0.0,250.6,20.1,0.3,11.0,1025.9,100.0,0.0,19.4,0.0,21.4,00:15.0,9/26/2018,12:45.0,9/28/2018
26-09-18,9:00:19 AM,9,Sep-18,Winter-2018,4.4,243.5,22.2,0.0,80.3,1026.7,100.0,0.0,21.4,8.0,22.5,00:18.0,9/26/2018,12:52.0,9/28/2018
26-09-18,10:00:14 AM,10,Sep-18,Winter-2018,5.2,264.9,22.8,0.0,239.1,1027.9,100.0,0.0,22.5,8.0,23.0,00:19.0,9/26/2018,13:00.0,9/28/2018
26-09-18,11:00:19 AM,11,Sep-18,Winter-2018,3.3,247.3,23.7,0.0,568.4,1028.8,99.8,0.0,22.9,8.0,24.7,00:14.0,9/26/2018,13:04.0,9/28/2018
26-09-18,12:00:15 PM,12,Sep-18,Winter-2018,7.0,254.1,26.1,0.0,767.9,1029.0,87.5,0.0,24.7,10.1,27.1,00:19.0,9/26/2018,13:10.0,9/28/2018
26-09-18,1:00:15 PM,13,Sep-18,Winter-2018,6.0,214.4,27.7,0.0,850.1,1028.8,78.8,0.0,27.1,10.9,28.5,00:15.0,9/26/2018,13:15.0,9/28/2018
26-09-18,2:00:14 PM,14,Sep-18,Winter-2018,5.2,255.1,29.1,0.0,866.1,1028.1,74.8,0.0,28.5,11.6,29.4,00:15.0,9/26/2018,13:19.0,9/28/2018
26-09-18,3:00:14 PM,15,Sep-18,Winter-2018,10.3,277.1,29.3,0.0,814.3,1026.5,75.0,5.8,29.2,15.9,29.6,00:14.0,9/26/2018,13:29.0,9/28/2018
26-09-18,4:00:14 PM,16,Sep-18,Winter-2018,10.4,277.2,29.7,0.0,690.6,1025.5,71.6,5.1,29.5,21.0,29.8,00:14.0,9/26/2018,13:34.0,9/28/2018
26-09-18,5:00:12 PM,17,Sep-18,Winter-2018,9.4,236.9,29.7,0.0,511.5,1024.9,70.6,4.3,29.6,13.8,29.9,00:14.0,9/26/2018,13:39.0,9/28/2018
26-09-18,6:00:12 PM,18,Sep-18,Winter-2018,9.2,272.3,29.4,0.0,299.3,1024.2,70.8,5.8,29.0,13.0,29.6,00:12.0,9/26/2018,13:45.0,9/28/2018
26-09-18,7:00:19 PM,19,Sep-18,Winter-2018,7.7,276.1,28.6,0.0,105.9,1024.2,71.5,4.3,27.9,13.8,29.1,00:12.0,9/26/2018,13:49.0,9/28/2018
26-09-18,8:00:15 PM,20,Sep-18,Winter-2018,3.1,274.0,26.6,0.0,7.5,1024.1,78.2,0.0,25.4,7.2,27.8,00:19.0,9/26/2018,14:00.0,9/28/2018
26-09-18,9:00:15 PM,21,Sep-18,Winter-2018,0.9,273.9,24.9,0.0,0.0,1024.8,85.7,0.0,24.5,4.3,25.4,00:15.0,9/26/2018,14:04.0,9/28/2018
26-09-18,10:00:18 PM,22,Sep-18,Winter-2018,0.0,273.9,24.4,0.0,0.0,1025.4,90.3,0.0,24.3,0.0,24.5,00:15.0,9/26/2018,14:09.0,9/28/2018
26-09-18,11:00:19 PM,23,Sep-18,Winter-2018,0.0,273.9,23.8,0.0,0.0,1025.8,93.1,0.0,23.5,0.0,24.4,00:18.0,9/26/2018,14:15.0,9/28/2018
26-09-18,12:00:19 AM,24,Sep-18,Winter-2018,0.0,273.9,23.1,0.0,0.0,1025.8,95.7,0.0,22.7,0.0,23.5,00:19.0,9/26/2018,14:22.0,9/28/2018
27-09-18,1:00:14 AM,1,Sep-18,Winter-2018,0.0,273.9,22.5,0.0,0.0,1025.6,97.3,0.0,22.3,0.0,22.7,00:19.0,9/27/2018,14:29.0,9/28/2018
27-09-18,2:00:19 AM,2,Sep-18,Winter-2018,0.0,273.9,22.1,0.0,0.0,1025.6,98.2,0.0,21.9,0.0,22.4,00:14.0,9/27/2018,14:34.0,9/28/2018
27-09-18,3:00:14 AM,3,Sep-18,Winter-2018,0.0,273.9,21.8,0.0,0.0,1025.3,98.7,0.0,21.6,0.0,22.1,00:19.0,9/27/2018,14:39.0,9/28/2018
27-09-18,4:00:10 AM,4,Sep-18,Winter-2018,0.0,273.7,21.6,0.0,0.0,1024.3,99.1,0.0,21.3,0.0,21.8,00:14.0,9/27/2018,14:45.0,9/28/2018
27-09-18,5:00:19 AM,5,Sep-18,Winter-2018,0.0,243.9,20.8,0.0,0.0,1024.1,99.1,0.0,20.5,0.0,21.4,00:10.0,9/27/2018,14:50.0,9/28/2018
27-09-18,6:00:10 AM,6,Sep-18,Winter-2018,0.0,238.5,20.7,0.0,0.0,1024.1,99.3,0.0,20.6,3.6,20.8,00:19.0,9/27/2018,14:59.0,9/28/2018
27-09-18,7:00:14 AM,7,Sep-18,Winter-2018,0.2,238.6,20.4,0.3,0.0,1024.3,99.2,0.0,20.2,3.6,20.6,00:10.0,9/27/2018,15:04.0,9/28/2018
27-09-18,8:00:18 AM,8,Sep-18,Winter-2018,0.0,237.7,20.4,0.0,14.6,1025.2,99.4,0.0,20.2,3.6,20.9,00:14.0,9/27/2018,15:09.0,9/28/2018
27-09-18,9:00:14 AM,9,Sep-18,Winter-2018,0.5,140.2,22.1,0.0,151.7,1026.4,99.3,0.0,20.8,4.3,23.6,00:18.0,9/27/2018,15:15.0,9/28/2018
27-09-18,10:00:19 AM,10,Sep-18,Winter-2018,0.2,139.0,25.6,0.0,373.1,1028.1,91.1,0.0,23.6,5.1,27.3,00:14.0,9/27/2018,15:22.0,9/28/2018
27-09-18,11:00:14 AM,11,Sep-18,Winter-2018,2.5,65.4,28.3,0.0,529.3,1028.8,75.8,0.0,27.4,7.2,29.3,00:19.0,9/27/2018,15:29.0,9/28/2018
27-09-18,12:00:18 PM,12,Sep-18,Winter-2018,4.6,233.4,29.5,0.0,732.9,1028.9,72.1,0.0,28.7,13.0,30.3,00:14.0,9/27/2018,15:34.0,9/28/2018
27-09-18,1:00:18 PM,13,Sep-18,Winter-2018,10.1,256.3,28.9,0.0,794.2,1028.3,81.7,5.1,28.5,15.2,29.4,00:18.0,9/27/2018,15:39.0,9/28/2018
27-09-18,2:00:14 PM,14,Sep-18,Winter-2018,9.2,308.7,29.7,0.0,855.9,1027.3,76.6,3.6,29.3,15.2,30.1,00:18.0,9/27/2018,15:46.0,9/28/2018
27-09-18,3:00:18 PM,15,Sep-18,Winter-2018,9.2,308.4,30.5,0.0,806.3,1026.1,68.0,4.3,30.0,15.9,30.7,00:14.0,9/27/2018,15:52.0,9/28/2018
27-09-18,4:00:19 PM,16,Sep-18,Winter-2018,8.1,314.9,31.0,0.0,636.6,1025.3,56.6,0.0,30.7,13.8,31.4,00:18.0,9/27/2018,15:59.0,9/28/2018
27-09-18,5:00:14 PM,17,Sep-18,Winter-2018,7.1,314.2,30.4,0.0,334.2,1024.6,54.2,0.0,30.1,13.0,30.7,00:19.0,9/27/2018,16:08.0,9/28/2018
27-09-18,6:00:10 PM,18,Sep-18,Winter-2018,5.0,308.4,29.7,0.0,164.6,1024.5,56.0,0.0,29.1,10.1,30.5,00:14.0,9/27/2018,16:15.0,9/28/2018
27-09-18,7:00:16 PM,19,Sep-18,Winter-2018,4.2,312.5,29.6,0.0,160.3,1024.8,54.5,0.0,29.3,8.0,29.7,00:10.0,9/27/2018,16:22.0,9/28/2018
27-09-18,8:00:14 PM,20,Sep-18,Winter-2018,0.8,312.4,27.7,0.0,17.9,1025.1,60.8,0.0,25.6,5.1,29.4,00:16.0,9/27/2018,16:31.0,9/28/2018
27-09-18,9:00:14 PM,21,Sep-18,Winter-2018,0.0,312.4,25.0,0.0,0.0,1025.3,71.0,0.0,24.6,0.0,25.6,00:14.0,9/27/2018,16:39.0,9/28/2018
27-09-18,10:00:15 PM,22,Sep-18,Winter-2018,0.0,312.4,24.1,0.0,0.0,1025.9,75.8,0.0,23.8,0.0,24.6,00:14.0,9/27/2018,16:46.0,9/28/2018
27-09-18,11:00:14 PM,23,Sep-18,Winter-2018,0.0,312.4,23.4,0.0,0.0,1026.5,78.9,0.0,23.1,0.0,23.8,00:15.0,9/27/2018,16:54.0,9/28/2018
27-09-18,12:00:13 AM,24,Sep-18,Winter-2018,0.3,81.1,22.9,0.0,0.0,1026.6,88.8,0.0,22.4,4.3,23.4,00:14.0,9/27/2018,16:59.0,9/28/2018
28-09-18,1:00:19 AM,1,Sep-18,Winter-2018,0.1,81.4,22.1,0.0,0.0,1026.4,90.8,0.0,21.9,3.6,22.4,00:13.0,9/28/2018,17:04.0,9/28/2018
28-09-18,2:00:18 AM,2,Sep-18,Winter-2018,0.0,81.4,22.1,0.0,0.0,1025.9,85.9,0.0,21.7,0.0,22.5,00:19.0,9/28/2018,17:09.0,9/28/2018
28-09-18,3:00:19 AM,3,Sep-18,Winter-2018,0.7,52.3,21.3,0.0,0.0,1025.4,89.6,0.0,20.9,5.8,22.1,00:18.0,9/28/2018,17:15.0,9/28/2018
28-09-18,4:00:18 AM,4,Sep-18,Winter-2018,0.2,52.3,20.6,0.0,0.0,1025.0,90.1,0.0,20.4,3.6,21.1,00:19.0,9/28/2018,17:25.0,9/28/2018
28-09-18,5:00:19 AM,5,Sep-18,Winter-2018,2.3,52.3,20.7,0.0,0.0,1024.8,87.2,0.0,20.3,5.1,21.0,00:18.0,9/28/2018,17:33.0,9/28/2018
28-09-18,6:00:15 AM,6,Sep-18,Winter-2018,1.6,8.6,20.5,0.0,0.0,1025.0,87.8,0.0,20.1,5.1,20.7,00:19.0,9/28/2018,17:46.0,9/28/2018
28-09-18,7:00:14 AM,7,Sep-18,Winter-2018,2.0,63.6,20.3,0.0,0.0,1025.3,87.0,0.0,20.2,5.8,20.4,00:15.0,9/28/2018,17:52.0,9/28/2018
28-09-18,8:00:14 AM,8,Sep-18,Winter-2018,1.5,64.2,20.1,0.0,18.4,1025.9,88.9,0.0,19.8,4.3,20.8,00:14.0,9/28/2018,18:04.0,9/28/2018
28-09-18,9:00:14 AM,9,Sep-18,Winter-2018,3.0,65.1,22.5,0.0,176.5,1027.0,86.1,0.0,20.8,5.1,24.6,00:14.0,9/28/2018,18:09.0,9/28/2018
28-09-18,10:00:14 AM,10,Sep-18,Winter-2018,6.2,63.0,26.4,0.0,401.8,1028.7,71.4,0.0,24.7,13.0,27.7,00:14.0,9/28/2018,18:15.0,9/28/2018
28-09-18,11:00:18 AM,11,Sep-18,Winter-2018,11.4,74.5,28.7,0.0,600.6,1029.2,60.0,6.5,27.7,18.1,29.7,00:14.0,9/28/2018,18:22.0,9/28/2018
28-09-18,12:00:14 PM,12,Sep-18,Winter-2018,11.5,40.0,30.1,0.0,754.4,1029.2,55.2,7.2,29.7,16.7,30.5,00:18.0,9/28/2018,18:29.0,9/28/2018
28-09-18,1:00:28 PM,13,Sep-18,Winter-2018,8.1,75.1,31.1,0.0,845.9,1028.9,55.3,0.0,30.5,15.9,31.6,00:14.0,9/28/2018,01:07.0,9/28/2018
28-09-18,2:00:14 PM,14,Sep-18,Winter-2018,4.6,77.0,32.0,0.0,848.9,1028.3,50.1,0.0,31.5,13.8,32.3,00:28.0,9/28/2018,01:25.0,9/28/2018
28-09-18,3:00:14 PM,15,Sep-18,Winter-2018,4.0,296.6,32.8,0.0,795.3,1027.1,43.9,0.0,32.3,13.0,33.0,00:14.0,9/28/2018,01:11.0,9/28/2018
28-09-18,4:00:18 PM,16,Sep-18,Winter-2018,7.4,263.0,32.7,0.0,677.9,1026.0,45.5,0.0,32.4,13.8,33.0,00:14.0,9/28/2018,01:11.0,9/28/2018
28-09-18,5:00:14 PM,17,Sep-18,Winter-2018,11.6,313.0,32.1,0.0,512.2,1025.3,49.2,5.1,31.6,18.8,32.5,00:18.0,9/28/2018,01:16.0,9/28/2018
28-09-18,6:00:10 PM,18,Sep-18,Winter-2018,10.7,297.1,31.3,0.0,308.9,1024.5,50.0,5.1,30.9,15.9,31.6,00:14.0,9/28/2018,01:12.0,9/28/2018
28-09-18,7:00:14 PM,19,Sep-18,Winter-2018,7.2,308.2,30.1,0.0,104.4,1024.8,52.1,0.0,29.1,13.0,30.9,00:10.0,9/28/2018,01:03.0,9/28/2018
28-09-18,8:00:18 PM,20,Sep-18,Winter-2018,5.5,315.2,27.9,0.0,8.3,1025.1,52.2,0.0,27.2,8.0,29.1,00:14.0,9/28/2018,01:12.0,9/28/2018
28-09-18,9:00:14 PM,21,Sep-18,Winter-2018,2.0,315.2,26.4,0.0,0.0,1025.6,58.9,0.0,25.6,4.3,27.3,00:18.0,9/28/2018,01:16.0,9/28/2018
28-09-18,10:00:18 PM,22,Sep-18,Winter-2018,1.1,315.2,25.0,0.0,0.0,1026.2,68.7,0.0,24.4,5.1,25.5,00:14.0,9/28/2018,01:12.0,9/28/2018
28-09-18,11:00:14 PM,23,Sep-18,Winter-2018,0.2,315.1,24.3,0.0,0.0,1026.8,74.1,0.0,23.5,4.3,25.0,00:18.0,9/28/2018,01:21.0,9/28/2018
28-09-18,12:00:19 AM,24,Sep-18,Winter-2018,0.0,315.2,23.3,0.0,0.0,1026.9,83.8,0.0,22.9,0.0,23.8,00:14.0,9/28/2018,01:13.0,9/28/2018
29-09-18,1:00:14 AM,1,Sep-18,Winter-2018,0.0,315.2,23.0,0.0,0.0,1026.6,86.2,0.0,22.8,3.6,23.2,00:19.0,9/29/2018,01:17.0,9/29/2018
29-09-18,2:00:14 AM,2,Sep-18,Winter-2018,0.0,85.9,22.5,0.0,0.0,1026.3,89.3,0.0,22.3,0.0,22.9,00:14.0,9/29/2018,01:08.0,9/29/2018
29-09-18,3:00:15 AM,3,Sep-18,Winter-2018,0.0,85.9,22.6,0.0,0.0,1025.8,82.9,0.0,22.3,0.0,22.9,00:14.0,9/29/2018,01:13.0,9/29/2018
29-09-18,4:00:14 AM,4,Sep-18,Winter-2018,0.3,89.3,22.1,0.0,0.0,1025.4,86.0,0.0,21.8,5.1,22.8,00:15.0,9/29/2018,01:08.0,9/29/2018
29-09-18,5:00:19 AM,5,Sep-18,Winter-2018,0.4,100.1,21.7,0.0,0.0,1025.4,87.0,0.0,21.4,4.3,22.0,00:14.0,9/29/2018,01:15.0,9/29/2018
29-09-18,6:00:18 AM,6,Sep-18,Winter-2018,0.4,107.6,21.3,0.0,0.0,1025.7,90.9,0.0,21.2,5.1,21.4,00:19.0,9/29/2018,01:20.0,9/29/2018
29-09-18,7:00:19 AM,7,Sep-18,Winter-2018,0.4,107.1,21.1,0.0,0.0,1026.2,90.7,0.0,20.9,4.3,21.3,00:18.0,9/29/2018,01:15.0,9/29/2018
29-09-18,8:00:19 AM,8,Sep-18,Winter-2018,0.0,107.6,21.2,0.0,15.9,1026.6,88.7,0.0,20.9,0.0,21.4,00:19.0,9/29/2018,01:20.0,9/29/2018
29-09-18,9:00:15 AM,9,Sep-18,Winter-2018,0.1,108.6,22.7,0.0,168.0,1027.8,89.0,0.0,21.4,3.6,24.6,00:19.0,9/29/2018,00:57.0,9/29/2018
29-09-18,10:00:14 AM,10,Sep-18,Winter-2018,2.1,103.3,26.8,0.0,384.0,1029.4,71.2,0.0,24.6,5.8,28.8,00:15.0,9/29/2018,01:01.0,9/29/2018
29-09-18,11:00:18 AM,11,Sep-18,Winter-2018,5.2,47.1,29.7,0.0,579.2,1030.1,57.4,0.0,28.8,10.9,30.4,00:14.0,9/29/2018,01:10.0,9/29/2018
29-09-18,12:00:14 PM,12,Sep-18,Winter-2018,6.5,7.3,30.8,0.0,735.1,1030.1,49.9,0.0,30.4,12.3,31.4,00:18.0,9/29/2018,01:19.0,9/29/2018
29-09-18,1:00:19 PM,13,Sep-18,Winter-2018,4.3,65.1,31.7,0.0,811.5,1029.8,46.1,0.0,31.3,10.9,32.1,00:14.0,9/29/2018,01:11.0,9/29/2018
29-09-18,2:00:14 PM,14,Sep-18,Winter-2018,5.5,242.3,31.9,0.0,679.6,1029.0,47.8,0.0,31.1,11.6,32.3,00:19.0,9/29/2018,01:15.0,9/29/2018
29-09-18,3:00:18 PM,15,Sep-18,Winter-2018,8.9,256.0,31.8,0.0,808.2,1027.8,47.9,0.0,31.1,15.2,32.2,00:14.0,9/29/2018,01:06.0,9/29/2018
29-09-18,4:00:14 PM,16,Sep-18,Winter-2018,8.6,317.9,32.1,0.0,665.3,1026.8,46.8,0.0,31.9,15.9,32.3,00:18.0,9/29/2018,01:15.0,9/29/2018
29-09-18,5:00:14 PM,17,Sep-18,Winter-2018,9.2,273.9,32.0,0.0,495.3,1026.1,47.1,0.0,31.7,14.5,32.2,00:14.0,9/29/2018,01:06.0,9/29/2018
29-09-18,6:00:18 PM,18,Sep-18,Winter-2018,10.1,271.0,31.3,0.0,303.7,1025.8,47.0,5.8,30.8,14.5,31.7,00:14.0,9/29/2018,01:11.0,9/29/2018
29-09-18,7:00:14 PM,19,Sep-18,Winter-2018,7.2,287.9,30.0,0.0,93.9,1026.2,49.2,3.6,28.9,12.3,30.8,00:18.0,9/29/2018,01:20.0,9/29/2018
29-09-18,8:00:19 PM,20,Sep-18,Winter-2018,5.6,297.4,27.6,0.0,5.5,1026.3,55.1,3.6,26.5,8.7,28.9,00:14.0,9/29/2018,01:12.0,9/29/2018
29-09-18,9:00:14 PM,21,Sep-18,Winter-2018,2.6,290.8,26.0,0.0,0.0,1026.6,60.9,0.0,25.3,8.0,26.5,00:19.0,9/29/2018,01:16.0,9/29/2018
29-09-18,10:00:18 PM,22,Sep-18,Winter-2018,0.0,290.8,24.4,0.0,0.0,1027.0,71.0,0.0,23.6,0.0,25.3,00:14.0,9/29/2018,01:07.0,9/29/2018
29-09-18,11:00:15 PM,23,Sep-18,Winter-2018,0.0,290.7,23.5,0.0,0.0,1027.3,74.7,0.0,23.4,0.0,23.7,00:18.0,9/29/2018,01:11.0,9/29/2018
29-09-18,12:00:15 AM,24,Sep-18,Winter-2018,0.0,290.7,22.9,0.0,0.0,1027.2,83.6,0.0,22.2,0.0,23.5,00:15.0,9/29/2018,01:13.0,9/29/2018
30-09-18,1:00:18 AM,1,Sep-18,Winter-2018,0.1,294.4,22.0,0.0,0.0,1026.8,87.3,0.0,21.8,3.6,22.2,00:15.0,9/30/2018,01:13.0,9/30/2018
30-09-18,2:00:14 AM,2,Sep-18,Winter-2018,0.2,0.0,21.6,0.0,0.0,1026.6,88.8,0.0,21.4,5.1,21.9,00:18.0,9/30/2018,01:21.0,9/30/2018
30-09-18,3:00:19 AM,3,Sep-18,Winter-2018,0.4,0.0,21.2,0.0,0.0,1026.3,89.0,0.0,21.0,4.3,21.4,00:14.0,9/30/2018,01:13.0,9/30/2018
30-09-18,4:00:14 AM,4,Sep-18,Winter-2018,0.0,0.0,21.3,0.0,0.0,1025.7,86.4,0.0,21.2,3.6,21.5,00:19.0,9/30/2018,01:17.0,9/30/2018
30-09-18,5:00:19 AM,5,Sep-18,Winter-2018,0.4,0.0,21.0,0.0,0.0,1025.6,88.3,0.0,20.6,3.6,21.3,00:14.0,9/30/2018,01:08.0,9/30/2018
30-09-18,6:00:14 AM,6,Sep-18,Winter-2018,0.6,0.0,20.6,0.0,0.0,1025.7,88.7,0.0,20.4,4.3,21.1,00:19.0,9/30/2018,01:15.0,9/30/2018
30-09-18,7:00:14 AM,7,Sep-18,Winter-2018,1.2,40.0,20.8,0.0,0.0,1026.0,82.7,0.0,20.5,4.3,21.1,00:14.0,9/30/2018,01:06.0,9/30/2018
30-09-18,8:00:18 AM,8,Sep-18,Winter-2018,0.3,40.7,20.7,0.0,15.5,1026.5,83.8,0.0,20.5,4.3,20.8,00:14.0,9/30/2018,01:11.0,9/30/2018
30-09-18,9:00:19 AM,9,Sep-18,Winter-2018,0.0,42.4,22.8,0.0,176.9,1027.9,82.7,0.0,20.7,0.0,25.4,00:18.0,9/30/2018,00:56.0,9/30/2018
30-09-18,10:00:18 AM,10,Sep-18,Winter-2018,1.3,40.7,27.2,0.0,401.3,1029.5,62.9,0.0,25.4,8.7,28.4,00:19.0,9/30/2018,01:02.0,9/30/2018
30-09-18,11:00:14 AM,11,Sep-18,Winter-2018,8.4,71.7,28.8,0.0,593.4,1029.8,56.3,3.6,28.3,14.5,29.8,00:18.0,9/30/2018,01:19.0,9/30/2018
30-09-18,12:00:14 PM,12,Sep-18,Winter-2018,9.2,26.8,30.6,0.0,748.5,1029.6,50.0,0.0,29.8,15.2,31.3,00:14.0,9/30/2018,01:06.0,9/30/2018
30-09-18,1:00:10 PM,13,Sep-18,Winter-2018,7.4,352.6,31.5,0.0,838.2,1029.0,47.3,0.0,31.2,15.9,31.9,00:14.0,9/30/2018,01:10.0,9/30/2018
30-09-18,2:00:15 PM,14,Sep-18,Winter-2018,5.8,245.1,32.6,0.0,852.7,1028.3,42.8,0.0,31.8,17.4,33.3,00:10.0,9/30/2018,01:07.0,9/30/2018
30-09-18,3:00:15 PM,15,Sep-18,Winter-2018,9.7,249.3,32.8,0.0,798.5,1026.9,44.3,3.6,32.5,15.9,33.1,00:15.0,9/30/2018,01:16.0,9/30/2018
30-09-18,4:00:19 PM,16,Sep-18,Winter-2018,10.3,284.1,32.6,0.0,681.0,1025.8,44.7,4.3,32.5,15.9,32.8,00:15.0,9/30/2018,01:07.0,9/30/2018
30-09-18,5:00:10 PM,17,Sep-18,Winter-2018,9.1,274.7,32.6,0.0,511.8,1025.3,44.4,4.3,32.4,14.5,32.8,00:19.0,9/30/2018,01:16.0,9/30/2018
30-09-18,6:00:12 PM,18,Sep-18,Winter-2018,10.3,256.0,31.8,0.0,308.1,1025.1,48.5,5.1,31.2,14.5,32.4,00:10.0,9/30/2018,01:03.0,9/30/2018
30-09-18,7:00:14 PM,19,Sep-18,Winter-2018,7.6,271.8,30.3,0.0,98.2,1025.3,52.4,3.6,29.1,12.3,31.2,00:12.0,9/30/2018,01:10.0,9/30/2018
30-09-18,8:00:18 PM,20,Sep-18,Winter-2018,5.3,262.4,27.9,0.0,5.7,1025.5,58.8,3.6,27.0,8.0,29.1,00:14.0,9/30/2018,01:11.0,9/30/2018
30-09-18,9:00:14 PM,21,Sep-18,Winter-2018,4.9,259.6,26.7,0.0,0.0,1025.9,62.3,3.6,26.2,6.5,27.1,00:18.0,9/30/2018,01:20.0,9/30/2018
30-09-18,10:00:19 PM,22,Sep-18,Winter-2018,3.4,259.6,25.9,0.0,0.0,1026.1,66.1,0.0,25.0,5.8,26.2,00:14.0,9/30/2018,01:12.0,9/30/2018
30-09-18,11:00:14 PM,23,Sep-18,Winter-2018,0.0,259.6,25.0,0.0,0.0,1026.3,71.1,0.0,24.6,0.0,25.3,00:19.0,9/30/2018,01:16.0,9/30/2018
30-09-18,12:00:14 AM,24,Sep-18,Winter-2018,0.0,259.5,23.6,0.0,0.0,1026.2,81.2,0.0,23.1,0.0,24.6,00:14.0,9/30/2018,01:07.0,9/30/2018
,,,,,,,,,,,,,,,,,,,
,,,,,,,,,,,,,,,,,,,
,,,,,,,,,,,,,,,,,,,
,,,,,,,,,,,,,,,,,,,
,,,,,,,,,,,,,,,,,,,
,,,,,,,,,,,,,,,,,,,
,,,,,,,,,,,,,,,,,,,
,,,,,,,,,,,,,,,,,,,
,,,,,,,,,,,,,,,,,,,
,,,,,,,,,,,,,,,,,,,
,,,,,,,,,,,,,,,,,,,
,,,,,,,,,,,,,,,,,,,
,,,,,,,,,,,,,,,,,,,
,,,,,,,,,,,,,,,,,,,
,,,,,,,,,,,,,,,,,,,
,,,,,,,,,,,,,,,,,,,
,,,,,,,,,,,,,,,,,,,
,,,,,,,,,,,,,,,,,,,
,,,,,,,,,,,,,,,,,,,
,,,,,,,,,,,,,,,,,,,
,,,,,,,,,,,,,,,,,,,
,,,,,,,,,,,,,,,,,,,
,,,,,,,,,,,,,,,,,,,
,,,,,,,,,,,,,,,,,,,
,,,,,,,,,,,,,,,,,,,
,,,,,,,,,,,,,,,,,,,
,,,,,,,,,,,,,,,,,,,
,,,,,,,,,,,,,,,,,,,
,,,,,,,,,,,,,,,,,,,
,,,,,,,,,,,,,,,,,,,
,,,,,,,,,,,,,,,,,,,
,,,,,,,,,,,,,,,,,,,
,,,,,,,,,,,,,,,,,,,
,,,,,,,,,,,,,,,,,,,
,,,,,,,,,,,,,,,,,,,
,,,,,,,,,,,,,,,,,,,
,,,,,,,,,,,,,,,,,,,
,,,,,,,,,,,,,,,,,,,
,,,,,,,,,,,,,,,,,,,
,,,,,,,,,,,,,,,,,,,
,,,,,,,,,,,,,,,,,,,
,,,,,,,,,,,,,,,,,,,
,,,,,,,,,,,,,,,,,,,
,,,,,,,,,,,,,,,,,,,
,,,,,,,,,,,,,,,,,,,
,,,,,,,,,,,,,,,,,,,
,,,,,,,,,,,,,,,,,,,
,,,,,,,,,,,,,,,,,,,
,,,,,,,,,,,,,,,,,,,
,,,,,,,,,,,,,,,,,,,
,,,,,,,,,,,,,,,,,,,
,,,,,,,,,,,,,,,,,,,
,,,,,,,,,,,,,,,,,,,
,,,,,,,,,,,,,,,,,,,
,,,,,,,,,,,,,,,,,,,
,,,,,,,,,,,,,,,,,,,
,,,,,,,,,,,,,,,,,,,
,,,,,,,,,,,,,,,,,,,
,,,,,,,,,,,,,,,,,,,
,,,,,,,,,,,,,,,,,,,
,,,,,,,,,,,,,,,,,,,
,,,,,,,,,,,,,,,,,,,
,,,,,,,,,,,,,,,,,,,
,,,,,,,,,,,,,,,,,,,
,,,,,,,,,,,,,,,,,,,
,,,,,,,,,,,,,,,,,,,
,,,,,,,,,,,,,,,,,,,
,,,,,,,,,,,,,,,,,,,
,,,,,,,,,,,,,,,,,,,
,,,,,,,,,,,,,,,,,,,
,,,,,,,,,,,,,,,,,,,
,,,,,,,,,,,,,,,,,,,
,,,,,,,,,,,,,,,,,,,
,,,,,,,,,,,,,,,,,,,
,,,,,,,,,,,,,,,,,,,
,,,,,,,,,,,,,,,,,,,
,,,,,,,,,,,,,,,,,,,
,,,,,,,,,,,,,,,,,,,
,,,,,,,,,,,,,,,,,,,
,,,,,,,,,,,,,,,,,,,
,,,,,,,,,,,,,,,,,,,
,,,,,,,,,,,,,,,,,,,
,,,,,,,,,,,,,,,,,,,
,,,,,,,,,,,,,,,,,,,
,,,,,,,,,,,,,,,,,,,
,,,,,,,,,,,,,,,,,,,
,,,,,,,,,,,,,,,,,,,
,,,,,,,,,,,,,,,,,,,
,,,,,,,,,,,,,,,,,,,
,,,,,,,,,,,,,,,,,,,
,,,,,,,,,,,,,,,,,,,
,,,,,,,,,,,,,,,,,,,
,,,,,,,,,,,,,,,,,,,
,,,,,,,,,,,,,,,,,,,
,,,,,,,,,,,,,,,,,,,
,,,,,,,,,,,,,,,,,,,
,,,,,,,,,,,,,,,,,,,
,,,,,,,,,,,,,,,,,,,
,,,,,,,,,,,,,,,,,,,
,,,,,,,,,,,,,,,,,,,
,,,,,,,,,,,,,,,,,,,
,,,,,,,,,,,,,,,,,,,
,,,,,,,,,,,,,,,,,,,
,,,,,,,,,,,,,,,,,,,
,,,,,,,,,,,,,,,,,,,
,,,,,,,,,,,,,,,,,,,
,,,,,,,,,,,,,,,,,,,
,,,,,,,,,,,,,,,,,,,
,,,,,,,,,,,,,,,,,,,
,,,,,,,,,,,,,,,,,,,
,,,,,,,,,,,,,,,,,,,
,,,,,,,,,,,,,,,,,,,
,,,,,,,,,,,,,,,,,,,
,,,,,,,,,,,,,,,,,,,
,,,,,,,,,,,,,,,,,,,
,,,,,,,,,,,,,,,,,,,
,,,,,,,,,,,,,,,,,,,
,,,,,,,,,,,,,,,,,,,
,,,,,,,,,,,,,,,,,,,
,,,,,,,,,,,,,,,,,,,
,,,,,,,,,,,,,,,,,,,
,,,,,,,,,,,,,,,,,,,
,,,,,,,,,,,,,,,,,,,
,,,,,,,,,,,,,,,,,,,
,,,,,,,,,,,,,,,,,,,
,,,,,,,,,,,,,,,,,,,
,,,,,,,,,,,,,,,,,,,
,,,,,,,,,,,,,,,,,,,
,,,,,,,,,,,,,,,,,,,
,,,,,,,,,,,,,,,,,,,
,,,,,,,,,,,,,,,,,,,
,,,,,,,,,,,,,,,,,,,
,,,,,,,,,,,,,,,,,,,
,,,,,,,,,,,,,,,,,,,
,,,,,,,,,,,,,,,,,,,
,,,,,,,,,,,,,,,,,,,
,,,,,,,,,,,,,,,,,,,
,,,,,,,,,,,,,,,,,,,
,,,,,,,,,,,,,,,,,,,
,,,,,,,,,,,,,,,,,,,
,,,,,,,,,,,,,,,,,,,
,,,,,,,,,,,,,,,,,,,
,,,,,,,,,,,,,,,,,,,
,,,,,,,,,,,,,,,,,,,
,,,,,,,,,,,,,,,,,,,
,,,,,,,,,,,,,,,,,,,
,,,,,,,,,,,,,,,,,,,
,,,,,,,,,,,,,,,,,,,
,,,,,,,,,,,,,,,,,,,
,,,,,,,,,,,,,,,,,,,
,,,,,,,,,,,,,,,,,,,
,,,,,,,,,,,,,,,,,,,
,,,,,,,,,,,,,,,,,,,
,,,,,,,,,,,,,,,,,,,
,,,,,,,,,,,,,,,,,,,
,,,,,,,,,,,,,,,,,,,
,,,,,,,,,,,,,,,,,,,
,,,,,,,,,,,,,,,,,,,
,,,,,,,,,,,,,,,,,,,
,,,,,,,,,,,,,,,,,,,
,,,,,,,,,,,,,,,,,,,
,,,,,,,,,,,,,,,,,,,
,,,,,,,,,,,,,,,,,,,
,,,,,,,,,,,,,,,,,,,
,,,,,,,,,,,,,,,,,,,
,,,,,,,,,,,,,,,,,,,
,,,,,,,,,,,,,,,,,,,
,,,,,,,,,,,,,,,,,,,
,,,,,,,,,,,,,,,,,,,
,,,,,,,,,,,,,,,,,,,
,,,,,,,,,,,,,,,,,,,
,,,,,,,,,,,,,,,,,,,
,,,,,,,,,,,,,,,,,,,
,,,,,,,,,,,,,,,,,,,
,,,,,,,,,,,,,,,,,,,
,,,,,,,,,,,,,,,,,,,
,,,,,,,,,,,,,,,,,,,
,,,,,,,,,,,,,,,,,,,
,,,,,,,,,,,,,,,,,,,
,,,,,,,,,,,,,,,,,,,
,,,,,,,,,,,,,,,,,,,
,,,,,,,,,,,,,,,,,,,
,,,,,,,,,,,,,,,,,,,
,,,,,,,,,,,,,,,,,,,
,,,,,,,,,,,,,,,,,,,
,,,,,,,,,,,,,,,,,,,
,,,,,,,,,,,,,,,,,,,
,,,,,,,,,,,,,,,,,,,
,,,,,,,,,,,,,,,,,,,
,,,,,,,,,,,,,,,,,,,
,,,,,,,,,,,,,,,,,,,
,,,,,,,,,,,,,,,,,,,
,,,,,,,,,,,,,,,,,,,
,,,,,,,,,,,,,,,,,,,
,,,,,,,,,,,,,,,,,,,
,,,,,,,,,,,,,,,,,,,
,,,,,,,,,,,,,,,,,,,
,,,,,,,,,,,,,,,,,,,
,,,,,,,,,,,,,,,,,,,
,,,,,,,,,,,,,,,,,,,
,,,,,,,,,,,,,,,,,,,
,,,,,,,,,,,,,,,,,,,
,,,,,,,,,,,,,,,,,,,
,,,,,,,,,,,,,,,,,,,
,,,,,,,,,,,,,,,,,,,
,,,,,,,,,,,,,,,,,,,
,,,,,,,,,,,,,,,,,,,
,,,,,,,,,,,,,,,,,,,
,,,,,,,,,,,,,,,,,,,
,,,,,,,,,,,,,,,,,,,
,,,,,,,,,,,,,,,,,,,
,,,,,,,,,,,,,,,,,,,
,,,,,,,,,,,,,,,,,,,
,,,,,,,,,,,,,,,,,,,
,,,,,,,,,,,,,,,,,,,
,,,,,,,,,,,,,,,,,,,
,,,,,,,,,,,,,,,,,,,
,,,,,,,,,,,,,,,,,,,
,,,,,,,,,,,,,,,,,,,
,,,,,,,,,,,,,,,,,,,
,,,,,,,,,,,,,,,,,,,
,,,,,,,,,,,,,,,,,,,
,,,,,,,,,,,,,,,,,,,
,,,,,,,,,,,,,,,,,,,
,,,,,,,,,,,,,,,,,,,
,,,,,,,,,,,,,,,,,,,
,,,,,,,,,,,,,,,,,,,
,,,,,,,,,,,,,,,,,,,
,,,,,,,,,,,,,,,,,,,
,,,,,,,,,,,,,,,,,,,
,,,,,,,,,,,,,,,,,,,
,,,,,,,,,,,,,,,,,,,
,,,,,,,,,,,,,,,,,,,
,,,,,,,,,,,,,,,,,,,
,,,,,,,,,,,,,,,,,,,
,,,,,,,,,,,,,,,,,,,
,,,,,,,,,,,,,,,,,,,
,,,,,,,,,,,,,,,,,,,
,,,,,,,,,,,,,,,,,,,
,,,,,,,,,,,,,,,,,,,
,,,,,,,,,,,,,,,,,,,
,,,,,,,,,,,,,,,,,,,
,,,,,,,,,,,,,,,,,,,
,,,,,,,,,,,,,,,,,,,
,,,,,,,,,,,,,,,,,,,
,,,,,,,,,,,,,,,,,,,
,,,,,,,,,,,,,,,,,,,
,,,,,,,,,,,,,,,,,,,
,,,,,,,,,,,,,,,,,,,
,,,,,,,,,,,,,,,,,,,
,,,,,,,,,,,,,,,,,,,
,,,,,,,,,,,,,,,,,,,
,,,,,,,,,,,,,,,,,,,
,,,,,,,,,,,,,,,,,,,
,,,,,,,,,,,,,,,,,,,
,,,,,,,,,,,,,,,,,,,
,,,,,,,,,,,,,,,,,,,
,,,,,,,,,,,,,,,,,,,
,,,,,,,,,,,,,,,,,,,
,,,,,,,,,,,,,,,,,,,
,,,,,,,,,,,,,,,,,,,
,,,,,,,,,,,,,,,,,,,
,,,,,,,,,,,,,,,,,,,
,,,,,,,,,,,,,,,,,,,
,,,,,,,,,,,,,,,,,,,
,,,,,,,,,,,,,,,,,,,
,,,,,,,,,,,,,,,,,,,
,,,,,,,,,,,,,,,,,,,
,,,,,,,,,,,,,,,,,,,
,,,,,,,,,,,,,,,,,,,
,,,,,,,,,,,,,,,,,,,
,,,,,,,,,,,,,,,,,,,
,,,,,,,,,,,,,,,,,,,
,,,,,,,,,,,,,,,,,,,
,,,,,,,,,,,,,,,,,,,
,,,,,,,,,,,,,,,,,,,
,,,,,,,,,,,,,,,,,,,
,,,,,,,,,,,,,,,,,,,
,,,,,,,,,,,,,,,,,,,
,,,,,,,,,,,,,,,,,,,
,,,,,,,,,,,,,,,,,,,
,,,,,,,,,,,,,,,,,,,
,,,,,,,,,,,,,,,,,,,
,,,,,,,,,,,,,,,,,,,
,,,,,,,,,,,,,,,,,,,
,,,,,,,,,,,,,,,,,,,
,,,,,,,,,,,,,,,,,,,
,,,,,,,,,,,,,,,,,,,
,,,,,,,,,,,,,,,,,,,
,,,,,,,,,,,,,,,,,,,
,,,,,,,,,,,,,,,,,,,
,,,,,,,,,,,,,,,,,,,
,,,,,,,,,,,,,,,,,,,
,,,,,,,,,,,,,,,,,,,
,,,,,,,,,,,,,,,,,,,
,,,,,,,,,,,,,,,,,,,
,,,,,,,,,,,,,,,,,,,
,,,,,,,,,,,,,,,,,,,
,,,,,,,,,,,,,,,,,,,
,,,,,,,,,,,,,,,,,,,
,,,,,,,,,,,,,,,,,,,
,,,,,,,,,,,,,,,,,,,
,,,,,,,,,,,,,,,,,,,
,,,,,,,,,,,,,,,,,,,
,,,,,,,,,,,,,,,,,,,
,,,,,,,,,,,,,,,,,,,
,,,,,,,,,,,,,,,,,,,
,,,,,,,,,,,,,,,,,,,
,,,,,,,,,,,,,,,,,,,
,,,,,,,,,,,,,,,,,,,
,,,,,,,,,,,,,,,,,,,
,,,,,,,,,,,,,,,,,,,
,,,,,,,,,,,,,,,,,,,
,,,,,,,,,,,,,,,,,,,
,,,,,,,,,,,,,,,,,,,
,,,,,,,,,,,,,,,,,,,
,,,,,,,,,,,,,,,,,,,
,,,,,,,,,,,,,,,,,,,
,,,,,,,,,,,,,,,,,,,
,,,,,,,,,,,,,,,,,,,
,,,,,,,,,,,,,,,,,,,
,,,,,,,,,,,,,,,,,,,
,,,,,,,,,,,,,,,,,,,
,,,,,,,,,,,,,,,,,,,
,,,,,,,,,,,,,,,,,,,
,,,,,,,,,,,,,,,,,,,
,,,,,,,,,,,,,,,,,,,
,,,,,,,,,,,,,,,,,,,
,,,,,,,,,,,,,,,,,,,
,,,,,,,,,,,,,,,,,,,
,,,,,,,,,,,,,,,,,,,
,,,,,,,,,,,,,,,,,,,
,,,,,,,,,,,,,,,,,,,
,,,,,,,,,,,,,,,,,,,
,,,,,,,,,,,,,,,,,,,
,,,,,,,,,,,,,,,,,,,
,,,,,,,,,,,,,,,,,,,
,,,,,,,,,,,,,,,,,,,
,,,,,,,,,,,,,,,,,,,
,,,,,,,,,,,,,,,,,,,
,,,,,,,,,,,,,,,,,,,
,,,,,,,,,,,,,,,,,,,
,,,,,,,,,,,,,,,,,,,
,,,,,,,,,,,,,,,,,,,
,,,,,,,,,,,,,,,,,,,
,,,,,,,,,,,,,,,,,,,
,,,,,,,,,,,,,,,,,,,
,,,,,,,,,,,,,,,,,,,
,,,,,,,,,,,,,,,,,,,
,,,,,,,,,,,,,,,,,,,
,,,,,,,,,,,,,,,,,,,
,,,,,,,,,,,,,,,,,,,
,,,,,,,,,,,,,,,,,,,
,,,,,,,,,,,,,,,,,,,
,,,,,,,,,,,,,,,,,,,
,,,,,,,,,,,,,,,,,,,
,,,,,,,,,,,,,,,,,,,
,,,,,,,,,,,,,,,,,,,
,,,,,,,,,,,,,,,,,,,
,,,,,,,,,,,,,,,,,,,
,,,,,,,,,,,,,,,,,,,
,,,,,,,,,,,,,,,,,,,
,,,,,,,,,,,,,,,,,,,
,,,,,,,,,,,,,,,,,,,
,,,,,,,,,,,,,,,,,,,
,,,,,,,,,,,,,,,,,,,
,,,,,,,,,,,,,,,,,,,
,,,,,,,,,,,,,,,,,,,
,,,,,,,,,,,,,,,,,,,
,,,,,,,,,,,,,,,,,,,
,,,,,,,,,,,,,,,,,,,
,,,,,,,,,,,,,,,,,,,
,,,,,,,,,,,,,,,,,,,
,,,,,,,,,,,,,,,,,,,
,,,,,,,,,,,,,,,,,,,
,,,,,,,,,,,,,,,,,,,
,,,,,,,,,,,,,,,,,,,
,,,,,,,,,,,,,,,,,,,
,,,,,,,,,,,,,,,,,,,
,,,,,,,,,,,,,,,,,,,
,,,,,,,,,,,,,,,,,,,
,,,,,,,,,,,,,,,,,,,
,,,,,,,,,,,,,,,,,,,
,,,,,,,,,,,,,,,,,,,
,,,,,,,,,,,,,,,,,,,
,,,,,,,,,,,,,,,,,,,
,,,,,,,,,,,,,,,,,,,
,,,,,,,,,,,,,,,,,,,
,,,,,,,,,,,,,,,,,,,
,,,,,,,,,,,,,,,,,,,
,,,,,,,,,,,,,,,,,,,
,,,,,,,,,,,,,,,,,,,
,,,,,,,,,,,,,,,,,,,
,,,,,,,,,,,,,,,,,,,
,,,,,,,,,,,,,,,,,,,
,,,,,,,,,,,,,,,,,,,
,,,,,,,,,,,,,,,,,,,
,,,,,,,,,,,,,,,,,,,
,,,,,,,,,,,,,,,,,,,
,,,,,,,,,,,,,,,,,,,
,,,,,,,,,,,,,,,,,,,
,,,,,,,,,,,,,,,,,,,
,,,,,,,,,,,,,,,,,,,
,,,,,,,,,,,,,,,,,,,
,,,,,,,,,,,,,,,,,,,
,,,,,,,,,,,,,,,,,,,
,,,,,,,,,,,,,,,,,,,
,,,,,,,,,,,,,,,,,,,
,,,,,,,,,,,,,,,,,,,
,,,,,,,,,,,,,,,,,,,
,,,,,,,,,,,,,,,,,,,
,,,,,,,,,,,,,,,,,,,
,,,,,,,,,,,,,,,,,,,
,,,,,,,,,,,,,,,,,,,
,,,,,,,,,,,,,,,,,,,
,,,,,,,,,,,,,,,,,,,
,,,,,,,,,,,,,,,,,,,
,,,,,,,,,,,,,,,,,,,
,,,,,,,,,,,,,,,,,,,
,,,,,,,,,,,,,,,,,,,
,,,,,,,,,,,,,,,,,,,
,,,,,,,,,,,,,,,,,,,
,,,,,,,,,,,,,,,,,,,
,,,,,,,,,,,,,,,,,,,
,,,,,,,,,,,,,,,,,,,
,,,,,,,,,,,,,,,,,,,
,,,,,,,,,,,,,,,,,,,
,,,,,,,,,,,,,,,,,,,
,,,,,,,,,,,,,,,,,,,
,,,,,,,,,,,,,,,,,,,
,,,,,,,,,,,,,,,,,,,
,,,,,,,,,,,,,,,,,,,
,,,,,,,,,,,,,,,,,,,
,,,,,,,,,,,,,,,,,,,
,,,,,,,,,,,,,,,,,,,
,,,,,,,,,,,,,,,,,,,
,,,,,,,,,,,,,,,,,,,
,,,,,,,,,,,,,,,,,,,
,,,,,,,,,,,,,,,,,,,
,,,,,,,,,,,,,,,,,,,
,,,,,,,,,,,,,,,,,,,
,,,,,,,,,,,,,,,,,,,
,,,,,,,,,,,,,,,,,,,
,,,,,,,,,,,,,,,,,,,
,,,,,,,,,,,,,,,,,,,
,,,,,,,,,,,,,,,,,,,
,,,,,,,,,,,,,,,,,,,
,,,,,,,,,,,,,,,,,,,
,,,,,,,,,,,,,,,,,,,
,,,,,,,,,,,,,,,,,,,
,,,,,,,,,,,,,,,,,,,
,,,,,,,,,,,,,,,,,,,
,,,,,,,,,,,,,,,,,,,
,,,,,,,,,,,,,,,,,,,
,,,,,,,,,,,,,,,,,,,
,,,,,,,,,,,,,,,,,,,
,,,,,,,,,,,,,,,,,,,
,,,,,,,,,,,,,,,,,,,
,,,,,,,,,,,,,,,,,,,
,,,,,,,,,,,,,,,,,,,
,,,,,,,,,,,,,,,,,,,
,,,,,,,,,,,,,,,,,,,
,,,,,,,,,,,,,,,,,,,
,,,,,,,,,,,,,,,,,,,
,,,,,,,,,,,,,,,,,,,
,,,,,,,,,,,,,,,,,,,
,,,,,,,,,,,,,,,,,,,
,,,,,,,,,,,,,,,,,,,
,,,,,,,,,,,,,,,,,,,
,,,,,,,,,,,,,,,,,,,
,,,,,,,,,,,,,,,,,,,
,,,,,,,,,,,,,,,,,,,
,,,,,,,,,,,,,,,,,,,
,,,,,,,,,,,,,,,,,,,
,,,,,,,,,,,,,,,,,,,
,,,,,,,,,,,,,,,,,,,
,,,,,,,,,,,,,,,,,,,
,,,,,,,,,,,,,,,,,,,
,,,,,,,,,,,,,,,,,,,
,,,,,,,,,,,,,,,,,,,
,,,,,,,,,,,,,,,,,,,
,,,,,,,,,,,,,,,,,,,
,,,,,,,,,,,,,,,,,,,
,,,,,,,,,,,,,,,,,,,
,,,,,,,,,,,,,,,,,,,
,,,,,,,,,,,,,,,,,,,
,,,,,,,,,,,,,,,,,,,
,,,,,,,,,,,,,,,,,,,
,,,,,,,,,,,,,,,,,,,
,,,,,,,,,,,,,,,,,,,
,,,,,,,,,,,,,,,,,,,
,,,,,,,,,,,,,,,,,,,
,,,,,,,,,,,,,,,,,,,
,,,,,,,,,,,,,,,,,,,
,,,,,,,,,,,,,,,,,,,
,,,,,,,,,,,,,,,,,,,
,,,,,,,,,,,,,,,,,,,
,,,,,,,,,,,,,,,,,,,
,,,,,,,,,,,,,,,,,,,
,,,,,,,,,,,,,,,,,,,
,,,,,,,,,,,,,,,,,,,
,,,,,,,,,,,,,,,,,,,
,,,,,,,,,,,,,,,,,,,
,,,,,,,,,,,,,,,,,,,
,,,,,,,,,,,,,,,,,,,
,,,,,,,,,,,,,,,,,,,
,,,,,,,,,,,,,,,,,,,
,,,,,,,,,,,,,,,,,,,
,,,,,,,,,,,,,,,,,,,
,,,,,,,,,,,,,,,,,,,
,,,,,,,,,,,,,,,,,,,
,,,,,,,,,,,,,,,,,,,
,,,,,,,,,,,,,,,,,,,
,,,,,,,,,,,,,,,,,,,
,,,,,,,,,,,,,,,,,,,
,,,,,,,,,,,,,,,,,,,
,,,,,,,,,,,,,,,,,,,
,,,,,,,,,,,,,,,,,,,
,,,,,,,,,,,,,,,,,,,
,,,,,,,,,,,,,,,,,,,
,,,,,,,,,,,,,,,,,,,
,,,,,,,,,,,,,,,,,,,
,,,,,,,,,,,,,,,,,,,
,,,,,,,,,,,,,,,,,,,
,,,,,,,,,,,,,,,,,,,
,,,,,,,,,,,,,,,,,,,
,,,,,,,,,,,,,,,,,,,
,,,,,,,,,,,,,,,,,,,
,,,,,,,,,,,,,,,,,,,
,,,,,,,,,,,,,,,,,,,
,,,,,,,,,,,,,,,,,,,
,,,,,,,,,,,,,,,,,,,
,,,,,,,,,,,,,,,,,,,
,,,,,,,,,,,,,,,,,,,
,,,,,,,,,,,,,,,,,,,
,,,,,,,,,,,,,,,,,,,
,,,,,,,,,,,,,,,,,,,
,,,,,,,,,,,,,,,,,,,
,,,,,,,,,,,,,,,,,,,
,,,,,,,,,,,,,,,,,,,
,,,,,,,,,,,,,,,,,,,
,,,,,,,,,,,,,,,,,,,
,,,,,,,,,,,,,,,,,,,
,,,,,,,,,,,,,,,,,,,
,,,,,,,,,,,,,,,,,,,
,,,,,,,,,,,,,,,,,,,
,,,,,,,,,,,,,,,,,,,
,,,,,,,,,,,,,,,,,,,
,,,,,,,,,,,,,,,,,,,
,,,,,,,,,,,,,,,,,,,
,,,,,,,,,,,,,,,,,,,
,,,,,,,,,,,,,,,,,,,
,,,,,,,,,,,,,,,,,,,
,,,,,,,,,,,,,,,,,,,
,,,,,,,,,,,,,,,,,,,
,,,,,,,,,,,,,,,,,,,
,,,,,,,,,,,,,,,,,,,
,,,,,,,,,,,,,,,,,,,
,,,,,,,,,,,,,,,,,,,
,,,,,,,,,,,,,,,,,,,
,,,,,,,,,,,,,,,,,,,
,,,,,,,,,,,,,,,,,,,
,,,,,,,,,,,,,,,,,,,
,,,,,,,,,,,,,,,,,,,
,,,,,,,,,,,,,,,,,,,
,,,,,,,,,,,,,,,,,,,
,,,,,,,,,,,,,,,,,,,
,,,,,,,,,,,,,,,,,,,
,,,,,,,,,,,,,,,,,,,
,,,,,,,,,,,,,,,,,,,
,,,,,,,,,,,,,,,,,,,
,,,,,,,,,,,,,,,,,,,
,,,,,,,,,,,,,,,,,,,
,,,,,,,,,,,,,,,,,,,
,,,,,,,,,,,,,,,,,,,
,,,,,,,,,,,,,,,,,,,
,,,,,,,,,,,,,,,,,,,
,,,,,,,,,,,,,,,,,,,
,,,,,,,,,,,,,,,,,,,
,,,,,,,,,,,,,,,,,,,
,,,,,,,,,,,,,,,,,,,
,,,,,,,,,,,,,,,,,,,
,,,,,,,,,,,,,,,,,,,
,,,,,,,,,,,,,,,,,,,
,,,,,,,,,,,,,,,,,,,
,,,,,,,,,,,,,,,,,,,
,,,,,,,,,,,,,,,,,,,
,,,,,,,,,,,,,,,,,,,
,,,,,,,,,,,,,,,,,,,
,,,,,,,,,,,,,,,,,,,
,,,,,,,,,,,,,,,,,,,
,,,,,,,,,,,,,,,,,,,
,,,,,,,,,,,,,,,,,,,
,,,,,,,,,,,,,,,,,,,
,,,,,,,,,,,,,,,,,,,
,,,,,,,,,,,,,,,,,,,
,,,,,,,,,,,,,,,,,,,
,,,,,,,,,,,,,,,,,,,
,,,,,,,,,,,,,,,,,,,
,,,,,,,,,,,,,,,,,,,
,,,,,,,,,,,,,,,,,,,
,,,,,,,,,,,,,,,,,,,
,,,,,,,,,,,,,,,,,,,
,,,,,,,,,,,,,,,,,,,
,,,,,,,,,,,,,,,,,,,
,,,,,,,,,,,,,,,,,,,
,,,,,,,,,,,,,,,,,,,
,,,,,,,,,,,,,,,,,,,
,,,,,,,,,,,,,,,,,,,
,,,,,,,,,,,,,,,,,,,
,,,,,,,,,,,,,,,,,,,
,,,,,,,,,,,,,,,,,,,
,,,,,,,,,,,,,,,,,,,
,,,,,,,,,,,,,,,,,,,
,,,,,,,,,,,,,,,,,,,
,,,,,,,,,,,,,,,,,,,
,,,,,,,,,,,,,,,,,,,
,,,,,,,,,,,,,,,,,,,
,,,,,,,,,,,,,,,,,,,
,,,,,,,,,,,,,,,,,,,
,,,,,,,,,,,,,,,,,,,
,,,,,,,,,,,,,,,,,,,
,,,,,,,,,,,,,,,,,,,
,,,,,,,,,,,,,,,,,,,
,,,,,,,,,,,,,,,,,,,
,,,,,,,,,,,,,,,,,,,
,,,,,,,,,,,,,,,,,,,
,,,,,,,,,,,,,,,,,,,
,,,,,,,,,,,,,,,,,,,
,,,,,,,,,,,,,,,,,,,
,,,,,,,,,,,,,,,,,,,
,,,,,,,,,,,,,,,,,,,
,,,,,,,,,,,,,,,,,,,
,,,,,,,,,,,,,,,,,,,
,,,,,,,,,,,,,,,,,,,
,,,,,,,,,,,,,,,,,,,
,,,,,,,,,,,,,,,,,,,
,,,,,,,,,,,,,,,,,,,
,,,,,,,,,,,,,,,,,,,
,,,,,,,,,,,,,,,,,,,
,,,,,,,,,,,,,,,,,,,
,,,,,,,,,,,,,,,,,,,
,,,,,,,,,,,,,,,,,,,
,,,,,,,,,,,,,,,,,,,
,,,,,,,,,,,,,,,,,,,
,,,,,,,,,,,,,,,,,,,
,,,,,,,,,,,,,,,,,,,
,,,,,,,,,,,,,,,,,,,
,,,,,,,,,,,,,,,,,,,
,,,,,,,,,,,,,,,,,,,
,,,,,,,,,,,,,,,,,,,
,,,,,,,,,,,,,,,,,,,
,,,,,,,,,,,,,,,,,,,
,,,,,,,,,,,,,,,,,,,
,,,,,,,,,,,,,,,,,,,
,,,,,,,,,,,,,,,,,,,
,,,,,,,,,,,,,,,,,,,
,,,,,,,,,,,,,,,,,,,
,,,,,,,,,,,,,,,,,,,
,,,,,,,,,,,,,,,,,,,
,,,,,,,,,,,,,,,,,,,
,,,,,,,,,,,,,,,,,,,
,,,,,,,,,,,,,,,,,,,
,,,,,,,,,,,,,,,,,,,
,,,,,,,,,,,,,,,,,,,
,,,,,,,,,,,,,,,,,,,
,,,,,,,,,,,,,,,,,,,
,,,,,,,,,,,,,,,,,,,
,,,,,,,,,,,,,,,,,,,
,,,,,,,,,,,,,,,,,,,
,,,,,,,,,,,,,,,,,,,
,,,,,,,,,,,,,,,,,,,
,,,,,,,,,,,,,,,,,,,
,,,,,,,,,,,,,,,,,,,
,,,,,,,,,,,,,,,,,,,
,,,,,,,,,,,,,,,,,,,
,,,,,,,,,,,,,,,,,,,
,,,,,,,,,,,,,,,,,,,
,,,,,,,,,,,,,,,,,,,
,,,,,,,,,,,,,,,,,,,
,,,,,,,,,,,,,,,,,,,
,,,,,,,,,,,,,,,,,,,
,,,,,,,,,,,,,,,,,,,
,,,,,,,,,,,,,,,,,,,
,,,,,,,,,,,,,,,,,,,
,,,,,,,,,,,,,,,,,,,
,,,,,,,,,,,,,,,,,,,
,,,,,,,,,,,,,,,,,,,
,,,,,,,,,,,,,,,,,,,
,,,,,,,,,,,,,,,,,,,
,,,,,,,,,,,,,,,,,,,
,,,,,,,,,,,,,,,,,,,
,,,,,,,,,,,,,,,,,,,
,,,,,,,,,,,,,,,,,,,
,,,,,,,,,,,,,,,,,,,
,,,,,,,,,,,,,,,,,,,
,,,,,,,,,,,,,,,,,,,
,,,,,,,,,,,,,,,,,,,
,,,,,,,,,,,,,,,,,,,
,,,,,,,,,,,,,,,,,,,
,,,,,,,,,,,,,,,,,,,
,,,,,,,,,,,,,,,,,,,
,,,,,,,,,,,,,,,,,,,
,,,,,,,,,,,,,,,,,,,
,,,,,,,,,,,,,,,,,,,
,,,,,,,,,,,,,,,,,,,
,,,,,,,,,,,,,,,,,,,
,,,,,,,,,,,,,,,,,,,
,,,,,,,,,,,,,,,,,,,
,,,,,,,,,,,,,,,,,,,
,,,,,,,,,,,,,,,,,,,
