DD/MM/YYYY,Time,Hours,Month,Season,Temp Out,Hi Temp,Low Temp,Out Hum,Dew Pt.,Wind Speed,Wind Dir,Wind Run,Hi Speed,Hi Dir,Wind Chill,Heat Index,THW Index,THSW Index,Bar  ,Rain,Rain Rate,Solar Rad.,Solar Energy,Hi Solar Rad.,UV  Index,UV Dose,Hi  UV,Heat D-D,Cool D-D,In Temp,In Hum,In Dew,In Heat,In EMC,In Air Density,ET ,Wind Samp,Wind Tx,ISS  Recept,Arc. Int.
13/05/2016,00:00:00,24,May-16,Summer-2016,23.97,23.97,23.88,93.17,22.8,0,,0,0,,23.97,25.95,25.95,,1005.23,0,0,0,0,0,0,0,0,0,0.12,28.7,57,19.32,30.22,10.22,1.13,0,1403,1,100,60
13/05/2016,01:00:00,1,May-16,Summer-2016,24.68,24.73,24.62,90.33,23.02,0.13,,0.09,0.97,,24.68,26.77,26.77,,1004.88,0,0,0,0,0,0,0,0,0,0.13,28.7,58,19.6,30.4,10.35,1.13,0,1400,1,100,60
13/05/2016,02:00:00,2,May-16,Summer-2016,24.73,24.83,24.6,91,23.17,0.43,,0.27,1.78,,24.73,26.88,26.88,,1005.02,0,0,0,0,0,0,0,0,0,0.13,28.8,58.5,19.85,30.55,10.45,1.13,0,1404,1,100,60
13/05/2016,03:00:00,3,May-16,Summer-2016,24.57,24.65,24.57,90,22.82,0.4,,0.27,1.55,,24.57,26.57,26.57,,1004.47,0,0,0,0,0,0,0,0,0,0.13,28.8,59,20,30.6,10.55,1.13,0,1400,1,100,60
13/05/2016,04:00:00,4,May-16,Summer-2016,24.33,24.35,24.32,89.67,22.53,0.27,,0.18,1.32,,24.33,26.28,26.28,,1004.52,0,0,0,0,0,0,0,0,0,0.13,28.8,59.17,20.03,30.62,10.58,1.13,0,1401,1,100,60
13/05/2016,05:00:00,5,May-16,Summer-2016,24.53,24.6,24.52,88.17,22.4,0.2,,0.14,1.02,,24.53,26.42,26.42,,1005.12,2.8,11.23,0,0,0,0,0,0,0,0.13,28.8,60,20.25,30.75,10.75,1.13,0.01,1402,1,100,60
13/05/2016,06:00:00,6,May-16,Summer-2016,23.7,23.8,23.68,94.17,22.68,0,,0,0.07,,23.7,25.55,25.55,,1005.17,0,0.17,7,0.2,9.83,0,0,0,0,0.11,28.8,60,20.22,30.72,10.75,1.13,0,1401,1,100,60
13/05/2016,07:00:00,7,May-16,Summer-2016,24.25,24.25,24.02,94,23.2,0,,0,0,,24.25,26.35,26.35,,1005.88,0,0,89,2.55,100,0.32,0.02,0.42,0,0.12,28.8,60,20.23,30.73,10.75,1.13,0.02,1401,1,100,60
13/05/2016,08:00:00,8,May-16,Summer-2016,26.25,26.28,25.88,87.33,23.97,0.2,,0.14,1.02,,26.25,29.28,29.28,,1006.75,0,0,203.67,5.84,258.33,1.17,0.06,1.33,0,0.17,28.8,60.67,20.47,30.9,10.88,1.13,0.04,1401,1,100,60
13/05/2016,09:00:00,9,May-16,Summer-2016,27.33,27.37,27.12,80.67,23.72,0.28,,0.18,1.32,,27.33,30.7,30.7,,1007.15,0,0,237.67,6.82,294.83,1.72,0.09,1.93,0,0.19,28.8,61,20.6,31,10.95,1.13,0.05,1402,1,100,60
13/05/2016,10:00:00,10,May-16,Summer-2016,29.45,29.45,29.07,76.67,24.93,0.65,,0.41,2,,29.45,35.32,35.32,,1006.65,0,0,540.17,15.49,620.17,4.25,0.23,4.55,0,0.23,28.83,60.67,20.5,30.97,10.88,1.13,0.13,1400,1,100,60
13/05/2016,11:00:00,11,May-16,Summer-2016,31.1,31.17,30.8,72.83,25.65,0.82,,0.5,2.23,,31.1,38.47,38.47,,1006.58,0,0,639.83,18.34,784.5,5.4,0.29,6.1,0,0.27,28.9,60.5,20.45,31,10.85,1.13,0.14,1401,1,100,60
13/05/2016,12:00:00,12,May-16,Summer-2016,31.58,31.72,31.43,74.33,26.47,0.65,,0.41,2.3,,31.58,40.23,40.23,,1005.92,0,0,290.67,8.33,423,2.77,0.15,3.7,0,0.28,28.9,61,20.7,31.2,10.95,1.13,0.07,1402,1,100,60
13/05/2016,13:00:00,13,May-16,Summer-2016,31.92,32.58,31.68,73.33,26.52,0.63,,0.4,3.35,,31.92,41.73,41.73,,1004.02,2,6.17,332.33,9.53,396.33,2.8,0.15,3.78,0,0.28,28.92,61.17,20.75,31.25,10.97,1.13,0.08,1310,1,95.12,60
13/05/2016,14:00:00,14,May-16,Summer-2016,25.13,25.95,25.1,86,22.62,0.87,,0.54,2.83,,25.13,27.2,27.2,,1005.13,6.4,40.27,10.83,0.31,15.17,0,0,0,0,0.14,28.9,62,20.9,31.4,11.07,1.13,0.01,1340,1,97.6,60
13/05/2016,15:00:00,15,May-16,Summer-2016,23.6,23.9,23.55,90.67,21.97,0.8,,0.49,3.13,,23.6,25.27,25.27,,1005.95,13,58.73,2.67,0.08,4.83,0,0,0,0,0.11,28.85,63,21.1,31.35,11.27,1.13,0,1401,1,100,60
13/05/2016,16:00:00,16,May-16,Summer-2016,23.43,23.43,23.25,93.33,22.3,0.33,,0.23,1.55,,23.43,25.13,25.13,,1004.22,0,0,26.17,0.75,34,0,0,0,0,0.11,28.8,63,21.07,31.27,11.27,1.13,0.01,1401,1,100,60
13/05/2016,17:00:00,17,May-16,Summer-2016,24.03,24.05,23.9,90.67,22.43,0.33,,0.23,1.4,,24.03,25.93,25.93,,1004.32,0,0,126.5,3.63,145.5,0.55,0.03,0.62,0,0.12,28.8,63,21.02,31.22,11.27,1.13,0.03,1400,1,100,60
13/05/2016,18:00:00,18,May-16,Summer-2016,24.43,24.48,24.4,89,22.52,0.57,,0.36,1.93,,24.43,26.33,26.33,,1004.12,0,0,95.67,2.75,106,0.17,0.01,0.22,0,0.13,28.8,63,21,31.2,11.27,1.13,0.03,1401,1,100,60
13/05/2016,19:00:00,19,May-16,Summer-2016,24.75,24.78,24.67,85.5,22.13,0.65,,0.41,2.53,,24.75,26.63,26.63,,1005.17,0,0,13,0.37,18.83,0,0,0,0,0.13,28.75,63,21,31.15,11.28,1.13,0.01,1402,1,100,60
13/05/2016,20:00:00,20,May-16,Summer-2016,24.52,24.58,24.47,82.67,21.4,0.65,,0.41,2.53,,24.52,26.28,26.28,,1005.28,0,0,0,0,0,0,0,0,0,0.13,28.7,63,21,31.1,11.28,1.13,0.01,1399,1,100,60
13/05/2016,21:00:00,21,May-16,Summer-2016,24.43,24.53,24.4,84,21.55,0.35,,0.23,1.57,,24.43,26.17,26.17,,1005.53,0,0,0,0,0,0,0,0,0,0.13,28.7,62.17,20.75,30.92,11.11,1.13,0.01,1401,1,100,60
13/05/2016,22:00:00,22,May-16,Summer-2016,23.68,23.77,23.68,87,21.38,0.33,,0.23,1.55,,23.68,25.23,25.23,,1006.13,0,0,0,0,0,0,0,0,0,0.11,28.7,62,20.7,30.83,11.08,1.13,0.01,1400,1,100,60
13/05/2016,23:00:00,23,May-16,Summer-2016,23.53,23.57,23.45,87.83,21.4,0.27,,0.18,1.25,,23.53,24.97,24.97,,1006.83,0,0,0,0,0,0,0,0,0,0.11,28.67,62,20.67,30.77,11.08,1.13,0.01,1402,1,100,60
14/05/2016,00:00:00,24,May-16,Summer-2016,23.78,23.8,23.63,88.17,21.68,0.43,,0.27,1.5,,23.78,25.43,25.43,,1008.4,0.2,0,0,0,0,0,0,0,0,0.11,28.6,62,20.6,30.7,11.08,1.14,0.01,1404,1,100,60
14/05/2016,01:00:00,1,May-16,Summer-2016,23.62,23.8,23.6,92.5,22.33,0.67,,0.41,2.3,,23.62,25.38,25.38,,1007.75,4.6,26.43,0,0,0,0,0,0,0,0.11,28.6,62.83,20.8,30.73,11.25,1.14,0,1399,1,100,60
14/05/2016,02:00:00,2,May-16,Summer-2016,23.65,23.67,23.55,92.67,22.38,0.95,,0.58,4.62,,23.65,25.45,25.45,,1004.75,0.2,0.3,0,0,0,0,0,0,0,0.11,28.6,63,20.8,30.7,11.28,1.13,0,1403,1,100,60
14/05/2016,03:00:00,3,May-16,Summer-2016,23.57,23.63,23.57,93.33,22.43,0.28,,0.18,1.12,,23.57,25.32,25.32,,1004.72,0,0,0,0,0,0,0,0,0,0.11,28.53,63,20.8,30.63,11.28,1.13,0,1395,1,100,60
14/05/2016,04:00:00,4,May-16,Summer-2016,23.3,23.33,23.28,95.17,22.47,0,,0,0,,23.3,24.97,24.97,,1005.2,0,0,0,0,0,0,0,0,0,0.1,28.5,63,20.78,30.6,11.28,1.13,0,1402,1,100,60
14/05/2016,05:00:00,5,May-16,Summer-2016,23.27,23.28,23.2,96.17,22.6,0,,0,0,,23.27,25.02,25.02,,1005.43,0,0,0,0,0,0,0,0,0,0.1,28.42,63,20.72,30.52,11.29,1.13,0,1402,1,100,60
14/05/2016,06:00:00,6,May-16,Summer-2016,23.72,23.73,23.67,95,22.88,0.2,,0.14,0.88,,23.72,25.63,25.63,,1007.78,0,0,10.17,0.29,13.67,0,0,0,0,0.11,28.4,63.33,20.78,30.52,11.36,1.14,0,1402,1,100,60
14/05/2016,07:00:00,7,May-16,Summer-2016,24.48,24.48,24.25,93.5,23.35,0.07,,0.05,0.43,,24.48,26.68,26.68,,1008.6,0,0,111.17,3.19,126.5,0.38,0.02,0.45,0,0.13,28.4,64,20.92,30.52,11.49,1.14,0.03,1401,1,100,60
14/05/2016,08:00:00,8,May-16,Summer-2016,25.88,25.92,25.67,88.17,23.77,0.33,,0.23,1.47,,25.88,28.67,28.67,,1009.23,0,0,260.83,7.48,294.67,1.38,0.07,1.47,0,0.16,28.4,64,20.9,30.5,11.49,1.14,0.06,1402,1,100,60
14/05/2016,09:00:00,9,May-16,Summer-2016,27.32,27.4,27,82.83,24.17,0.57,,0.36,1.93,,27.32,31.03,31.03,,1009.48,0,0,424.5,12.17,467.83,2.83,0.15,3.05,0,0.19,28.4,64,20.9,30.5,11.49,1.14,0.09,1402,1,100,60
14/05/2016,10:00:00,10,May-16,Summer-2016,29.13,29.2,28.75,76.83,24.63,0.73,,0.45,2.15,,29.13,34.58,34.58,,1009.42,0,0,626.33,17.95,645.83,4.88,0.26,5.08,0,0.23,28.4,64,20.9,30.5,11.49,1.14,0.14,1399,1,100,60
14/05/2016,11:00:00,11,May-16,Summer-2016,30.4,30.48,30.15,73.33,25.08,0.82,,0.5,2.08,,30.4,36.75,36.75,,1009.07,0,0,732.83,21.01,770.17,6.23,0.33,6.62,0,0.25,28.4,64,20.95,30.55,11.49,1.14,0.16,1394,1,100,60
14/05/2016,12:00:00,12,May-16,Summer-2016,31.33,31.38,31.13,69.33,25.05,0.82,,0.5,2.77,,31.33,37.85,37.85,,1008.67,0,0,801.5,22.98,833,7.08,0.38,7.55,0,0.27,28.4,64.67,21.12,30.72,11.62,1.14,0.18,1398,1,100,60
14/05/2016,13:00:00,13,May-16,Summer-2016,32.13,32.22,31.97,69.33,25.8,0.9,,0.54,2.95,,32.13,40.43,40.43,,1008.13,0,0,792.17,22.71,865.17,6.53,0.35,7.43,0,0.29,28.4,65,21.2,30.8,11.69,1.14,0.17,1356,1,98.4,60
14/05/2016,14:00:00,14,May-16,Summer-2016,32.82,33,32.57,67,25.87,0.97,,0.58,3.35,,32.82,41.78,41.78,,1006.95,0,0,572.17,16.4,668.67,5.05,0.27,6.02,0,0.3,28.4,65,21.2,30.8,11.69,1.13,0.14,1400,1,100,60
14/05/2016,15:00:00,15,May-16,Summer-2016,33.2,33.38,33.03,67.17,26.27,0.73,,0.45,2.92,,33.2,43.03,43.03,,1006.18,0,0,451.83,12.95,534.17,3.4,0.18,3.9,0,0.31,28.42,65,21.22,30.82,11.69,1.13,0.11,1402,1,100,60
14/05/2016,16:00:00,16,May-16,Summer-2016,33.38,33.53,33.2,68.17,26.7,0.48,,0.32,2.22,,33.38,43.95,43.95,,1005.42,0,0,296.17,8.49,440.67,1.72,0.09,2.18,0,0.31,28.48,65.17,21.32,30.92,11.72,1.13,0.08,1399,1,100,60
14/05/2016,17:00:00,17,May-16,Summer-2016,29.98,30.72,29.98,79.5,26,0.42,,0.27,1.47,,29.98,37.22,37.22,,1004.92,2,16.43,119.83,3.44,190.5,0.4,0.02,0.65,0,0.24,28.5,66,21.5,31.1,11.88,1.13,0.03,1402,1,100,60
14/05/2016,18:00:00,18,May-16,Summer-2016,28.18,28.28,28.15,87.17,25.85,0.13,,0.09,0.52,,28.18,33.98,33.98,,1004.55,0,0,59.33,1.7,74.67,0.12,0.01,0.2,0,0.21,28.45,65.5,21.37,30.93,11.79,1.13,0.02,1403,1,100,60
14/05/2016,19:00:00,19,May-16,Summer-2016,27.72,27.77,27.68,89.33,25.8,0,,0,0.37,,27.72,33.03,33.03,,1004.82,0,0,4.33,0.12,5.83,0,0,0,0,0.2,28.45,65,21.25,30.85,11.69,1.13,0,1403,1,100,60
14/05/2016,20:00:00,20,May-16,Summer-2016,27.9,27.92,27.83,89.5,26.05,0,,0,0.15,,27.9,33.67,33.67,,1005.72,0,0,0,0,0,0,0,0,0,0.2,28.47,65,21.27,30.87,11.68,1.13,0,1399,1,100,60
14/05/2016,21:00:00,21,May-16,Summer-2016,28.75,28.77,28.45,86.33,26.23,0.2,,0.14,1.18,,28.75,35.25,35.25,,1006.58,0,0,0,0,0,0,0,0,0,0.22,28.5,65,21.3,30.9,11.68,1.13,0.01,1401,1,100,60
14/05/2016,22:00:00,22,May-16,Summer-2016,29.73,29.78,29.73,81.17,26.17,0.57,,0.36,3.05,,29.73,36.75,36.75,,1007.32,0,0,0,0,0,0,0,0,0,0.24,28.52,65.83,21.48,31.08,11.85,1.13,0.01,1404,1,100,60
14/05/2016,23:00:00,23,May-16,Summer-2016,29.2,29.3,29.2,84.5,26.32,0.87,,0.54,2.97,,29.2,36.23,36.23,,1007.82,0,0,0,0,0,0,0,0,0,0.23,28.6,66,21.6,31.2,11.88,1.13,0.01,1401,1,100,60
15/05/2016,00:00:00,24,May-16,Summer-2016,28.78,28.83,28.78,87.17,26.43,1.1,,0.67,3.95,,28.78,35.73,35.73,,1007.05,0,0,0,0,0,0,0,0,0,0.22,28.6,66.67,21.73,31.33,12.01,1.13,0.01,1399,1,100,60
15/05/2016,01:00:00,1,May-16,Summer-2016,28.6,28.62,28.6,88,26.4,0.33,,0.23,1.63,,28.6,35.23,35.23,,1006.57,0,0,0,0,0,0,0,0,0,0.21,28.6,67,21.8,31.4,12.08,1.13,0.01,1400,1,100,60
15/05/2016,02:00:00,2,May-16,Summer-2016,28.63,28.65,28.6,88,26.43,0.5,,0.32,1.78,,28.63,35.4,35.4,,1005.92,0,0,0,0,0,0,0,0,0,0.21,28.6,67,21.8,31.4,12.08,1.13,0.01,1401,1,100,60
15/05/2016,03:00:00,3,May-16,Summer-2016,28.48,28.53,28.47,88.83,26.48,0,,0,0.3,,28.48,35.2,35.2,,1006.1,0,0,0,0,0,0,0,0,0,0.21,28.6,67,21.83,31.43,12.08,1.13,0.01,1399,1,100,60
15/05/2016,04:00:00,4,May-16,Summer-2016,28.72,28.73,28.63,87.5,26.42,0.4,,0.27,1.38,,28.72,35.57,35.57,,1006.28,0,0,0,0,0,0,0,0,0,0.22,28.6,67,21.87,31.47,12.08,1.13,0.01,1401,1,100,60
15/05/2016,05:00:00,5,May-16,Summer-2016,28.42,28.5,28.4,88.83,26.4,0.2,,0.14,1.32,,28.42,34.92,34.92,,1006.77,0,0,0,0,0,0,0,0,0,0.21,28.6,67,21.9,31.5,12.08,1.13,0.01,1403,1,100,60
15/05/2016,06:00:00,6,May-16,Summer-2016,28.32,28.32,28.28,90,26.52,0.27,,0.18,1.03,,28.32,34.77,34.77,,1007.48,0,0,19.17,0.55,22.33,0,0,0,0,0.21,28.6,67,21.9,31.5,12.08,1.13,0.01,1402,1,100,60
15/05/2016,07:00:00,7,May-16,Summer-2016,28.72,28.72,28.6,89,26.72,0.48,,0.32,1.98,,28.72,35.9,35.9,,1008.12,0,0,83.17,2.38,91.17,0.23,0.01,0.3,0,0.22,28.6,67,21.9,31.5,12.08,1.13,0.02,1404,1,100,60
15/05/2016,08:00:00,8,May-16,Summer-2016,29.43,29.43,29.23,87,27.03,0.42,,0.27,2.08,,29.43,37.38,37.38,,1008.72,0,0,149.83,4.3,184,0.98,0.05,1.13,0,0.23,28.62,67,21.9,31.52,12.08,1.13,0.03,1401,1,100,60
15/05/2016,09:00:00,9,May-16,Summer-2016,30.55,30.6,30.38,82.67,27.27,0.73,,0.45,2.9,,30.55,39.63,39.63,,1008.93,0,0,278.17,7.97,375,2.2,0.12,2.63,0,0.26,28.7,67.33,22,31.67,12.15,1.13,0.07,1401,1,100,60
15/05/2016,10:00:00,10,May-16,Summer-2016,31.33,31.37,31.12,78.5,27.13,0.9,,0.54,3.12,,31.33,40.85,40.85,,1009.12,0,0,334,9.58,430.5,3.3,0.18,4.05,0,0.27,28.7,68,22.2,31.87,12.28,1.13,0.08,1404,1,100,60
15/05/2016,11:00:00,11,May-16,Summer-2016,32.37,32.42,32.17,75.33,27.43,1.03,,0.63,3.88,,32.37,43.72,43.72,,1008.98,0,0,472,13.53,602.67,5.47,0.29,6.88,0,0.29,28.48,64.67,21.15,30.98,11.64,1.14,0.13,1381,1,99.35,60
15/05/2016,12:00:00,12,May-16,Summer-2016,33.02,33.1,32.82,71.83,27.25,1.1,,0.67,3.65,,33.02,44.58,44.58,,1008.43,0,0,608.33,17.44,820.17,6.38,0.34,8.1,0,0.31,26.18,48.5,14.45,26.17,8.92,1.16,0.14,1379,1,99.48,60
15/05/2016,13:00:00,13,May-16,Summer-2016,33.6,33.78,33.42,69.33,27.2,0.97,,0.58,3.57,,33.6,45.3,45.3,,1007.58,0,0,535.67,15.36,829.5,5.7,0.31,7.4,0,0.32,24.92,45.83,12.42,24.68,8.51,1.16,0.14,1263,1,92.25,60
15/05/2016,14:00:00,14,May-16,Summer-2016,34.07,34.15,33.92,66.83,27.03,1.3,,0.8,3.67,,34.07,45.72,45.72,,1006.58,0,0,697.17,19.99,793.17,5.27,0.28,6.37,0,0.33,24.5,47.33,12.58,24.38,8.81,1.16,0.14,816,1,59.65,60
15/05/2016,15:00:00,15,May-16,Summer-2016,33.93,34.08,33.82,68.33,27.25,1.1,,0.67,3.42,,33.93,45.97,45.97,,1005.78,0,0,303.33,8.7,473.33,2.93,0.16,3.73,0,0.32,24.75,46.83,12.62,24.57,8.67,1.16,0.08,1358,1,97.67,60
15/05/2016,16:00:00,16,May-16,Summer-2016,34.12,34.27,34.03,68.83,27.58,1.23,,0.76,4.55,,34.12,46.85,46.85,,1005.07,0,0,401,11.5,465.17,2.47,0.13,2.78,0,0.33,24.83,48,13.07,24.67,8.92,1.16,0.1,1400,1,100,60
15/05/2016,17:00:00,17,May-16,Summer-2016,33.82,33.93,33.78,70.67,27.73,1.03,,0.63,3.72,,33.82,46.83,46.83,,1004.4,0,0,201.67,5.78,259.33,1.12,0.06,1.23,0,0.32,25.2,48.67,13.6,25.08,8.98,1.16,0.05,1402,1,100,60
15/05/2016,18:00:00,18,May-16,Summer-2016,32.97,33.13,32.95,73.67,27.62,0.88,,0.54,3.13,,32.97,45.22,45.22,,1003.92,0,0,66.17,1.9,78.17,0.15,0.01,0.18,0,0.3,26.48,53,16.08,26.77,9.62,1.15,0.03,1404,1,100,60
15/05/2016,19:00:00,19,May-16,Summer-2016,32.1,32.22,32.1,76.67,27.48,0.82,,0.5,2.75,,32.1,43.18,43.18,,1004.03,0,0,16.83,0.48,21.33,0,0,0,0,0.29,27.18,56,17.63,27.78,10.03,1.14,0.01,1398,1,100,60
15/05/2016,20:00:00,20,May-16,Summer-2016,30.23,30.97,30.23,74.83,25.27,0.73,,0.45,3.8,,30.23,37.32,37.32,,1006.25,0,0,0,0,0,0,0,0,0,0.25,27.58,58,18.58,28.53,10.36,1.14,0.01,1404,1,100,60
15/05/2016,21:00:00,21,May-16,Summer-2016,27.02,27.07,26.95,79.67,23.2,0.33,,0.23,1.68,,27.02,29.85,29.85,,1006.87,0,0,0,0,0,0,0,0,0,0.18,27.82,59,19.05,28.97,10.55,1.14,0.01,1404,1,100,60
15/05/2016,22:00:00,22,May-16,Summer-2016,28.23,28.23,27.87,82.33,24.95,0.63,,0.4,2.45,,28.23,33.25,33.25,,1006.35,0,0,0,0,0,0,0,0,0,0.21,27.93,59,19.18,29.18,10.55,1.14,0.01,1404,1,100,60
15/05/2016,23:00:00,23,May-16,Summer-2016,29.52,29.57,29.47,81.5,25.98,0.9,,0.54,3.65,,29.52,36.28,36.28,,1006.43,0,0,0,0,0,0,0,0,0,0.23,28.12,60,19.62,29.48,10.75,1.14,0.01,1400,1,100,60
16/05/2016,00:00:00,24,May-16,Summer-2016,29.17,29.2,29.17,84,26.17,0.9,,0.54,3.5,,29.17,35.98,35.98,,1005.98,0,0,0,0,0,0,0,0,0,0.22,28.22,60.83,19.93,29.77,10.92,1.14,0.01,1403,1,100,60
16/05/2016,01:00:00,1,May-16,Summer-2016,28.93,29,28.93,85.83,26.33,1.1,,0.67,3.5,,28.93,35.93,35.93,,1003.75,0,0,0,0,0,0,0,0,0,0.22,28.3,61.67,20.27,30.03,11.04,1.13,0.01,1396,1,100,60
16/05/2016,02:00:00,2,May-16,Summer-2016,28.9,28.9,28.88,87,26.57,1.02,,0.63,3.8,,28.9,36.17,36.17,,1004.48,0,0,0,0,0,0,0,0,0,0.22,28.4,62.5,20.55,30.28,11.19,1.13,0.01,1403,1,100,60
16/05/2016,03:00:00,3,May-16,Summer-2016,28.88,28.9,28.88,87.33,26.6,0.65,,0.41,2.62,,28.88,36.17,36.17,,1004.37,0,0,0,0,0,0,0,0,0,0.22,28.42,63,20.72,30.52,11.29,1.13,0.01,1403,1,100,60
16/05/2016,04:00:00,4,May-16,Summer-2016,28.8,28.8,28.8,88,26.6,0.33,,0.23,2.07,,28.8,35.97,35.97,,1004.8,0,0,0,0,0,0,0,0,0,0.22,28.52,64,21.02,30.73,11.48,1.13,0.01,1399,1,100,60
16/05/2016,05:00:00,5,May-16,Summer-2016,28.7,28.72,28.68,89,26.7,0.33,,0.23,1.62,,28.7,35.85,35.85,,1005.47,0,0,0,0,0,0,0,0,0,0.22,28.6,64,21.1,30.9,11.48,1.13,0.01,1403,1,100,60
16/05/2016,06:00:00,6,May-16,Summer-2016,28.65,28.65,28.63,88.83,26.62,0.48,,0.32,1.47,,28.65,35.68,35.68,,1005.78,0,0,10,0.29,13.5,0,0,0,0,0.21,28.6,64.17,21.15,31.02,11.51,1.13,0.01,1401,1,100,60
16/05/2016,07:00:00,7,May-16,Summer-2016,29.17,29.17,29,86.83,26.73,0.58,,0.36,3.2,,29.17,36.63,36.63,,1006.15,0,0,98.67,2.83,114.33,0.42,0.02,0.5,0,0.23,28.62,65,21.4,31.22,11.68,1.13,0.03,1402,1,100,60
16/05/2016,08:00:00,8,May-16,Summer-2016,30.38,30.47,30.22,81.33,26.85,1.03,,0.63,3.8,,30.38,38.83,38.83,,1006.65,0,0,259.17,7.43,361,1.4,0.08,1.63,0,0.25,28.7,65.33,21.5,31.4,11.75,1.13,0.06,1405,1,100,60
16/05/2016,09:00:00,9,May-16,Summer-2016,31,31.05,30.8,79.17,26.98,0.88,,0.54,2.82,,31,39.93,39.93,,1007.13,0,0,224.5,6.44,351.67,1.98,0.11,2.7,0,0.27,28.73,66,21.73,31.63,11.88,1.13,0.07,1402,1,100,60
16/05/2016,10:00:00,10,May-16,Summer-2016,32.08,32.12,31.82,73.67,26.77,1.1,,0.67,3.73,,32.08,41.88,41.88,,1006.78,0,0,504.33,14.46,627.5,4.2,0.23,5.3,0,0.29,28.8,66.83,22.02,31.92,12.04,1.13,0.12,1202,1,87.07,60
16/05/2016,11:00:00,11,May-16,Summer-2016,32.65,32.75,32.47,71.5,26.82,1.48,,0.89,4.93,,32.65,43.05,43.05,,1006.12,0,0,571.5,16.38,708.33,5.58,0.3,6.73,0,0.3,27.95,57.5,18.75,29.22,10.35,1.14,0.14,1277,1,93.37,60
16/05/2016,12:00:00,12,May-16,Summer-2016,33.73,33.83,33.5,68.5,27.13,1.32,,0.8,4.32,,33.73,45.67,45.67,,1005.48,0,0,842.17,24.15,920.17,7.15,0.38,8.42,0,0.32,26.68,49.17,15.13,26.68,9.02,1.15,0.18,1335,1,97.02,60
16/05/2016,13:00:00,13,May-16,Summer-2016,34.32,34.4,34.07,64.33,26.6,1.55,,0.94,5.38,,34.32,45.35,45.35,,1004.97,0,0,815.17,23.37,937.67,7.58,0.41,8.4,0,0.33,26.22,47.17,14.07,26.18,8.7,1.15,0.2,1391,1,99.78,60
16/05/2016,14:00:00,14,May-16,Summer-2016,34.48,34.57,34.32,62.83,26.35,1.7,,1.03,4.53,,34.48,45.17,45.17,,1004.22,0,0,641.17,18.38,763.83,5.93,0.32,7.02,0,0.34,26.1,47.5,14.05,26.07,8.75,1.15,0.16,1264,1,92.1,60
16/05/2016,15:00:00,15,May-16,Summer-2016,34.43,34.65,34.28,63.33,26.47,1.53,,0.94,4.78,,34.43,45.28,45.28,,1003.17,0,0,568,16.29,712.83,4.17,0.22,4.92,0,0.34,25.92,46.17,13.47,25.8,8.53,1.15,0.14,1338,1,97.3,60
16/05/2016,16:00:00,16,May-16,Summer-2016,34.2,34.32,34.1,65,26.68,1.3,,0.8,4.47,,34.2,45.32,45.32,,1002.3,0,0,421.17,12.08,490.17,2.52,0.14,2.85,0,0.33,25.72,44.67,12.73,25.47,8.32,1.15,0.1,1351,1,98.38,60
16/05/2016,17:00:00,17,May-16,Summer-2016,33.97,34.07,33.92,65,26.42,1.23,,0.76,4.48,,33.97,44.47,44.47,,1001.65,0,0,238.17,6.83,278.33,1.17,0.06,1.25,0,0.33,25.83,45.5,13.12,25.62,8.43,1.15,0.07,1260,1,92.1,60
16/05/2016,18:00:00,18,May-16,Summer-2016,33.37,33.53,33.35,65.67,26.07,1.1,,0.67,3.58,,33.37,42.93,42.93,,1001.92,0,0,96.83,2.78,109.33,0.2,0.01,0.22,0,0.31,27.1,52.33,16.5,27.4,9.52,1.14,0.03,1403,1,100,60
16/05/2016,19:00:00,19,May-16,Summer-2016,32.17,32.37,32.17,73.67,26.87,0.97,,0.58,3.35,,32.17,42.2,42.2,,1002.13,0,0,2.67,0.08,4.67,0,0,0,0,0.29,27.77,54.83,17.87,28.53,9.85,1.14,0.01,1402,1,100,60
16/05/2016,20:00:00,20,May-16,Summer-2016,31.2,31.33,31.2,77.17,26.73,1.1,,0.67,3.58,,31.2,39.77,39.77,,1002.37,0,0,0,0,0,0,0,0,0,0.27,28.13,56.83,18.77,29.25,10.18,1.13,0.02,1401,1,100,60
16/05/2016,21:00:00,21,May-16,Summer-2016,30.57,30.67,30.57,79,26.48,1.1,,0.67,3.87,,30.57,38.58,38.58,,1003.1,0,0,0,0,0,0,0,0,0,0.25,28.35,58.33,19.42,29.77,10.42,1.13,0.01,1402,1,100,60
16/05/2016,22:00:00,22,May-16,Summer-2016,30.03,30.12,30.02,80.83,26.37,1.3,,0.8,4.32,,30.03,37.43,37.43,,1003.8,0,0,0,0,0,0,0,0,0,0.24,28.57,59.5,19.9,30.22,10.65,1.13,0.01,1401,1,100,60
16/05/2016,23:00:00,23,May-16,Summer-2016,29.5,29.58,29.5,82.83,26.28,1.1,,0.67,3.82,,29.5,36.55,36.55,,1004.23,0,0,0,0,0,0,0,0,0,0.23,28.68,60.5,20.28,30.62,10.85,1.13,0.01,1399,1,100,60
17/05/2016,00:00:00,24,May-16,Summer-2016,29.08,29.15,29.08,84.67,26.23,1.1,,0.67,3.8,,29.08,36,36,,1004.4,0,0,0,0,0,0,0,0,0,0.22,28.78,61,20.52,30.9,10.95,1.13,0.01,1404,1,100,60
17/05/2016,01:00:00,1,May-16,Summer-2016,28.87,28.92,28.87,86.33,26.4,0.82,,0.5,2.88,,28.87,35.87,35.87,,1004.37,0,0,0,0,0,0,0,0,0,0.22,28.83,62,20.83,31.23,11.07,1.13,0.01,1399,1,100,60
17/05/2016,02:00:00,2,May-16,Summer-2016,28.73,28.77,28.72,87,26.33,1.17,,0.71,3.73,,28.73,35.57,35.57,,1002.98,0,0,0,0,0,0,0,0,0,0.22,28.9,62.33,21,31.42,11.14,1.13,0.01,1399,1,100,60
17/05/2016,03:00:00,3,May-16,Summer-2016,28.68,28.7,28.67,87.5,26.38,1.03,,0.63,4.1,,28.68,35.48,35.48,,1001.68,0,0,0,0,0,0,0,0,0,0.22,28.95,63,21.2,31.65,11.27,1.13,0.01,1402,1,100,60
17/05/2016,04:00:00,4,May-16,Summer-2016,28.6,28.62,28.6,88,26.4,0.88,,0.54,3.35,,28.6,35.3,35.3,,1001.92,0,0,0,0,0,0,0,0,0,0.21,29.03,63.5,21.38,31.78,11.37,1.13,0.01,1401,1,100,60
17/05/2016,05:00:00,5,May-16,Summer-2016,28.63,28.68,28.6,88,26.43,0.57,,0.36,2.73,,28.63,35.43,35.43,,1002.83,0,0,0,0,0,0,0,0,0,0.21,29.1,64,21.6,31.95,11.46,1.13,0.01,1403,1,100,60
17/05/2016,06:00:00,6,May-16,Summer-2016,28.55,28.58,28.52,88.33,26.42,0.48,,0.32,2.47,,28.55,35.27,35.27,,1003.72,0,0,22.33,0.64,27.17,0,0,0,0,0.21,29.1,64,21.6,32,11.46,1.13,0.01,1402,1,100,60
17/05/2016,07:00:00,7,May-16,Summer-2016,29.12,29.12,29,87,26.73,0.57,,0.36,2.62,,29.12,36.62,36.62,,1004.53,0,0,83.5,2.4,93.33,0.1,0.01,0.1,0,0.23,29.17,64.5,21.77,32.17,11.56,1.13,0.02,1401,1,100,60
17/05/2016,08:00:00,8,May-16,Summer-2016,30.02,30.02,29.85,84,27.02,0.73,,0.45,2.77,,30.02,38.3,38.3,,1004.95,0,0,199.83,5.73,221.33,1.23,0.07,1.33,0,0.24,29.2,65,21.95,32.35,11.66,1.13,0.05,1404,1,100,60
17/05/2016,09:00:00,9,May-16,Summer-2016,30.97,31.03,30.73,81.67,27.48,1.1,,0.67,3.88,,30.97,40.77,40.77,,1005.58,0,0,281,8.06,379.67,2.35,0.13,2.88,0,0.26,29.25,65.33,22.1,32.52,11.73,1.13,0.08,1399,1,100,60
17/05/2016,10:00:00,10,May-16,Summer-2016,32.32,32.37,32.03,76.33,27.58,1.18,,0.72,4.27,,32.32,43.9,43.9,,1005.52,0,0,601,17.23,740.83,4.37,0.23,5.35,0,0.29,29.3,66,22.3,32.75,11.86,1.13,0.13,1356,1,97.8,60
17/05/2016,11:00:00,11,May-16,Summer-2016,32.93,33.03,32.75,72.33,27.3,1.32,,0.8,4.7,,32.93,44.5,44.5,,1005.68,0,0,528,15.14,727.83,5.27,0.28,6.97,0,0.3,28.8,60,20.22,31.05,10.79,1.13,0.13,1270,1,92.6,60
17/05/2016,12:00:00,12,May-16,Summer-2016,33.77,33.85,33.55,69.5,27.4,1.32,,0.8,4.62,,33.77,45.98,45.98,,1005.17,0,0,674.5,19.34,923.17,6.67,0.36,8.42,0,0.32,27.2,50.33,16,27.38,9.18,1.15,0.16,1396,1,100,60
17/05/2016,13:00:00,13,May-16,Summer-2016,34.1,34.17,33.9,67.5,27.22,1.62,,0.98,5.07,,34.1,46.08,46.08,,1004.63,0,0,546.83,15.68,810.67,6.17,0.33,8.03,0,0.33,27.52,52.33,16.9,28,9.48,1.14,0.15,1399,1,100,60
17/05/2016,14:00:00,14,May-16,Summer-2016,34.83,34.93,34.63,64.83,27.22,1.47,,0.89,5.38,,34.83,47.33,47.33,,1003.53,0,0,716.33,20.54,791.17,5.85,0.31,6.47,0,0.34,27.57,51.33,16.6,27.95,9.33,1.14,0.17,1324,1,96.42,60
17/05/2016,15:00:00,15,May-16,Summer-2016,34.53,34.7,34.4,64.5,26.83,1.48,,0.89,4.27,,34.53,46.12,46.12,,1002.52,0,0,424,12.16,651.83,3.58,0.19,4.47,0,0.34,27.17,51.83,16.42,27.5,9.43,1.14,0.11,1335,1,97.52,60
17/05/2016,16:00:00,16,May-16,Summer-2016,34.27,34.47,34.15,65,26.73,1.48,,0.89,4.78,,34.27,45.5,45.5,,1001.77,0,0,356.17,10.21,474.83,2.18,0.12,2.57,0,0.33,28.25,56.83,18.9,29.5,10.17,1.13,0.09,1272,1,92.98,60
17/05/2016,17:00:00,17,May-16,Summer-2016,33.38,33.53,33.38,67.67,26.58,1.17,,0.71,4.02,,33.38,43.87,43.87,,1001.58,0,0,148.17,4.25,203.33,0.92,0.05,1.03,0,0.31,28.78,59,19.98,30.63,10.55,1.13,0.04,1137,1,83.12,60
17/05/2016,18:00:00,18,May-16,Summer-2016,32.5,32.65,32.5,71.5,26.7,1.1,,0.67,3.78,,32.5,42.52,42.52,,1001.28,0,0,62.33,1.79,71.17,0.02,0,0.08,0,0.3,29.1,60,20.53,31.27,10.75,1.13,0.03,1250,1,91.28,60
17/05/2016,19:00:00,19,May-16,Summer-2016,31.67,31.78,31.67,75.17,26.73,1.23,,0.76,4.02,,31.67,40.93,40.93,,1001.38,0,0,6,0.17,8,0,0,0,0,0.28,29.27,61,20.97,31.78,10.95,1.13,0.01,1286,1,92.48,60
17/05/2016,20:00:00,20,May-16,Summer-2016,31.07,31.15,31.07,77.83,26.75,1.03,,0.63,3.93,,31.07,39.55,39.55,,1001.97,0,0,0,0,0,0,0,0,0,0.27,29.38,61.83,21.3,32.2,11.03,1.13,0.01,1401,1,100,60
17/05/2016,21:00:00,21,May-16,Summer-2016,30.68,30.75,30.68,79.33,26.7,0.9,,0.54,3.42,,30.68,39.03,39.03,,1003.02,0,0,0,0,0,0,0,0,0,0.26,29.53,62.33,21.6,32.5,11.12,1.13,0.01,1400,1,100,60
17/05/2016,22:00:00,22,May-16,Summer-2016,30.37,30.45,30.37,80.5,26.65,1.18,,0.72,3.8,,30.37,38.53,38.53,,1002.82,0,0,0,0,0,0,0,0,0,0.25,29.6,63,21.8,32.77,11.24,1.12,0.01,1401,1,100,60
17/05/2016,23:00:00,23,May-16,Summer-2016,30.08,30.13,30.08,80.83,26.42,1.17,,0.71,4.18,,30.08,37.65,37.65,,1004.02,0,0,0,0,0,0,0,0,0,0.25,29.68,63.83,22.05,33.13,11.4,1.13,0.01,1401,1,100,60
18/05/2016,00:00:00,24,May-16,Summer-2016,29.82,29.85,29.82,82.17,26.45,1.47,,0.89,4.7,,29.82,37.25,37.25,,1004.58,0,0,0,0,0,0,0,0,0,0.24,29.7,64,22.2,33.3,11.43,1.13,0.01,1402,1,100,60
18/05/2016,01:00:00,1,May-16,Summer-2016,28.78,29.05,28.78,77.83,24.48,2.22,,1.34,6.78,,28.78,33.85,33.85,,1003.32,0,0,0,0,0,0,0,0,0,0.22,29.73,65,22.43,33.53,11.63,1.12,0.02,1402,1,100,60
18/05/2016,02:00:00,2,May-16,Summer-2016,27.27,27.43,27.25,79.33,23.37,0.97,,0.58,3.33,,27.27,30.3,30.3,,1002.42,0,0,0,0,0,0,0,0,0,0.19,29.77,65,22.47,33.57,11.63,1.12,0.01,1402,1,100,60
18/05/2016,03:00:00,3,May-16,Summer-2016,27.33,27.37,27.27,77,22.95,1.55,,0.94,4.48,,27.33,30.2,30.2,,1003.6,0,0,0,0,0,0,0,0,0,0.19,29.77,65,22.47,33.57,11.63,1.12,0.02,1402,1,100,60
18/05/2016,04:00:00,4,May-16,Summer-2016,27.95,27.95,27.78,75.17,23.1,0.72,,0.45,2.62,,27.95,31.23,31.23,,1004.33,0,0,0,0,0,0,0,0,0,0.2,29.75,65,22.45,33.55,11.63,1.12,0.01,1401,1,100,60
18/05/2016,05:00:00,5,May-16,Summer-2016,28.15,28.23,28.12,72.5,22.72,0.22,,0.14,1.42,,28.15,31.35,31.35,,1004.37,0,0,0,0,0,0,0,0,0,0.21,29.8,65,22.5,33.6,11.63,1.12,0.01,1401,1,100,60
18/05/2016,06:00:00,6,May-16,Summer-2016,27.78,27.82,27.73,74.83,22.87,0,,0,0.8,,27.78,30.78,30.78,,1005.03,0,0,1.83,0.05,2.83,0,0,0,0,0.2,29.8,64,22.2,33.4,11.43,1.13,0,1403,1,100,60
18/05/2016,07:00:00,7,May-16,Summer-2016,27.7,27.73,27.68,77.17,23.33,0,,0,0.45,,27.7,30.98,30.98,,1006.05,0,0,20,0.57,25.83,0,0,0,0,0.2,29.8,64,22.2,33.4,11.43,1.13,0.01,1402,1,100,60
18/05/2016,08:00:00,8,May-16,Summer-2016,29.05,29.07,28.57,74,23.95,0.2,,0.14,0.95,,29.05,33.68,33.68,,1006.62,0,0,171.5,4.92,251.17,1.02,0.06,1.22,0,0.22,29.8,64,22.23,33.43,11.43,1.13,0.04,1401,1,100,60
18/05/2016,09:00:00,9,May-16,Summer-2016,31.17,31.3,30.87,68.33,24.63,0.65,,0.41,1.7,,31.17,37.25,37.25,,1006.7,0,0,447,12.82,526.67,3.1,0.17,3.62,0,0.27,29.8,64,22.3,33.5,11.42,1.13,0.1,1399,1,100,60
18/05/2016,10:00:00,10,May-16,Summer-2016,31.9,32.08,31.72,67.67,25.15,0.73,,0.45,2.08,,31.9,39.1,39.1,,1006.87,0,0,537,15.39,712.83,4.53,0.24,5.43,0,0.28,29.87,64.83,22.53,33.73,11.59,1.13,0.14,1128,1,82.03,60
18/05/2016,11:00:00,11,May-16,Summer-2016,31,31.53,30.98,74,25.75,0.5,,0.32,1.62,,31,38.28,38.28,,1007.18,4.4,10.07,176.83,5.07,238,1.93,0.1,2.53,0,0.26,29.42,59.67,20.73,32.03,10.68,1.13,0.04,1031,1,75.37,60
18/05/2016,12:00:00,12,May-16,Summer-2016,27.53,27.88,27.15,86.67,25.1,0.35,,0.23,1.42,,27.53,32.13,32.13,,1006.52,4.6,22.63,248,7.11,296.17,2.83,0.15,3.98,0,0.19,27.73,48,15.73,27.93,8.78,1.15,0.07,1148,1,83.12,60
18/05/2016,13:00:00,13,May-16,Summer-2016,30.73,30.77,30.27,80.33,26.93,0.65,,0.41,1.78,,30.73,39.47,39.47,,1005.52,0,0,741.67,21.27,881.17,7.53,0.4,8.68,0,0.26,26.98,45.17,14.1,26.77,8.36,1.15,0.16,1340,1,97.2,60
18/05/2016,14:00:00,14,May-16,Summer-2016,31.4,31.72,31.08,74.83,26.38,1.03,,0.63,3.28,,31.4,39.93,39.93,,1004.38,0,0,562.67,16.13,763.17,5.07,0.27,6.47,0,0.27,26.68,45,13.75,26.45,8.35,1.15,0.14,1357,1,97.8,60
18/05/2016,15:00:00,15,May-16,Summer-2016,31.83,31.92,31.63,73.5,26.48,0.97,,0.58,2.9,,31.83,40.87,40.87,,1003.43,0,0,474.83,13.62,576.5,4.1,0.22,4.47,0,0.28,26.48,45.17,13.62,26.27,8.38,1.15,0.12,973,1,71.12,60
18/05/2016,16:00:00,16,May-16,Summer-2016,30.08,31.15,29.98,78.17,25.82,0.88,,0.54,2.83,,30.08,37.37,37.37,,1003.3,11,37.8,177.17,5.08,235.33,1.1,0.06,1.48,0,0.25,26.25,45.17,13.42,26.1,8.36,1.15,0.03,1253,1,89.92,60
18/05/2016,17:00:00,17,May-16,Summer-2016,27.72,27.72,27.3,89.17,25.77,0.27,,0.18,1.25,,27.72,33.15,33.15,,1003.45,0.2,3.1,186.17,5.33,245.5,0.98,0.05,1.1,0,0.2,26.15,44.33,13.05,25.92,8.25,1.15,0.04,1399,1,100,60
18/05/2016,18:00:00,18,May-16,Summer-2016,28.83,28.92,28.78,82.5,25.55,0.57,,0.36,1.95,,28.83,35,35,,1003.88,0,0,69,1.98,83.33,0.2,0.01,0.27,0,0.22,27.4,47,15.08,27.38,8.63,1.14,0.02,1401,1,100,60
18/05/2016,19:00:00,19,May-16,Summer-2016,28.72,28.75,28.68,83,25.52,0.65,,0.41,1.87,,28.72,34.68,34.68,,1004.22,0,0,4.5,0.13,6.33,0,0,0,0,0.22,28.07,49.5,16.5,28.53,9,1.14,0.01,1403,1,100,60
18/05/2016,20:00:00,20,May-16,Summer-2016,28.03,28.17,28,84.67,25.2,0.13,,0.09,0.95,,28.03,33.07,33.07,,1004.83,0,0,0,0,0,0,0,0,0,0.2,28.42,51.33,17.4,29.25,9.32,1.14,0.01,1399,1,100,60
18/05/2016,21:00:00,21,May-16,Summer-2016,27.73,27.8,27.72,85,25,0.57,,0.36,2.02,,27.73,32.35,32.35,,1005.9,0,0,0,0,0,0,0,0,0,0.2,28.65,52.5,17.95,29.7,9.48,1.14,0.01,1403,1,100,60
18/05/2016,22:00:00,22,May-16,Summer-2016,26.97,27.1,26.97,86.33,24.52,0.57,,0.36,1.85,,26.97,30.7,30.7,,1007.28,0,0,0,0,0,0,0,0,0,0.18,28.78,54.83,18.82,30.15,9.85,1.14,0.01,1374,1,98.9,60
18/05/2016,23:00:00,23,May-16,Summer-2016,27.1,27.1,27.02,86.17,24.6,0.82,,0.5,2.37,,27.1,30.93,30.93,,1007.08,0,0,0,0,0,0,0,0,0,0.18,28.9,57.17,19.55,30.62,10.23,1.14,0.01,1402,1,100,60
19/05/2016,00:00:00,24,May-16,Summer-2016,27.2,27.25,27.17,87.17,24.87,0.73,,0.45,3.03,,27.2,31.25,31.25,,1006.58,0,0,0,0,0,0,0,0,0,0.18,28.95,58.67,20.05,30.92,10.48,1.13,0.01,1400,1,100,60
19/05/2016,01:00:00,1,May-16,Summer-2016,26.9,26.97,26.9,89.5,25.05,0.73,,0.45,2.75,,26.9,30.92,30.92,,1005.75,0,0,0,0,0,0,0,0,0,0.18,29.03,59.83,20.4,31.12,10.72,1.13,0.01,1401,1,100,60
19/05/2016,02:00:00,2,May-16,Summer-2016,26.82,26.85,26.8,90.17,25.08,0.72,,0.45,2.83,,26.82,30.8,30.8,,1004.98,0.2,0,0,0,0,0,0,0,0,0.18,29.08,61,20.78,31.38,10.95,1.13,0.01,1403,1,100,60
19/05/2016,03:00:00,3,May-16,Summer-2016,26.85,26.88,26.8,89.33,24.97,0.65,,0.41,2.6,,26.85,30.78,30.78,,1004.65,0,0,0,0,0,0,0,0,0,0.18,29.1,61.67,20.93,31.53,11.02,1.13,0.01,1401,1,100,60
19/05/2016,04:00:00,4,May-16,Summer-2016,26.98,27.02,26.93,89.33,25.08,0.2,,0.14,1.17,,26.98,31.08,31.08,,1004.7,0,0,0,0,0,0,0,0,0,0.18,29.1,61,20.8,31.43,10.95,1.13,0.01,1399,1,100,60
19/05/2016,05:00:00,5,May-16,Summer-2016,26.8,26.85,26.78,90.17,25.05,0.13,,0.09,0.75,,26.8,30.77,30.77,,1004.98,0,0,0,0,0,0,0,0,0,0.18,29.1,61.33,20.9,31.57,10.99,1.13,0,1401,1,100,60
19/05/2016,06:00:00,6,May-16,Summer-2016,26.62,26.63,26.57,91.17,25.03,0.13,,0.09,1.53,,26.62,30.42,30.42,,1005.75,0,0,9.83,0.28,12.83,0,0,0,0,0.17,29.1,62,21.1,31.7,11.06,1.13,0,1401,1,100,60
19/05/2016,07:00:00,7,May-16,Summer-2016,26.5,26.62,26.48,90.67,24.85,0.2,,0.14,1.4,,26.5,30.18,30.18,,1006.33,0,0,35.83,1.03,48.67,0.02,0,0.1,0,0.17,29.1,62,21.1,31.7,11.06,1.13,0.01,1403,1,100,60
19/05/2016,08:00:00,8,May-16,Summer-2016,25.82,25.98,25.8,88.5,23.77,0.88,,0.54,2.52,,25.82,28.62,28.62,,1007.28,0,0,52.17,1.5,61,0.22,0.01,0.27,0,0.16,29.1,62.33,21.17,31.73,11.13,1.13,0.02,1401,1,100,60
19/05/2016,09:00:00,9,May-16,Summer-2016,24.4,24.58,24.38,90,22.67,1.03,,0.63,3.63,,24.4,26.38,26.38,,1008.32,0,0,62.17,1.78,83.17,0.38,0.02,0.63,0,0.13,29.1,63,21.3,31.77,11.26,1.13,0.02,1398,1,100,60
19/05/2016,10:00:00,10,May-16,Summer-2016,24.78,24.83,24.52,87.83,22.6,1.03,,0.63,3.88,,24.78,26.83,26.83,,1008.8,0,0,190.33,5.46,254,2.23,0.12,2.75,0,0.13,29.1,63,21.3,31.72,11.26,1.13,0.04,1261,1,90.57,60
19/05/2016,11:00:00,11,May-16,Summer-2016,27.7,27.73,27.13,78.33,23.58,1.38,,0.85,4.53,,27.7,31.3,31.3,,1008.32,0,0,782.33,22.43,883.33,8,0.43,8.7,0,0.2,29.07,62.33,21.1,31.63,11.14,1.13,0.17,1293,1,93.43,60
19/05/2016,12:00:00,12,May-16,Summer-2016,29.83,30.17,29.37,73.17,24.52,1.17,,0.71,4.03,,29.83,35.37,35.37,,1007.42,0,0,783,22.45,860.33,8.53,0.46,9.97,0,0.24,27.75,51.17,16.73,28.23,9.31,1.14,0.18,1326,1,94.95,60
19/05/2016,13:00:00,13,May-16,Summer-2016,29.92,30.2,29.63,73.83,24.73,0.9,,0.54,2.9,,29.92,35.65,35.65,,1006.97,0,0,425.5,12.2,558.17,5.2,0.28,7.22,0,0.24,26.68,45.67,13.98,26.52,8.44,1.15,0.1,1357,1,98.53,60
19/05/2016,14:00:00,14,May-16,Summer-2016,29.73,29.8,29.55,75.33,24.9,0.72,,0.45,2.9,,29.73,35.57,35.57,,1005.37,0,0,327.17,9.38,414.67,3.73,0.2,4.48,0,0.24,26.12,44.17,12.98,25.88,8.2,1.15,0.08,1398,1,100,60
19/05/2016,15:00:00,15,May-16,Summer-2016,29.68,29.95,29.62,76.17,25,0.88,,0.54,3.28,,29.68,35.62,35.62,,1004.75,0,0,162.83,4.67,211.67,1.58,0.09,2,0,0.24,25.78,43,12.22,25.42,8.05,1.15,0.04,1292,1,93.42,60
19/05/2016,16:00:00,16,May-16,Summer-2016,28.45,28.58,28.45,81,24.88,0.88,,0.54,3.13,,28.45,33.63,33.63,,1004.67,0,0,53.33,1.52,65.33,0.23,0.01,0.43,0,0.21,25.52,44.17,12.42,25.25,8.23,1.16,0.02,1367,1,98.83,60
19/05/2016,17:00:00,17,May-16,Summer-2016,28.08,28.13,28.08,81.17,24.52,0.9,,0.54,3.43,,28.08,32.58,32.58,,1003.95,0,0,83.17,2.38,90,0.6,0.03,0.63,0,0.2,25.47,44.5,12.47,25.23,8.28,1.15,0.03,1373,1,98.32,60
19/05/2016,18:00:00,18,May-16,Summer-2016,27.85,27.92,27.83,81.33,24.32,0.8,,0.49,2.77,,27.85,31.98,31.98,,1003.62,0,0,54.83,1.57,62.67,0.15,0.01,0.22,0,0.2,26.6,47.17,14.43,26.5,8.69,1.15,0.02,1403,1,100,60
19/05/2016,19:00:00,19,May-16,Summer-2016,27.45,27.53,27.45,83.5,24.43,0.5,,0.32,1.77,,27.45,31.42,31.42,,1004.55,0,0,7.33,0.21,8.67,0,0,0,0,0.19,27.3,49.5,15.82,27.45,9.03,1.14,0.01,1402,1,100,60
19/05/2016,20:00:00,20,May-16,Summer-2016,27.23,27.25,27.2,85.33,24.53,0.4,,0.27,1.55,,27.23,31.08,31.08,,1005.9,0,0,0,0,0,0,0,0,0,0.19,27.68,51.33,16.72,28.08,9.35,1.14,0.01,1400,1,100,60
19/05/2016,21:00:00,21,May-16,Summer-2016,27.33,27.35,27.3,84.5,24.48,0.67,,0.41,2.15,,27.33,31.27,31.27,,1006.12,0,0,0,0,0,0,0,0,0,0.19,27.87,52.5,17.27,28.48,9.51,1.14,0.01,1403,1,100,60
19/05/2016,22:00:00,22,May-16,Summer-2016,27.23,27.25,27.22,85.17,24.52,0.27,,0.18,1.62,,27.23,31.08,31.08,,1005.78,0,0,0,0,0,0,0,0,0,0.19,28.02,53.83,17.78,28.8,9.73,1.14,0.01,1400,1,100,60
19/05/2016,23:00:00,23,May-16,Summer-2016,27.15,27.2,27.15,86,24.6,0.33,,0.23,1.47,,27.15,31.02,31.02,,1005.88,0,0,0,0,0,0,0,0,0,0.18,28.13,54.83,18.18,29.08,9.83,1.14,0.01,1402,1,100,60
20/05/2016,00:00:00,24,May-16,Summer-2016,26.63,26.7,26.63,87.5,24.35,0.4,,0.27,1.9,,26.63,29.97,29.97,,1005.5,0,0,0,0,0,0,0,0,0,0.17,28.2,55.5,18.45,29.2,9.95,1.14,0.01,1404,1,100,60
20/05/2016,01:00:00,1,May-16,Summer-2016,26.27,26.35,26.27,88,24.12,0.07,,0.05,0.5,,26.27,29.37,29.37,,1004.87,0,0,0,0,0,0,0,0,0,0.17,28.25,56.5,18.75,29.4,10.13,1.14,0.01,1400,1,100,60
20/05/2016,02:00:00,2,May-16,Summer-2016,26.15,26.17,26.12,89.33,24.23,0,,0,0.43,,26.15,29.27,29.27,,1004.35,0,0,0,0,0,0,0,0,0,0.16,28.3,57.67,19.12,29.58,10.3,1.14,0,1402,1,100,60
20/05/2016,03:00:00,11,May-16,Summer-2016,25.93,25.98,25.93,90.5,24.25,0.2,,0.14,1.18,,25.93,28.98,28.98,,1003.77,0,0,0,0,0,0,0,0,0,0.16,28.3,58.5,19.45,29.7,10.45,1.13,0,1402,1,100,60
20/05/2016,04:00:00,12,May-16,Summer-2016,25.83,25.87,25.83,90.67,24.23,0.13,,0.09,1.1,,25.83,28.82,28.82,,1003.77,0,0,0,0,0,0,0,0,0,0.16,28.3,59,19.6,29.7,10.55,1.13,0,1399,1,100,60
20/05/2016,05:00:00,13,May-16,Summer-2016,25.68,25.73,25.68,92,24.32,0.07,,0.05,0.67,,25.68,28.63,28.63,,1003.45,0,0,0,0,0,0,0,0,0,0.15,28.35,60,19.85,29.85,10.75,1.13,0,1402,1,100,60
20/05/2016,06:00:00,14,May-16,Summer-2016,25.33,25.42,25.32,94.17,24.33,0,,0,0.22,,25.33,28.1,28.1,,1003.67,0.4,1.23,3.17,0.09,4.17,0,0,0,0,0.15,28.35,60.33,19.93,29.9,10.82,1.13,0,1396,1,100,60
20/05/2016,07:00:00,15,May-16,Summer-2016,25.37,25.38,25.32,94.67,24.47,0.33,,0.23,1.17,,25.37,28.18,28.18,,1004.15,0,0,21.67,0.62,26.83,0,0,0,0,0.15,28.35,61,20.1,30,10.95,1.13,0.01,1402,1,100,60
20/05/2016,08:00:00,16,May-16,Summer-2016,25.47,25.5,25.42,94.17,24.47,0.4,,0.27,1.48,,25.47,28.35,28.35,,1004.55,0.4,2.07,51.33,1.47,61.83,0.22,0.01,0.35,0,0.15,28.4,61.67,20.3,30.17,11.04,1.13,0.01,1404,1,100,60
20/05/2016,09:00:00,17,May-16,Summer-2016,26.4,26.4,26.22,91.83,24.95,0.57,,0.36,1.77,,26.4,30.08,30.08,,1004.75,0,0,169.33,4.86,208.33,1.65,0.09,2.03,0,0.17,28.4,62,20.4,30.2,11.09,1.13,0.03,1404,1,100,60
20/05/2016,10:00:00,18,May-16,Summer-2016,27.2,27.23,27.07,87.67,24.97,0.48,,0.32,1.93,,27.2,31.42,31.42,,1005.13,0,0,182,5.22,220,2.07,0.11,2.5,0,0.19,28.4,62,20.4,30.2,11.09,1.13,0.04,1401,1,100,60
20/05/2016,11:00:00,19,May-16,Summer-2016,28.03,28.13,27.8,84.83,25.25,0.57,,0.36,2,,28.03,33.12,33.12,,1004.78,0,0,260.83,7.47,320.67,3.03,0.17,3.77,0,0.2,28.4,62,20.5,30.3,11.09,1.13,0.06,1403,1,100,60
20/05/2016,12:00:00,20,May-16,Summer-2016,27.9,28.05,27.73,82.5,24.63,0.57,,0.36,2,,27.9,32.33,32.33,,1004.4,0,0,234.83,6.74,270.17,2.8,0.15,3.22,0,0.2,28.4,62.5,20.6,30.4,11.19,1.13,0.05,1399,1,100,60
20/05/2016,13:00:00,21,May-16,Summer-2016,28.25,28.3,28.15,80.83,24.63,0.9,,0.54,2.32,,28.25,33.07,33.07,,1003.35,0,0,265.5,7.61,303.67,3.27,0.18,3.7,0,0.21,28.4,63,20.7,30.5,11.29,1.13,0.06,1404,1,100,60
20/05/2016,14:00:00,22,May-16,Summer-2016,28.33,28.5,28.18,81.5,24.87,0.73,,0.45,2.6,,28.33,33.42,33.42,,1002.65,0,0,213,6.11,276.5,2.42,0.13,3.22,0,0.21,28.4,63,20.7,30.5,11.29,1.13,0.05,1401,1,100,60
20/05/2016,15:00:00,23,May-16,Summer-2016,27.1,27.43,27.1,86.83,24.72,0.65,,0.41,2.23,,27.1,31.08,31.08,,1002.1,2.8,17.73,78.5,2.25,96.33,0.73,0.04,1.07,0,0.18,28.4,63.17,20.75,30.52,11.32,1.13,0.02,1399,1,100,60
20/05/2016,16:00:00,24,May-16,Summer-2016,26.08,26.1,26.05,92.5,24.75,0.57,,0.36,1.62,,26.08,29.45,29.45,,1001.43,0,0.13,54.17,1.55,69.67,0.33,0.02,0.57,0,0.16,28.4,64,21,30.6,11.49,1.13,0.01,1401,1,100,60
20/05/2016,17:00:00,1,May-16,Summer-2016,25.9,25.95,25.87,90.5,24.25,0.73,,0.45,2.53,,25.9,28.97,28.97,,1001.35,0,0,47.5,1.36,60.5,0.07,0,0.12,0,0.16,28.4,64.83,21.17,30.67,11.66,1.13,0.01,1403,1,100,60
20/05/2016,18:00:00,2,May-16,Summer-2016,25.85,25.9,25.82,90,24.1,0.9,,0.54,2.82,,25.85,28.8,28.8,,1001.4,0,0,31.33,0.9,37.17,0,0,0,0,0.16,28.4,65,21.2,30.73,11.69,1.13,0.01,1399,1,100,60
20/05/2016,19:00:00,3,May-16,Summer-2016,25.48,25.55,25.47,90,23.72,0.57,,0.36,2.23,,25.48,28.08,28.08,,1001.57,0,0,4.67,0.13,6.33,0,0,0,0,0.15,28.4,65,21.2,30.67,11.69,1.13,0,1397,1,100,60
20/05/2016,20:00:00,4,May-16,Summer-2016,25.37,25.4,25.33,90.67,23.75,0.73,,0.45,2.92,,25.37,27.95,27.95,,1001.78,0,0,0,0,0,0,0,0,0,0.15,28.4,65,21.2,30.6,11.69,1.13,0,1404,1,100,60
20/05/2016,21:00:00,5,May-16,Summer-2016,25.17,25.22,25.17,92.33,23.8,0.2,,0.14,1.18,,25.17,27.63,27.63,,1001.95,0,0,0,0,0,0,0,0,0,0.14,28.4,65,21.2,30.6,11.69,1.13,0,1399,1,100,60
20/05/2016,22:00:00,6,May-16,Summer-2016,25.13,25.17,25.1,93,23.93,0.27,,0.18,1.55,,25.13,27.63,27.63,,1002.37,0,0,0,0,0,0,0,0,0,0.14,28.4,65,21.2,30.6,11.69,1.13,0,1401,1,100,60
20/05/2016,23:00:00,7,May-16,Summer-2016,25.28,25.28,25.27,93,24.08,0.27,,0.18,1.18,,25.28,27.88,27.88,,1002.68,0,0,0,0,0,0,0,0,0,0.14,28.4,65.83,21.37,30.77,11.86,1.13,0,1403,1,100,60
21/05/2016,00:00:00,8,May-16,Summer-2016,25.32,25.32,25.3,93.33,24.15,0.07,,0.05,0.65,,25.32,27.95,27.95,,1002.15,0,0,0,0,0,0,0,0,0,0.15,28.37,66,21.4,30.77,11.89,1.13,0,1403,1,100,60
21/05/2016,01:00:00,9,May-16,Summer-2016,25.33,25.38,25.32,93,24.13,0.4,,0.27,1.48,,25.33,28.02,28.02,,1001.3,0,0,0,0,0,0,0,0,0,0.15,28.32,66,21.4,30.72,11.89,1.13,0,1400,1,100,60
21/05/2016,02:00:00,10,May-16,Summer-2016,25.25,25.28,25.25,94.17,24.23,0.27,,0.18,1.1,,25.25,27.87,27.87,,1000.15,0.4,0.33,0,0,0,0,0,0,0,0.14,28.3,66,21.4,30.7,11.89,1.13,0,1403,1,100,60
21/05/2016,03:00:00,11,May-16,Summer-2016,24.92,24.97,24.9,95.67,24.2,0.35,,0.23,1.4,,24.92,27.45,27.45,,999.4,1.2,2.43,0,0,0,0,0,0,0,0.14,28.3,66,21.4,30.7,11.89,1.13,0,1401,1,100,60
21/05/2016,04:00:00,12,May-16,Summer-2016,24.72,24.75,24.72,96,24.03,0.65,,0.41,1.92,,24.72,27.12,27.12,,998.85,3.6,8.47,0,0,0,0,0,0,0,0.13,28.3,66,21.37,30.67,11.89,1.13,0,1403,1,100,60
21/05/2016,05:00:00,13,May-16,Summer-2016,24.68,24.7,24.63,96.17,24.02,0.65,,0.41,2.77,,24.68,27.07,27.07,,998.38,4,7.43,0,0,0,0,0,0,0,0.13,28.3,66.5,21.47,30.67,11.99,1.12,0,1401,1,100,60
21/05/2016,06:00:00,14,May-16,Summer-2016,24.58,24.63,24.58,96.5,24,0.73,,0.45,2.6,,24.58,26.93,26.93,,998.22,8.4,19.07,0,0,0,0,0,0,0,0.13,28.3,67,21.6,30.7,12.09,1.12,0,1404,1,100,60
21/05/2016,07:00:00,15,May-16,Summer-2016,24.3,24.32,24.28,96.67,23.77,0.73,,0.45,2.6,,24.3,26.57,26.57,,998.78,9,16.47,0.5,0.01,0.83,0,0,0,0,0.13,28.22,67,21.52,30.62,12.09,1.13,0,1401,1,100,60
21/05/2016,08:00:00,16,May-16,Summer-2016,24.17,24.2,24.17,97,23.63,1.1,,0.67,3.13,,24.17,26.28,26.28,,998.95,8.8,16.37,9.67,0.28,11.83,0,0,0,0,0.12,28.2,67,21.5,30.6,12.09,1.13,0,1368,1,98.98,60
21/05/2016,09:00:00,17,May-16,Summer-2016,24.13,24.15,24.12,96.83,23.58,1.1,,0.67,4.02,,24.13,26.3,26.3,,998.75,8.2,15.37,44.17,1.26,52.83,0.18,0.01,0.28,0,0.12,28.2,67.83,21.7,30.72,12.26,1.13,0.01,1383,1,99.5,60
21/05/2016,10:00:00,18,May-16,Summer-2016,23.93,24.02,23.88,96.33,23.33,1.3,,0.8,5.05,,23.93,26.05,26.05,,998.38,8,17.27,75.33,2.17,84.33,0.92,0.05,1.02,0,0.12,28.18,68,21.68,30.68,12.3,1.12,0.02,1399,1,100,60
21/05/2016,11:00:00,19,May-16,Summer-2016,24.18,24.18,24.15,96,23.48,1.17,,0.71,5.38,,24.18,26.35,26.35,,997.68,4.8,9.8,74,2.12,86.5,0.88,0.05,1.18,0,0.12,28.12,68,21.62,30.62,12.3,1.12,0.02,1385,1,99.7,60
21/05/2016,12:00:00,20,May-16,Summer-2016,24.13,24.18,24.13,95,23.27,1.38,,0.85,5.37,,24.13,26.23,26.23,,997.07,5.4,11.7,143.83,4.13,167.5,1.98,0.11,2.3,0,0.12,28.1,68.83,21.85,30.68,12.43,1.12,0.03,1403,1,100,60
21/05/2016,13:00:00,21,May-16,Summer-2016,24.52,24.53,24.42,94,23.45,1.55,,0.94,7.03,,24.52,26.68,26.68,,996.42,0.6,0.93,155.83,4.47,191.33,2.15,0.12,2.68,0,0.13,28.1,69,21.82,30.62,12.45,1.12,0.03,1401,1,100,60
21/05/2016,14:00:00,22,May-16,Summer-2016,24.82,24.85,24.77,92.33,23.5,1.63,,0.98,5.02,,24.82,27.1,27.1,,995.67,0.6,0.53,224.33,6.43,253.17,2.92,0.16,3.23,0,0.14,28.1,69,21.8,30.6,12.45,1.12,0.05,1402,1,100,60
21/05/2016,15:00:00,23,May-16,Summer-2016,24.65,24.72,24.63,92.33,23.32,1.72,,1.03,5.37,,24.65,26.82,26.82,,995.37,1.4,3.87,209.83,6.01,226.67,2.3,0.12,2.5,0,0.13,28.02,69,21.8,30.52,12.45,1.12,0.04,1402,1,100,60
21/05/2016,16:00:00,24,May-16,Summer-2016,24.2,24.28,24.15,93.17,23,1.7,,1.03,5.67,,24.2,26.28,26.28,,995.42,0.6,0.5,137.83,3.95,144,1.3,0.07,1.35,0,0.12,27.97,69,21.77,30.47,12.45,1.12,0.03,1404,1,100,60
21/05/2016,17:00:00,1,May-16,Summer-2016,25.35,25.35,25.03,86.33,22.88,1.55,,0.94,5.13,,25.35,27.53,27.53,,994.82,0,0,210.5,6.04,257.67,1.4,0.08,1.53,0,0.15,27.9,69,21.7,30.4,12.46,1.12,0.05,1403,1,100,60
21/05/2016,18:00:00,2,May-16,Summer-2016,25.97,26.05,25.93,84.5,23.13,1.25,,0.76,3.78,,25.97,28.45,28.45,,995.32,0,0,81.67,2.34,141.17,0.32,0.02,0.4,0,0.16,27.9,69,21.7,30.38,12.46,1.12,0.03,1402,1,100,60
21/05/2016,19:00:00,3,May-16,Summer-2016,25.83,25.83,25.82,84,22.93,0.73,,0.45,2.68,,25.83,28.22,28.22,,996.02,0,0,3.33,0.1,4.67,0,0,0,0,0.16,27.9,69,21.7,30.3,12.46,1.12,0.01,1404,1,100,60
21/05/2016,20:00:00,4,May-16,Summer-2016,26.1,26.12,26.03,83,22.95,0.87,,0.54,2.67,,26.1,28.47,28.47,,996.9,0,0,0,0,0,0,0,0,0,0.16,27.88,69,21.68,30.28,12.46,1.12,0.01,1400,1,100,60
21/05/2016,21:00:00,5,May-16,Summer-2016,25.5,25.63,25.5,88.17,23.38,0,,0,0.07,,25.5,27.98,27.98,,997.65,0,0,0,0,0,0,0,0,0,0.15,27.8,68,21.4,30.1,12.31,1.13,0.01,1403,1,100,60
21/05/2016,22:00:00,6,May-16,Summer-2016,25.6,25.65,25.48,86.5,23.18,0.57,,0.36,2.13,,25.6,28.03,28.03,,998.18,0,0,0,0,0,0,0,0,0,0.15,27.8,68,21.4,30.1,12.31,1.13,0.01,1401,1,100,60
21/05/2016,23:00:00,7,May-16,Summer-2016,25.3,25.35,25.3,89.33,23.43,0.57,,0.36,1.77,,25.3,27.75,27.75,,998.83,0,0,0,0,0,0,0,0,0,0.15,27.8,68,21.35,30,12.31,1.13,0.01,1401,1,100,60
22/05/2016,00:00:00,8,May-16,Summer-2016,25.18,25.2,25.15,91,23.58,0.73,,0.45,2.08,,25.18,27.58,27.58,,998.98,0,0,0,0,0,0,0,0,0,0.14,27.78,68,21.3,29.88,12.31,1.13,0,1401,1,100,60
22/05/2016,01:00:00,9,May-16,Summer-2016,25.1,25.15,25.08,91.33,23.58,0.48,,0.32,1.47,,25.1,27.48,27.48,,998.52,0,0,0,0,0,0,0,0,0,0.14,27.7,68,21.3,29.8,12.31,1.13,0,1400,1,100,60
22/05/2016,02:00:00,10,May-16,Summer-2016,24.93,24.95,24.9,92,23.6,0,,0,0.13,,24.93,27.3,27.3,,998.18,0,0,0,0,0,0,0,0,0,0.14,27.7,68,21.3,29.8,12.31,1.13,0,1404,1,100,60
22/05/2016,03:00:00,11,May-16,Summer-2016,24.73,24.8,24.72,92.33,23.42,0,,0,0.67,,24.73,26.97,26.97,,998.35,0,0,0,0,0,0,0,0,0,0.13,27.7,68,21.3,29.8,12.31,1.13,0,1400,1,100,60
22/05/2016,04:00:00,12,May-16,Summer-2016,24.4,24.48,24.4,94.67,23.5,0,,0,0.07,,24.4,26.63,26.63,,998.72,0,0,0,0,0,0,0,0,0,0.13,27.7,68,21.25,29.75,12.31,1.13,0,1404,1,100,60
22/05/2016,05:00:00,13,May-16,Summer-2016,24.32,24.33,24.3,96,23.7,0,,0,0,,24.32,26.6,26.6,,999.13,0,0,0,0,0,0,0,0,0,0.13,27.7,68,21.2,29.7,12.31,1.13,0,1403,1,100,60
22/05/2016,06:00:00,14,May-16,Summer-2016,24.65,24.65,24.57,96,23.98,0,,0,0,,24.65,27.03,27.03,,999.67,0,0,12,0.34,15.5,0,0,0,0,0.13,27.7,68.67,21.4,29.77,12.42,1.13,0,1404,1,100,60
22/05/2016,07:00:00,15,May-16,Summer-2016,25.55,25.55,25.33,94.5,24.6,0,,0,0.15,,25.55,28.53,28.53,,1000.18,0,0,79.83,2.29,90.5,0.27,0.02,0.37,0,0.15,27.63,68.33,21.27,29.67,12.37,1.13,0.02,1401,1,100,60
22/05/2016,08:00:00,16,May-16,Summer-2016,27.42,27.45,27.03,87.5,25.15,0.33,,0.23,1.1,,27.42,31.88,31.88,,1000.5,0,0,237.83,6.82,342.67,1.58,0.09,1.87,0,0.19,27.6,69,21.4,29.7,12.48,1.13,0.05,1402,1,100,60
22/05/2016,09:00:00,17,May-16,Summer-2016,28.58,28.72,28.38,82.33,25.27,0.33,,0.23,1.4,,28.58,34.25,34.25,,1000.48,0,0,347.67,9.97,408.83,2.72,0.15,3,0,0.21,27.6,69,21.4,29.7,12.48,1.13,0.08,1402,1,100,60
22/05/2016,10:00:00,18,May-16,Summer-2016,29.45,29.65,29.23,79,25.42,0.27,,0.18,1.25,,29.45,35.68,35.68,,1000.67,0,0,374.33,10.73,473.83,3.07,0.16,3.72,0,0.23,27.15,62.83,19.4,28.43,11.31,1.14,0.08,1399,1,100,60
22/05/2016,11:00:00,19,May-16,Summer-2016,29.53,29.63,29.28,77.5,25.17,0.57,,0.36,1.47,,29.53,35.57,35.57,,1000.4,0,0,447,12.82,530.33,4.65,0.25,5.58,0,0.23,25.72,52.17,15.17,25.88,9.52,1.15,0.1,1371,1,99.12,60
22/05/2016,12:00:00,20,May-16,Summer-2016,30.43,30.67,30.3,76.67,25.87,0.35,,0.23,1.32,,30.43,37.63,37.63,,1000.1,0,0,453.5,13,619.67,4.65,0.25,6.22,0,0.25,25.22,49,13.72,25.08,9.04,1.15,0.11,1388,1,99.7,60
22/05/2016,13:00:00,21,May-16,Summer-2016,29.83,30.02,29.63,79,25.78,0.73,,0.45,2.17,,29.83,36.65,36.65,,999.73,0,0,438.67,12.58,554,4.37,0.24,5.38,0,0.24,25.1,48.5,13.45,24.9,8.96,1.15,0.1,1393,1,100,60
22/05/2016,14:00:00,22,May-16,Summer-2016,31.28,31.33,30.95,73.67,25.98,0.82,,0.5,2.45,,31.28,39.15,39.15,,999.3,0,0,612.5,17.56,702.33,5.32,0.29,5.9,0,0.27,25.07,48.5,13.43,24.9,8.97,1.15,0.14,1403,1,100,60
22/05/2016,15:00:00,23,May-16,Summer-2016,31.63,31.75,31.47,71.17,25.77,0.82,,0.5,2.68,,31.63,39.35,39.35,,998.95,0,0,580.83,16.65,658.67,4.2,0.22,4.65,0,0.28,24.92,47.17,12.9,24.72,8.74,1.15,0.14,1404,1,100,60
22/05/2016,16:00:00,24,May-16,Summer-2016,32.18,32.27,31.98,69.83,25.98,0.57,,0.36,1.85,,32.18,40.8,40.8,,998.57,0,0,406.33,11.65,486.33,2.48,0.14,2.7,0,0.29,24.77,47.17,12.73,24.62,8.75,1.15,0.09,1401,1,100,60
22/05/2016,17:00:00,1,May-16,Summer-2016,31.83,32,31.77,71,25.93,0.33,,0.23,1.17,,31.83,40,40,,998.57,0,0,167,4.79,238.5,1.07,0.06,1.13,0,0.28,24.9,47.17,12.87,24.73,8.73,1.15,0.04,1398,1,100,60
22/05/2016,18:00:00,2,May-16,Summer-2016,31.47,31.57,31.45,73.17,26.07,0.13,,0.09,0.88,,31.47,39.45,39.45,,999,0,0,69,1.98,83.5,0.1,0.01,0.2,0,0.27,26.08,51.5,15.28,26.23,9.42,1.14,0.02,1402,1,100,60
22/05/2016,19:00:00,3,May-16,Summer-2016,30.38,30.58,30.38,78.67,26.23,0.4,,0.27,1.77,,30.38,37.87,37.87,,999.73,0,0,8.67,0.25,11.17,0,0,0,0,0.25,26.58,54,16.48,26.9,9.75,1.14,0.01,1401,1,100,60
22/05/2016,20:00:00,4,May-16,Summer-2016,29.65,29.75,29.65,81.83,26.23,0.27,,0.18,1.02,,29.65,36.7,36.7,,1000.47,0,0,0,0,0,0,0,0,0,0.24,26.8,55.83,17.25,27.28,10,1.14,0.01,1403,1,100,60
22/05/2016,21:00:00,5,May-16,Summer-2016,29.33,29.35,29.33,83,26.15,0.13,,0.09,1.03,,29.33,36.22,36.22,,1001.4,0,0,0,0,0,0,0,0,0,0.23,26.93,57.67,17.9,27.62,10.29,1.14,0.01,1399,1,100,60
22/05/2016,22:00:00,6,May-16,Summer-2016,29.2,29.23,29.18,83.5,26.1,0.07,,0.05,1.02,,29.2,35.98,35.98,,1002.15,0,0,0,0,0,0,0,0,0,0.23,27.08,59,18.38,27.85,10.55,1.14,0.01,1402,1,100,60
22/05/2016,23:00:00,7,May-16,Summer-2016,28.92,29,28.92,83.5,25.83,0.33,,0.23,1.23,,28.92,35.37,35.37,,1002.45,0,0,0,0,0,0,0,0,0,0.22,27.18,60.17,18.77,28.13,10.78,1.14,0.01,1405,1,100,60
23/05/2016,00:00:00,8,May-16,Summer-2016,28.43,28.52,28.43,86.67,26,0.2,,0.14,1.1,,28.43,34.55,34.55,,1002.12,0,0,0,0,0,0,0,0,0,0.21,27.25,61,19.05,28.3,10.95,1.14,0.01,1401,1,100,60
23/05/2016,01:00:00,9,May-16,Summer-2016,28.08,28.12,28.07,89,26.08,0.13,,0.09,1.17,,28.08,33.95,33.95,,1002.05,0,0,0,0,0,0,0,0,0,0.2,27.3,61.5,19.25,28.42,11.04,1.14,0.01,1397,1,100,60
23/05/2016,02:00:00,10,May-16,Summer-2016,28,28.05,27.98,89.33,26.07,0.2,,0.14,1.48,,28,33.77,33.77,,1001.75,0,0,0,0,0,0,0,0,0,0.2,27.35,62,19.45,28.55,11.13,1.14,0.01,1402,1,100,60
23/05/2016,03:00:00,11,May-16,Summer-2016,27.47,27.6,27.47,91.17,25.9,0,,0,0,,27.47,32.72,32.72,,1001.5,0,0,0,0,0,0,0,0,0,0.19,27.4,62.33,19.6,28.72,11.19,1.13,0,1403,1,100,60
23/05/2016,04:00:00,12,May-16,Summer-2016,26.85,26.9,26.85,94.5,25.88,0,,0,0,,26.85,31.52,31.52,,1001.38,0,0,0,0,0,0,0,0,0,0.18,27.42,63,19.8,28.82,11.32,1.13,0,1402,1,100,60
23/05/2016,05:00:00,13,May-16,Summer-2016,26.72,26.75,26.68,95.33,25.88,0,,0,0,,26.72,31.28,31.28,,1001.57,0,0,0,0,0,0,0,0,0,0.17,27.48,63,19.8,28.88,11.32,1.13,0,1401,1,100,60
23/05/2016,06:00:00,14,May-16,Summer-2016,26.65,26.72,26.62,96,25.95,0,,0,0,,26.65,31.35,31.35,,1001.9,0,0,22.33,0.64,28.17,0,0,0,0,0.17,27.53,64,20.1,29.03,11.52,1.13,0.01,1402,1,100,60
23/05/2016,07:00:00,15,May-16,Summer-2016,27.63,27.63,27.37,94.5,26.68,0,,0,0,,27.63,33.8,33.8,,1002.22,0,0,97.83,2.81,115.5,0.32,0.02,0.38,0,0.19,27.6,64,20.12,29.12,11.52,1.13,0.03,1404,1,100,60
23/05/2016,08:00:00,16,May-16,Summer-2016,29.35,29.38,29.12,88,27.15,0.27,,0.18,1.12,,29.35,37.48,37.48,,1002.5,0,0,244,7,298.83,1.38,0.07,1.5,0,0.23,27.62,64.33,20.28,29.25,11.59,1.13,0.06,1401,1,100,60
23/05/2016,09:00:00,17,May-16,Summer-2016,30.03,30.08,29.83,86,27.43,0.4,,0.27,1.47,,30.03,39.03,39.03,,1002.45,0,0,309.5,8.87,451.17,2.5,0.13,2.8,0,0.24,27.7,65.67,20.65,29.48,11.84,1.13,0.08,1402,1,100,60
23/05/2016,10:00:00,18,May-16,Summer-2016,31.43,31.5,31.1,80.17,27.55,0.57,,0.36,2.6,,31.43,41.88,41.88,,1002.2,0,0,650.83,18.66,680.33,5.15,0.28,5.45,0,0.27,27.75,66.83,21.02,29.73,12.08,1.13,0.14,1404,1,100,60
23/05/2016,11:00:00,19,May-16,Summer-2016,32,32.1,31.82,77.17,27.52,0.82,,0.5,2.32,,32,43.17,43.17,,1002.08,0,0,718.17,20.59,824.67,6.42,0.34,7.18,0,0.29,27.8,67.67,21.28,29.97,12.24,1.13,0.15,1399,1,100,60
23/05/2016,12:00:00,20,May-16,Summer-2016,32.8,32.88,32.57,74.17,27.63,0.9,,0.54,2.6,,32.8,45.05,45.05,,1001.83,0,0,726.83,20.84,807.5,6.88,0.37,7.97,0,0.3,27.87,68.5,21.55,30.2,12.39,1.13,0.17,1399,1,100,60
23/05/2016,13:00:00,21,May-16,Summer-2016,33.02,33.32,32.77,72.17,27.33,0.82,,0.5,2.52,,33.02,44.7,44.7,,1001.78,0,0,519.67,14.9,674.5,5.3,0.29,6.77,0,0.31,27.9,69,21.7,30.37,12.46,1.13,0.13,1399,1,100,60
23/05/2016,14:00:00,22,May-16,Summer-2016,33.65,33.87,33.4,67.17,26.7,0.65,,0.41,2.23,,33.65,44.5,44.5,,1001.33,0,0,542.17,15.54,702.17,4.98,0.27,5.97,0,0.32,27.95,69.67,21.9,30.52,12.63,1.13,0.13,1398,1,100,60
23/05/2016,15:00:00,23,May-16,Summer-2016,34.08,34.3,33.97,62.33,25.87,0.57,,0.36,1.87,,34.08,43.7,43.7,,1000.42,0,0,483.5,13.86,594.5,3.62,0.19,4.07,0,0.33,28,70,22,30.6,12.71,1.13,0.12,1401,1,100,60
23/05/2016,16:00:00,24,May-16,Summer-2016,33.38,33.58,33.3,66.5,26.32,0.57,,0.36,2.38,,33.38,43.33,43.33,,1000.02,0,0,225.33,6.46,293.67,1.8,0.1,1.93,0,0.31,28.1,70,22.1,30.8,12.7,1.13,0.06,1403,1,100,60
23/05/2016,17:00:00,1,May-16,Summer-2016,33.97,34.1,33.78,64.5,26.32,0.4,,0.27,1.3,,33.97,44.3,44.3,,999.58,0,0,248.17,7.11,265.83,0.82,0.05,0.92,0,0.33,28.1,70,22.1,30.87,12.69,1.13,0.06,1403,1,100,60
23/05/2016,18:00:00,2,May-16,Summer-2016,33.32,33.5,33.3,66.83,26.32,0.27,,0.18,1.48,,33.32,43.3,43.3,,999.03,0,0,87.33,2.5,97.83,0.08,0.01,0.17,0,0.31,28.1,70,22.1,30.9,12.69,1.13,0.03,1394,1,100,60
23/05/2016,19:00:00,3,May-16,Summer-2016,31.73,32,31.73,74.83,26.68,0.27,,0.18,1.93,,31.73,40.92,40.92,,999.73,0,0,8.33,0.24,11,0,0,0,0,0.28,28.18,70,22.18,30.98,12.69,1.13,0.01,1403,1,100,60
23/05/2016,20:00:00,4,May-16,Summer-2016,30.65,30.8,30.65,78.17,26.4,0.4,,0.27,1.85,,30.65,38.53,38.53,,1000.93,0,0,0,0,0,0,0,0,0,0.26,28.2,70,22.2,31.03,12.69,1.13,0.01,1401,1,100,60
23/05/2016,21:00:00,5,May-16,Summer-2016,30.2,30.23,30.18,75.67,25.42,0.33,,0.23,1.93,,30.2,36.77,36.77,,1001.63,0,0,0,0,0,0,0,0,0,0.25,28.2,70,22.2,31.1,12.68,1.13,0.01,1403,1,100,60
23/05/2016,22:00:00,6,May-16,Summer-2016,29.82,29.9,29.82,77.67,25.5,0.33,,0.23,1.85,,29.82,36.22,36.22,,1002,0,0,0,0,0,0,0,0,0,0.24,28.2,70,22.2,31.1,12.68,1.13,0.01,1404,1,100,60
23/05/2016,23:00:00,7,May-16,Summer-2016,29.42,29.5,29.42,79.33,25.47,0.27,,0.18,1.25,,29.42,35.58,35.58,,1002.32,0,0,0,0,0,0,0,0,0,0.23,28.27,70,22.27,31.17,12.68,1.13,0.01,1398,1,100,60
24/05/2016,00:00:00,8,May-16,Summer-2016,28.93,29.02,28.93,83.83,25.9,0.07,,0.05,0.67,,28.93,35.4,35.4,,1002.55,0,0,0,0,0,0,0,0,0,0.22,28.3,70,22.3,31.23,12.68,1.13,0.01,1404,1,100,60
24/05/2016,01:00:00,9,May-16,Summer-2016,28.47,28.55,28.45,87,26.1,0.2,,0.14,0.87,,28.47,34.77,34.77,,1002.1,0,0,0,0,0,0,0,0,0,0.21,28.3,70,22.3,31.3,12.67,1.13,0.01,1397,1,100,60
24/05/2016,02:00:00,10,May-16,Summer-2016,28.25,28.28,28.23,89,26.27,0.33,,0.23,1.4,,28.25,34.47,34.47,,1001.47,0,0,0,0,0,0,0,0,0,0.21,28.3,70,22.3,31.3,12.67,1.13,0.01,1402,1,100,60
24/05/2016,03:00:00,11,May-16,Summer-2016,28.13,28.17,28.13,90.83,26.43,0.2,,0.14,1.55,,28.13,34.48,34.48,,1001.33,0,0,0,0,0,0,0,0,0,0.2,28.37,70,22.37,31.37,12.66,1.13,0,1399,1,100,60
24/05/2016,04:00:00,12,May-16,Summer-2016,27.9,27.93,27.87,92.17,26.53,0.07,,0.05,0.58,,27.9,34.2,34.2,,1001.45,0,0,0,0,0,0,0,0,0,0.2,28.4,70,22.4,31.4,12.66,1.13,0,1401,1,100,60
24/05/2016,05:00:00,13,May-16,Summer-2016,27.95,27.98,27.93,92,26.55,0.13,,0.09,1.18,,27.95,34.32,34.32,,1001.5,0,0,0,0,0,0,0,0,0,0.2,28.4,70,22.4,31.4,12.66,1.13,0,1404,1,100,60
24/05/2016,06:00:00,14,May-16,Summer-2016,27.85,27.88,27.78,92.83,26.57,0,,0,0,,27.85,34.13,34.13,,1001.83,0,0,18.67,0.53,23.17,0,0,0,0,0.2,28.4,70,22.4,31.5,12.66,1.13,0.01,1401,1,100,60
24/05/2016,07:00:00,15,May-16,Summer-2016,28.67,28.68,28.52,90.17,26.9,0,,0,0,,28.67,36.07,36.07,,1002.2,0,0,80,2.3,89.5,0.27,0.02,0.37,0,0.22,28.4,70.83,22.65,31.77,12.88,1.13,0.02,1404,1,100,60
24/05/2016,08:00:00,16,May-16,Summer-2016,29.85,29.88,29.57,86,27.23,0,,0,0.15,,29.85,38.52,38.52,,1002.43,0,0,233.5,6.7,279,1.37,0.07,1.48,0,0.24,28.42,71,22.7,31.82,12.92,1.13,0.05,1401,1,100,60
24/05/2016,09:00:00,17,May-16,Summer-2016,31.12,31.25,30.93,80.33,27.33,0.4,,0.27,1.25,,31.12,40.65,40.65,,1003.03,0,0,367.83,10.55,465,2.32,0.13,2.62,0,0.27,28.53,71,22.73,31.97,12.92,1.13,0.08,1404,1,100,60
24/05/2016,10:00:00,18,May-16,Summer-2016,32.33,32.4,31.92,76.33,27.62,0.65,,0.41,1.78,,32.33,43.93,43.93,,1003.17,0,0,490,14.05,616,3.85,0.21,4.33,0,0.29,28.6,71.5,22.9,32.2,13.08,1.13,0.12,1404,1,100,60
24/05/2016,11:00:00,19,May-16,Summer-2016,33.13,33.33,32.88,70.5,27.05,0.57,,0.36,1.78,,33.13,44.33,44.33,,1002.68,0,0,627.83,17.99,772.5,5.33,0.29,6.13,0,0.31,28.25,66.33,21.3,30.98,12.1,1.13,0.14,1398,1,100,60
24/05/2016,12:00:00,20,May-16,Summer-2016,34.03,34.22,33.87,67,27.05,0.9,,0.54,2.22,,34.03,45.68,45.68,,1002.1,0,0,806,23.11,845.5,7.33,0.4,7.68,0,0.33,25.67,48,13.85,25.63,8.85,1.15,0.19,1405,1,100,60
24/05/2016,13:00:00,21,May-16,Summer-2016,34.37,34.45,34.18,66.5,27.23,0.9,,0.54,2.37,,34.37,46.57,46.57,,1001.35,0,0,767.67,22.01,822.5,6.73,0.36,7.33,0,0.33,24.5,45.33,11.88,24.27,8.46,1.16,0.17,1399,1,100,60
24/05/2016,14:00:00,22,May-16,Summer-2016,32.67,33.65,32.62,67.5,25.82,1.1,,0.67,3.65,,32.67,42.15,42.15,,1000.55,0,0,260.83,7.48,336.67,2.07,0.11,2.72,0,0.3,23.83,44,10.83,23.57,8.26,1.16,0.07,1401,1,100,60
24/05/2016,15:00:00,23,May-16,Summer-2016,26.52,27,26.42,86,23.97,1.25,,0.76,4.25,,26.52,29.73,29.73,,1001.22,1.4,1.8,10,0.29,14.33,0,0,0,0,0.17,23.93,43.83,10.87,23.67,8.22,1.16,0.01,1402,1,100,60
24/05/2016,16:00:00,24,May-16,Summer-2016,25.02,25.35,24.73,89.17,23.07,2.9,,1.74,7.38,,24.9,27.23,27.12,,1000.85,0.8,1.27,7.33,0.21,8.83,0,0,0,0,0.14,24.4,43.5,11.17,24.12,8.14,1.16,0.01,1399,1,100,60
24/05/2016,17:00:00,1,May-16,Summer-2016,25.97,26.12,25.87,83,22.87,0.8,,0.49,3.07,,25.97,28.32,28.32,,997.65,0.8,0.33,22.17,0.64,24.17,0,0,0,0,0.16,24.57,43.5,11.33,24.28,8.14,1.15,0.01,1402,1,100,60
24/05/2016,18:00:00,2,May-16,Summer-2016,25.75,25.82,25.58,88.33,23.68,0.07,,0.05,0.73,,25.75,28.43,28.43,,996.5,0.4,0.4,38.83,1.12,41.17,0,0,0,0,0.15,25.93,45.33,13.2,25.78,8.41,1.14,0.01,1400,1,100,60
24/05/2016,19:00:00,3,May-16,Summer-2016,26.55,26.58,26.43,83,23.43,0.28,,0.18,1.27,,26.55,29.33,29.33,,998.78,0.4,0,11.33,0.32,13.83,0,0,0,0,0.17,26.63,48.67,14.93,26.62,8.94,1.14,0.01,1402,1,100,60
24/05/2016,20:00:00,4,May-16,Summer-2016,26.25,26.35,26.23,85.67,23.67,0.6,,0.36,2.15,,26.25,29.1,29.1,,999.98,0.4,0,0,0,0,0,0,0,0,0.17,26.93,51.17,15.98,27.12,9.34,1.14,0.01,1404,1,100,60
24/05/2016,21:00:00,5,May-16,Summer-2016,26.05,26.1,26.03,88,23.88,0.57,,0.36,2.07,,26.05,28.88,28.88,,1000.58,0,0,0,0,0,0,0,0,0,0.16,27.13,53,16.73,27.43,9.62,1.14,0.01,1402,1,100,60
24/05/2016,22:00:00,6,May-16,Summer-2016,25.72,25.77,25.72,89.33,23.82,0.33,,0.23,1.47,,25.72,28.45,28.45,,1001.08,0,0,0,0,0,0,0,0,0,0.15,27.23,54.33,17.2,27.73,9.78,1.14,0.01,1403,1,100,60
24/05/2016,23:00:00,7,May-16,Summer-2016,25.53,25.58,25.52,90.33,23.8,0.33,,0.23,1.4,,25.53,28.17,28.17,,1001.28,0,0,0,0,0,0,0,0,0,0.15,27.33,55.5,17.65,27.98,9.95,1.14,0,1405,1,100,60
25/05/2016,00:00:00,8,May-16,Summer-2016,25.38,25.47,25.35,91.17,23.83,0,,0,0,,25.38,27.98,27.98,,1001.25,0,0,0,0,0,0,0,0,0,0.15,27.4,57.33,18.23,28.23,10.24,1.14,0,1403,1,100,60
25/05/2016,01:00:00,9,May-16,Summer-2016,24.97,25.03,24.95,93.67,23.9,0,,0,0,,24.97,27.42,27.42,,1000.98,0,0,0,0,0,0,0,0,0,0.14,27.48,58.17,18.53,28.4,10.38,1.14,0,1400,1,100,60
25/05/2016,02:00:00,10,May-16,Summer-2016,24.82,24.83,24.82,94.67,23.95,0,,0,0,,24.82,27.22,27.22,,1000.37,0,0,0,0,0,0,0,0,0,0.14,27.55,59.5,18.95,28.6,10.65,1.13,0,1401,1,100,60
25/05/2016,03:00:00,11,May-16,Summer-2016,24.93,24.93,24.88,95,24.1,0,,0,0,,24.93,27.42,27.42,,1000.15,0,0,0,0,0,0,0,0,0,0.14,27.6,60,19.1,28.7,10.75,1.13,0,1403,1,100,60
25/05/2016,04:00:00,12,May-16,Summer-2016,25.22,25.22,25.18,93.67,24.12,0,,0,0,,25.22,27.82,27.82,,999.77,0,0,0,0,0,0,0,0,0,0.14,27.6,60.67,19.3,28.77,10.88,1.13,0,1403,1,100,60
25/05/2016,05:00:00,13,May-16,Summer-2016,25.43,25.47,25.4,91.67,23.98,0,,0,0,,25.43,28.17,28.17,,999.92,0,0,0,0,0,0,0,0,0,0.15,27.62,61,19.42,28.82,10.95,1.13,0,1400,1,100,60
25/05/2016,06:00:00,14,May-16,Summer-2016,25.37,25.42,25.28,93.83,24.33,0,,0,0,,25.37,28.2,28.2,,1000.37,0,0,18.67,0.53,22.33,0,0,0,0,0.15,27.7,61,19.5,28.9,10.95,1.13,0.01,1402,1,100,60
25/05/2016,07:00:00,15,May-16,Summer-2016,26.33,26.33,26.13,91.5,24.87,0.2,,0.14,0.9,,26.33,29.98,29.98,,1000.82,0,0,85.67,2.46,97.33,0.35,0.02,0.45,0,0.17,27.7,62,19.73,29.1,11.11,1.13,0.02,1402,1,100,60
25/05/2016,08:00:00,16,May-16,Summer-2016,28.13,28.13,27.82,83.17,24.97,0.65,,0.41,2.23,,28.13,33.05,33.05,,1001.38,0,0,285.33,8.18,307.83,1.52,0.08,1.6,0,0.2,27.72,62,19.8,29.12,11.11,1.13,0.07,1401,1,100,60
25/05/2016,09:00:00,17,May-16,Summer-2016,29.32,29.35,29.08,80.17,25.52,0.82,,0.5,2.53,,29.32,35.57,35.57,,1001.8,0,0,482,13.82,519.17,2.97,0.16,3.22,0,0.23,27.8,62.17,19.87,29.25,11.14,1.13,0.1,1403,1,100,60
25/05/2016,10:00:00,18,May-16,Summer-2016,30.43,30.48,30.18,78.33,26.18,0.97,,0.58,3.07,,30.43,37.95,37.95,,1001.53,0,0,644.67,18.48,691.67,4.83,0.26,5.18,0,0.25,27.12,56.83,17.77,27.93,10.24,1.14,0.14,1398,1,100,60
25/05/2016,11:00:00,19,May-16,Summer-2016,31.4,31.47,31.18,75.33,26.48,0.95,,0.58,2.9,,31.4,39.82,39.82,,1001.28,0,0,635.83,18.23,748,5.68,0.31,6.6,0,0.27,24.78,45.83,12.32,24.58,8.54,1.15,0.15,1355,1,98.03,60
25/05/2016,12:00:00,20,May-16,Summer-2016,32.35,32.47,32.12,72.67,26.82,0.97,,0.58,2.82,,32.35,42.52,42.52,,1000.78,0,0,762.67,21.87,874.5,6.75,0.36,7.53,0,0.29,23.92,44.67,11.12,23.7,8.38,1.16,0.18,1358,1,98.25,60
25/05/2016,13:00:00,21,May-16,Summer-2016,32.72,32.92,32.48,70.83,26.72,0.97,,0.58,2.98,,32.72,43,43,,1000.25,0,0,633.17,18.15,837.17,5.57,0.3,6.9,0,0.3,24.08,48,12.35,23.98,8.91,1.16,0.14,1396,1,100,60
25/05/2016,14:00:00,22,May-16,Summer-2016,32.98,33.15,32.82,70.33,26.88,0.97,,0.58,3.28,,32.98,43.75,43.75,,999.13,0,0,500.67,14.35,642.5,4.67,0.25,5.72,0,0.31,24.75,48,12.98,24.58,8.88,1.15,0.13,1387,1,100,60
25/05/2016,15:00:00,23,May-16,Summer-2016,33.27,33.52,33.13,70.67,27.23,0.9,,0.54,3.27,,33.27,45.03,45.03,,998.4,0,0,490.17,14.06,613.83,3.6,0.19,4.2,0,0.31,23.78,44,10.77,23.5,8.26,1.16,0.12,1397,1,100,60
25/05/2016,16:00:00,24,May-16,Summer-2016,31.32,32.85,31.22,71.67,25.48,1.78,,1.08,6.25,,31.1,40.2,39.98,,998.75,0,0,252.67,7.24,332.67,1.48,0.08,1.95,0,0.27,24.1,45.5,11.6,23.88,8.5,1.16,0.07,1403,1,100,60
25/05/2016,17:00:00,1,May-16,Summer-2016,22.3,22.6,22.23,93.67,21.23,1.7,,1.03,4.32,,22.17,23.77,23.63,,999.65,1.4,2.53,17.67,0.51,20.67,0,0,0,0,0.08,25.77,50.67,14.77,25.85,9.3,1.15,0.01,1396,1,100,60
25/05/2016,18:00:00,2,May-16,Summer-2016,22.73,22.75,22.62,96,22.07,0.27,,0.18,0.95,,22.73,24.37,24.37,,998.67,0.6,0.4,11.5,0.33,13,0,0,0,0,0.09,26.25,51.83,15.55,26.47,9.45,1.14,0,1403,1,100,60
25/05/2016,19:00:00,3,May-16,Summer-2016,22.78,22.82,22.73,96.33,22.18,0.07,,0.05,0.97,,22.78,24.47,24.47,,999.9,0.4,0,10.67,0.31,13.5,0,0,0,0,0.09,26.53,53.5,16.3,26.83,9.7,1.14,0,1404,1,100,60
25/05/2016,20:00:00,4,May-16,Summer-2016,22.87,22.92,22.83,96,22.23,0.13,,0.09,1.1,,22.87,24.57,24.57,,1000.4,0.6,0.47,0,0,0,0,0,0,0,0.1,26.73,55,16.93,27.13,9.87,1.14,0,1398,1,100,60
25/05/2016,21:00:00,5,May-16,Summer-2016,23.18,23.2,23.12,95,22.37,0.2,,0.14,1.33,,23.18,24.83,24.83,,1001,0.6,0.8,0,0,0,0,0,0,0,0.1,26.83,56.33,17.43,27.37,10.09,1.14,0,1404,1,100,60
25/05/2016,22:00:00,6,May-16,Summer-2016,23.42,23.42,23.35,94.5,22.48,0.07,,0.05,0.8,,23.42,25.12,25.12,,1001.62,0.8,0.77,0,0,0,0,0,0,0,0.11,26.93,57,17.73,27.58,10.16,1.14,0,1402,1,100,60
25/05/2016,23:00:00,7,May-16,Summer-2016,23.47,23.5,23.43,95.33,22.68,0,,0,0.15,,23.47,25.25,25.25,,1002.12,0.6,0.3,0,0,0,0,0,0,0,0.11,27.07,58,18.07,27.77,10.35,1.14,0,1400,1,100,60
26/05/2016,00:00:00,10,May-16,Summer-2016,23.62,23.63,23.57,96,22.92,0,,0,0,,23.62,25.5,25.5,,1001.8,0.6,0.33,0,0,0,0,0,0,0,0.11,27.1,58.67,18.3,27.87,10.48,1.14,0,1404,1,100,60
26/05/2016,01:00:00,11,May-16,Summer-2016,23.6,23.65,23.6,96,22.92,0,,0,0,,23.6,25.45,25.45,,1001.23,0.6,0.13,0,0,0,0,0,0,0,0.11,27.17,59,18.47,27.97,10.55,1.14,0,1399,1,100,60
26/05/2016,02:00:00,12,May-16,Summer-2016,23.33,23.37,23.32,96,22.7,0,,0,0.42,,23.33,25.13,25.13,,1000.75,0.8,0.97,0,0,0,0,0,0,0,0.11,27.2,59.83,18.7,28.12,10.72,1.14,0,1403,1,100,60
26/05/2016,03:00:00,13,May-16,Summer-2016,23.57,23.57,23.5,96,22.87,0,,0,0.95,,23.57,25.4,25.4,,1000.27,0.8,0.97,0,0,0,0,0,0,0,0.11,27.2,60,18.8,28.2,10.75,1.14,0,1404,1,100,60
26/05/2016,04:00:00,14,May-16,Summer-2016,23.78,23.78,23.77,96,23.12,0.13,,0.09,1.02,,23.78,25.82,25.82,,1000.78,0.6,0.27,0,0,0,0,0,0,0,0.11,27.27,60.83,19.03,28.28,10.92,1.14,0,1403,1,100,60
26/05/2016,05:00:00,15,May-16,Summer-2016,23.82,23.87,23.8,96,23.2,0.28,,0.18,1.33,,23.82,25.9,25.9,,1001.08,0.4,0.13,0,0,0,0,0,0,0,0.11,27.3,61,19.1,28.3,10.95,1.14,0,1402,1,100,60
26/05/2016,06:00:00,16,May-16,Summer-2016,23.83,23.88,23.82,96,23.22,0,,0,0.48,,23.83,25.93,25.93,,1001.72,0.2,0,10.5,0.3,13.17,0,0,0,0,0.12,27.3,61.67,19.3,28.37,11.07,1.14,0,1402,1,100,60
26/05/2016,07:00:00,17,May-16,Summer-2016,24.65,24.65,24.42,95,23.8,0.2,,0.14,0.87,,24.65,27.03,27.03,,1002.53,0.2,0,87.17,2.5,101,0.32,0.02,0.33,0,0.13,27.3,62,19.4,28.45,11.13,1.14,0.02,1402,1,100,60
26/05/2016,08:00:00,18,May-16,Summer-2016,27.07,27.1,26.67,87.83,24.88,0.4,,0.27,1.62,,27.07,31.17,31.17,,1003.05,0.2,0,277.67,7.96,291.5,1.43,0.08,1.55,0,0.18,27.32,62,19.42,28.52,11.13,1.14,0.06,1404,1,100,60
26/05/2016,09:00:00,19,May-16,Summer-2016,29.13,29.13,28.78,79.33,25.18,0.65,,0.41,2.08,,29.13,34.92,34.92,,1003.5,0.2,0,480.67,13.78,497.17,3,0.16,3.13,0,0.22,27.4,62,19.5,28.6,11.12,1.14,0.11,1404,1,100,60
26/05/2016,10:00:00,20,May-16,Summer-2016,30.3,30.35,30.15,70.83,24.42,0.9,,0.54,2.53,,30.3,35.97,35.97,,1003.93,0.4,0,638.5,18.31,662.5,4.6,0.25,4.87,0,0.25,27.4,62.83,19.75,28.77,11.29,1.14,0.14,1400,1,100,60
26/05/2016,11:00:00,21,May-16,Summer-2016,31.38,31.47,31.13,69.5,25.15,0.65,,0.41,1.93,,31.38,38.12,38.12,,1003.53,0,0,743.33,21.31,756.17,6.43,0.35,6.6,0,0.27,27.47,63,19.8,28.87,11.32,1.14,0.17,1399,1,100,60
26/05/2016,12:00:00,22,May-16,Summer-2016,32.45,32.63,32.25,66.17,25.32,0.73,,0.45,2.53,,32.45,40.35,40.35,,1003.08,0.2,0,800.33,22.94,817,7.23,0.39,7.45,0,0.29,26.23,54.67,16.38,26.58,9.86,1.15,0.19,1352,1,97.52,60
26/05/2016,13:00:00,23,May-16,Summer-2016,32.9,32.97,32.72,68.17,26.23,0.82,,0.5,2.17,,32.9,42.45,42.45,,1002.48,0.2,0,718,20.59,829.17,5.95,0.32,7.07,0,0.3,25.6,55,15.85,25.85,9.95,1.15,0.15,990,1,72.37,60
26/05/2016,14:00:00,24,May-16,Summer-2016,33.4,33.57,33.2,65.83,26.1,0.9,,0.54,2.62,,33.4,42.98,42.98,,1001.7,0.4,0.13,507.17,14.54,580.67,3.98,0.21,4.83,0,0.31,24.98,48,13.2,24.83,8.88,1.15,0.13,883,1,64.55,60
26/05/2016,15:00:00,1,May-16,Summer-2016,33.8,33.9,33.53,65.17,26.33,0.73,,0.45,2.47,,33.8,44.08,44.08,,1001.03,0.4,0.43,443.83,12.73,505.33,3.13,0.17,3.52,0,0.32,24.77,46.83,12.65,24.62,8.69,1.15,0.12,1124,1,82.15,60
26/05/2016,16:00:00,2,May-16,Summer-2016,33.82,33.93,33.65,62.5,25.63,0.82,,0.5,2.97,,33.82,42.97,42.97,,1000.45,0.4,0,387.5,11.11,468.67,2.33,0.13,2.62,0,0.32,24.83,47,12.78,24.68,8.72,1.15,0.1,1311,1,94.52,60
26/05/2016,17:00:00,3,May-16,Summer-2016,33.57,33.78,33.52,65,26.08,0.48,,0.32,1.62,,33.57,43.27,43.27,,999.98,0.4,0,181.67,5.21,206.17,0.97,0.05,1.13,0,0.32,24.65,46,12.25,24.42,8.52,1.15,0.05,1374,1,98.92,60
26/05/2016,18:00:00,4,May-16,Summer-2016,32.15,32.33,32.15,72.5,26.58,0.57,,0.36,2.07,,32.15,41.67,41.67,,1000.2,0,0,41.17,1.18,49,0.07,0,0.08,0,0.29,25.53,48.67,13.93,25.48,8.97,1.15,0.02,1065,1,77.87,60
26/05/2016,19:00:00,5,May-16,Summer-2016,28.63,29.42,28.62,81.33,25.1,1.08,,0.67,3.03,,28.63,34.43,34.43,,1001.17,0.2,0,3.83,0.11,5.5,0,0,0,0,0.21,26.45,52,15.77,26.63,9.49,1.14,0.01,1057,1,76.62,60
26/05/2016,20:00:00,6,May-16,Summer-2016,25.62,25.87,25.57,86.5,23.18,0.73,,0.45,3.05,,25.62,28.02,28.02,,1002.37,0,0,0,0,0,0,0,0,0,0.15,26.7,54,16.6,27.05,9.75,1.14,0.01,1402,1,100,60
26/05/2016,21:00:00,7,May-16,Summer-2016,25.08,25.18,25.05,85.83,22.55,0.95,,0.58,3.45,,25.08,27.17,27.17,,1003.23,0.2,0,0,0,0,0,0,0,0,0.14,26.85,55.5,17.2,27.35,9.95,1.14,0.01,1401,1,100,60
26/05/2016,22:00:00,8,May-16,Summer-2016,25.92,26.03,25.73,80,22.18,0.35,,0.23,1.47,,25.92,27.93,27.93,,1003.38,0,0,0,0,0,0,0,0,0,0.16,26.95,56.5,17.6,27.5,10.11,1.14,0.01,1403,1,100,60
26/05/2016,23:00:00,9,May-16,Summer-2016,25.05,25.17,25.03,86.33,22.6,0,,0,0.13,,25.05,27.17,27.17,,1003.42,0,0,0,0,0,0,0,0,0,0.14,27.08,57,17.83,27.72,10.16,1.14,0.01,1401,1,100,60
27/05/2016,00:00:00,10,May-16,Summer-2016,24.78,24.82,24.78,90,23.02,0,,0,0.07,,24.78,26.87,26.87,,1002.95,0,0,0,0,0,0,0,0,0,0.13,27.15,57.83,18.12,27.85,10.32,1.14,0,1404,1,100,60
27/05/2016,01:00:00,11,May-16,Summer-2016,24.95,24.95,24.87,89.5,23.1,0,,0,0.07,,24.95,27.12,27.12,,1002.58,0,0,0,0,0,0,0,0,0,0.14,27.2,58.17,18.25,27.97,10.38,1.14,0,1403,1,100,60
27/05/2016,02:00:00,12,May-16,Summer-2016,26.1,26.1,25.87,84.5,23.27,0.13,,0.09,1.03,,26.1,28.67,28.67,,1002.08,0,0,0,0,0,0,0,0,0,0.16,27.27,59,18.57,28.17,10.55,1.14,0.01,1404,1,100,60
27/05/2016,03:00:00,13,May-16,Summer-2016,26.23,26.33,26.22,86.5,23.8,0.13,,0.09,0.73,,26.23,29.12,29.12,,1002.18,0,0,0,0,0,0,0,0,0,0.16,27.3,59.5,18.73,28.23,10.65,1.14,0.01,1400,1,100,60
27/05/2016,04:00:00,14,May-16,Summer-2016,26.17,26.18,26.12,90,24.38,0.07,,0.05,0.28,,26.17,29.37,29.37,,1002.68,0.2,0,0,0,0,0,0,0,0,0.16,27.32,60,18.9,28.32,10.75,1.14,0,1403,1,100,60
27/05/2016,05:00:00,15,May-16,Summer-2016,26.5,26.52,26.42,92.5,25.17,0,,0,0.45,,26.5,30.45,30.45,,1002.6,0,0,0,0,0,0,0,0,0,0.17,27.4,60.17,18.95,28.42,10.78,1.14,0,1402,1,100,60
27/05/2016,06:00:00,16,May-16,Summer-2016,26.67,26.68,26.62,93,25.43,0,,0,0.13,,26.67,30.87,30.87,,1003.07,0,0,17,0.49,23.83,0,0,0,0,0.17,27.4,61,19.23,28.53,10.95,1.14,0.01,1404,1,100,60
27/05/2016,07:00:00,17,May-16,Summer-2016,26.73,27.17,26.67,91.17,25.18,0.67,,0.4,2.97,,26.68,31.08,31.03,,1004.75,0.2,0,20,0.57,29,0,0,0,0,0.18,27.4,61,19.3,28.6,10.95,1.14,0.01,1401,1,100,60
27/05/2016,08:00:00,18,May-16,Summer-2016,23.27,23.55,23.2,92,21.9,1.33,,0.81,4.47,,23.23,24.75,24.72,,1005.37,0,0,43.83,1.26,52.67,0.23,0.01,0.27,0,0.1,27.42,62,19.52,28.72,11.12,1.14,0.01,1401,1,100,60
27/05/2016,09:00:00,19,May-16,Summer-2016,24.82,24.82,24.35,90.67,23.2,0.27,,0.18,1.32,,24.82,27.15,27.15,,1003.88,0,0,203.5,5.84,224.5,1.7,0.09,1.87,0,0.14,27.42,62.67,19.7,28.78,11.25,1.14,0.04,1403,1,100,60
27/05/2016,10:00:00,20,May-16,Summer-2016,28.2,28.23,27.77,77,23.77,0.63,,0.4,2.98,,28.2,32.28,32.28,,1003.87,0,0,446.17,12.79,545.83,3.67,0.2,4.2,0,0.21,27.52,63,19.82,28.92,11.32,1.14,0.1,1403,1,100,60
27/05/2016,11:00:00,21,May-16,Summer-2016,30.28,30.4,29.87,70.17,24.22,1.02,,0.63,3.12,,30.28,35.7,35.7,,1004.6,0,0,639.67,18.33,779.17,5.55,0.3,6.6,0,0.25,27.6,63,19.9,29.02,11.32,1.14,0.14,1400,1,100,60
27/05/2016,12:00:00,22,May-16,Summer-2016,31.48,31.58,31.3,71.67,25.7,1.17,,0.71,3.5,,31.48,38.92,38.92,,1004.73,0,0,704.5,20.2,809.83,6.48,0.35,7.1,0,0.27,27.63,63.5,20.05,29.17,11.42,1.14,0.17,1399,1,100,60
27/05/2016,13:00:00,23,May-16,Summer-2016,31.9,32,31.63,73.33,26.52,0.73,,0.45,2.6,,31.9,41.03,41.03,,1004.3,0,0,498,14.28,629.33,4.75,0.25,5.75,0,0.28,27.7,64,20.22,29.3,11.51,1.14,0.12,1403,1,100,60
27/05/2016,14:00:00,24,May-16,Summer-2016,32.23,32.45,32.07,74.17,27.05,0.82,,0.5,2.82,,32.23,42.68,42.68,,1003.32,0,0,415,11.9,503.17,3.65,0.19,4.32,0,0.29,27.7,65,20.5,29.4,11.71,1.13,0.1,1404,1,100,60
27/05/2016,15:00:00,1,May-16,Summer-2016,32.3,32.45,32.18,71.33,26.45,0.82,,0.5,2.9,,32.3,41.83,41.83,,1002.95,0,0,465.33,13.34,567.5,3.62,0.19,4.23,0,0.29,27.77,65.67,20.7,29.6,11.84,1.13,0.12,1405,1,100,60
27/05/2016,16:00:00,2,May-16,Summer-2016,32.05,32.1,31.88,63,24.08,0.9,,0.54,2.6,,32.05,38.15,38.15,,1002.27,0.2,0,409.5,11.74,467.17,2.5,0.14,2.7,0,0.29,27.8,66,20.8,29.7,11.91,1.13,0.1,1405,1,100,60
27/05/2016,17:00:00,3,May-16,Summer-2016,32.15,32.3,32.07,61.67,23.82,0.57,,0.36,2.07,,32.15,37.93,37.93,,1001.52,0,0,251.17,7.2,269.67,1.25,0.07,1.33,0,0.29,27.8,66,20.9,29.8,11.91,1.13,0.07,1402,1,100,60
27/05/2016,18:00:00,4,May-16,Summer-2016,31.37,31.57,31.35,67.5,24.62,0.33,,0.23,1.48,,31.37,37.47,37.47,,1001.92,0,0,91.67,2.63,109.83,0.1,0.01,0.18,0,0.27,27.8,66,20.9,29.8,11.91,1.13,0.03,1402,1,100,60
27/05/2016,19:00:00,5,May-16,Summer-2016,29.68,29.93,29.68,71.33,23.93,0,,0,0.73,,29.68,34.68,34.68,,1002.7,0,0,5,0.14,6.17,0,0,0,0,0.24,27.8,66,20.9,29.8,11.91,1.13,0.01,1400,1,100,60
27/05/2016,20:00:00,6,May-16,Summer-2016,28.8,28.92,28.78,75.67,24.07,0.52,,0.31,2.37,,28.8,33.6,33.6,,1003.9,0,0,0,0,0,0,0,0,0,0.22,27.83,66,20.9,29.83,11.91,1.13,0.01,1400,1,100,60
27/05/2016,21:00:00,7,May-16,Summer-2016,27.82,27.98,27.82,76.67,23.35,0.37,,0.23,1.33,,27.82,31.27,31.27,,1003.45,0,0,0,0,0,0,0,0,0,0.2,27.9,66,20.9,29.9,11.91,1.13,0.01,1399,1,100,60
27/05/2016,22:00:00,8,May-16,Summer-2016,27.58,27.63,27.45,81,24.05,0.13,,0.09,0.65,,27.58,31.35,31.35,,1003.68,0.2,0,0,0,0,0,0,0,0,0.19,27.88,66,20.9,29.88,11.91,1.13,0.01,1404,1,100,60
27/05/2016,23:00:00,9,May-16,Summer-2016,27.85,27.93,27.8,83.83,24.87,0,,0,0.22,,27.85,32.5,32.5,,1003.9,0,0,0,0,0,0,0,0,0,0.2,27.9,66,20.9,29.9,11.91,1.13,0.01,1401,1,100,60
28/05/2016,00:00:00,10,May-16,Summer-2016,27.15,27.23,27.08,86.5,24.7,0,,0,0,,27.15,31.07,31.07,,1003.57,0,0,0,0,0,0,0,0,0,0.18,27.9,66,20.97,29.97,11.9,1.13,0.01,1402,1,100,60
28/05/2016,01:00:00,11,May-16,Summer-2016,27.43,27.45,27.37,84.33,24.57,0,,0,0.15,,27.43,31.48,31.48,,1002.7,0,0,0,0,0,0,0,0,0,0.19,27.9,66,20.98,29.98,11.9,1.13,0.01,1402,1,100,60
28/05/2016,02:00:00,12,May-16,Summer-2016,27.58,27.6,27.53,88.67,25.52,0,,0,0.5,,27.58,32.5,32.5,,1002.6,0,0,0,0,0,0,0,0,0,0.19,27.9,66.33,21.07,30.03,11.97,1.13,0.01,1402,1,100,60
28/05/2016,03:00:00,13,May-16,Summer-2016,27.75,27.77,27.7,85.67,25.15,0.2,,0.14,1.17,,27.75,32.55,32.55,,1002.5,0,0,0,0,0,0,0,0,0,0.2,27.97,67,21.27,30.17,12.1,1.13,0.01,1403,1,100,60
28/05/2016,04:00:00,14,May-16,Summer-2016,28.02,28.07,27.98,86.5,25.52,0,,0,0.37,,28.02,33.33,33.33,,1002.9,0,0,0,0,0,0,0,0,0,0.2,28,67,21.3,30.2,12.1,1.13,0.01,1403,1,100,60
28/05/2016,05:00:00,15,May-16,Summer-2016,26.95,27.33,26.93,84.67,24.15,0.72,,0.45,3.13,,26.95,30.72,30.72,,1003.72,0,0,0,0,0,0,0,0,0,0.18,28,67,21.3,30.2,12.1,1.13,0.01,1398,1,100,60
28/05/2016,06:00:00,16,May-16,Summer-2016,25.4,25.5,25.38,89.33,23.52,0.65,,0.41,2.15,,25.4,27.88,27.88,,1004.2,0,0,1.33,0.04,2.33,0,0,0,0,0.15,28,67,21.3,30.2,12.1,1.13,0,1400,1,100,60
28/05/2016,07:00:00,17,May-16,Summer-2016,25.4,25.47,25.33,90.67,23.77,0.57,,0.36,2.07,,25.4,27.98,27.98,,1004.63,0,0,17.83,0.51,25.33,0,0,0,0,0.15,28,67.33,21.37,30.23,12.17,1.13,0.01,1405,1,100,60
28/05/2016,08:00:00,18,May-16,Summer-2016,25.48,25.5,25.37,91.83,24.07,0.33,,0.23,1.42,,25.48,28.25,28.25,,1004.63,0,0,84.83,2.43,104.17,0.43,0.03,0.65,0,0.15,28,67.67,21.43,30.27,12.23,1.13,0.02,1401,1,100,60
28/05/2016,09:00:00,19,May-16,Summer-2016,27.28,27.33,26.95,87,24.92,0.57,,0.36,1.55,,27.28,31.57,31.57,,1004.28,0,0,271,7.77,385.17,1.87,0.1,2.28,0,0.19,28,68,21.5,30.3,12.3,1.13,0.06,1401,1,100,60
28/05/2016,10:00:00,20,May-16,Summer-2016,26.97,27.25,26.97,90.17,25.22,0.35,,0.23,1.68,,26.97,31.22,31.22,,1004.57,0.2,0,50.67,1.45,64.67,0.22,0.01,0.37,0,0.18,28.05,68,21.55,30.35,12.3,1.13,0.01,1396,1,100,60
28/05/2016,11:00:00,21,May-16,Summer-2016,25.58,25.85,25.58,91.83,24.17,0.8,,0.49,2.67,,25.58,28.52,28.52,,1005.07,0,0,32.33,0.92,40.33,0,0,0,0,0.15,28.02,68,21.52,30.32,12.3,1.13,0.01,1401,1,100,60
28/05/2016,12:00:00,22,May-16,Summer-2016,24.78,24.82,24.72,93.83,23.68,0.2,,0.14,1.18,,24.78,27.08,27.08,,1004.27,0,0,30.83,0.88,34.5,0,0,0,0,0.13,28,68.33,21.6,30.37,12.35,1.13,0.01,1403,1,100,60
28/05/2016,13:00:00,23,May-16,Summer-2016,26.07,26.1,25.72,92.5,24.73,0.72,,0.45,2.45,,26.07,29.47,29.47,,1003.6,0,0,331.5,9.5,408,3,0.16,3.7,0,0.16,28,69,21.8,30.5,12.45,1.13,0.07,1401,1,100,60
28/05/2016,14:00:00,24,May-16,Summer-2016,28.03,28.15,27.7,85.67,25.42,0.97,,0.58,2.3,,28.03,33.33,33.33,,1003.12,0.2,0,545.5,15.64,693,4.72,0.25,5.62,0,0.2,28.05,69,21.8,30.55,12.45,1.13,0.12,1400,1,100,60
28/05/2016,15:00:00,1,May-16,Summer-2016,28.82,28.98,28.6,80.83,25.18,0.93,,0.58,2.28,,28.82,34.57,34.57,,1002.25,0,0,390.17,11.19,554,3.17,0.17,3.85,0,0.22,28.1,69,21.8,30.6,12.45,1.13,0.09,1399,1,100,60
28/05/2016,16:00:00,2,May-16,Summer-2016,28.52,28.82,28.42,80.83,24.92,0.65,,0.41,1.48,,28.52,33.75,33.75,,1001.65,0,0,137,3.93,198.17,0.93,0.05,1.32,0,0.21,28.1,69,21.8,30.6,12.45,1.13,0.03,1403,1,100,60
28/05/2016,17:00:00,3,May-16,Summer-2016,27.28,27.35,27.27,86.5,24.85,0.33,,0.23,1.17,,27.28,31.42,31.42,,1001.6,0,0,106,3.04,113.67,0.35,0.02,0.47,0,0.19,28.07,69,21.8,30.57,12.45,1.13,0.03,1396,1,100,60
28/05/2016,18:00:00,4,May-16,Summer-2016,27.32,27.35,27.3,87.17,25,0.4,,0.27,1.77,,27.32,31.6,31.6,,1001.7,0,0,62.83,1.8,65.33,0,0,0,0,0.19,28.05,69.67,21.98,30.67,12.62,1.13,0.02,1399,1,100,60
28/05/2016,19:00:00,5,May-16,Summer-2016,27.02,27.15,27.02,85.67,24.38,0.27,,0.18,1.17,,27.02,30.67,30.67,,1002.07,0,0,28,0.8,33.17,0,0,0,0,0.18,28.03,70,22.03,30.67,12.71,1.13,0.01,1401,1,100,60
28/05/2016,20:00:00,6,May-16,Summer-2016,26.28,26.37,26.28,89.83,24.48,0,,0,0,,26.28,29.62,29.62,,1002.6,0,0,0,0,0,0,0,0,0,0.17,28,69.17,21.83,30.52,12.49,1.13,0,1403,1,100,60
28/05/2016,21:00:00,7,May-16,Summer-2016,26.2,26.25,26.17,92,24.8,0,,0,0,,26.2,29.7,29.7,,1003.05,0,0,0,0,0,0,0,0,0,0.16,28,69,21.8,30.5,12.45,1.13,0,1399,1,100,60
28/05/2016,22:00:00,8,May-16,Summer-2016,26.03,26.05,26,93.5,24.9,0,,0,0,,26.03,29.48,29.48,,1003.48,0.2,0,0,0,0,0,0,0,0,0.16,28,69,21.8,30.5,12.45,1.13,0,1398,1,100,60
28/05/2016,23:00:00,9,May-16,Summer-2016,26.07,26.08,26.02,94,25,0,,0,0,,26.07,29.63,29.63,,1003.92,0,0,0,0,0,0,0,0,0,0.16,28,69,21.8,30.5,12.45,1.13,0,1404,1,100,60
29/05/2016,00:00:00,10,May-16,Summer-2016,26,26.07,26,93.5,24.87,0,,0,0,,26,29.47,29.47,,1003.98,0,0,0,0,0,0,0,0,0,0.16,28,69,21.8,30.5,12.45,1.13,0,1403,1,100,60
29/05/2016,01:00:00,11,May-16,Summer-2016,25.73,25.78,25.72,93.17,24.55,0.07,,0.05,0.42,,25.73,28.83,28.83,,1003.22,0,0,0,0,0,0,0,0,0,0.15,28,69.17,21.83,30.52,12.49,1.13,0,1404,1,100,60
29/05/2016,02:00:00,12,May-16,Summer-2016,25.53,25.57,25.5,94.17,24.53,0,,0,0.37,,25.53,28.47,28.47,,1003,0,0,0,0,0,0,0,0,0,0.15,28,70,22,30.6,12.71,1.13,0,1402,1,100,60
29/05/2016,03:00:00,13,May-16,Summer-2016,25.5,25.55,25.47,94.83,24.6,0,,0,0.13,,25.5,28.42,28.42,,1002.93,0.2,0,0,0,0,0,0,0,0,0.15,28,70,22,30.6,12.71,1.13,0,1404,1,100,60
29/05/2016,04:00:00,14,May-16,Summer-2016,25.73,25.73,25.7,95,24.88,0,,0,0.15,,25.73,28.97,28.97,,1002.75,0,0,0,0,0,0,0,0,0,0.15,28,70,22,30.6,12.71,1.13,0,1401,1,100,60
29/05/2016,05:00:00,15,May-16,Summer-2016,26,26,25.93,94.5,25.05,0,,0,0.22,,26,29.57,29.57,,1002.72,0,0,0,0,0,0,0,0,0,0.16,27.92,70,22,30.52,12.71,1.13,0,1400,1,100,60
29/05/2016,06:00:00,16,May-16,Summer-2016,25.45,25.57,25.45,94.33,24.47,0.13,,0.09,0.72,,25.45,28.33,28.33,,1002.82,0,0,7.17,0.21,9.67,0,0,0,0,0.15,27.92,70,22,30.52,12.71,1.13,0,1400,1,100,60
29/05/2016,07:00:00,17,May-16,Summer-2016,25.75,25.77,25.63,96,25.07,0.07,,0.05,0.73,,25.75,29.13,29.13,,1003.35,0,0,53,1.53,65.83,0,0,0,0,0.15,27.9,70,22,30.5,12.71,1.13,0.01,1405,1,100,60
29/05/2016,08:00:00,18,May-16,Summer-2016,26.6,26.6,26.43,95.67,25.85,0,,0,0.07,,26.6,31.08,31.08,,1004,0,0,82,2.35,95.5,0.2,0.01,0.4,0,0.17,27.9,70,22,30.5,12.71,1.13,0.02,1403,1,100,60
29/05/2016,09:00:00,19,May-16,Summer-2016,27.47,27.47,27.28,93.83,26.37,0.2,,0.14,1.1,,27.47,33.17,33.17,,1004.53,0,0,138.5,3.97,163.33,0.93,0.05,1.1,0,0.19,27.9,70,22,30.5,12.71,1.13,0.03,1403,1,100,60
29/05/2016,10:00:00,20,May-16,Summer-2016,29.15,29.17,28.87,89.33,27.22,0.65,,0.41,1.7,,29.15,37.2,37.2,,1004.58,0,0,341.83,9.8,431,2.43,0.13,2.93,0,0.23,27.93,70.33,22.07,30.6,12.79,1.13,0.08,1401,1,100,60
29/05/2016,11:00:00,21,May-16,Summer-2016,30.35,30.43,30.1,84.67,27.47,0.4,,0.27,1.42,,30.35,39.6,39.6,,1004.75,0,0,344.17,9.86,465.5,2.62,0.14,3.33,0,0.25,26.93,60.67,18.67,27.98,10.92,1.14,0.08,1227,1,89.62,60
29/05/2016,12:00:00,22,May-16,Summer-2016,32,32.1,31.67,77.33,27.55,0.57,,0.36,1.93,,32,43.08,43.08,,1004.18,0.2,0,650.33,18.65,786.67,5.2,0.28,6,0,0.28,25.85,51.67,15.15,26.02,9.44,1.15,0.14,1140,1,83.33,60
29/05/2016,13:00:00,23,May-16,Summer-2016,32.12,32.22,32.02,76,27.35,0.8,,0.49,2.4,,32.12,43,43,,1003.47,0,0,310,8.89,520.67,2.88,0.15,4.43,0,0.29,25,46.5,12.75,24.82,8.63,1.16,0.08,1194,1,87.22,60
29/05/2016,14:00:00,24,May-16,Summer-2016,32.9,32.95,32.58,72.5,27.28,1.47,,0.89,3.87,,32.9,44.38,44.38,,1002.57,0,0,638.17,18.29,765.83,4.98,0.27,5.6,0,0.3,23.98,44.5,11.13,23.75,8.35,1.16,0.15,1297,1,94.83,60
29/05/2016,15:00:00,1,May-16,Summer-2016,33.38,33.53,33.27,67.67,26.58,1.17,,0.71,3.5,,33.38,43.82,43.82,,1001.78,0,0,488.5,14,545.33,3.52,0.19,3.83,0,0.31,23.83,46.5,11.68,23.7,8.68,1.16,0.12,1104,1,80.72,60
29/05/2016,16:00:00,2,May-16,Summer-2016,32.18,32.88,32.07,69,25.73,1.32,,0.8,4.55,,32.18,40.63,40.63,,1001.55,0.2,0,271.67,7.78,412.67,1.58,0.09,2.02,0,0.29,24.63,47.67,12.75,24.47,8.86,1.16,0.08,1208,1,88.3,60
29/05/2016,17:00:00,3,May-16,Summer-2016,29.65,29.97,29.43,73.83,24.47,0.95,,0.58,3.05,,29.65,35.12,35.12,,1002.1,0,0,219.83,6.3,257.33,1.02,0.06,1.1,0,0.24,24.87,47.17,12.88,24.73,8.75,1.15,0.05,1236,1,90.37,60
29/05/2016,18:00:00,4,May-16,Summer-2016,28.5,28.57,28.47,77.83,24.27,0.57,,0.36,2.6,,28.5,33.27,33.27,,1001.97,0,0,77,2.21,85.83,0.15,0.01,0.18,0,0.21,25.95,50.5,14.85,26.03,9.24,1.15,0.02,1376,1,99.27,60
29/05/2016,19:00:00,5,May-16,Summer-2016,28.08,28.15,28.08,78.67,24.03,0.27,,0.18,0.95,,28.08,32.17,32.17,,1001.65,0,0,10,0.29,12.83,0,0,0,0,0.2,26.53,53,16.15,26.8,9.64,1.14,0.01,1385,1,99.87,60
29/05/2016,20:00:00,6,May-16,Summer-2016,27.75,27.83,27.72,81.67,24.33,0.13,,0.09,0.73,,27.75,31.82,31.82,,1001.72,0,0,0,0,0,0,0,0,0,0.2,26.75,54.5,16.8,27.17,9.8,1.14,0.01,1401,1,100,60
29/05/2016,21:00:00,7,May-16,Summer-2016,27.37,27.4,27.37,81.83,24,0,,0,0,,27.37,30.97,30.97,,1002.28,0,0,0,0,0,0,0,0,0,0.19,26.92,55.83,17.37,27.42,10.02,1.14,0.01,1403,1,100,60
29/05/2016,22:00:00,8,May-16,Summer-2016,26.95,27.02,26.95,82.5,23.73,0,,0,0,,26.95,30.1,30.1,,1002.9,0,0,0,0,0,0,0,0,0,0.18,27.07,56.83,17.77,27.68,10.14,1.14,0.01,1402,1,100,60
29/05/2016,23:00:00,9,May-16,Summer-2016,26.55,26.62,26.5,86.67,24.17,0,,0,0,,26.55,29.78,29.78,,1003.37,0,0,0,0,0,0,0,0,0,0.17,27.12,57.67,18.05,27.82,10.29,1.14,0.01,1404,1,100,60
30/05/2016,00:00:00,10,May-16,Summer-2016,26.72,26.77,26.67,88.33,24.63,0,,0,0.3,,26.72,30.37,30.37,,1003,0,0,0,0,0,0,0,0,0,0.17,27.2,58,18.2,27.97,10.35,1.14,0.01,1400,1,100,60
30/05/2016,01:00:00,11,May-16,Summer-2016,26.32,26.38,26.32,90.33,24.62,0,,0,0.13,,26.32,29.77,29.77,,1002.62,0,0,0,0,0,0,0,0,0,0.17,27.27,59,18.57,28.17,10.55,1.14,0,1398,1,100,60
30/05/2016,02:00:00,12,May-16,Summer-2016,26.13,26.15,26.12,91.5,24.63,0,,0,0.13,,26.13,29.43,29.43,,1002.48,0,0,0,0,0,0,0,0,0,0.16,27.3,59.33,18.7,28.23,10.62,1.14,0,1404,1,100,60
30/05/2016,03:00:00,13,May-16,Summer-2016,26.12,26.12,26.1,93.17,24.88,0,,0,0.2,,26.12,29.62,29.62,,1002.6,0,0,0,0,0,0,0,0,0,0.16,27.33,60,18.9,28.33,10.75,1.14,0,1399,1,100,60
30/05/2016,04:00:00,14,May-16,Summer-2016,26.18,26.2,26.17,94.33,25.18,0,,0,0,,26.18,29.95,29.95,,1002.7,0.2,0,0,0,0,0,0,0,0,0.16,27.4,60.33,19.03,28.47,10.82,1.14,0,1399,1,100,60
30/05/2016,05:00:00,15,May-16,Summer-2016,26.02,26.05,26,95.17,25.18,0,,0,0,,26.02,29.7,29.7,,1002.92,0,0,0,0,0,0,0,0,0,0.16,27.4,61,19.3,28.6,10.95,1.14,0,1400,1,100,60
30/05/2016,06:00:00,16,May-16,Summer-2016,26.08,26.1,26,96,25.4,0,,0,0,,26.08,29.93,29.93,,1003.42,0,0,17.33,0.5,21.5,0,0,0,0,0.16,27.45,61.83,19.52,28.73,11.09,1.14,0,1403,1,100,60
30/05/2016,07:00:00,17,May-16,Summer-2016,27.28,27.28,26.98,93.83,26.18,0,,0,0,,27.28,32.58,32.58,,1004.12,0,0,96.17,2.76,106.67,0.27,0.02,0.32,0,0.19,27.5,62,19.6,28.8,11.12,1.14,0.02,1403,1,100,60
30/05/2016,08:00:00,18,May-16,Summer-2016,29.73,29.77,29.37,86,27.12,0.13,,0.09,0.75,,29.73,38.15,38.15,,1004.47,0,0,259.33,7.43,271.5,1.22,0.07,1.28,0,0.24,27.6,62.83,19.85,29,11.29,1.14,0.06,1402,1,100,60
30/05/2016,09:00:00,19,May-16,Summer-2016,31.12,31.13,30.85,79.83,27.2,0.48,,0.32,1.63,,31.12,40.58,40.58,,1005.03,0,0,430.67,12.35,454.5,2.57,0.14,2.73,0,0.27,27.65,64,20.2,29.25,11.52,1.14,0.1,1394,1,100,60
30/05/2016,10:00:00,20,May-16,Summer-2016,32.45,32.5,32.23,73.17,27.02,0.65,,0.41,1.77,,32.45,43.13,43.13,,1005.47,0.2,0,557.67,15.99,632.17,4.03,0.22,4.38,0,0.29,27.67,64.33,20.3,29.28,11.58,1.14,0.13,1316,1,95.85,60
30/05/2016,11:00:00,21,May-16,Summer-2016,33.62,33.67,33.28,67.33,26.7,0.73,,0.45,2.17,,33.62,44.4,44.4,,1005.5,0,0,685.17,19.64,751.5,5.65,0.3,6.08,0,0.32,26.27,54.17,16.25,26.6,9.79,1.15,0.16,993,1,72.6,60
30/05/2016,12:00:00,22,May-16,Summer-2016,34.25,34.38,34.02,63.17,26.22,1.03,,0.63,3.05,,34.25,44.57,44.57,,1004.85,0,0,738.5,21.18,819.5,6.58,0.36,7.12,0,0.33,25.38,49,13.88,25.3,9.03,1.15,0.18,1332,1,95.32,60
30/05/2016,13:00:00,23,May-16,Summer-2016,34.27,34.43,34.13,64.67,26.63,1.18,,0.72,3.95,,34.27,45.32,45.32,,1004.17,0,0,757.5,21.72,837,6.8,0.36,7.4,0,0.33,25.02,47.5,13.1,24.82,8.81,1.16,0.19,1402,1,100,60
30/05/2016,14:00:00,24,May-16,Summer-2016,34.53,34.7,34.2,61.75,26.1,1.1,,1.21,3.7,,34.53,44.78,44.78,,1003.38,2.8,640,677.5,36.97,792.75,5.15,0.51,6.2,0,0.34,25,48.5,13.45,24.85,8.96,1.15,0.43,1342,1,97.05,50
30/05/2016,15:00:00,1,May-16,Summer-2016,33.1,34.55,32.85,64.5,25.5,0.65,,1.21,2.45,,33.1,41.7,41.7,,1002.4,0,0,480,41.28,682.5,3.1,0.5,4.35,0,0.31,24.8,47.5,12.85,24.6,8.82,1.16,0.36,1402,1,100,60
30/05/2016,16:00:00,2,May-16,Summer-2016,30.55,31.9,30.4,70.5,24.55,1.1,,2.01,3.6,,30.55,36.25,36.25,,1002.75,0,0,190,16.34,294.5,1.05,0.17,1.55,0,0.25,24.5,45.5,11.95,24.3,8.48,1.16,0.15,1403,1,100,60
30/05/2016,17:00:00,3,May-16,Summer-2016,29.65,29.95,29.65,72.5,24.2,0.85,,1.61,3.55,,29.65,34.75,34.75,,1002,0,0,237,20.38,318,1.2,0.19,1.55,0,0.24,24.3,44.5,11.4,24.05,8.34,1.16,0.18,1403,1,100,60
30/05/2016,18:00:00,4,May-16,Summer-2016,29.5,29.7,29.5,72,23.95,0.2,,0.4,1.1,,29.5,34.4,34.4,,1001.9,0,0,49,4.21,81.5,0.1,0.02,0.25,0,0.23,25.85,47,13.65,25.75,8.68,1.15,0.05,1401,1,100,60
30/05/2016,19:00:00,5,May-16,Summer-2016,29.25,29.5,29.25,74.5,24.25,0,,0,0.4,,29.25,34.3,34.3,,1002.45,0,0,8,0.69,13,0,0,0,0,0.23,26.6,49.5,15.15,26.6,9.06,1.15,0.03,1401,1,100,60
30/05/2016,20:00:00,6,May-16,Summer-2016,28.9,29.05,28.75,77.5,24.6,0,,0,0.45,,28.9,34.15,34.15,,1003.05,0,0,0,0,0,0,0,0,0,0.22,26.85,51.5,16.05,27.1,9.39,1.14,0.03,1403,1,100,60
30/05/2016,21:00:00,7,May-16,Summer-2016,29.05,29.2,29,80,25.25,0.2,,0.4,1.35,,29.05,35,35,,1003.7,0,0,0,0,0,0,0,0,0,0.22,27.15,52.5,16.6,27.4,9.54,1.14,0.03,1401,1,100,60
30/05/2016,22:00:00,8,May-16,Summer-2016,29,29.05,28.9,82,25.6,0.4,,0.8,2,,29,35.3,35.3,,1004.1,0,0,0,0,0,0,0,0,0,0.22,27.25,54.5,17.25,27.75,9.8,1.14,0.03,1405,1,100,60
30/05/2016,23:00:00,9,May-16,Summer-2016,29.1,29.25,29,80,25.25,0.65,,1.21,3.15,,29.1,35.1,35.1,,1004.25,0,0,0,0,0,0,0,0,0,0.22,27.35,56.5,17.95,28.1,10.12,1.14,0.03,1401,1,100,60
31/05/2016,00:00:00,10,May-16,Summer-2016,28,28.6,28,78.5,23.95,0.65,,1.21,3.55,,28,32.05,32.05,,1003.95,0,0,0,0,0,0,0,0,0,0.2,27.4,57.5,18.3,28.25,10.27,1.14,0.03,1399,1,100,60
31/05/2016,01:00:00,11,May-16,Summer-2016,27.4,27.7,27.4,80.5,23.75,0.65,,1.21,3.8,,27.4,30.75,30.75,,1003.95,0,0,0,0,0,0,0,0,0,0.19,27.5,58,18.5,28.4,10.35,1.14,0.03,1404,1,100,60
31/05/2016,02:00:00,12,May-16,Summer-2016,27.1,27.2,27.1,82,23.75,0.2,,0.4,1.35,,27.1,30.25,30.25,,1003.35,0,0,0,0,0,0,0,0,0,0.18,27.6,59,18.85,28.65,10.55,1.14,0.03,1401,1,100,60
31/05/2016,03:00:00,13,May-16,Summer-2016,26.95,27.1,26.95,82,23.6,0,,0,0,,26.95,30,30,,1003,0,0,0,0,0,0,0,0,0,0.18,27.6,59,18.9,28.7,10.55,1.14,0.03,1403,1,100,60
31/05/2016,04:00:00,14,May-16,Summer-2016,26.2,26.65,26.2,86,23.65,0,,0,0,,26.2,29,29,,1003.4,0,0,0,0,0,0,0,0,0,0.16,27.7,59,18.9,28.7,10.55,1.14,0.03,1404,1,100,60
31/05/2016,05:00:00,15,May-16,Summer-2016,25.6,25.8,25.6,89,23.65,0,,0,0,,25.6,28.2,28.2,,1003.7,0,0,0,0,0,0,0,0,0,0.15,27.7,60.5,19.35,28.85,10.85,1.14,0,1404,1,100,60
31/05/2016,06:00:00,16,May-16,Summer-2016,25.6,25.7,25.4,89,23.7,0,,0,0,,25.6,28.3,28.3,,1004.2,0,0,15,1.29,28.5,0,0,0,0,0.15,27.7,61.5,19.65,29.05,11.03,1.14,0,1402,1,100,60
31/05/2016,07:00:00,17,May-16,Summer-2016,27.5,27.5,26.3,83,24.3,0,,0,0,,27.5,31.5,31.5,,1005.15,0,0,106,9.11,158.5,0.4,0.07,0.65,0,0.19,27.75,61,19.55,29.05,10.95,1.14,0.08,1398,1,100,60
31/05/2016,08:00:00,18,May-16,Summer-2016,29.75,29.75,28.7,76,25.05,0.2,,0.4,1.3,,29.75,35.8,35.8,,1005.9,0,0,268.5,23.1,332.5,1.3,0.21,1.55,0,0.24,27.8,61,19.6,29.15,10.95,1.14,0.18,1403,1,100,60
31/05/2016,09:00:00,19,May-16,Summer-2016,31.15,31.2,30.45,72,25.5,0.4,,0.8,2.25,,31.15,38.2,38.2,,1006.35,0,0,467.5,40.21,568.5,2.7,0.43,3.2,0,0.27,27.9,62,19.9,29.4,11.11,1.14,0.33,1401,1,100,60
31/05/2016,10:00:00,20,May-16,Summer-2016,32.35,32.55,31.8,68.5,25.8,0.9,,1.61,2.25,,32.35,40.9,40.9,,1006.75,0,0,616.5,53.03,659.5,4.45,0.72,4.95,0,0.29,27.9,62.5,20.1,29.55,11.2,1.14,0.43,1398,1,100,60
31/05/2016,11:00:00,21,May-16,Summer-2016,32.7,32.85,32.2,70.5,26.6,1.1,,2.01,3.35,,32.7,42.65,42.65,,1006.45,0,0,628,54.01,797,5.45,0.88,6.6,0,0.3,26.4,51.5,15.6,26.6,9.36,1.15,0.43,1402,1,100,60
31/05/2016,12:00:00,22,May-16,Summer-2016,33.25,33.45,32.7,70.5,27.2,0.9,,1.61,3.55,,33.25,44.8,44.8,,1005.6,0,0,633,54.45,848,5.5,0.89,6.8,0,0.31,25.45,46.5,13.2,25.3,8.6,1.16,0.46,1404,1,100,60
31/05/2016,13:00:00,23,May-16,Summer-2016,33.6,34.05,33.35,66.5,26.5,0.9,,1.61,2.9,,33.6,43.95,43.95,,1004.6,0,0,648.5,55.78,855.5,5.8,0.93,7.15,0,0.32,25.15,46,12.65,24.85,8.51,1.16,0.46,1403,1,100,60
31/05/2016,14:00:00,24,May-16,Summer-2016,33.65,34,33.3,66.5,26.55,0.9,,1.61,3.15,,33.65,44.2,44.2,,1003.65,0,0,314,27.01,752.5,3.45,0.56,6.2,0,0.32,24.9,45,12.15,24.65,8.41,1.16,0.28,1404,1,100,60
31/05/2016,15:00:00,1,May-16,Summer-2016,30.3,32.1,29.3,80.5,26.55,0.65,,1.21,2.45,,30.3,38.15,38.15,,1003.4,1,6.8,302.5,26.02,674,2.4,0.39,4.35,0,0.25,26.15,49.5,14.75,26.2,9.12,1.15,0.23,1400,1,100,60
31/05/2016,16:00:00,2,May-16,Summer-2016,28.35,30.15,27.9,79.5,24.45,0.9,,1.61,3.35,,28.35,33.15,33.15,,1003.15,0,0,269,23.14,593.5,1.7,0.28,3.15,0,0.21,27.1,53,16.7,27.45,9.6,1.14,0.2,1400,1,100,60
31/05/2016,17:00:00,3,May-16,Summer-2016,27.6,28.4,27.55,82.5,24.35,0.65,,1.21,3.35,,27.6,31.6,31.6,,1003.95,1,2.8,31.5,2.71,153,0.1,0.02,0.5,0,0.19,27.35,54.5,17.4,27.95,9.8,1.14,0.03,1402,1,100,60
31/05/2016,18:00:00,4,May-16,Summer-2016,27.1,27.35,26.9,90.5,25.45,0,,0,0.9,,27.1,31.7,31.7,,1004.3,0.2,4.6,15,1.29,22,0,0,0,0,0.18,27.6,55,17.75,28.25,9.85,1.14,0.03,1399,1,100,60
31/05/2016,19:00:00,5,May-16,Summer-2016,26.95,27.25,26.95,89,24.95,0.4,,0.8,1.55,,26.95,30.85,30.85,,1004.2,0.4,0.5,3.5,0.3,4.5,0,0,0,0,0.18,27.7,56,18.1,28.55,10.05,1.14,0,1402,1,100,60
31/05/2016,20:00:00,6,May-16,Summer-2016,26.45,26.6,26.35,93,25.25,0,,0,0,,26.45,30.4,30.4,,1004.65,0,0,0,0,0,0,0,0,0,0.17,27.8,56.5,18.35,28.75,10.12,1.14,0,1401,1,100,60
31/05/2016,21:00:00,13,May-16,Summer-2016,26.9,27,26.55,88.5,24.85,0.2,,0.4,1.3,,26.9,30.8,30.8,,1005.95,0,0,0,0,0,0,0,0,0,0.18,27.9,57,18.6,28.9,10.19,1.14,0.03,1400,1,100,60
31/05/2016,22:00:00,14,May-16,Summer-2016,27.35,27.4,27,85.5,24.7,0.4,,0.8,2.45,,27.35,31.4,31.4,,1007.4,0,0,0,0,0,0,0,0,0,0.19,27.95,58,18.95,29.15,10.35,1.14,0.03,1404,1,100,60
31/05/2016,23:00:00,15,May-16,Summer-2016,26.75,27.2,26.75,89,24.8,0.85,,1.61,3.15,,26.75,30.5,30.5,,1007.85,0,0,0,0,0,0,0,0,0,0.18,28,60,19.5,29.3,10.75,1.14,0.03,1401,1,100,60
01/06/2016,00:00:00,16,Jun-16,Summer-2016,26.5,26.65,26.5,91,24.9,0.4,,0.8,2.45,,26.5,30.25,30.25,,1006.95,0,0,0,0,0,0,0,0,0,0.17,28.1,60,19.6,29.4,10.75,1.14,0,1258,1,91.95,60
01/06/2016,01:00:00,17,Jun-16,Summer-2016,26.05,26.3,26,92,24.65,0.65,,1.21,2,,26.05,29.4,29.4,,1006.5,0,0,0,0,0,0,0,0,0,0.16,28.1,61.5,19.95,29.65,11.03,1.14,0,1331,1,96.55,60
01/06/2016,02:00:00,18,Jun-16,Summer-2016,25.8,25.9,25.8,92,24.4,0.4,,0.8,1.55,,25.8,28.9,28.9,,1006.05,0,0,0,0,0,0,0,0,0,0.16,28.1,62.5,20.25,29.8,11.2,1.14,0,1396,1,100,60
01/06/2016,03:00:00,19,Jun-16,Summer-2016,25.7,25.75,25.7,91.5,24.2,0.4,,0.8,1.55,,25.7,28.6,28.6,,1005.35,0,0,0,0,0,0,0,0,0,0.15,28.1,63,20.4,29.9,11.3,1.14,0,1397,1,100,60
01/06/2016,04:00:00,20,Jun-16,Summer-2016,25.8,25.85,25.75,91,24.25,0.2,,0.4,1.1,,25.8,28.8,28.8,,1005.3,0,0,0,0,0,0,0,0,0,0.16,28.15,63,20.45,29.9,11.3,1.14,0,1401,1,100,60
01/06/2016,05:00:00,21,Jun-16,Summer-2016,25.9,26,25.7,88,23.8,0.2,,0.4,1.3,,25.9,28.65,28.65,,1005.2,0,0,0,0,0,0,0,0,0,0.16,28.2,63,20.5,29.9,11.3,1.14,0,1400,1,100,60
01/06/2016,06:00:00,22,Jun-16,Summer-2016,25.45,25.85,25.35,90.5,23.8,0,,0,0.65,,25.45,28.1,28.1,,1005.55,0,0,16,1.37,28,0,0,0,0,0.15,28.2,63,20.5,29.9,11.3,1.14,0.03,1403,1,100,60
01/06/2016,07:00:00,23,Jun-16,Summer-2016,27.05,27.05,25.95,88,24.9,0.2,,0.4,0.85,,27.05,31.15,31.15,,1006.55,0,0,90.5,7.78,145.5,0.3,0.05,0.65,0,0.18,28.2,63,20.5,29.9,11.3,1.14,0.05,1400,1,100,60
01/06/2016,08:00:00,24,Jun-16,Summer-2016,29.2,29.2,28.35,78,25,0.4,,0.8,2,,29.2,34.95,34.95,,1007.2,0,0,277.5,23.86,335,1.3,0.21,1.55,0,0.23,28.2,63.5,20.65,30.15,11.39,1.14,0.18,1401,1,100,60
01/06/2016,09:00:00,1,Jun-16,Summer-2016,30.05,30.4,29.5,74,24.9,0.4,,0.8,3.35,,30.05,36,36,,1007.45,0,0,380.5,32.73,583.5,2.2,0.36,2.75,0,0.24,28.25,64,20.8,30.25,11.49,1.14,0.25,1402,1,100,60
01/06/2016,10:00:00,2,Jun-16,Summer-2016,30.9,30.95,30,77.5,26.5,0.9,,1.61,2.65,,30.9,39.3,39.3,,1007.25,0,0,473.5,40.72,735,3.75,0.6,5.2,0,0.26,28.3,64,20.8,30.3,11.49,1.14,0.33,1405,1,100,60
01/06/2016,11:00:00,3,Jun-16,Summer-2016,31.75,32.1,31.35,69.5,25.45,0.9,,1.61,2.7,,31.75,39.1,39.1,,1006.65,0,0,377.5,32.47,885.5,3.65,0.59,6.65,0,0.28,27.25,55,17.4,27.8,9.9,1.15,0.28,1400,1,100,60
01/06/2016,12:00:00,4,Jun-16,Summer-2016,32.2,32.2,32,69.5,25.9,0.4,,0.8,1.8,,32.2,40.75,40.75,,1006.1,0,0,321,27.61,435.5,3,0.49,3.85,0,0.29,26.15,50,14.85,26.2,9.17,1.15,0.23,1404,1,100,60
01/06/2016,13:00:00,5,Jun-16,Summer-2016,31.8,32.05,31.75,74.5,26.7,0.65,,1.21,2,,31.8,41.1,41.1,,1005.9,0,0,244,20.98,299.5,2.25,0.36,2.8,0,0.28,25.45,45.5,12.8,25.25,8.45,1.16,0.18,1401,1,100,60
01/06/2016,14:00:00,6,Jun-16,Summer-2016,31.8,32.45,31.4,74,26.6,0.9,,1.61,2.2,,31.8,40.9,40.9,,1004.95,0,0,303,26.06,762,2.85,0.46,5.95,0,0.28,25.15,45,12.35,24.85,8.41,1.16,0.23,1404,1,100,60
01/06/2016,15:00:00,7,Jun-16,Summer-2016,30.9,31.05,30.8,79,26.85,0.2,,0.4,1.75,,30.9,39.45,39.45,,1004,0,0,93,8,195,0.55,0.09,1.25,0,0.26,24.95,44,11.85,24.65,8.21,1.16,0.08,1403,1,100,60
01/06/2016,16:00:00,8,Jun-16,Summer-2016,30.35,31.3,28.9,68,23.65,0.65,,1.21,3.35,,30.35,35.25,35.25,,1003.75,0,0,267,22.97,553,1.45,0.24,2.6,0,0.25,24.75,45.5,12.1,24.5,8.47,1.16,0.2,1398,1,100,60
01/06/2016,17:00:00,9,Jun-16,Summer-2016,32.3,32.45,31.9,65,24.85,0.65,,1.21,2,,32.3,39.55,39.55,,1002.9,0,0,300,25.8,360.5,1.35,0.22,1.65,0,0.29,25.5,47.5,13.5,25.4,8.79,1.15,0.23,1402,1,100,60
01/06/2016,18:00:00,10,Jun-16,Summer-2016,31.9,32.25,31.9,69.5,25.6,0.65,,1.21,2.7,,31.9,39.7,39.7,,1002.95,0,0,135,11.61,185.5,0.35,0.06,0.45,0,0.28,26.85,50.5,15.7,26.95,9.25,1.14,0.1,1403,1,100,60
01/06/2016,19:00:00,11,Jun-16,Summer-2016,30.55,31.2,30.55,73.5,25.3,0.4,,0.8,1.3,,30.55,37.2,37.2,,1003.4,0,0,7.5,0.65,22,0,0,0,0,0.26,27.25,52.5,16.7,27.55,9.53,1.14,0.03,1401,1,100,60
01/06/2016,20:00:00,12,Jun-16,Summer-2016,29.25,29.85,29.25,77,24.8,0,,0,0.4,,29.25,34.85,34.85,,1004.4,0,0,0,0,0,0,0,0,0,0.23,27.4,54,17.3,27.95,9.75,1.14,0.03,1399,1,100,60
01/06/2016,21:00:00,13,Jun-16,Summer-2016,28.55,28.95,28.55,81,24.95,0,,0,0.4,,28.55,33.95,33.95,,1005.05,0,0,0,0,0,0,0,0,0,0.21,27.55,55,17.7,28.2,9.85,1.14,0.03,1402,1,100,60
01/06/2016,22:00:00,14,Jun-16,Summer-2016,28.2,28.3,28.15,84,25.2,0,,0,0.4,,28.2,33.3,33.3,,1005.9,0,0,0,0,0,0,0,0,0,0.21,27.65,55.5,17.95,28.4,9.95,1.14,0.03,1400,1,100,60
01/06/2016,23:00:00,15,Jun-16,Summer-2016,27.7,28,27.7,87,25.35,0,,0,0,,27.7,32.55,32.55,,1006.15,0,0,0,0,0,0,0,0,0,0.2,27.7,56,18.1,28.6,10.05,1.14,0.03,1403,1,100,60
02/06/2016,00:00:00,16,Jun-16,Summer-2016,27.7,27.7,27.45,86.5,25.25,0,,0,0.65,,27.7,32.5,32.5,,1005.9,0,0,0,0,0,0,0,0,0,0.2,27.8,57,18.5,28.7,10.19,1.14,0.03,1394,1,100,60
02/06/2016,01:00:00,17,Jun-16,Summer-2016,27.25,27.6,27.25,87,24.85,0,,0,0.2,,27.25,31.35,31.35,,1005.35,0,0,0,0,0,0,0,0,0,0.19,27.8,57,18.5,28.8,10.19,1.14,0.03,1401,1,100,60
02/06/2016,02:00:00,18,Jun-16,Summer-2016,26.4,26.85,26.4,89.5,24.5,0,,0,0,,26.4,29.8,29.8,,1004.75,0,0,0,0,0,0,0,0,0,0.17,27.85,58,18.85,28.95,10.35,1.14,0,1402,1,100,60
02/06/2016,03:00:00,19,Jun-16,Summer-2016,26.15,26.2,26,91.5,24.65,0,,0,0.45,,26.15,29.45,29.45,,1004.65,0,0,0,0,0,0,0,0,0,0.16,27.9,58,18.9,29,10.35,1.14,0,1400,1,100,60
02/06/2016,04:00:00,20,Jun-16,Summer-2016,25.95,26.2,25.95,91.5,24.45,0,,0,0,,25.95,29.15,29.15,,1004.7,0,0,0,0,0,0,0,0,0,0.16,27.9,58.5,19.05,29.15,10.45,1.14,0,1403,1,100,60
02/06/2016,05:00:00,21,Jun-16,Summer-2016,26.3,26.45,26.05,90,24.6,0,,0,0.85,,26.3,29.7,29.7,,1005.1,0,0,0,0,0,0,0,0,0,0.17,27.95,59,19.2,29.2,10.55,1.14,0,1397,1,100,60
02/06/2016,06:00:00,22,Jun-16,Summer-2016,25.9,26.15,25.8,92.5,24.6,0,,0,0,,25.9,29.15,29.15,,1005.65,0,0,18.5,1.59,31.5,0,0,0,0,0.16,27.95,61,19.75,29.4,10.95,1.14,0.03,1398,1,100,60
02/06/2016,07:00:00,23,Jun-16,Summer-2016,28.05,28.05,26.65,84,25.05,0,,0,0.9,,28.05,33.1,33.1,,1006.2,0,0,119,10.23,171.5,0.25,0.04,0.4,0,0.2,28,60,19.5,29.3,10.75,1.14,0.08,1400,1,100,60
02/06/2016,08:00:00,24,Jun-16,Summer-2016,30.1,30.2,29.2,74.5,25.05,0.4,,0.8,1.55,,30.1,36.25,36.25,,1006.45,0,0,274.5,23.61,317,1.25,0.2,1.55,0,0.25,28.1,61,19.8,29.6,10.95,1.14,0.18,1403,1,100,60
02/06/2016,09:00:00,1,Jun-16,Summer-2016,31.35,31.45,30.75,73.5,26,0.4,,0.8,1.8,,31.35,39,39,,1006.7,0,0,429.5,36.94,502.5,2.2,0.36,2.6,0,0.27,28.1,61,19.9,29.6,10.95,1.14,0.3,1403,1,100,60
02/06/2016,10:00:00,2,Jun-16,Summer-2016,32.2,32.4,31.7,68.5,25.65,0.65,,1.21,2.25,,32.2,40.45,40.45,,1006.55,0,0,573,49.28,671.5,3.8,0.61,4.7,0,0.29,28.2,62,20.2,29.8,11.1,1.14,0.41,1398,1,100,60
02/06/2016,11:00:00,3,Jun-16,Summer-2016,32.75,33.05,32.35,66,25.6,0.65,,1.21,2,,32.75,41.25,41.25,,1006.45,0,0,633,54.44,779,4.6,0.74,5.8,0,0.3,26.75,51.5,15.95,27,9.36,1.15,0.43,1402,1,100,60
02/06/2016,12:00:00,4,Jun-16,Summer-2016,33.45,33.75,33,59.5,24.5,0.9,,1.61,3.1,,33.45,40.7,40.7,,1006,0,0,777,66.83,824,6.45,1.04,7.1,0,0.32,25.7,46.5,13.4,25.55,8.59,1.16,0.56,1403,1,100,60
02/06/2016,13:00:00,5,Jun-16,Summer-2016,33.95,34.1,33.8,57.5,24.4,1.1,,2.01,3.35,,33.95,41.4,41.4,,1005,0,0,789,67.86,811,7.05,1.14,7.4,0,0.33,25.35,45.5,12.7,25.15,8.45,1.16,0.58,1400,1,100,60
02/06/2016,14:00:00,6,Jun-16,Summer-2016,34.3,34.4,33.95,53.5,23.45,1.3,,2.41,4,,34.3,40.75,40.75,,1004.2,0,0,735.5,63.26,761.5,6.05,0.97,6.4,0,0.33,25.15,43.5,11.8,24.8,8.13,1.16,0.56,1403,1,100,60
02/06/2016,15:00:00,7,Jun-16,Summer-2016,34.5,34.75,34.25,50.5,22.7,0.9,,1.61,2.9,,34.5,40.25,40.25,,1003.2,0,0,615.5,52.94,659.5,4.45,0.72,4.9,0,0.34,25.2,45.5,12.55,24.95,8.46,1.16,0.48,1400,1,100,60
02/06/2016,16:00:00,8,Jun-16,Summer-2016,34.65,34.95,34.45,53.5,23.8,0.9,,1.61,3.8,,34.65,41.6,41.6,,1002.3,0,0,458,39.39,484,2.55,0.41,2.95,0,0.34,24.85,43.5,11.6,24.55,8.13,1.16,0.36,1399,1,100,60
02/06/2016,17:00:00,9,Jun-16,Summer-2016,34.2,34.45,34.2,54,23.6,0.9,,1.61,3.15,,34.2,40.8,40.8,,1002.15,0,0,283,24.34,334,1.3,0.21,1.6,0,0.33,25.15,44,12,24.85,8.22,1.15,0.23,1401,1,100,60
02/06/2016,18:00:00,10,Jun-16,Summer-2016,33.65,34.1,33.65,56.5,23.8,0.4,,0.8,2.45,,33.65,40.15,40.15,,1002.3,0,0,104.5,8.99,140.5,0.25,0.04,0.4,0,0.32,26.7,48,14.8,26.65,8.8,1.15,0.1,1403,1,100,60
02/06/2016,19:00:00,11,Jun-16,Summer-2016,32.4,32.95,32.4,64.5,24.85,0.4,,0.8,1.55,,32.4,39.55,39.55,,1002.8,0,0,11.5,0.99,22,0,0,0,0,0.29,27.2,50.5,16.05,27.4,9.23,1.14,0.03,1402,1,100,60
02/06/2016,20:00:00,12,Jun-16,Summer-2016,31.65,32.1,31.65,68.5,25.1,0.2,,0.4,1.8,,31.65,38.6,38.6,,1003.85,0,0,0,0,0,0,0,0,0,0.28,27.5,52,16.75,27.85,9.42,1.14,0.05,1400,1,100,60
02/06/2016,21:00:00,13,Jun-16,Summer-2016,31.05,31.25,31,75.5,26.2,0,,0,2,,31.05,38.8,38.8,,1004.45,0,0,0,0,0,0,0,0,0,0.27,27.7,53,17.25,28.25,9.61,1.14,0.03,1398,1,100,60
02/06/2016,22:00:00,14,Jun-16,Summer-2016,30.7,30.85,30.7,78,26.4,0.4,,0.8,1.3,,30.7,38.7,38.7,,1004.65,0,0,0,0,0,0,0,0,0,0.26,27.8,54.5,17.8,28.55,9.8,1.14,0.03,1402,1,100,60
02/06/2016,23:00:00,15,Jun-16,Summer-2016,30.3,30.5,30.3,79,26.25,0.2,,0.4,1.8,,30.3,37.85,37.85,,1005.1,0,0,0,0,0,0,0,0,0,0.25,27.9,55.5,18.2,28.8,9.95,1.14,0.03,1401,1,100,60
03/06/2016,00:00:00,16,Jun-16,Summer-2016,29.85,30.05,29.85,78,25.6,0.4,,0.8,2.7,,29.85,36.4,36.4,,1005.35,0,0,0,0,0,0,0,0,0,0.24,28.05,56.5,18.55,29.1,10.13,1.14,0.03,1405,1,100,60
03/06/2016,01:00:00,17,Jun-16,Summer-2016,29.55,29.75,29.55,81,25.9,0.4,,0.8,2.65,,29.55,36.25,36.25,,1005.25,0,0,0,0,0,0,0,0,0,0.23,28.1,57,18.8,29.2,10.2,1.14,0.03,1398,1,100,60
03/06/2016,02:00:00,18,Jun-16,Summer-2016,29.15,29.3,29.15,83.5,26.05,0.4,,0.8,2.2,,29.15,35.85,35.85,,1004.75,0,0,0,0,0,0,0,0,0,0.23,28.2,58,19.15,29.45,10.35,1.14,0.03,1397,1,100,60
03/06/2016,03:00:00,19,Jun-16,Summer-2016,28.7,28.95,28.7,86.5,26.25,0.4,,0.8,2,,28.7,35.45,35.45,,1004.65,0,0,0,0,0,0,0,0,0,0.22,28.25,58.5,19.35,29.6,10.45,1.14,0.03,1402,1,100,60
03/06/2016,04:00:00,20,Jun-16,Summer-2016,28.5,28.6,28.5,88.5,26.45,0.2,,0.4,1.1,,28.5,35.15,35.15,,1004.65,0,0,0,0,0,0,0,0,0,0.21,28.3,59,19.55,29.7,10.55,1.14,0.03,1404,1,100,60
03/06/2016,05:00:00,21,Jun-16,Summer-2016,28.25,28.35,28.25,89.5,26.35,0,,0,0.65,,28.25,34.65,34.65,,1004.95,0,0,0,0,0,0,0,0,0,0.21,28.35,59.5,19.75,29.8,10.65,1.14,0,1402,1,100,60
03/06/2016,06:00:00,22,Jun-16,Summer-2016,28.3,28.3,28.15,90.5,26.6,0,,0,1.3,,28.3,34.95,34.95,,1005.7,0,0,17,1.47,29,0,0,0,0,0.21,28.4,60,19.9,30,10.75,1.14,0.03,1400,1,100,60
03/06/2016,07:00:00,23,Jun-16,Summer-2016,29.1,29.1,28.6,87.5,26.85,0.45,,0.81,2.25,,29.1,36.75,36.75,,1006.4,0,0,92,7.91,154,0.4,0.07,0.75,0,0.23,28.4,60.5,20.05,30.15,10.85,1.14,0.08,1404,1,100,60
03/06/2016,08:00:00,24,Jun-16,Summer-2016,30.75,30.85,30.05,79,26.65,0.4,,0.8,1.8,,30.75,39,39,,1006.9,0,0,274,23.57,356,1.45,0.23,1.7,0,0.26,28.55,61,20.25,30.35,10.95,1.14,0.18,1404,1,100,60
03/06/2016,09:00:00,1,Jun-16,Summer-2016,31.3,31.3,30.7,76.5,26.65,0.4,,0.8,1.8,,31.3,40.1,40.1,,1006.95,0,0,274,23.57,520.5,2.25,0.37,3.15,0,0.27,28.6,62,20.6,30.65,11.08,1.14,0.2,1401,1,100,60
03/06/2016,10:00:00,2,Jun-16,Summer-2016,32.25,32.7,31.8,71.5,26.45,0.4,,0.8,2.45,,32.25,41.65,41.65,,1006.95,0,0,399.5,34.36,663.5,3.2,0.52,4.15,0,0.29,28.65,62.5,20.75,30.8,11.18,1.13,0.28,1398,1,100,60
03/06/2016,11:00:00,3,Jun-16,Summer-2016,32.85,32.85,31.9,68,26.15,0.9,,1.61,2.2,,32.85,42.2,42.2,,1006.55,0,0,415,35.69,567.5,3.85,0.62,5.4,0,0.3,28.7,63,20.95,31,11.28,1.13,0.3,1399,1,100,60
03/06/2016,12:00:00,4,Jun-16,Summer-2016,34.4,34.4,33.75,64.5,26.75,0.9,,1.61,2.45,,34.4,45.65,45.65,,1006.15,0,0,780.5,67.14,839.5,6.15,0.99,6.65,0,0.33,28.75,64,21.25,31.3,11.48,1.13,0.53,1402,1,100,60
03/06/2016,13:00:00,5,Jun-16,Summer-2016,34.9,35.05,34.4,61,26.25,0.9,,1.61,3.1,,34.9,45.6,45.6,,1005.25,0,0,797.5,68.59,828,6.5,1.05,6.65,0,0.35,28.85,64.5,21.45,31.65,11.57,1.13,0.58,1402,1,100,60
03/06/2016,14:00:00,6,Jun-16,Summer-2016,33.65,34.75,33.6,63.5,25.8,0.65,,1.21,2.65,,33.65,42.95,42.95,,1004.5,0,0,394,33.89,735,3.25,0.52,5.05,0,0.32,28.9,65,21.6,31.8,11.67,1.13,0.3,1403,1,100,60
03/06/2016,15:00:00,7,Jun-16,Summer-2016,34.5,34.55,33.65,61,25.85,0.65,,1.21,2,,34.5,44.3,44.3,,1003.6,0,0,338,29.07,568,2.6,0.42,3.3,0,0.34,28.9,65,21.7,31.9,11.67,1.13,0.25,1400,1,100,60
03/06/2016,16:00:00,8,Jun-16,Summer-2016,35,35.85,34.7,54.5,24.4,0.4,,0.8,1.8,,35,42.9,42.9,,1003.15,0,0,381,32.77,497.5,2.1,0.34,2.55,0,0.35,29,65,21.8,32,11.67,1.13,0.3,1400,1,100,60
03/06/2016,17:00:00,9,Jun-16,Summer-2016,34.8,34.85,34.5,59.5,25.75,0.65,,1.21,2.45,,34.8,44.65,44.65,,1002.75,0,0,248,21.33,313,1.05,0.17,1.2,0,0.34,29.05,65,21.8,32.05,11.67,1.13,0.2,1404,1,100,60
03/06/2016,18:00:00,10,Jun-16,Summer-2016,33.7,34.45,33.7,62.5,25.5,0.65,,1.21,3.35,,33.7,42.55,42.55,,1003,0,0,111,9.55,154.5,0.2,0.03,0.35,0,0.32,29.1,65,21.8,32.1,11.66,1.13,0.1,1401,1,100,60
03/06/2016,19:00:00,11,Jun-16,Summer-2016,32.4,33,32.4,67.5,25.6,0.4,,0.8,3.35,,32.4,40.5,40.5,,1003.6,0,0,12,1.04,23,0,0,0,0,0.29,29.1,66,22.1,32.35,11.86,1.13,0.03,1399,1,100,60
03/06/2016,20:00:00,12,Jun-16,Summer-2016,31.5,31.9,31.5,68,24.85,0,,0,1.35,,31.5,37.9,37.9,,1004.35,0,0,0,0,0,0,0,0,0,0.27,29.1,66,22.1,32.4,11.86,1.13,0.05,1402,1,100,60
03/06/2016,21:00:00,13,Jun-16,Summer-2016,30.9,31.2,30.9,74.5,25.8,0.45,,0.81,3.1,,30.9,38.05,38.05,,1005.45,0,0,0,0,0,0,0,0,0,0.26,29.15,66,22.15,32.45,11.86,1.13,0.05,1402,1,100,60
03/06/2016,22:00:00,14,Jun-16,Summer-2016,29.9,30.3,29.85,80,26.05,0.85,,1.61,3.55,,29.9,36.95,36.95,,1006.05,0,0,0,0,0,0,0,0,0,0.24,29.2,66,22.2,32.5,11.86,1.13,0.03,1401,1,100,60
03/06/2016,23:00:00,15,Jun-16,Summer-2016,29.95,30.1,29.85,75.5,25.15,0.4,,0.8,2.25,,29.95,36.1,36.1,,1006.4,0,0,0,0,0,0,0,0,0,0.24,29.2,66,22.2,32.6,11.86,1.13,0.03,1403,1,100,60
04/06/2016,00:00:00,16,Jun-16,Summer-2016,29.55,29.8,29.55,79,25.55,0.4,,0.8,2.25,,29.55,35.85,35.85,,1006.3,0,0,0,0,0,0,0,0,0,0.23,29.2,66,22.2,32.6,11.86,1.13,0.03,1401,1,100,60
04/06/2016,01:00:00,17,Jun-16,Summer-2016,29.15,29.4,29.15,82.5,25.85,0.4,,0.8,1.55,,29.15,35.7,35.7,,1006.4,0,0,0,0,0,0,0,0,0,0.23,29.3,66,22.3,32.7,11.86,1.13,0.03,1401,1,100,60
04/06/2016,02:00:00,18,Jun-16,Summer-2016,28.9,29,28.85,84.5,26,0,,0,1.1,,28.9,35.5,35.5,,1005.85,0,0,0,0,0,0,0,0,0,0.22,29.3,66,22.3,32.7,11.86,1.13,0.03,1402,1,100,60
04/06/2016,03:00:00,19,Jun-16,Summer-2016,28.25,28.6,28.25,88,26.1,0,,0,0.45,,28.25,34.3,34.3,,1005.6,0,0,0,0,0,0,0,0,0,0.21,29.3,66,22.3,32.8,11.85,1.13,0.03,1404,1,100,60
04/06/2016,04:00:00,20,Jun-16,Summer-2016,27.85,28,27.8,90,26.05,0,,0,0.2,,27.85,33.65,33.65,,1005.35,0,0,0,0,0,0,0,0,0,0.2,29.3,66,22.3,32.75,11.86,1.13,0,1399,1,100,60
04/06/2016,05:00:00,21,Jun-16,Summer-2016,27.85,28,27.8,90.5,26.2,0,,0,0.9,,27.85,33.75,33.75,,1005.45,0,0,0,0,0,0,0,0,0,0.2,29.3,67,22.6,33,12.05,1.13,0,1404,1,100,60
04/06/2016,06:00:00,22,Jun-16,Summer-2016,28.05,28.05,27.85,91,26.45,0,,0,0.9,,28.05,34.45,34.45,,1005.95,0,0,6.5,0.56,10.5,0,0,0,0,0.2,29.3,67,22.6,33,12.05,1.13,0,1404,1,100,60
04/06/2016,07:00:00,23,Jun-16,Summer-2016,29.5,29.5,28.65,88,27.25,0.4,,0.8,1.8,,29.5,37.85,37.85,,1006.7,0,0,122,10.49,214,0.25,0.04,0.45,0,0.23,29.35,67,22.6,33.05,12.05,1.13,0.08,1402,1,100,60
04/06/2016,08:00:00,24,Jun-16,Summer-2016,31.1,31.4,30.4,80,27.2,0.65,,1.21,2.7,,31.1,40.3,40.3,,1007.35,0,0,336.5,28.94,421,1.55,0.25,2,0,0.27,29.4,67.5,22.8,33.3,12.15,1.13,0.23,1401,1,100,60
04/06/2016,09:00:00,1,Jun-16,Summer-2016,32.05,32.05,31.2,74.5,26.95,0.65,,1.21,2,,32.05,42.15,42.15,,1008.1,0,0,457,39.31,550.5,2.95,0.48,3.5,0,0.29,29.45,68,22.95,33.5,12.25,1.13,0.3,1404,1,100,60
04/06/2016,10:00:00,2,Jun-16,Summer-2016,32.55,32.75,32.3,68.5,25.95,0.65,,1.21,2.45,,32.55,41.45,41.45,,1008.3,0,0,543.5,46.74,735,4.2,0.68,5.4,0,0.3,29.6,68,23,33.7,12.24,1.13,0.38,1403,1,100,60
04/06/2016,11:00:00,3,Jun-16,Summer-2016,33.5,34,32.7,66,26.3,0.4,,0.8,2,,33.5,43.5,43.5,,1007.75,0,0,496.5,42.7,834,4.65,0.75,6.45,0,0.32,29.6,68,23,33.7,12.24,1.13,0.36,1402,1,100,60
04/06/2016,12:00:00,4,Jun-16,Summer-2016,34,34.4,33.2,63.5,26.05,0.9,,1.61,2.65,,34,43.85,43.85,,1007.25,0,0,657.5,56.55,871,5.9,0.95,7.3,0,0.33,29.6,68,23.05,33.75,12.24,1.13,0.46,1402,1,100,60
04/06/2016,13:00:00,5,Jun-16,Summer-2016,34.25,34.65,33.85,64,26.5,0.9,,1.61,3.55,,34.25,44.95,44.95,,1006.65,0,0,568,48.86,823,5.15,0.83,6.6,0,0.33,29.6,68,23.1,33.8,12.24,1.13,0.41,1403,1,100,60
04/06/2016,14:00:00,6,Jun-16,Summer-2016,33.6,34.35,33.6,61.5,25.15,0.65,,1.21,2.7,,33.6,41.85,41.85,,1005.8,0,0,339,29.16,528,3,0.48,4.35,0,0.32,29.65,68,23.1,33.85,12.24,1.13,0.25,1404,1,100,60
04/06/2016,15:00:00,7,Jun-16,Summer-2016,33.65,34.05,33.3,61.5,25.25,0.4,,0.8,1.55,,33.65,42.2,42.2,,1004.8,0,0,179.5,15.44,386,1.8,0.29,2.8,0,0.32,29.7,68,23.1,33.9,12.23,1.12,0.15,1401,1,100,60
04/06/2016,16:00:00,8,Jun-16,Summer-2016,34.4,34.55,33.6,61.5,25.95,0.4,,0.8,2,,34.4,44.25,44.25,,1003.9,0,0,236.5,20.35,503.5,1.55,0.25,2.25,0,0.33,29.7,68,23.1,33.9,12.23,1.12,0.18,1403,1,100,60
04/06/2016,17:00:00,9,Jun-16,Summer-2016,34.35,35.05,34.25,60,25.45,0.9,,1.61,3.8,,34.35,43.5,43.5,,1003.55,0,0,281,24.17,370,1.25,0.2,1.5,0,0.33,29.7,68,23.2,34.1,12.23,1.12,0.23,1401,1,100,60
04/06/2016,18:00:00,10,Jun-16,Summer-2016,33.15,33.95,33.15,67.5,26.3,1.1,,2.01,3.8,,33.15,42.95,42.95,,1003.65,0,0,110,9.46,153.5,0.25,0.04,0.4,0,0.31,29.7,68,23.2,34.1,12.23,1.12,0.1,1404,1,100,60
04/06/2016,19:00:00,11,Jun-16,Summer-2016,32,32.45,32,69,25.65,0.9,,1.61,3.6,,32,40,40,,1004.3,0,0,12,1.04,20.5,0,0,0,0,0.29,29.8,68,23.2,34.2,12.23,1.12,0.03,1404,1,100,60
04/06/2016,20:00:00,12,Jun-16,Summer-2016,31.4,31.7,31.4,72,25.75,0.9,,1.61,2.9,,31.4,38.8,38.8,,1005.85,0,0,0,0,0,0,0,0,0,0.27,29.8,69,23.5,34.4,12.35,1.12,0.05,1400,1,100,60
04/06/2016,21:00:00,13,Jun-16,Summer-2016,30.8,31.05,30.8,75,25.85,0.65,,1.21,2.45,,30.8,38.05,38.05,,1006.55,0,0,0,0,0,0,0,0,0,0.26,29.8,69,23.5,34.5,12.35,1.12,0.05,1402,1,100,60
04/06/2016,22:00:00,14,Jun-16,Summer-2016,30.4,30.6,30.35,78,26.2,0.4,,0.8,1.55,,30.4,38.05,38.05,,1007,0,0,0,0,0,0,0,0,0,0.25,29.8,69,23.5,34.6,12.35,1.13,0.03,1403,1,100,60
04/06/2016,23:00:00,15,Jun-16,Summer-2016,30.25,30.4,30.25,79.5,26.25,0,,0,1.3,,30.25,37.7,37.7,,1007.3,0,0,0,0,0,0,0,0,0,0.25,29.8,69,23.5,34.6,12.35,1.13,0.03,1402,1,100,60
05/06/2016,00:00:00,16,Jun-16,Summer-2016,30.15,30.2,30.1,80,26.25,0.4,,0.8,2.2,,30.15,37.5,37.5,,1007.2,0,0,0,0,0,0,0,0,0,0.25,29.8,69,23.5,34.6,12.35,1.13,0.03,1401,1,100,60
05/06/2016,01:00:00,17,Jun-16,Summer-2016,29.75,29.95,29.75,81.5,26.25,0.4,,0.8,2,,29.75,36.85,36.85,,1006.95,0,0,0,0,0,0,0,0,0,0.24,29.8,69,23.5,34.6,12.35,1.13,0.03,1403,1,100,60
05/06/2016,02:00:00,18,Jun-16,Summer-2016,29.45,29.65,29.45,83.5,26.35,0.65,,1.21,2.65,,29.45,36.65,36.65,,1006.6,0,0,0,0,0,0,0,0,0,0.23,29.8,69,23.5,34.6,12.35,1.12,0.03,1403,1,100,60
05/06/2016,03:00:00,19,Jun-16,Summer-2016,29.25,29.35,29.25,84.5,26.35,0.4,,0.8,2,,29.25,36.4,36.4,,1006.75,0,0,0,0,0,0,0,0,0,0.23,29.9,69,23.6,34.7,12.35,1.12,0.03,1400,1,100,60
05/06/2016,04:00:00,20,Jun-16,Summer-2016,29.05,29.15,29,85,26.25,0,,0,1.35,,29.05,36,36,,1006.35,0,0,0,0,0,0,0,0,0,0.22,29.9,69,23.6,34.7,12.35,1.12,0.03,1400,1,100,60
05/06/2016,05:00:00,21,Jun-16,Summer-2016,28.75,28.9,28.75,89.5,26.85,0,,0,0,,28.75,36,36,,1006.5,0,0,0,0,0,0,0,0,0,0.22,29.9,69,23.6,34.7,12.35,1.12,0.03,1402,1,100,60
05/06/2016,06:00:00,22,Jun-16,Summer-2016,28.35,28.65,28.35,86.5,25.85,0.2,,0.4,1.3,,28.35,34.35,34.35,,1006.9,0,0,9.5,0.82,18.5,0,0,0,0,0.21,29.9,69,23.6,34.7,12.35,1.12,0,1398,1,100,60
05/06/2016,07:00:00,23,Jun-16,Summer-2016,28.95,29,28.2,79,24.9,0.4,,0.8,2.25,,28.95,34.4,34.4,,1007.35,0,0,96,8.25,159.5,0.4,0.07,0.75,0,0.22,29.9,69,23.6,34.7,12.35,1.13,0.08,1400,1,100,60
05/06/2016,08:00:00,24,Jun-16,Summer-2016,30.45,30.55,29.8,75.5,25.65,0.4,,0.8,2.45,,30.45,37.4,37.4,,1007.85,0,0,305.5,26.28,351.5,1.55,0.25,1.95,0,0.25,29.9,69,23.6,34.8,12.35,1.13,0.2,1401,1,100,60
05/06/2016,09:00:00,1,Jun-16,Summer-2016,31.6,31.85,31.05,73,26.15,0.9,,1.61,2.45,,31.6,39.9,39.9,,1008.4,0,0,452,38.88,547.5,3.05,0.49,3.5,0,0.28,29.95,69,23.65,34.85,12.35,1.13,0.3,1401,1,100,60
05/06/2016,10:00:00,2,Jun-16,Summer-2016,31.35,31.9,31.3,72.5,25.8,0.4,,0.8,2,,31.35,38.8,38.8,,1008.6,0,0,217.5,18.7,437,2.3,0.37,3.65,0,0.27,28.8,58.5,19.65,31.35,10.58,1.14,0.18,1401,1,100,60
05/06/2016,11:00:00,3,Jun-16,Summer-2016,31.45,31.85,31.2,73.5,26.15,0.4,,0.8,1.55,,31.45,39.4,39.4,,1008.3,0,0,181,15.57,346.5,2.05,0.33,2.8,0,0.27,26.1,44.5,13.05,25.85,8.27,1.16,0.13,1396,1,100,60
05/06/2016,12:00:00,4,Jun-16,Summer-2016,31.85,32.4,31.2,75,26.85,0.65,,1.21,2.7,,31.85,41.45,41.45,,1007.85,0,0,264,22.71,520.5,2.7,0.44,4,0,0.28,25.35,43.5,12.05,25.1,8.12,1.16,0.2,1372,1,99.1,60
05/06/2016,13:00:00,5,Jun-16,Summer-2016,33.05,33.05,31.75,71.5,27.15,0.9,,1.61,3.35,,33.05,44.35,44.35,,1007.1,0,0,710.5,61.11,880.5,5.6,0.9,6.75,0,0.31,25.15,44,12,24.8,8.23,1.16,0.48,1405,1,100,60
05/06/2016,14:00:00,6,Jun-16,Summer-2016,33.85,34.05,33.2,66,26.65,0.9,,1.61,2.45,,33.85,44.65,44.65,,1005.75,0,0,627.5,53.97,793,5,0.8,5.8,0,0.32,24.85,44.5,11.9,24.6,8.32,1.16,0.46,1398,1,100,60
05/06/2016,15:00:00,7,Jun-16,Summer-2016,30.75,33.05,30.7,75,25.8,1.1,,2.01,6.5,,30.75,38.15,38.15,,1005.2,0,0,136,11.7,414.5,1.2,0.19,2.6,0,0.26,25.4,47.5,13.45,25.3,8.8,1.16,0.13,1394,1,100,60
05/06/2016,16:00:00,8,Jun-16,Summer-2016,31.75,31.75,30.5,76,27,0.65,,1.21,3.1,,31.75,41.5,41.5,,1004.4,0,0,401,34.49,583.5,2.1,0.34,2.8,0,0.28,25.55,47,13.4,25.4,8.69,1.15,0.28,1398,1,100,60
05/06/2016,17:00:00,9,Jun-16,Summer-2016,32.2,32.4,32.05,68.5,25.7,0.65,,1.21,3.35,,32.2,40.4,40.4,,1004.4,0,0,283,24.34,385,1.35,0.22,1.7,0,0.29,25.55,45,12.7,25.3,8.39,1.15,0.2,1399,1,100,60
05/06/2016,18:00:00,10,Jun-16,Summer-2016,31.25,31.75,31.25,76.5,26.65,0.4,,0.8,2.25,,31.25,39.65,39.65,,1004.6,0,0,60.5,5.2,90,0.15,0.03,0.3,0,0.27,27.1,50,15.8,27.25,9.13,1.15,0.05,1402,1,100,60
05/06/2016,19:00:00,11,Jun-16,Summer-2016,30.4,30.85,30.4,80.5,26.7,0.4,,0.8,2.7,,30.4,38.6,38.6,,1005.45,0,0,8,0.69,13.5,0,0,0,0,0.25,27.85,51.5,16.95,28.4,9.36,1.14,0.03,1402,1,100,60
05/06/2016,20:00:00,12,Jun-16,Summer-2016,29.75,30.05,29.75,83.5,26.65,0.65,,1.21,2.9,,29.75,37.35,37.35,,1006.1,0,0,0,0,0,0,0,0,0,0.24,28.15,53.5,17.8,29.05,9.68,1.14,0.03,1401,1,100,60
05/06/2016,21:00:00,13,Jun-16,Summer-2016,29.45,29.6,29.45,79.5,25.55,0.4,,0.8,2.2,,29.45,35.75,35.75,,1006.7,0,0,0,0,0,0,0,0,0,0.23,28.35,55.5,18.6,29.5,9.95,1.14,0.03,1401,1,100,60
05/06/2016,22:00:00,14,Jun-16,Summer-2016,29.15,29.4,29.15,79.5,25.25,0.4,,0.8,2.7,,29.15,35.1,35.1,,1007.5,0,0,0,0,0,0,0,0,0,0.23,28.5,56,18.85,29.8,10.05,1.14,0.03,1401,1,100,60
05/06/2016,23:00:00,15,Jun-16,Summer-2016,28.8,28.9,28.75,81.5,25.3,0.4,,0.8,2.45,,28.8,34.7,34.7,,1007.85,0,0,0,0,0,0,0,0,0,0.22,28.6,57,19.25,30,10.22,1.14,0.03,1403,1,100,60
06/06/2016,00:00:00,16,Jun-16,Summer-2016,28.55,28.7,28.55,83,25.35,0.4,,0.8,2.2,,28.55,34.2,34.2,,1007.25,0,0,0,0,0,0,0,0,0,0.21,28.7,58,19.6,30.35,10.35,1.14,0.03,1403,1,100,60
06/06/2016,01:00:00,17,Jun-16,Summer-2016,28.4,28.55,28.4,83.5,25.4,0.4,,0.8,2,,28.4,34,34,,1006.75,0,0,0,0,0,0,0,0,0,0.21,28.75,58,19.65,30.45,10.35,1.14,0.03,1397,1,100,60
06/06/2016,02:00:00,18,Jun-16,Summer-2016,28.55,28.6,28.45,85,25.75,0.4,,0.8,1.3,,28.55,34.55,34.55,,1006.4,0,0,0,0,0,0,0,0,0,0.21,28.8,59,20,30.7,10.55,1.13,0.03,1404,1,100,60
06/06/2016,03:00:00,19,Jun-16,Summer-2016,28.55,28.7,28.5,86.5,26.05,0.4,,0.8,1.8,,28.55,34.9,34.9,,1006.35,0,0,0,0,0,0,0,0,0,0.21,28.9,59,20.1,30.8,10.55,1.13,0.03,1403,1,100,60
06/06/2016,04:00:00,20,Jun-16,Summer-2016,28.15,28.35,28.15,89.5,26.25,0.2,,0.4,1.3,,28.15,34.35,34.35,,1006.3,0,0,0,0,0,0,0,0,0,0.21,28.9,60,20.4,31.1,10.75,1.13,0.03,1401,1,100,60
06/06/2016,05:00:00,21,Jun-16,Summer-2016,28.05,28.1,28,90.5,26.35,0,,0,1.1,,28.05,34.25,34.25,,1006.2,0,0,0,0,0,0,0,0,0,0.2,28.95,60.5,20.55,31.2,10.85,1.13,0,1404,1,100,60
06/06/2016,06:00:00,22,Jun-16,Summer-2016,28.2,28.25,28.1,90,26.4,0.2,,0.4,1.35,,28.2,34.5,34.5,,1006.65,0,0,17.5,1.5,33.5,0,0,0,0,0.21,29.05,61,20.75,31.35,10.95,1.13,0.03,1402,1,100,60
06/06/2016,07:00:00,23,Jun-16,Summer-2016,28.95,28.95,28.55,88.5,26.85,0.2,,0.4,1.1,,28.95,36.45,36.45,,1007.45,0,0,64.5,5.55,154,0.1,0.02,0.55,0,0.22,29.1,62,21,31.6,11.06,1.13,0.05,1405,1,100,60
06/06/2016,08:00:00,24,Jun-16,Summer-2016,30,30.3,29.35,84,27,0.4,,0.8,2.2,,30,38.3,38.3,,1007.85,0,0,124,10.66,222.5,0.7,0.11,1.05,0,0.24,29.1,62.5,21.2,31.75,11.16,1.13,0.1,1397,1,100,60
06/06/2016,09:00:00,1,Jun-16,Summer-2016,29.75,30.25,29.4,82.5,26.45,0.4,,0.8,2.25,,29.75,37.2,37.2,,1007.9,0,0,156.5,13.46,351,1.5,0.24,2.85,0,0.24,29.2,63,21.4,31.9,11.26,1.13,0.13,1403,1,100,60
06/06/2016,10:00:00,2,Jun-16,Summer-2016,31.6,31.7,30.4,73.5,26.25,0.4,,0.8,2.65,,31.6,40.05,40.05,,1007.65,0,0,374.5,32.21,612.5,3.1,0.5,4.2,0,0.28,28.75,59.5,20.05,30.7,10.66,1.14,0.25,1400,1,100,60
06/06/2016,11:00:00,10,Jun-16,Summer-2016,30.9,31.75,30.85,78,26.65,0.65,,1.21,2.25,,30.9,39.15,39.15,,1007.3,0,0,136,11.69,218.5,1.65,0.27,2.85,0,0.26,27,49,15.35,27.05,8.99,1.15,0.1,1404,1,100,60
06/06/2016,12:00:00,11,Jun-16,Summer-2016,31.8,31.8,30.9,73.5,26.45,0.4,,0.8,1.75,,31.8,40.7,40.7,,1006.75,0,0,364.5,31.35,927.5,4.1,0.66,7.75,0,0.28,26.3,45.5,13.6,26.2,8.42,1.15,0.28,1398,1,100,60
06/06/2016,13:00:00,12,Jun-16,Summer-2016,31.45,32.15,31.2,78,27.15,0.65,,1.21,2.2,,31.45,41.05,41.05,,1005.9,0,0,228,19.61,540.5,2.65,0.43,4.85,0,0.27,26.05,44,12.85,25.8,8.17,1.15,0.2,1401,1,100,60
06/06/2016,14:00:00,13,Jun-16,Summer-2016,28.7,30.65,28.7,90,26.85,0.65,,1.21,4.25,,28.7,35.9,35.9,,1005.2,31.2,192.2,32.5,2.8,73.5,0.1,0.02,0.55,0,0.22,25.7,42.5,11.95,25.3,7.97,1.16,0.03,1384,1,100,60
06/06/2016,15:00:00,14,Jun-16,Summer-2016,27.7,27.9,27.6,94.5,26.8,0.4,,0.8,1.55,,27.7,34.15,34.15,,1004.55,8.8,71.1,72,6.2,109,0.55,0.09,1.1,0,0.2,25.8,43,12.2,25.4,8.05,1.15,0.05,1401,1,100,60
06/06/2016,16:00:00,15,Jun-16,Summer-2016,29.05,29.05,28.15,90.5,27.3,0.4,,0.8,2,,29.05,37.25,37.25,,1004.05,0.6,6.2,224.5,19.31,414,1.7,0.28,2.5,0,0.22,25.7,43.5,12.4,25.4,8.12,1.15,0.15,1401,1,100,60
06/06/2016,17:00:00,16,Jun-16,Summer-2016,29.35,29.5,29.1,87,27,0.4,,0.8,1.8,,29.35,37.25,37.25,,1004.1,0,0,133.5,11.48,182,0.95,0.15,1.2,0,0.23,25.75,44.5,12.7,25.5,8.29,1.15,0.1,1402,1,100,60
06/06/2016,18:00:00,17,Jun-16,Summer-2016,29.25,29.35,29.15,83,26.05,0.65,,1.21,2.45,,29.25,36.05,36.05,,1004.3,0,0,61.5,5.29,79,0.05,0.01,0.3,0,0.23,27,46.5,14.55,26.9,8.54,1.15,0.05,1402,1,100,60
06/06/2016,19:00:00,18,Jun-16,Summer-2016,29.05,29.3,29,86.5,26.55,0.2,,0.4,2.25,,29.05,36.35,36.35,,1004.6,0,0,13,1.12,24.5,0,0,0,0,0.22,27.65,49,16,27.9,8.97,1.14,0.03,1403,1,100,60
06/06/2016,20:00:00,19,Jun-16,Summer-2016,28.85,28.9,28.75,86,26.25,0.2,,0.4,1.3,,28.85,35.7,35.7,,1005.55,0,0,0,0,0,0,0,0,0,0.22,27.85,51.5,17,28.45,9.36,1.14,0.03,1402,1,100,60
06/06/2016,21:00:00,20,Jun-16,Summer-2016,28.9,29,28.85,85,26.15,0.2,,0.4,1.8,,28.9,35.65,35.65,,1006.25,0,0,0,0,0,0,0,0,0,0.22,28.1,53,17.6,28.85,9.6,1.14,0.03,1403,1,100,60
06/06/2016,22:00:00,21,Jun-16,Summer-2016,28.85,28.9,28.8,85.5,26.2,0.4,,0.8,2,,28.85,35.6,35.6,,1006.6,0,0,0,0,0,0,0,0,0,0.22,28.2,54,18,29.15,9.75,1.14,0.03,1401,1,100,60
06/06/2016,23:00:00,22,Jun-16,Summer-2016,28.9,28.95,28.9,85.5,26.3,0.4,,0.8,1.8,,28.9,35.8,35.8,,1007.05,0,0,0,0,0,0,0,0,0,0.22,28.3,55.5,18.55,29.4,9.95,1.14,0.03,1402,1,100,60
07/06/2016,00:00:00,23,Jun-16,Summer-2016,28.6,28.8,28.6,86,26,0.2,,0.4,1.8,,28.6,35,35,,1006.7,0,0,0,0,0,0,0,0,0,0.21,28.35,56.5,18.85,29.6,10.13,1.14,0.03,1402,1,100,60
07/06/2016,01:00:00,24,Jun-16,Summer-2016,28.4,28.5,28.35,87,26.05,0.4,,0.8,2.7,,28.4,34.6,34.6,,1006.2,0,0,0,0,0,0,0,0,0,0.21,28.4,57.5,19.2,29.8,10.28,1.14,0.03,1401,1,100,60
07/06/2016,02:00:00,1,Jun-16,Summer-2016,28.3,28.4,28.3,89.5,26.4,0.65,,1.21,3.15,,28.3,34.7,34.7,,1005.85,0,0,0,0,0,0,0,0,0,0.21,28.45,58,19.4,29.9,10.35,1.14,0.03,1400,1,100,60
07/06/2016,03:00:00,2,Jun-16,Summer-2016,28.2,28.3,28.2,90,26.4,0.4,,0.8,2.25,,28.2,34.5,34.5,,1005.55,0,0,0,0,0,0,0,0,0,0.21,28.55,59,19.75,30.15,10.55,1.14,0.03,1403,1,100,60
07/06/2016,04:00:00,3,Jun-16,Summer-2016,28.2,28.3,28.15,90.5,26.5,0.4,,0.8,2.7,,28.2,34.65,34.65,,1005.2,0,0,0,0,0,0,0,0,0,0.21,28.6,60,20,30.3,10.75,1.13,0.03,1402,1,100,60
07/06/2016,05:00:00,4,Jun-16,Summer-2016,27.95,28.15,27.95,92.5,26.6,0.2,,0.4,2,,27.95,34.4,34.4,,1005.15,0.2,0,0,0,0,0,0,0,0,0.2,28.6,60,20.05,30.35,10.75,1.13,0,1403,1,100,60
07/06/2016,06:00:00,5,Jun-16,Summer-2016,28.05,28.05,27.9,91.5,26.55,0.4,,0.8,2.45,,28.05,34.5,34.5,,1005.8,0,0,8.5,0.73,18.5,0,0,0,0,0.2,28.6,60.5,20.25,30.5,10.85,1.13,0,1401,1,100,60
07/06/2016,07:00:00,6,Jun-16,Summer-2016,28,28.15,28,91.5,26.5,0.4,,0.8,2.7,,28,34.45,34.45,,1006.7,0,0,30,2.58,50,0,0,0,0,0.2,28.6,61,20.4,30.6,10.95,1.14,0.03,1401,1,100,60
07/06/2016,08:00:00,7,Jun-16,Summer-2016,29.05,29.05,28.3,86.5,26.55,0.65,,1.21,2.9,,29.05,36.2,36.2,,1007.05,0,0,186,16,316.5,1.25,0.2,1.95,0,0.22,28.7,62,20.7,30.8,11.08,1.13,0.13,1400,1,100,60
07/06/2016,09:00:00,8,Jun-16,Summer-2016,30.4,30.45,29.7,82,27,0.9,,1.61,3.1,,30.4,39.15,39.15,,1006.95,0,0,459,39.48,617,3.4,0.55,4.1,0,0.25,28.7,62.5,20.85,31,11.18,1.13,0.3,1402,1,100,60
07/06/2016,10:00:00,9,Jun-16,Summer-2016,31.1,31.75,30.85,78.5,26.95,0.9,,1.61,4.45,,31.1,39.85,39.85,,1006.95,0,0,496,42.66,864,4.8,0.78,6.6,0,0.27,28.6,61.5,20.5,30.65,11.02,1.14,0.38,1400,1,100,60
07/06/2016,11:00:00,10,Jun-16,Summer-2016,31.55,31.8,31.15,76,26.75,0.9,,1.61,4.25,,31.55,40.65,40.65,,1006.55,0,0,432.5,37.2,650.5,4.95,0.8,8.15,0,0.28,26.7,50,15.4,26.85,9.15,1.15,0.33,1400,1,100,60
07/06/2016,12:00:00,11,Jun-16,Summer-2016,31.95,32.45,31.6,73,26.5,1.3,,2.41,4.7,,31.95,41.05,41.05,,1005.8,0,0,510.5,43.9,1019.5,6.25,1.01,9.75,0,0.28,25.9,45.5,13.2,25.75,8.43,1.15,0.41,1401,1,100,60
07/06/2016,13:00:00,12,Jun-16,Summer-2016,31.95,32.55,31.8,71,26.05,1.1,,2.01,4.5,,31.95,40.45,40.45,,1005.25,0,0,483,41.54,734,5.4,0.87,7.3,0,0.28,25.5,44.5,12.55,25.3,8.29,1.16,0.36,1394,1,100,60
07/06/2016,14:00:00,13,Jun-16,Summer-2016,28.3,31.45,28.3,83,25.05,1.55,,2.82,5.35,,28.3,33.75,33.75,,1006.35,5.2,58.2,67,5.77,139,0.65,0.11,1.55,0,0.21,25.3,45.5,12.65,25.05,8.48,1.16,0.08,1313,1,96,60
07/06/2016,15:00:00,14,Jun-16,Summer-2016,24.15,24.7,24.1,94,23.15,1.1,,2.01,4.7,,24.15,26.25,26.25,,1005.95,9,60,19,1.64,29.5,0,0,0,0,0.12,24.75,43,11.3,24.4,8.07,1.16,0.03,1400,1,100,60
07/06/2016,16:00:00,15,Jun-16,Summer-2016,24.4,24.45,24.05,95,23.5,0.4,,0.8,1.3,,24.4,26.6,26.6,,1005.3,0.8,1.5,11,0.94,14.5,0,0,0,0,0.13,25.95,42.5,12.25,25.6,7.97,1.15,0,1398,1,100,60
07/06/2016,17:00:00,16,Jun-16,Summer-2016,25.05,25.1,24.85,94.5,24.1,0,,0,1.3,,25.05,27.6,27.6,,1004.05,0.2,0,5,0.44,6,0,0,0,0,0.14,27.05,45,14.05,26.8,8.3,1.15,0,1403,1,100,60
07/06/2016,18:00:00,17,Jun-16,Summer-2016,25.2,25.25,25.1,95,24.4,0,,0,1.1,,25.2,27.9,27.9,,1004.05,1.6,3,10.5,0.91,12.5,0,0,0,0,0.14,27.45,47.5,15.3,27.45,8.72,1.14,0,1402,1,100,60
07/06/2016,19:00:00,18,Jun-16,Summer-2016,25.6,25.6,25.4,95,24.75,0.2,,0.4,1.55,,25.6,28.65,28.65,,1004.65,0,0,7.5,0.65,11.5,0,0,0,0,0.15,27.65,50,16.25,27.85,9.12,1.14,0,1402,1,100,60
07/06/2016,20:00:00,19,Jun-16,Summer-2016,25.3,25.5,25.3,95.5,24.55,0,,0,0.65,,25.3,28.1,28.1,,1005.65,0,0,0,0,0,0,0,0,0,0.15,27.75,51.5,16.85,28.2,9.36,1.14,0,1403,1,100,60
07/06/2016,21:00:00,20,Jun-16,Summer-2016,25.3,25.35,25.2,96,24.6,0,,0,0.4,,25.3,28.15,28.15,,1006.5,0,0,0,0,0,0,0,0,0,0.15,27.8,53,17.35,28.4,9.61,1.14,0,1403,1,100,60
07/06/2016,22:00:00,21,Jun-16,Summer-2016,25.4,25.45,25.4,96,24.75,0,,0,0.9,,25.4,28.35,28.35,,1006.8,0,0,0,0,0,0,0,0,0,0.15,27.9,54.5,17.85,28.65,9.8,1.14,0,1401,1,100,60
07/06/2016,23:00:00,22,Jun-16,Summer-2016,25.3,25.35,25.3,96,24.6,0,,0,0.65,,25.3,28.2,28.2,,1007.15,0,0,0,0,0,0,0,0,0,0.15,27.9,55.5,18.25,28.85,9.95,1.14,0,1403,1,100,60
08/06/2016,00:00:00,23,Jun-16,Summer-2016,25.3,25.35,25.25,96.5,24.7,0,,0,0,,25.3,28.2,28.2,,1006.6,0,0,0,0,0,0,0,0,0,0.15,27.9,56.5,18.5,28.95,10.13,1.14,0,1402,1,100,60
08/06/2016,01:00:00,24,Jun-16,Summer-2016,25.55,25.55,25.35,97,25,0,,0,0,,25.55,28.75,28.75,,1005.85,0,0,0,0,0,0,0,0,0,0.15,28,57,18.7,29.1,10.2,1.14,0,1397,1,100,60
08/06/2016,02:00:00,1,Jun-16,Summer-2016,25.75,25.75,25.6,96.5,25.15,0,,0,0.65,,25.75,29.15,29.15,,1005.2,0,0,0,0,0,0,0,0,0,0.15,28,58,19,29.2,10.35,1.14,0,1399,1,100,60
08/06/2016,03:00:00,2,Jun-16,Summer-2016,25.9,25.9,25.85,96,25.3,0,,0,1.1,,25.9,29.6,29.6,,1005,0,0,0,0,0,0,0,0,0,0.16,28.05,59,19.25,29.25,10.55,1.14,0,1401,1,100,60
08/06/2016,04:00:00,3,Jun-16,Summer-2016,26,26,25.9,96,25.35,0,,0,1.3,,26,29.75,29.75,,1004.75,0,0,0,0,0,0,0,0,0,0.16,28.1,59,19.3,29.3,10.55,1.14,0,1404,1,100,60
08/06/2016,05:00:00,4,Jun-16,Summer-2016,26.2,26.25,26.15,96,25.5,0.4,,0.8,1.8,,26.2,30.3,30.3,,1004.8,0,0,0,0,0,0,0,0,0,0.16,28.1,60,19.6,29.4,10.75,1.14,0,1401,1,100,60
08/06/2016,06:00:00,5,Jun-16,Summer-2016,26.2,26.3,26.2,95,25.35,0.4,,0.8,1.55,,26.2,30.1,30.1,,1004.95,0,0,9.5,0.82,19.5,0,0,0,0,0.16,28.1,61,19.85,29.6,10.95,1.14,0,1401,1,100,60
08/06/2016,07:00:00,6,Jun-16,Summer-2016,27.2,27.2,26.35,91.5,25.75,0.4,,0.8,1.55,,27.2,32.2,32.2,,1005.15,0,0,134,11.52,211.5,0.5,0.08,0.9,0,0.19,28.1,61,19.9,29.6,10.95,1.14,0.08,1403,1,100,60
08/06/2016,08:00:00,7,Jun-16,Summer-2016,27.85,28.05,27.8,88.5,25.75,0.4,,0.8,1.8,,27.85,33.25,33.25,,1005.5,0,0,144.5,12.42,224,1.05,0.17,1.35,0,0.2,28.1,61,19.9,29.6,10.95,1.14,0.1,1402,1,100,60
08/06/2016,09:00:00,8,Jun-16,Summer-2016,29.4,29.4,28.25,85,26.55,0.4,,0.8,2,,29.4,36.8,36.8,,1005.5,0,0,370,31.83,507,2.9,0.47,3.75,0,0.23,28.15,61.5,20.05,29.7,11.03,1.14,0.25,1399,1,100,60
08/06/2016,10:00:00,9,Jun-16,Summer-2016,30.95,31.2,30.4,77,26.4,0.4,,0.8,1.8,,30.95,38.9,38.9,,1005.25,0,0,540,46.44,785.5,4.7,0.76,5.95,0,0.26,28.1,61,19.85,29.55,10.93,1.14,0.38,1400,1,100,60
08/06/2016,11:00:00,10,Jun-16,Summer-2016,31.85,32.25,31.25,74.5,26.8,0.9,,1.61,2.9,,31.85,41.4,41.4,,1004.55,0.2,0,676.5,58.18,906,5.85,0.94,7.55,0,0.28,27.75,60.5,19.4,29,10.85,1.14,0.46,1403,1,100,60
08/06/2016,12:00:00,11,Jun-16,Summer-2016,31.45,31.85,31.3,77,26.9,0.65,,1.21,2.2,,31.45,40.55,40.55,,1004.2,0,0,251.5,21.63,626,3.1,0.5,6.2,0,0.27,26.35,49.5,14.9,26.4,9.11,1.15,0.2,1397,1,100,60
08/06/2016,13:00:00,12,Jun-16,Summer-2016,31.55,31.75,31.05,76,26.85,0.65,,1.21,2.9,,31.55,40.65,40.65,,1003.45,0,0,321.5,27.65,544,3.75,0.6,5.5,0,0.28,25.55,46,13.1,25.4,8.54,1.15,0.23,1399,1,100,60
08/06/2016,14:00:00,13,Jun-16,Summer-2016,33.15,33.2,32.35,65.5,25.8,0.9,,1.61,2.65,,33.15,42.2,42.2,,1002.75,0,0,684.5,58.88,807,5.95,0.96,6.8,0,0.31,26.55,48.5,14.8,26.55,8.91,1.15,0.48,1398,1,100,60
08/06/2016,15:00:00,14,Jun-16,Summer-2016,33.15,33.7,33.1,67,26.2,0.9,,1.61,3.35,,33.15,42.95,42.95,,1001.8,0,0,507.5,43.65,721.5,4.1,0.66,5.2,0,0.31,27.5,53,17.1,27.95,9.59,1.14,0.38,1398,1,100,60
08/06/2016,16:00:00,15,Jun-16,Summer-2016,33.6,33.9,33,65,26.1,0.9,,1.61,2.9,,33.6,43.3,43.3,,1001.15,0,0,432.5,37.2,532,2.75,0.45,3.15,0,0.32,27.75,55.5,18.05,28.6,9.95,1.14,0.3,1400,1,100,60
08/06/2016,17:00:00,16,Jun-16,Summer-2016,32.5,33.7,32.25,69,26.05,0.9,,1.61,3.8,,32.5,41.35,41.35,,1000.95,0,0,282.5,24.29,418.5,1.2,0.2,1.85,0,0.3,28,57.5,18.8,29.1,10.28,1.13,0.23,1403,1,100,60
08/06/2016,18:00:00,17,Jun-16,Summer-2016,30.75,31.2,30.75,74.5,25.75,1.3,,2.41,5.4,,30.75,37.8,37.8,,1001,0,0,111.5,9.59,168.5,0.4,0.07,0.65,0,0.26,28.15,58.5,19.25,29.4,10.45,1.13,0.1,1403,1,100,60
08/06/2016,19:00:00,18,Jun-16,Summer-2016,29.7,30.1,29.65,81,26.1,1.1,,2.01,4.7,,29.7,36.6,36.6,,1001.55,0,0,14.5,1.25,24.5,0,0,0,0,0.24,28.2,59.5,19.55,29.6,10.65,1.13,0.03,1402,1,100,60
08/06/2016,20:00:00,19,Jun-16,Summer-2016,29.2,29.45,29.2,83.5,26.1,0.9,,1.61,3.8,,29.2,35.95,35.95,,1002.3,0,0,0,0,0,0,0,0,0,0.23,28.25,60.5,19.85,29.8,10.85,1.13,0.03,1399,1,100,60
08/06/2016,21:00:00,20,Jun-16,Summer-2016,28.8,29,28.8,85,26.05,0.65,,1.21,2.65,,28.8,35.45,35.45,,1002.6,0,0,0,0,0,0,0,0,0,0.22,28.3,61,20.05,29.9,10.95,1.13,0.03,1399,1,100,60
08/06/2016,22:00:00,21,Jun-16,Summer-2016,28.75,28.75,28.7,87.5,26.45,0.4,,0.8,2,,28.75,35.7,35.7,,1002.8,0,0,0,0,0,0,0,0,0,0.22,28.3,62,20.4,30.1,11.09,1.13,0.03,1403,1,100,60
08/06/2016,23:00:00,22,Jun-16,Summer-2016,28.8,28.8,28.75,88,26.6,0.4,,0.8,1.55,,28.8,35.9,35.9,,1003.05,0,0,0,0,0,0,0,0,0,0.22,28.35,62,20.4,30.15,11.09,1.13,0.03,1401,1,100,60
09/06/2016,00:00:00,23,Jun-16,Summer-2016,28.85,28.9,28.75,86.5,26.4,0.4,,0.8,2.45,,28.85,35.8,35.8,,1002.85,0,0,0,0,0,0,0,0,0,0.22,28.4,62.5,20.55,30.35,11.19,1.13,0.03,1399,1,100,60
09/06/2016,01:00:00,24,Jun-16,Summer-2016,28.45,28.65,28.45,88,26.25,0.4,,0.8,2.45,,28.45,34.9,34.9,,1002.5,0,0,0,0,0,0,0,0,0,0.21,28.4,63,20.7,30.5,11.29,1.13,0.03,1401,1,100,60
09/06/2016,02:00:00,1,Jun-16,Summer-2016,28.2,28.35,28.2,88,26.05,0.65,,1.21,2.45,,28.2,34.15,34.15,,1002.2,0,0,0,0,0,0,0,0,0,0.21,28.5,63,20.8,30.6,11.28,1.13,0.03,1401,1,100,60
09/06/2016,03:00:00,2,Jun-16,Summer-2016,27.85,28,27.8,88,25.65,0.4,,0.8,1.55,,27.85,33.15,33.15,,1001.85,0,0,0,0,0,0,0,0,0,0.2,28.5,63,20.8,30.6,11.28,1.13,0.03,1401,1,100,60
09/06/2016,04:00:00,3,Jun-16,Summer-2016,27.7,27.8,27.7,88.5,25.65,0.4,,0.8,2,,27.7,32.95,32.95,,1001.85,0,0,0,0,0,0,0,0,0,0.2,28.5,63,20.8,30.6,11.28,1.13,0.03,1404,1,100,60
09/06/2016,05:00:00,4,Jun-16,Summer-2016,27.75,27.75,27.7,89.5,25.85,0,,0,0.45,,27.75,33.15,33.15,,1001.75,0,0,0,0,0,0,0,0,0,0.2,28.6,63.5,20.95,30.8,11.38,1.13,0,1399,1,100,60
09/06/2016,06:00:00,5,Jun-16,Summer-2016,27.6,27.75,27.6,91.5,26.1,0,,0,0,,27.6,33.2,33.2,,1002,0,0,6,0.51,8.5,0,0,0,0,0.19,28.6,64,21.1,30.9,11.48,1.13,0,1404,1,100,60
09/06/2016,07:00:00,6,Jun-16,Summer-2016,27,27.5,27,93.5,25.85,0.4,,0.8,2,,27,31.85,31.85,,1002.25,7,73.8,18,1.55,36,0,0,0,0,0.18,28.6,64,21.1,30.95,11.48,1.13,0.03,1404,1,100,60
09/06/2016,08:00:00,7,Jun-16,Summer-2016,27.05,27.2,26.75,95.5,26.25,0.4,,0.8,2.65,,27.05,32.2,32.2,,1002.45,0.8,15.6,73,6.28,130,0.3,0.05,0.95,0,0.18,28.6,65,21.3,31,11.68,1.13,0.05,1404,1,100,60
09/06/2016,09:00:00,8,Jun-16,Summer-2016,26.8,27.05,26.25,96.5,26.2,0.4,,0.8,1.75,,26.8,31.9,31.9,,1002.45,13.8,52.3,95,8.17,168,0.8,0.13,1.55,0,0.18,28.6,66,21.6,31.25,11.88,1.13,0.05,1402,1,100,60
09/06/2016,10:00:00,9,Jun-16,Summer-2016,28.7,29.05,27.75,90.5,26.95,0.65,,1.21,2.65,,28.7,36.05,36.05,,1002.1,0,0,256,22.02,515.5,2.9,0.47,5.6,0,0.22,28.6,66,21.6,31.3,11.88,1.13,0.2,1403,1,100,60
09/06/2016,11:00:00,10,Jun-16,Summer-2016,28.1,28.9,27.5,90,26.25,0.9,,1.61,2.9,,28.1,34.25,34.25,,1002.05,3.4,51,252.5,21.72,491.5,3,0.48,5.8,0,0.2,28.1,61.5,19.95,29.9,11.03,1.13,0.18,1402,1,100,60
09/06/2016,12:00:00,11,Jun-16,Summer-2016,29.4,29.5,28.9,87,27,0.9,,1.61,2.9,,29.4,37.25,37.25,,1001.7,0,0,396.5,34.11,661,4.95,0.8,7.1,0,0.23,26.4,50.5,15.25,26.5,9.26,1.15,0.28,1402,1,100,60
09/06/2016,13:00:00,12,Jun-16,Summer-2016,30.65,30.8,29.7,80.5,26.85,0.9,,1.61,3.1,,30.65,39,39,,1000.9,0,0,474,40.77,901.5,5.35,0.86,8.55,0,0.26,25.75,46.5,13.4,25.6,8.59,1.15,0.36,1397,1,100,60
09/06/2016,14:00:00,13,Jun-16,Summer-2016,31.35,31.65,30.8,78,27,0.9,,1.61,3.1,,31.35,40.65,40.65,,1000,0,0,415.5,35.74,949,4.6,0.74,8.3,0,0.27,25.65,46,13.2,25.5,8.54,1.15,0.3,1401,1,100,60
09/06/2016,15:00:00,14,Jun-16,Summer-2016,31.1,31.4,30.8,76,26.35,0.9,,1.61,3.8,,31.1,39.15,39.15,,999.25,0,0,192,16.51,494.5,3.15,0.51,6.35,0,0.27,27.15,50.5,16,27.3,9.18,1.14,0.23,1402,1,100,60
09/06/2016,16:00:00,15,Jun-16,Summer-2016,30.7,31.15,30.4,77,26.2,0.9,,1.61,3.15,,30.7,38.4,38.4,,999.05,0,0,193.5,16.64,534,2.05,0.33,3.3,0,0.26,27.75,54,17.6,28.45,9.73,1.13,0.15,1398,1,100,60
09/06/2016,17:00:00,16,Jun-16,Summer-2016,31.15,31.65,30.8,75,26.2,0.9,,1.61,3.6,,31.15,39.1,39.1,,999.2,0,0,270,23.22,382,1.4,0.23,1.75,0,0.27,28,56.5,18.55,29.05,10.13,1.13,0.2,1402,1,100,60
09/06/2016,18:00:00,17,Jun-16,Summer-2016,29.7,30.25,29.7,80,25.85,0.4,,0.8,2.9,,29.7,36.4,36.4,,999.35,0,0,48.5,4.17,64,0.15,0.03,0.35,0,0.24,28.1,58,19.1,29.3,10.35,1.13,0.05,1400,1,100,60
09/06/2016,19:00:00,18,Jun-16,Summer-2016,28.95,29.35,28.9,83.5,25.85,0.4,,0.8,2,,28.95,35.4,35.4,,999.95,0,0,11,0.94,17.5,0,0,0,0,0.22,28.2,59,19.4,29.55,10.55,1.13,0.03,1404,1,100,60
09/06/2016,20:00:00,19,Jun-16,Summer-2016,28.3,28.55,28.3,84.5,25.5,0.4,,0.8,2.65,,28.3,33.9,33.9,,1000,0,0,0,0,0,0,0,0,0,0.21,28.25,60,19.75,29.75,10.75,1.13,0.03,1397,1,100,60
09/06/2016,21:00:00,20,Jun-16,Summer-2016,27.95,28.1,27.9,87.5,25.7,0.4,,0.8,2,,27.95,33.45,33.45,,1000.15,0,0,0,0,0,0,0,0,0,0.2,28.3,60.5,19.95,29.85,10.85,1.13,0.03,1403,1,100,60
09/06/2016,22:00:00,21,Jun-16,Summer-2016,27.75,27.9,27.7,87.5,25.45,0.4,,0.8,2.2,,27.75,32.75,32.75,,1000.45,0,0,0,0,0,0,0,0,0,0.2,28.3,61,20.1,29.9,10.95,1.13,0.03,1404,1,100,60
09/06/2016,23:00:00,22,Jun-16,Summer-2016,27.35,27.55,27.35,88.5,25.35,0,,0,0.45,,27.35,32,32,,1000.4,0,0,0,0,0,0,0,0,0,0.19,28.35,61,20.1,30,10.95,1.13,0.03,1403,1,100,60
10/06/2016,00:00:00,23,Jun-16,Summer-2016,27.2,27.3,27.15,89,25.2,0,,0,0,,27.2,31.55,31.55,,1000.2,0,0,0,0,0,0,0,0,0,0.18,28.4,62,20.4,30.2,11.09,1.13,0,1399,1,100,60
10/06/2016,01:00:00,24,Jun-16,Summer-2016,26.75,26.95,26.75,91.5,25.25,0,,0,0,,26.75,30.95,30.95,,1000.15,0,0,0,0,0,0,0,0,0,0.18,28.4,62.5,20.55,30.25,11.19,1.13,0,1403,1,100,60
10/06/2016,02:00:00,1,Jun-16,Summer-2016,27.35,27.35,27,90.5,25.65,0.2,,0.4,1.55,,27.35,32.2,32.2,,1000.15,0,0,0,0,0,0,0,0,0,0.19,28.4,63,20.7,30.3,11.29,1.13,0,1401,1,100,60
10/06/2016,03:00:00,2,Jun-16,Summer-2016,27.25,27.35,27.25,90.5,25.55,0,,0,0.9,,27.25,31.9,31.9,,999.7,0,0,0,0,0,0,0,0,0,0.19,28.4,63,20.7,30.5,11.29,1.13,0,1404,1,100,60
10/06/2016,04:00:00,3,Jun-16,Summer-2016,27.2,27.2,27.2,90.5,25.5,0,,0,1.1,,27.2,31.85,31.85,,999.6,0,0,0,0,0,0,0,0,0,0.19,28.4,64,21,30.6,11.49,1.13,0,1403,1,100,60
10/06/2016,05:00:00,4,Jun-16,Summer-2016,27.05,27.2,27.05,91,25.45,0,,0,1.1,,27.05,31.55,31.55,,999.65,0,0,0,0,0,0,0,0,0,0.18,28.4,64,21,30.6,11.49,1.13,0,1403,1,100,60
10/06/2016,06:00:00,5,Jun-16,Summer-2016,26.75,26.9,26.65,92,25.35,0,,0,0,,26.75,30.85,30.85,,999.6,0,0,14.5,1.25,23,0,0,0,0,0.18,28.4,64.5,21.1,30.7,11.59,1.13,0,1401,1,100,60
10/06/2016,07:00:00,6,Jun-16,Summer-2016,27.75,27.75,27.1,88,25.55,0,,0,0.9,,27.75,32.85,32.85,,999.75,0,0,60.5,5.2,89.5,0.3,0.05,0.7,0,0.2,28.4,64.5,21.1,30.7,11.59,1.13,0.05,1403,1,100,60
10/06/2016,08:00:00,7,Jun-16,Summer-2016,28.9,29,28.4,82,25.5,0.2,,0.4,1.55,,28.9,35.05,35.05,,1000.55,0,0,181.5,15.61,214.5,1.35,0.22,1.55,0,0.22,28.5,64,21,30.7,11.48,1.13,0.13,1401,1,100,60
10/06/2016,09:00:00,8,Jun-16,Summer-2016,29.25,29.25,29.05,79,25.25,1.1,,2.01,2.7,,29.25,35.25,35.25,,1000.75,0,0,231,19.87,262,2.2,0.36,2.55,0,0.23,28.5,64.5,21.15,30.8,11.58,1.13,0.18,1403,1,100,60
10/06/2016,10:00:00,9,Jun-16,Summer-2016,30.35,30.4,29.8,78.5,26.15,0.65,,1.21,2.65,,30.35,37.8,37.8,,1000.9,0,0,329,28.3,417.5,3.5,0.56,4.15,0,0.25,28.6,65,21.3,31,11.68,1.13,0.23,1402,1,100,60
10/06/2016,11:00:00,10,Jun-16,Summer-2016,31.7,31.8,30.75,72.5,26.2,1.1,,2.01,4.5,,31.7,40.15,40.15,,1000.7,0,0,549.5,47.26,989.5,5.75,0.92,8.7,0,0.28,28.6,65.5,21.45,31.1,11.78,1.13,0.41,1401,1,100,60
10/06/2016,12:00:00,11,Jun-16,Summer-2016,32.5,32.6,31.85,71,26.55,1.3,,2.41,4.95,,32.5,42.3,42.3,,1000.4,0,0,833.5,71.69,963,8.15,1.31,9.3,0,0.3,28.6,66,21.6,31.3,11.88,1.13,0.56,1401,1,100,60
10/06/2016,13:00:00,12,Jun-16,Summer-2016,33.45,33.45,32.75,65,25.95,1.1,,2.01,3.8,,33.45,42.8,42.8,,999.7,0,0,882,75.86,950,8.7,1.4,9.4,0,0.31,28.7,67,21.9,31.6,12.08,1.12,0.61,1403,1,100,60
10/06/2016,14:00:00,13,Jun-16,Summer-2016,33.85,34.1,33.35,65,26.35,0.9,,1.61,3.8,,33.85,44.2,44.2,,998.8,0,0,721.5,62.06,892,6.65,1.07,8.15,0,0.32,28.7,67,22,31.8,12.08,1.12,0.48,1402,1,100,60
10/06/2016,15:00:00,14,Jun-16,Summer-2016,34.25,34.65,34.2,63,26.25,0.9,,1.61,3.55,,34.25,44.6,44.6,,998.05,0,0,540,46.45,755.5,4.7,0.76,6.05,0,0.33,28.75,67,22,31.85,12.08,1.12,0.38,1402,1,100,60
10/06/2016,16:00:00,15,Jun-16,Summer-2016,34.3,34.5,34.1,63.5,26.35,1.1,,2.01,3.55,,34.3,44.85,44.85,,997.75,0,0,371,31.91,525.5,2.65,0.43,3.25,0,0.33,28.8,68,22.3,32.1,12.27,1.12,0.3,1396,1,100,60
10/06/2016,17:00:00,16,Jun-16,Summer-2016,34.05,34.3,34,62.5,25.85,0.9,,1.61,2.9,,34.05,43.6,43.6,,997.65,0,0,239.5,20.6,318,1.4,0.23,1.7,0,0.33,28.8,68,22.3,32.2,12.27,1.12,0.2,1402,1,100,60
10/06/2016,18:00:00,17,Jun-16,Summer-2016,33.2,33.75,33.05,68,26.5,0.4,,0.8,2,,33.2,43.35,43.35,,997.8,0,0,65.5,5.64,117,0.1,0.02,0.35,0,0.31,28.8,68,22.3,32.2,12.27,1.12,0.08,1401,1,100,60
10/06/2016,19:00:00,18,Jun-16,Summer-2016,32.6,33.05,32.6,68.5,26.05,0.4,,0.8,1.8,,32.6,41.6,41.6,,998.35,0,0,18.5,1.59,30.5,0,0,0,0,0.3,28.85,68,22.35,32.25,12.27,1.12,0.03,1402,1,100,60
10/06/2016,20:00:00,19,Jun-16,Summer-2016,31.75,32.15,31.75,71.5,25.95,0,,0,0.9,,31.75,39.9,39.9,,999.2,0,0,0,0,0,0,0,0,0,0.28,28.9,68,22.4,32.3,12.27,1.12,0,1404,1,100,60
10/06/2016,21:00:00,20,Jun-16,Summer-2016,30.6,31.2,30.6,79,26.5,0,,0,0.2,,30.6,38.6,38.6,,999.65,0,0,0,0,0,0,0,0,0,0.26,28.9,68,22.4,32.3,12.27,1.12,0.03,1401,1,100,60
10/06/2016,22:00:00,21,Jun-16,Summer-2016,30.3,30.45,30.25,82,26.9,0,,0,0.45,,30.3,38.85,38.85,,1000.35,0,0,0,0,0,0,0,0,0,0.25,28.9,68.5,22.55,32.5,12.33,1.12,0.03,1402,1,100,60
10/06/2016,23:00:00,22,Jun-16,Summer-2016,30.3,30.4,30.1,85.5,27.6,0,,0,0.2,,30.3,39.95,39.95,,1000.5,0,0,0,0,0,0,0,0,0,0.25,28.9,69,22.7,32.7,12.39,1.12,0.03,1405,1,100,60
11/06/2016,00:00:00,23,Jun-16,Summer-2016,30.1,30.35,30.05,86,27.5,0,,0,0,,30.1,39.3,39.3,,1000.05,0,0,0,0,0,0,0,0,0,0.25,29,69,22.7,32.8,12.38,1.12,0.03,1403,1,100,60
11/06/2016,01:00:00,24,Jun-16,Summer-2016,30.45,30.5,30.1,84.5,27.55,0.4,,0.8,1.8,,30.45,40.15,40.15,,999.7,0,0,0,0,0,0,0,0,0,0.25,29,69,22.7,32.8,12.38,1.12,0.03,1398,1,100,60
11/06/2016,02:00:00,1,Jun-16,Summer-2016,30.05,30.35,30.05,87,27.65,0.2,,0.4,1.55,,30.05,39.45,39.45,,999.05,0,0,0,0,0,0,0,0,0,0.24,29.05,69,22.75,32.85,12.38,1.12,0.03,1402,1,100,60
11/06/2016,03:00:00,2,Jun-16,Summer-2016,29.55,29.85,29.5,90,27.75,0,,0,0.85,,29.55,38.6,38.6,,999.1,0,0,0,0,0,0,0,0,0,0.23,29.1,69.5,22.9,33,12.49,1.12,0,1403,1,100,60
11/06/2016,04:00:00,3,Jun-16,Summer-2016,29.25,29.4,29.1,92,27.8,0,,0,0.9,,29.25,38.3,38.3,,999.45,0,0,0,0,0,0,0,0,0,0.23,29.1,70,23,33.1,12.59,1.12,0,1399,1,100,60
11/06/2016,05:00:00,4,Jun-16,Summer-2016,29.6,29.6,29.45,84.5,26.7,0.4,,0.8,1.3,,29.6,37.2,37.2,,999.8,0,0,0,0,0,0,0,0,0,0.23,29.1,70,23.05,33.15,12.59,1.12,0,1400,1,100,60
11/06/2016,06:00:00,5,Jun-16,Summer-2016,29.55,29.65,29.45,85.5,26.85,0.2,,0.4,1.55,,29.55,37.25,37.25,,1000.35,0,0,20.5,1.76,37,0,0,0,0,0.23,29.1,70,23.1,33.2,12.59,1.12,0.03,1405,1,100,60
11/06/2016,07:00:00,6,Jun-16,Summer-2016,30.3,30.3,29.7,83,27.05,0,,0,0,,30.3,38.95,38.95,,1000.65,0,0,99,8.51,128,0.25,0.04,0.35,0,0.25,29.15,70,23.1,33.25,12.59,1.12,0.08,1402,1,100,60
11/06/2016,08:00:00,7,Jun-16,Summer-2016,31.9,32,31.25,79,27.8,0,,0,1.55,,31.9,43.5,43.5,,1001.05,0,0,239,20.55,293.5,1.2,0.19,1.35,0,0.28,29.15,70,23.1,33.25,12.59,1.12,0.18,1403,1,100,60
11/06/2016,09:00:00,8,Jun-16,Summer-2016,31.85,32.05,31.75,80.5,28.1,0.4,,0.8,2,,31.85,44,44,,1001,0,0,237,20.39,371,1.7,0.28,2.1,0,0.28,29.2,70,23.15,33.35,12.58,1.12,0.18,1400,1,100,60
11/06/2016,10:00:00,9,Jun-16,Summer-2016,32.6,32.9,32.1,77.5,28.15,0.4,,0.8,2,,32.6,45.85,45.85,,1000.55,0,0,322.5,27.73,583.5,2.5,0.4,3.4,0,0.3,29.2,70.5,23.3,33.5,12.72,1.12,0.25,1402,1,100,60
11/06/2016,11:00:00,10,Jun-16,Summer-2016,29.1,33.45,28.85,83,25.9,2,,3.62,8.25,,29.1,37.95,37.95,,1001,2.6,50.5,305,26.24,731,2.5,0.4,4.8,0,0.23,29.3,71,23.5,33.7,12.86,1.12,0.25,1403,1,100,60
11/06/2016,12:00:00,11,Jun-16,Summer-2016,23.05,24.25,22.85,96.5,22.5,1.55,,2.82,6,,23.05,24.75,24.75,,1001.15,25,129.1,6.5,0.56,10.5,0,0,0,0,0.1,29.2,70,23.15,33.35,12.58,1.12,0,1405,1,100,60
11/06/2016,13:00:00,12,Jun-16,Summer-2016,23.75,23.75,23.3,97,23.25,0.2,,0.4,1.3,,23.75,25.75,25.75,,1000.45,0,0,25,2.15,31,0,0,0,0,0.11,29.1,70,23.1,33.2,12.59,1.12,0.03,1402,1,100,60
11/06/2016,14:00:00,13,Jun-16,Summer-2016,24.9,24.9,24.4,97.5,24.45,0,,0,0.9,,24.9,27.45,27.45,,999.95,0,0,51.5,4.43,60.5,0.05,0.01,0.25,0,0.14,29.1,70,23.1,33.2,12.59,1.12,0.03,1404,1,100,60
11/06/2016,15:00:00,14,Jun-16,Summer-2016,25.45,25.45,25.15,97.5,24.95,0.4,,0.8,1.75,,25.45,28.55,28.55,,999.7,0,0,92,7.92,121.5,0.5,0.08,0.8,0,0.15,29.1,70,23.1,33.2,12.59,1.12,0.05,1399,1,100,60
11/06/2016,16:00:00,15,Jun-16,Summer-2016,26.05,26.05,25.8,96,25.35,0.4,,0.8,1.75,,26.05,29.8,29.8,,998.85,0,0,142,12.21,150.5,0.85,0.14,0.95,0,0.16,29.1,70,23.1,33.2,12.59,1.12,0.1,1401,1,100,60
11/06/2016,17:00:00,16,Jun-16,Summer-2016,26.2,26.2,26.15,93,24.9,0.4,,0.8,1.3,,26.2,29.8,29.8,,998.95,0,0,74.5,6.41,98.5,0.2,0.03,0.35,0,0.16,29.1,70,23.1,33.2,12.59,1.12,0.05,1401,1,100,60
11/06/2016,18:00:00,17,Jun-16,Summer-2016,26.25,26.35,26.2,92.5,24.95,0.2,,0.4,1.55,,26.25,29.9,29.9,,998.85,0,0,50.5,4.34,61,0,0,0,0,0.17,29.1,70,23.1,33.2,12.59,1.12,0.03,1403,1,100,60
11/06/2016,19:00:00,18,Jun-16,Summer-2016,26.25,26.3,26.2,90,24.5,0.4,,0.8,2.25,,26.25,29.55,29.55,,999.15,0,0,8,0.69,15.5,0,0,0,0,0.17,29.1,70,23.1,33.2,12.59,1.12,0,1402,1,100,60
11/06/2016,20:00:00,19,Jun-16,Summer-2016,26.15,26.2,26.1,90,24.35,0.4,,0.8,1.55,,26.15,29.35,29.35,,1000.1,0,0,0,0,0,0,0,0,0,0.16,29.1,70,23.1,33.2,12.59,1.12,0,1402,1,100,60
11/06/2016,21:00:00,20,Jun-16,Summer-2016,26.55,26.55,26.3,90.5,24.85,0.4,,0.8,2.25,,26.55,30.25,30.25,,1000.9,0,0,0,0,0,0,0,0,0,0.17,29.1,70,23,33.1,12.59,1.12,0.03,1400,1,100,60
11/06/2016,22:00:00,21,Jun-16,Summer-2016,26.8,26.8,26.7,91,25.2,0.65,,1.21,2.9,,26.8,30.8,30.8,,1001.95,0,0,0,0,0,0,0,0,0,0.18,29.1,70,23,33.1,12.59,1.12,0,1404,1,100,60
11/06/2016,23:00:00,22,Jun-16,Summer-2016,26.75,26.8,26.7,92,25.35,0.65,,1.21,3.35,,26.75,30.95,30.95,,1002.05,0,0,0,0,0,0,0,0,0,0.18,29.1,70,23,33.1,12.59,1.12,0,1403,1,100,60
12/06/2016,00:00:00,23,Jun-16,Summer-2016,26.65,26.7,26.6,93,25.45,0.4,,0.8,2.9,,26.65,30.9,30.9,,1001.8,0,0,0,0,0,0,0,0,0,0.17,29.05,70,23,33,12.6,1.12,0,1402,1,100,60
12/06/2016,01:00:00,24,Jun-16,Summer-2016,26.6,26.75,26.6,91.5,25.1,0.65,,1.21,3.15,,26.6,30.5,30.5,,1000.65,0,0,0,0,0,0,0,0,0,0.17,29,70,23,32.9,12.6,1.12,0,1401,1,100,60
12/06/2016,02:00:00,1,Jun-16,Summer-2016,26.2,26.4,26.2,92.5,24.9,0.2,,0.4,0.65,,26.2,29.85,29.85,,998.65,0,0,0,0,0,0,0,0,0,0.16,28.95,70,22.95,32.85,12.6,1.12,0,1403,1,100,60
12/06/2016,03:00:00,2,Jun-16,Summer-2016,26.25,26.3,26.15,92.5,24.95,0.2,,0.4,1.55,,26.25,29.9,29.9,,999.15,0,0,0,0,0,0,0,0,0,0.17,28.9,70,22.9,32.8,12.6,1.12,0,1404,1,100,60
12/06/2016,04:00:00,3,Jun-16,Summer-2016,25.5,26.05,25.5,95.5,24.7,0.65,,1.21,3.35,,25.5,28.55,28.55,,999.9,34.6,123.4,0,0,0,0,0,0,0,0.15,28.9,70.5,23.05,32.95,12.75,1.12,0,1405,1,100,60
12/06/2016,05:00:00,4,Jun-16,Summer-2016,24.7,24.95,24.6,96.5,24.1,1.3,,2.41,4.05,,24.7,27.1,27.1,,999.85,1,13.4,0,0,0,0,0,0,0,0.13,28.9,71,23.2,33.1,12.89,1.12,0,1399,1,100,60
12/06/2016,06:00:00,5,Jun-16,Summer-2016,24.9,24.9,24.75,95.5,24.15,1.1,,2.01,4,,24.9,27.4,27.4,,1000.25,0,0,0,0,0,0,0,0,0,0.14,28.9,71,23.1,32.9,12.89,1.12,0,1402,1,100,60
12/06/2016,07:00:00,6,Jun-16,Summer-2016,24.95,25.05,24.95,95,24.05,0.65,,1.21,2,,24.95,27.4,27.4,,1001.05,0,0,4.5,0.39,7,0,0,0,0,0.14,28.8,71,23,32.8,12.89,1.12,0,1403,1,100,60
12/06/2016,08:00:00,7,Jun-16,Summer-2016,25.15,25.15,25,94.5,24.15,0.4,,0.8,2.45,,25.15,27.7,27.7,,1001.75,0,0,12,1.03,15,0,0,0,0,0.14,28.8,71,23,32.8,12.89,1.12,0,1400,1,100,60
12/06/2016,09:00:00,8,Jun-16,Summer-2016,25.25,25.25,25.2,94,24.25,0.4,,0.8,2,,25.25,28,28,,1002.35,0,0,32,2.75,43,0,0,0,0,0.15,28.8,71,23,32.75,12.9,1.12,0.03,1400,1,100,60
12/06/2016,10:00:00,9,Jun-16,Summer-2016,25.8,25.8,25.45,92.5,24.45,0.4,,0.8,3.15,,25.8,28.85,28.85,,1002.5,0,0,110,9.46,137.5,0.7,0.11,0.95,0,0.16,28.8,71,23,32.7,12.9,1.12,0.08,1402,1,100,60
12/06/2016,11:00:00,10,Jun-16,Summer-2016,26.9,26.9,26.3,89.5,25,0.4,,0.8,1.75,,26.9,30.9,30.9,,1002.1,0,0,242,20.82,274,1.75,0.28,2,0,0.18,28.6,68,22.1,31.75,12.3,1.13,0.15,1403,1,100,60
12/06/2016,12:00:00,11,Jun-16,Summer-2016,27.95,27.95,27.5,86.5,25.45,0.4,,0.8,1.3,,27.95,33.2,33.2,,1001.85,0,0,346.5,29.8,390.5,2.55,0.41,2.9,0,0.2,26.7,52,16,26.9,9.46,1.14,0.23,1400,1,100,60
12/06/2016,13:00:00,12,Jun-16,Summer-2016,28.3,28.35,28.1,86.5,25.8,0.4,,0.8,1.55,,28.3,34.1,34.1,,1001.7,0,0,272.5,23.44,373.5,2.05,0.33,2.75,0,0.21,25.75,46.5,13.4,25.6,8.59,1.15,0.18,1399,1,100,60
12/06/2016,14:00:00,13,Jun-16,Summer-2016,28.95,29,28.55,85,26.15,0.4,,0.8,1.3,,28.95,35.75,35.75,,1001.3,0,0,293.5,25.25,393.5,2.15,0.35,2.6,0,0.22,25.35,45,12.55,25.15,8.4,1.15,0.2,1398,1,100,60
12/06/2016,15:00:00,14,Jun-16,Summer-2016,29,29.3,28.75,84.5,26.1,0.4,,0.8,1.8,,29,35.65,35.65,,1000.85,0,0,242,20.82,333.5,1.75,0.28,2.35,0,0.22,25.05,44,11.95,24.75,8.21,1.15,0.18,1402,1,100,60
12/06/2016,16:00:00,15,Jun-16,Summer-2016,29.2,29.6,28.75,83.5,26.15,0.65,,1.21,2,,29.2,36,36,,1000.35,0,0,268,23.05,395,1.6,0.26,2.2,0,0.23,26.55,48,14.65,26.5,8.81,1.14,0.18,1401,1,100,60
12/06/2016,17:00:00,16,Jun-16,Summer-2016,28.4,28.7,28.4,85,25.6,0.4,,0.8,1.8,,28.4,34.15,34.15,,1000.1,0,0,79,6.79,109,0.35,0.06,0.65,0,0.21,27.25,51.5,16.4,27.55,9.38,1.14,0.05,1403,1,100,60
12/06/2016,18:00:00,17,Jun-16,Summer-2016,27.9,28.1,27.85,85,25.15,0.4,,0.8,1.55,,27.9,32.8,32.8,,1000.7,0,0,18,1.55,25,0,0,0,0,0.2,27.55,53.5,17.25,28.05,9.69,1.14,0.03,1402,1,100,60
12/06/2016,19:00:00,18,Jun-16,Summer-2016,23.4,25.75,23.35,92,21.95,1.55,,2.82,6.95,,23.4,24.95,24.95,,1002.5,9.6,54,0.5,0.04,3.5,0,0,0,0,0.1,27.7,56,18.1,28.5,10.02,1.14,0,1394,1,100,60
12/06/2016,20:00:00,19,Jun-16,Summer-2016,23.5,23.5,23.15,95.5,22.7,0.4,,0.8,1.55,,23.5,25.25,25.25,,1002.15,1.4,4.2,0,0,0,0,0,0,0,0.11,27.7,58.5,18.85,28.75,10.45,1.14,0,1403,1,100,60
12/06/2016,21:00:00,20,Jun-16,Summer-2016,24.05,24.05,23.8,95.5,23.25,0.4,,0.8,1.3,,24.05,26.1,26.1,,1002.6,0.2,1.6,0,0,0,0,0,0,0,0.12,27.7,60,19.2,28.9,10.75,1.14,0,1403,1,100,60
12/06/2016,22:00:00,21,Jun-16,Summer-2016,25.15,25.2,24.55,92,23.75,0.65,,1.21,2.7,,25.15,27.7,27.7,,1001.9,0,0,0,0,0,0,0,0,0,0.14,27.8,61,19.6,29.1,10.95,1.13,0,1402,1,100,60
12/06/2016,23:00:00,22,Jun-16,Summer-2016,25.6,25.7,25.45,93.5,24.45,0.2,,0.4,2,,25.6,28.55,28.55,,1002.2,0,0,0,0,0,0,0,0,0,0.15,27.8,62,19.9,29.3,11.11,1.13,0,1401,1,100,60
13/06/2016,00:00:00,23,Jun-16,Summer-2016,25.8,25.85,25.5,93.5,24.7,0.2,,0.4,1.3,,25.8,29,29,,1003.2,0,0,0,0,0,0,0,0,0,0.16,27.8,62.5,20,29.35,11.21,1.13,0,1402,1,100,60
13/06/2016,01:00:00,24,Jun-16,Summer-2016,26.25,26.25,26.1,92.5,24.95,0.4,,0.8,3.15,,26.25,29.85,29.85,,1003.25,0,0,0,0,0,0,0,0,0,0.16,27.85,63,20.15,29.45,11.31,1.13,0,1403,1,100,60
13/06/2016,02:00:00,1,Jun-16,Summer-2016,26.3,26.35,26.3,93,25.1,0.4,,0.8,2.7,,26.3,30.1,30.1,,1002.8,0,0,0,0,0,0,0,0,0,0.17,27.85,63.5,20.3,29.55,11.41,1.13,0,1402,1,100,60
13/06/2016,03:00:00,2,Jun-16,Summer-2016,26.4,26.4,26.3,94,25.3,0.2,,0.4,1.35,,26.4,30.4,30.4,,1002.2,0,0,0,0,0,0,0,0,0,0.17,27.9,64,20.4,29.6,11.51,1.13,0,1402,1,100,60
13/06/2016,04:00:00,3,Jun-16,Summer-2016,25.6,26.15,25.6,92.5,24.3,1.1,,2.01,3.8,,25.6,28.55,28.55,,1001.85,0.4,0.6,0,0,0,0,0,0,0,0.15,27.8,64,20.4,29.6,11.51,1.13,0,1404,1,100,60
13/06/2016,05:00:00,4,Jun-16,Summer-2016,24.95,25.2,24.9,94,23.9,0.2,,0.4,1.1,,24.95,27.35,27.35,,1001.25,0,0,0,0,0,0,0,0,0,0.14,27.9,64,20.4,29.6,11.51,1.13,0,1403,1,100,60
13/06/2016,06:00:00,5,Jun-16,Summer-2016,24.85,24.85,24.8,96,24.25,0,,0,0,,24.85,27.4,27.4,,1001.6,0,0,10,0.86,19.5,0,0,0,0,0.14,27.85,64.5,20.5,29.65,11.61,1.13,0,1399,1,100,60
13/06/2016,07:00:00,6,Jun-16,Summer-2016,25.6,25.6,25.15,95.5,24.85,0,,0,0,,25.6,28.75,28.75,,1002.2,0,0,60.5,5.2,69.5,0.2,0.03,0.3,0,0.15,27.85,65,20.65,29.7,11.71,1.13,0.05,1400,1,100,60
13/06/2016,08:00:00,7,Jun-16,Summer-2016,26.8,26.8,26.1,93.5,25.7,0,,0,0.65,,26.8,31.4,31.4,,1002.3,0,0,141.5,12.17,208.5,1,0.16,1.25,0,0.18,27.85,65,20.65,29.7,11.71,1.13,0.1,1402,1,100,60
13/06/2016,09:00:00,8,Jun-16,Summer-2016,28.15,28.15,27.45,87.5,25.85,0.2,,0.4,1.55,,28.15,33.85,33.85,,1002.45,0,0,269,23.14,342.5,2,0.33,2.4,0,0.2,27.9,65,20.7,29.7,11.71,1.13,0.18,1401,1,100,60
13/06/2016,10:00:00,9,Jun-16,Summer-2016,29.7,29.7,28.9,79,25.65,0.4,,0.8,1.8,,29.7,36.2,36.2,,1002.6,0,0,458.5,39.44,722.5,3.45,0.56,4.5,0,0.24,27.55,61,19.3,28.75,10.94,1.14,0.3,1404,1,100,60
13/06/2016,11:00:00,10,Jun-16,Summer-2016,30.3,30.35,29.5,77.5,25.95,0.9,,1.61,3.8,,30.3,37.35,37.35,,1002.8,0,0,611,52.55,967.5,5.15,0.83,7.35,0,0.25,25.85,49.5,14.4,25.8,9.12,1.15,0.43,1398,1,100,60
13/06/2016,12:00:00,11,Jun-16,Summer-2016,30.35,30.75,30.15,75.5,25.5,0.9,,1.61,3.1,,30.35,37.25,37.25,,1002.55,0,0,468.5,40.3,588,4.7,0.76,5.55,0,0.25,25.2,46,12.75,24.95,8.56,1.15,0.33,1399,1,100,60
13/06/2016,13:00:00,12,Jun-16,Summer-2016,29.55,30.1,29.45,77.5,25.2,0.9,,1.61,3.1,,29.55,35.55,35.55,,1001.85,0,0,324,27.86,405,3.1,0.5,3.9,0,0.23,24.9,44.5,11.95,24.6,8.32,1.16,0.23,1397,1,100,60
13/06/2016,14:00:00,13,Jun-16,Summer-2016,29.7,29.85,29.6,76,25,0.4,,0.8,2.7,,29.7,35.5,35.5,,1001.05,0,0,267.5,23.01,289,2.4,0.39,2.55,0,0.24,24.55,43,11.1,24.2,8.05,1.16,0.18,1396,1,100,60
13/06/2016,15:00:00,14,Jun-16,Summer-2016,29.25,29.6,29.25,78,25,0.9,,1.61,2.2,,29.25,35,35,,1000.6,0,0,234.5,20.17,259.5,1.85,0.3,2,0,0.23,24.35,43,10.95,24.05,8.05,1.16,0.18,1400,1,100,60
13/06/2016,16:00:00,15,Jun-16,Summer-2016,28.85,29.05,28.75,80.5,25.15,0.65,,1.21,2.2,,28.85,34.7,34.7,,1000.4,0,0,211,18.14,228.5,1.45,0.24,1.6,0,0.22,25.05,45.5,12.45,24.9,8.47,1.15,0.15,1331,1,96,60
13/06/2016,17:00:00,16,Jun-16,Summer-2016,28.6,28.7,28.5,81,25,0.65,,1.21,2.45,,28.6,34,34,,1000.45,0,0,119.5,10.28,147,0.65,0.1,0.9,0,0.21,26.35,50.5,15.25,26.45,9.26,1.14,0.1,1399,1,100,60
13/06/2016,18:00:00,17,Jun-16,Summer-2016,27.9,28.3,27.9,83,24.7,0.65,,1.21,2.9,,27.9,32.45,32.45,,1000.6,0,0,42.5,3.66,52.5,0,0,0,0,0.2,26.75,52,16.05,26.9,9.45,1.14,0.05,1402,1,100,60
13/06/2016,19:00:00,18,Jun-16,Summer-2016,27.25,27.5,27.25,86,24.7,0.9,,1.61,2.7,,27.25,31.25,31.25,,1001.05,0,0,7,0.6,12.5,0,0,0,0,0.19,26.9,53.5,16.65,27.25,9.7,1.14,0.03,1402,1,100,60
13/06/2016,20:00:00,19,Jun-16,Summer-2016,26.85,27.05,26.85,87,24.5,0.65,,1.21,2.9,,26.85,30.5,30.5,,1001.6,0,0,0,0,0,0,0,0,0,0.18,27.05,55,17.2,27.45,9.85,1.14,0.03,1399,1,100,60
13/06/2016,21:00:00,20,Jun-16,Summer-2016,26.65,26.75,26.65,88,24.55,0,,0,1.1,,26.65,30.2,30.2,,1002.1,0,0,0,0,0,0,0,0,0,0.17,27.1,56,17.6,27.7,10.05,1.14,0.03,1400,1,100,60
13/06/2016,22:00:00,21,Jun-16,Summer-2016,26.65,26.7,26.6,88,24.55,0.4,,0.8,2,,26.65,30.2,30.2,,1002.35,0,0,0,0,0,0,0,0,0,0.17,27.2,57,17.95,27.85,10.17,1.14,0.03,1402,1,100,60
13/06/2016,23:00:00,22,Jun-16,Summer-2016,26.7,26.75,26.7,88.5,24.65,0.4,,0.8,2.45,,26.7,30.3,30.3,,1002.6,0,0,0,0,0,0,0,0,0,0.17,27.25,58,18.25,28.05,10.35,1.14,0.03,1403,1,100,60
14/06/2016,00:00:00,23,Jun-16,Summer-2016,26.5,26.6,26.45,90,24.75,0.2,,0.4,1.3,,26.5,30.1,30.1,,1002.05,0,0,0,0,0,0,0,0,0,0.17,27.3,59,18.6,28.2,10.55,1.14,0,1402,1,100,60
14/06/2016,01:00:00,24,Jun-16,Summer-2016,26.4,26.4,26.3,90,24.6,0.4,,0.8,1.55,,26.4,29.9,29.9,,1001.5,0,0,0,0,0,0,0,0,0,0.17,27.3,59.5,18.75,28.25,10.65,1.14,0,1354,1,97.65,60
14/06/2016,02:00:00,1,Jun-16,Summer-2016,26.35,26.4,26.3,91,24.8,0,,0,0.85,,26.35,30,30,,1001.05,0,0,0,0,0,0,0,0,0,0.17,27.4,60,18.9,28.4,10.75,1.14,0,1403,1,100,60
14/06/2016,03:00:00,2,Jun-16,Summer-2016,26.35,26.4,26.35,91,24.75,0.2,,0.4,1.1,,26.35,29.95,29.95,,1000.1,0,0,0,0,0,0,0,0,0,0.17,27.4,60.5,19.05,28.45,10.85,1.13,0,1402,1,100,60
14/06/2016,04:00:00,3,Jun-16,Summer-2016,26.25,26.3,26.25,91,24.65,0.2,,0.4,1.3,,26.25,29.7,29.7,,1000.15,0,0,0,0,0,0,0,0,0,0.17,27.4,61,19.3,28.6,10.95,1.13,0,1404,1,100,60
14/06/2016,05:00:00,4,Jun-16,Summer-2016,26.2,26.25,26.15,92,24.8,0.4,,0.8,2.45,,26.2,29.7,29.7,,1000.95,0,0,0,0,0,0,0,0,0,0.16,27.4,61.5,19.4,28.65,11.04,1.13,0,1403,1,100,60
14/06/2016,06:00:00,5,Jun-16,Summer-2016,26.15,26.2,26.1,93,24.95,0.4,,0.8,1.55,,26.15,29.8,29.8,,1001.4,0,0,10.5,0.9,22,0,0,0,0,0.16,27.5,62,19.6,28.8,11.12,1.13,0,1402,1,100,60
14/06/2016,07:00:00,6,Jun-16,Summer-2016,27.05,27.05,26.4,91,25.4,0.2,,0.4,1.3,,27.05,31.55,31.55,,1001.55,0,0,96,8.26,131,0.3,0.05,0.4,0,0.18,27.5,62,19.6,28.8,11.12,1.13,0.08,1402,1,100,60
14/06/2016,08:00:00,7,Jun-16,Summer-2016,28.5,28.5,27.75,85,25.75,0.4,,0.8,1.8,,28.5,34.5,34.5,,1001.85,0,0,243,20.9,347.5,1.1,0.18,1.45,0,0.21,27.55,62.5,19.75,28.9,11.22,1.13,0.15,1403,1,100,60
14/06/2016,09:00:00,8,Jun-16,Summer-2016,28.8,29,28.7,83,25.65,0.4,,0.8,1.55,,28.8,35.05,35.05,,1001.95,0,0,168.5,14.49,288.5,0.95,0.15,1.55,0,0.22,27.6,63,19.9,29,11.32,1.13,0.13,1404,1,100,60
14/06/2016,10:00:00,9,Jun-16,Summer-2016,29.3,29.55,29.05,82.5,26,0.65,,1.21,1.55,,29.3,36,36,,1001.1,0,0,191.5,16.47,306,1.45,0.23,2.2,0,0.23,27.6,63,19.9,29.1,11.32,1.13,0.13,1403,1,100,60
14/06/2016,11:00:00,10,Jun-16,Summer-2016,29.3,29.55,29.25,83,26.1,0.65,,1.21,2.45,,29.3,36.15,36.15,,1001.2,0,0,150,12.9,276.5,1.25,0.2,2.15,0,0.23,26.5,55.5,16.85,27.05,10.05,1.14,0.1,1401,1,100,60
14/06/2016,12:00:00,11,Jun-16,Summer-2016,29.6,29.75,29.15,86,27,0.2,,0.4,1.8,,29.6,37.6,37.6,,1000.95,0,0,139.5,11.99,225,1.15,0.19,2.05,0,0.23,25.3,48,13.5,25.1,8.85,1.15,0.1,1403,1,100,60
14/06/2016,13:00:00,12,Jun-16,Summer-2016,31.15,31.15,30.2,81,27.55,0.65,,1.21,2.2,,31.15,41.25,41.25,,999.95,0,0,417,35.87,806,4.15,0.67,6.55,0,0.27,25,49.5,13.65,24.85,9.13,1.15,0.3,1398,1,100,60
14/06/2016,14:00:00,13,Jun-16,Summer-2016,31.95,32.25,31.55,78,27.65,0.9,,1.61,3.35,,31.95,43.15,43.15,,999.1,0,0,663.5,57.07,783,5.1,0.82,5.95,0,0.28,24.8,48.5,13.15,24.65,8.97,1.15,0.43,1403,1,100,60
14/06/2016,15:00:00,14,Jun-16,Summer-2016,32,32.65,31.8,78,27.65,0.4,,0.8,2.2,,32,43.4,43.4,,998.6,0,0,353.5,30.4,662,2.7,0.44,4.25,0,0.29,24.65,45.5,12.1,24.45,8.47,1.15,0.25,1403,1,100,60
14/06/2016,16:00:00,15,Jun-16,Summer-2016,31.8,31.8,31.75,79.5,27.8,0.4,,0.8,1.3,,31.8,43.1,43.1,,998,0,0,159.5,13.72,218.5,1.15,0.19,1.4,0,0.28,25.6,57,16.45,25.95,10.28,1.14,0.13,1402,1,100,60
14/06/2016,17:00:00,16,Jun-16,Summer-2016,31.05,31.65,31.05,82,27.55,0.4,,0.8,1.55,,31.05,41.25,41.25,,997.65,1,18.9,71,6.11,104.5,0.25,0.04,0.4,0,0.26,26.7,58,17.7,27.25,10.36,1.14,0.05,1401,1,100,60
14/06/2016,18:00:00,17,Jun-16,Summer-2016,28.75,29.85,28.75,91.5,27.15,0.2,,0.4,1.1,,28.75,36.55,36.55,,997.9,2.2,9.7,24,2.06,53.5,0,0,0,0,0.22,26.95,59,18.25,27.7,10.55,1.13,0.03,1400,1,100,60
14/06/2016,19:00:00,18,Jun-16,Summer-2016,28.15,28.3,28.15,94.5,27.15,0,,0,0.45,,28.15,35.35,35.35,,997.9,0,0,9.5,0.82,15,0,0,0,0,0.2,27.15,59.5,18.55,28,10.65,1.13,0,1401,1,100,60
14/06/2016,20:00:00,19,Jun-16,Summer-2016,27.8,28,27.8,95.5,27,0,,0,0.2,,27.8,34.65,34.65,,998.7,0,0,0,0,0,0,0,0,0,0.2,27.25,60.5,18.95,28.25,10.85,1.13,0,1401,1,100,60
14/06/2016,21:00:00,20,Jun-16,Summer-2016,27.75,27.75,27.6,94.5,26.75,0,,0,0.45,,27.75,34.15,34.15,,999.6,0,0,0,0,0,0,0,0,0,0.2,27.3,61,19.1,28.4,10.95,1.13,0,1403,1,100,60
14/06/2016,22:00:00,21,Jun-16,Summer-2016,27.85,27.85,27.75,92.5,26.5,0.2,,0.4,1.55,,27.85,34.15,34.15,,1000.35,0,0,0,0,0,0,0,0,0,0.2,27.4,61.5,19.35,28.6,11.04,1.13,0,1403,1,100,60
14/06/2016,23:00:00,22,Jun-16,Summer-2016,27.5,27.75,27.5,91.5,26,0,,0,1.1,,27.5,32.85,32.85,,1000.25,0,0,0,0,0,0,0,0,0,0.19,27.45,62,19.55,28.75,11.12,1.13,0,1400,1,100,60
15/06/2016,00:00:00,23,Jun-16,Summer-2016,27.3,27.35,27.25,90,25.5,0.2,,0.4,1.55,,27.3,32,32,,999.8,0,0,0,0,0,0,0,0,0,0.19,27.5,62,19.6,28.8,11.12,1.13,0,1402,1,100,60
15/06/2016,01:00:00,24,Jun-16,Summer-2016,27.3,27.35,27.3,91,25.7,0.4,,0.8,2,,27.3,32.3,32.3,,999.3,0,0,0,0,0,0,0,0,0,0.19,27.6,63,19.9,29.05,11.32,1.13,0,1401,1,100,60
15/06/2016,02:00:00,1,Jun-16,Summer-2016,27.25,27.35,27.25,91,25.65,0.65,,1.21,2.9,,27.25,32,32,,999.3,0,0,0,0,0,0,0,0,0,0.19,27.6,63,19.9,29.1,11.32,1.13,0,1403,1,100,60
15/06/2016,03:00:00,2,Jun-16,Summer-2016,27.15,27.2,27.15,91,25.55,0.4,,0.8,2.9,,27.15,31.8,31.8,,998.9,0,0,0,0,0,0,0,0,0,0.18,27.7,63,20,29.2,11.31,1.13,0,1399,1,100,60
15/06/2016,04:00:00,3,Jun-16,Summer-2016,27,27.05,26.95,91.5,25.5,0,,0,1.3,,27,31.5,31.5,,998.9,0,0,0,0,0,0,0,0,0,0.18,27.7,64,20.2,29.3,11.51,1.13,0,1398,1,100,60
15/06/2016,05:00:00,4,Jun-16,Summer-2016,27.35,27.35,27.15,89.5,25.5,0.4,,0.8,2.7,,27.35,32.1,32.1,,999.3,0,0,0,0,0,0,0,0,0,0.19,27.7,64,20.3,29.3,11.51,1.13,0.03,1402,1,100,60
15/06/2016,06:00:00,5,Jun-16,Summer-2016,27.55,27.55,27.4,91,25.95,0.4,,0.8,1.55,,27.55,32.95,32.95,,999.75,0,0,8,0.69,15.5,0,0,0,0,0.19,27.7,64,20.3,29.3,11.51,1.13,0,1404,1,100,60
15/06/2016,07:00:00,6,Jun-16,Summer-2016,27.95,27.95,27.75,91,26.35,0.2,,0.4,1.3,,27.95,34.15,34.15,,1000.35,0,0,48,4.13,61.5,0,0,0,0,0.2,27.75,64,20.3,29.35,11.51,1.13,0.03,1404,1,100,60
15/06/2016,08:00:00,7,Jun-16,Summer-2016,28.55,28.55,28.25,90,26.75,0,,0,1.3,,28.55,35.55,35.55,,1001.05,0,0,102.5,8.82,123,0.4,0.07,0.65,0,0.21,27.8,65,20.6,29.6,11.71,1.13,0.08,1401,1,100,60
15/06/2016,09:00:00,8,Jun-16,Summer-2016,29.25,29.25,28.6,87.5,26.95,0.4,,0.8,1.8,,29.25,37,37,,1000.65,0,0,137.5,11.83,226.5,0.75,0.12,1.3,0,0.23,27.8,65,20.6,29.65,11.71,1.13,0.1,1400,1,100,60
15/06/2016,10:00:00,9,Jun-16,Summer-2016,30.9,31.15,30.3,81.5,27.35,0.9,,1.61,2.65,,30.9,40.35,40.35,,1000.15,0,0,433,37.24,627,3,0.48,4,0,0.26,27.85,66,20.9,29.85,11.91,1.13,0.3,1403,1,100,60
15/06/2016,11:00:00,10,Jun-16,Summer-2016,31.7,31.8,31.15,80,27.8,0.65,,1.21,3.1,,31.7,43,43,,999.9,0,0,369.5,31.78,643,3.15,0.51,5.1,0,0.28,26.55,55.5,16.9,27,10,1.14,0.28,1345,1,98.15,60
15/06/2016,12:00:00,11,Jun-16,Summer-2016,31.2,32,31.2,82,27.75,0.65,,1.21,2.7,,31.2,41.95,41.95,,999.55,1.2,23.2,234,20.13,509.5,1.75,0.28,3.4,0,0.27,25.55,49.5,14.2,25.55,9.09,1.15,0.18,1357,1,99.2,60
15/06/2016,13:00:00,12,Jun-16,Summer-2016,29.2,29.95,28.95,94,28.1,0.4,,0.8,1.55,,29.2,38.75,38.75,,999.45,10.4,69.7,110.5,9.5,206.5,0.9,0.15,1.8,0,0.23,26.75,54,16.6,27.1,9.76,1.14,0.08,1398,1,100,60
15/06/2016,14:00:00,13,Jun-16,Summer-2016,31.25,31.4,30.1,86.5,28.7,0.4,,0.8,1.8,,31.25,44.35,44.35,,999.05,0,0,324.5,27.91,479,2.65,0.43,3.45,0,0.27,27.5,59.5,18.9,28.55,10.65,1.13,0.23,1389,1,100,60
15/06/2016,15:00:00,14,Jun-16,Summer-2016,32.2,32.55,31.55,80.5,28.4,0.4,,0.8,2.65,,32.2,45.45,45.45,,998.5,0,0,354.5,30.49,635.5,2.45,0.39,3.45,0,0.29,27.75,61.5,19.7,29.15,11.03,1.13,0.25,1382,1,99.85,60
15/06/2016,16:00:00,15,Jun-16,Summer-2016,31.2,31.7,31.2,79.5,27.2,0.65,,1.21,3.35,,31.2,40.45,40.45,,998.05,0,0,79.5,6.84,134,0.75,0.12,1.05,0,0.27,27.35,58.5,18.5,28.25,10.45,1.13,0.08,1392,1,100,60
15/06/2016,17:00:00,16,Jun-16,Summer-2016,30.6,30.9,30.6,83,27.4,0.65,,1.21,3.35,,30.6,40.15,40.15,,997.75,0,0,43,3.7,53,0,0,0,0,0.26,27.75,60.5,19.4,28.95,10.85,1.13,0.05,1401,1,100,60
15/06/2016,18:00:00,17,Jun-16,Summer-2016,30.25,30.45,30.25,83.5,27.15,0.65,,1.21,2.9,,30.25,39.05,39.05,,997.75,0,0,29.5,2.54,32.5,0,0,0,0,0.25,27.8,61.5,19.75,29.25,11.03,1.13,0.03,1403,1,100,60
15/06/2016,19:00:00,18,Jun-16,Summer-2016,30,30.25,30,83,26.8,0.2,,0.4,1.8,,30,38.05,38.05,,998.05,0,0,10.5,0.9,17,0,0,0,0,0.24,27.9,63,20.2,29.55,11.31,1.13,0.03,1405,1,100,60
15/06/2016,20:00:00,19,Jun-16,Summer-2016,29.3,29.55,29.2,86.5,26.8,0,,0,1.3,,29.3,36.9,36.9,,998.95,0,0,0,0,0,0,0,0,0,0.23,27.9,64,20.5,29.7,11.5,1.13,0.03,1403,1,100,60
15/06/2016,21:00:00,20,Jun-16,Summer-2016,29.15,29.3,29.15,87,26.75,0,,0,1.1,,29.15,36.7,36.7,,1000.1,0,0,0,0,0,0,0,0,0,0.23,28,64,20.6,29.8,11.5,1.13,0.03,1403,1,100,60
15/06/2016,22:00:00,21,Jun-16,Summer-2016,28.9,29.05,28.9,89,26.9,0,,0,0.9,,28.9,36.6,36.6,,1001.1,0,0,0,0,0,0,0,0,0,0.22,28,65,20.8,29.9,11.7,1.13,0.03,1401,1,100,60
15/06/2016,23:00:00,22,Jun-16,Summer-2016,28.8,28.95,28.8,89.5,26.9,0.2,,0.4,1.8,,28.8,36.35,36.35,,1001.2,0,0,0,0,0,0,0,0,0,0.22,28.1,65,20.9,30.1,11.7,1.13,0.03,1401,1,100,60
16/06/2016,00:00:00,23,Jun-16,Summer-2016,28.55,28.65,28.55,89.5,26.65,0.2,,0.4,2.45,,28.55,35.4,35.4,,1000.75,0,0,0,0,0,0,0,0,0,0.21,28.1,65.5,21,30.15,11.8,1.13,0,1400,1,100,60
16/06/2016,01:00:00,24,Jun-16,Summer-2016,28.5,28.55,28.4,89,26.55,0.2,,0.4,1.35,,28.5,35.25,35.25,,1000.85,0,0,0,0,0,0,0,0,0,0.21,28.1,66,21.2,30.3,11.9,1.13,0.03,1397,1,100,60
16/06/2016,02:00:00,1,Jun-16,Summer-2016,28.35,28.5,28.35,90.5,26.65,0.4,,0.8,1.55,,28.35,35.2,35.2,,1000.5,0,0,0,0,0,0,0,0,0,0.21,28.1,66,21.2,30.3,11.9,1.13,0.03,1402,1,100,60
16/06/2016,03:00:00,2,Jun-16,Summer-2016,28.1,28.2,28.05,92.5,26.75,0.4,,0.8,2,,28.1,34.8,34.8,,1000.1,0,0,0,0,0,0,0,0,0,0.2,28.1,66,21.2,30.3,11.9,1.13,0,1400,1,100,60
16/06/2016,04:00:00,3,Jun-16,Summer-2016,28,28.1,28,92.5,26.7,0.4,,0.8,2.45,,28,34.55,34.55,,1000,0,0,0,0,0,0,0,0,0,0.2,28.2,67,21.5,30.5,12.1,1.13,0,1400,1,100,60
16/06/2016,05:00:00,4,Jun-16,Summer-2016,27.85,27.95,27.85,91,26.25,0.4,,0.8,2,,27.85,33.85,33.85,,1000.1,0,0,0,0,0,0,0,0,0,0.2,28.2,67,21.5,30.5,12.1,1.13,0,1404,1,100,60
16/06/2016,06:00:00,5,Jun-16,Summer-2016,27.85,27.85,27.8,91,26.25,0.4,,0.8,1.55,,27.85,33.75,33.75,,1000.8,0,0,12.5,1.08,25.5,0,0,0,0,0.2,28.2,67,21.5,30.5,12.1,1.13,0,1402,1,100,60
16/06/2016,07:00:00,6,Jun-16,Summer-2016,28.2,28.2,28,89.5,26.3,0.4,,0.8,1.1,,28.2,34.35,34.35,,1001.25,0,0,51.5,4.43,68.5,0.1,0.02,0.25,0,0.21,28.2,67,21.5,30.5,12.1,1.13,0.03,1400,1,100,60
16/06/2016,08:00:00,7,Jun-16,Summer-2016,28.9,28.9,28.5,88,26.7,0.4,,0.8,2.45,,28.9,36.2,36.2,,1001.6,0,0,133.5,11.48,202,1,0.16,1.45,0,0.22,28.2,67,21.5,30.55,12.1,1.13,0.1,1403,1,100,60
16/06/2016,09:00:00,8,Jun-16,Summer-2016,30.7,30.9,29.65,79.5,26.75,0.9,,1.61,3.8,,30.7,39.15,39.15,,1002,0,0,454.5,39.09,540.5,2.7,0.44,3.25,0,0.26,28.2,67.5,21.65,30.7,12.19,1.13,0.3,1403,1,100,60
16/06/2016,10:00:00,9,Jun-16,Summer-2016,30.5,30.9,30.4,79.5,26.6,0.65,,1.21,2.25,,30.5,38.7,38.7,,1002.2,0,0,247.5,21.29,453.5,2.4,0.39,3.7,0,0.25,28.3,68,21.8,30.9,12.29,1.13,0.18,1400,1,100,60
16/06/2016,11:00:00,10,Jun-16,Summer-2016,32,32.25,31.2,72.5,26.45,0.9,,1.61,2.9,,32,41.2,41.2,,1002.15,0,0,544.5,46.83,737.5,4.6,0.74,5.6,0,0.29,27.2,61,19,28.25,10.95,1.14,0.38,1404,1,100,60
16/06/2016,12:00:00,11,Jun-16,Summer-2016,32.55,32.8,31.95,72,26.85,0.9,,1.61,3.15,,32.55,42.7,42.7,,1001.5,0,0,486.5,41.85,597,4.45,0.72,5.45,0,0.3,26.2,52,15.55,26.4,9.47,1.15,0.36,1389,1,100,60
16/06/2016,13:00:00,12,Jun-16,Summer-2016,32.6,33.1,32.5,70,26.35,0.65,,1.21,3.15,,32.6,42.2,42.2,,1000.85,0,0,424,36.47,640,3.6,0.58,5.25,0,0.3,25.7,49.5,14.3,25.65,9.12,1.15,0.3,1382,1,100,60
16/06/2016,14:00:00,13,Jun-16,Summer-2016,32.35,32.8,31.4,73,26.85,0.4,,0.8,1.55,,32.35,42.3,42.3,,1000.1,0,0,310,26.67,404,2.5,0.4,3.45,0,0.29,25.25,46.5,13,25.05,8.6,1.15,0.23,1403,1,100,60
16/06/2016,15:00:00,14,Jun-16,Summer-2016,33.35,33.95,33.3,66.5,26.25,0.9,,1.61,2.9,,33.35,43.2,43.2,,999.35,0,0,509.5,43.82,634.5,3.75,0.6,4.5,0,0.31,25.15,46,12.65,24.85,8.51,1.15,0.36,1278,1,92.2,60
16/06/2016,16:00:00,15,Jun-16,Summer-2016,33.85,34,33.3,63.5,26,0.9,,1.61,3.35,,33.85,43.6,43.6,,998.5,0,0,429.5,36.94,507.5,2.6,0.42,3,0,0.32,25.8,49,14.2,25.75,8.98,1.15,0.33,1295,1,93.4,60
16/06/2016,17:00:00,16,Jun-16,Summer-2016,32.5,33.5,32.5,70,26.35,0.9,,1.61,3.35,,32.5,41.9,41.9,,998.05,0,0,219,18.83,288,1,0.16,1.5,0,0.3,27.05,53.5,16.85,27.45,9.7,1.14,0.18,1400,1,100,60
16/06/2016,18:00:00,17,Jun-16,Summer-2016,30.4,31.35,30.35,78,26.1,0.9,,1.61,4,,30.4,37.75,37.75,,998.55,0,0,71,6.11,111.5,0.05,0.01,0.25,0,0.25,27.45,55.5,17.7,28.1,9.95,1.13,0.08,1401,1,100,60
16/06/2016,19:00:00,18,Jun-16,Summer-2016,29.6,29.85,29.6,83,26.45,0.2,,0.4,1.55,,29.6,36.85,36.85,,999.4,0,0,10.5,0.9,20,0,0,0,0,0.23,27.65,57,18.35,28.55,10.19,1.13,0.03,1403,1,100,60
16/06/2016,20:00:00,19,Jun-16,Summer-2016,29.3,29.55,29.25,84.5,26.45,0.65,,1.21,2.45,,29.3,36.55,36.55,,1000.45,0,0,0,0,0,0,0,0,0,0.23,27.75,58.5,18.9,28.85,10.45,1.13,0.03,1402,1,100,60
16/06/2016,21:00:00,20,Jun-16,Summer-2016,28.9,29.15,28.9,86,26.3,0.2,,0.4,1.1,,28.9,35.8,35.8,,1001.5,0,0,0,0,0,0,0,0,0,0.22,27.85,59.5,19.25,29.1,10.65,1.13,0.03,1403,1,100,60
16/06/2016,22:00:00,21,Jun-16,Summer-2016,28.6,28.7,28.55,88.5,26.5,0,,0,0.4,,28.6,35.3,35.3,,1002,0,0,0,0,0,0,0,0,0,0.21,27.9,60,19.5,29.3,10.75,1.13,0.03,1398,1,100,60
16/06/2016,23:00:00,22,Jun-16,Summer-2016,29.3,29.3,28.9,85.5,26.6,0.2,,0.4,1.1,,29.3,36.65,36.65,,1002.25,0,0,0,0,0,0,0,0,0,0.23,27.95,61,19.75,29.4,10.95,1.13,0.03,1402,1,100,60
17/06/2016,00:00:00,23,Jun-16,Summer-2016,29.25,29.3,29.2,85,26.45,0,,0,0.65,,29.25,36.4,36.4,,1002.2,0,0,0,0,0,0,0,0,0,0.23,28.1,61.5,19.95,29.65,11.03,1.13,0.03,1404,1,100,60
17/06/2016,01:00:00,1,Jun-16,Summer-2016,29.1,29.2,29,87.5,26.8,0.2,,0.4,1.55,,29.1,36.65,36.65,,1001.5,0,0,0,0,0,0,0,0,0,0.22,28.1,62,20.1,29.7,11.1,1.13,0.03,1401,1,100,60
17/06/2016,02:00:00,2,Jun-16,Summer-2016,28.85,28.95,28.8,88,26.7,0.2,,0.4,1.3,,28.85,36.15,36.15,,1000.9,0,0,0,0,0,0,0,0,0,0.22,28.15,63,20.45,29.9,11.3,1.13,0.03,1400,1,100,60
17/06/2016,03:00:00,3,Jun-16,Summer-2016,28.7,28.75,28.65,87,26.3,0.4,,0.8,2.25,,28.7,35.4,35.4,,1000.5,0,0,0,0,0,0,0,0,0,0.22,28.2,63.5,20.6,30,11.4,1.13,0.03,1400,1,100,60
17/06/2016,04:00:00,4,Jun-16,Summer-2016,28.35,28.55,28.35,89.5,26.5,0.2,,0.4,1.3,,28.35,34.9,34.9,,1000.65,0,0,0,0,0,0,0,0,0,0.21,28.2,64,20.8,30.2,11.49,1.13,0.03,1400,1,100,60
17/06/2016,05:00:00,5,Jun-16,Summer-2016,28.05,28.2,28.05,90.5,26.35,0,,0,0.45,,28.05,34.25,34.25,,1001.15,0,0,0,0,0,0,0,0,0,0.2,28.2,64,20.8,30.2,11.49,1.13,0,1404,1,100,60
17/06/2016,06:00:00,6,Jun-16,Summer-2016,28.3,28.3,28.1,89.5,26.45,0.4,,0.8,2,,28.3,34.75,34.75,,1001.55,0,0,26,2.23,49,0,0,0,0,0.21,28.25,64.5,20.95,30.3,11.59,1.13,0.03,1400,1,100,60
17/06/2016,07:00:00,7,Jun-16,Summer-2016,29.05,29.05,28.6,86,26.45,0.65,,1.21,2,,29.05,36.15,36.15,,1002.15,0,0,115,9.89,184,0.4,0.07,0.7,0,0.22,28.3,65,21.1,30.45,11.69,1.13,0.08,1402,1,100,60
17/06/2016,08:00:00,8,Jun-16,Summer-2016,29.95,30.5,29.5,82,26.55,0.65,,1.21,2.45,,29.95,37.6,37.6,,1002.7,0,0,261,22.45,431.5,1.2,0.19,1.6,0,0.24,28.35,65.5,21.25,30.65,11.79,1.13,0.18,1399,1,100,60
17/06/2016,09:00:00,9,Jun-16,Summer-2016,30.4,30.45,29.85,80,26.55,0.9,,1.61,2.9,,30.4,38.3,38.3,,1003.1,0,0,305.5,26.28,540.5,2.35,0.38,3.55,0,0.25,28.4,66,21.4,30.8,11.89,1.13,0.23,1396,1,100,60
17/06/2016,10:00:00,10,Jun-16,Summer-2016,31.45,31.8,30.95,75,26.5,0.9,,1.61,4,,31.45,39.9,39.9,,1003.2,0,0,640,55.05,824.5,5.05,0.82,6.3,0,0.27,28.4,67,21.7,31.1,12.09,1.13,0.43,1402,1,100,60
17/06/2016,11:00:00,11,Jun-16,Summer-2016,32.75,33.1,32.1,69.5,26.45,0.9,,1.61,3.35,,32.75,42.55,42.55,,1002.85,0,0,726.5,62.49,968.5,6.5,1.05,8.35,0,0.3,28.5,68,22,31.4,12.28,1.13,0.48,1395,1,100,60
17/06/2016,12:00:00,12,Jun-16,Summer-2016,32.55,32.9,31.7,72.5,27,0.9,,1.61,3.55,,32.55,43.3,43.3,,1002.6,0,0,422.5,36.34,1008.5,4.8,0.77,8.8,0,0.3,28.6,68,22.1,31.6,12.28,1.13,0.33,1402,1,100,60
17/06/2016,13:00:00,13,Jun-16,Summer-2016,32.7,33.45,32.35,65,25.2,0.9,,1.61,3.35,,32.7,40.6,40.6,,1001.9,0,0,359,30.87,965,4.4,0.71,8.5,0,0.3,28.6,68,22.1,31.6,12.28,1.13,0.33,1401,1,100,60
17/06/2016,14:00:00,14,Jun-16,Summer-2016,32.35,33.3,31.95,68.5,25.8,0.9,,1.61,3.6,,32.35,40.8,40.8,,1001.2,0,0,414.5,35.65,838.5,3.95,0.64,6.9,0,0.29,28.6,68.5,22.25,31.7,12.35,1.13,0.33,1400,1,100,60
17/06/2016,15:00:00,15,Jun-16,Summer-2016,32.75,33.2,32.5,67.5,25.95,0.9,,1.61,2.65,,32.75,41.85,41.85,,1000.25,0,0,413,35.52,711,3.85,0.62,5.55,0,0.3,28.6,69,22.4,31.8,12.41,1.12,0.3,1402,1,100,60
17/06/2016,16:00:00,16,Jun-16,Summer-2016,32.25,32.85,32.15,69.5,25.95,0.9,,1.61,3.1,,32.25,40.9,40.9,,999.9,0,0,206,17.72,403.5,1.8,0.29,2.8,0,0.29,28.7,69,22.4,32,12.41,1.12,0.18,1404,1,100,60
17/06/2016,17:00:00,17,Jun-16,Summer-2016,32.1,32.75,31.9,70.5,26,0.9,,1.61,3.8,,32.1,40.7,40.7,,999.85,0,0,249,21.42,446,1.1,0.18,1.75,0,0.29,28.7,69,22.5,32.1,12.4,1.12,0.2,1399,1,100,60
17/06/2016,18:00:00,18,Jun-16,Summer-2016,29.95,31.05,29.85,83,26.75,0.4,,0.8,3.35,,29.95,37.9,37.9,,1000.35,0.8,8,45.5,3.91,110,0,0,0,0,0.24,28.7,69,22.5,32.1,12.4,1.12,0.05,1400,1,100,60
17/06/2016,19:00:00,19,Jun-16,Summer-2016,30,30.1,29.8,80,26.15,0.9,,1.61,3.15,,30,37.05,37.05,,1001.35,0,0,13.5,1.16,23.5,0,0,0,0,0.24,28.7,70,22.7,32.3,12.63,1.12,0.03,1402,1,100,60
17/06/2016,20:00:00,20,Jun-16,Summer-2016,29.65,29.85,29.65,79.5,25.7,0.9,,1.61,3.55,,29.65,36.15,36.15,,1002.05,0,0,0,0,0,0,0,0,0,0.24,28.7,70,22.7,32.3,12.63,1.13,0.03,1400,1,100,60
17/06/2016,21:00:00,21,Jun-16,Summer-2016,29.35,29.5,29.35,82,25.95,0.9,,1.61,3.6,,29.35,36.1,36.1,,1002.7,0,0,0,0,0,0,0,0,0,0.23,28.8,70,22.8,32.4,12.62,1.13,0.03,1401,1,100,60
17/06/2016,22:00:00,22,Jun-16,Summer-2016,29.35,29.4,29.3,80.5,25.65,0.9,,1.61,3.35,,29.35,35.7,35.7,,1003.6,0,0,0,0,0,0,0,0,0,0.23,28.8,70,22.8,32.5,12.62,1.13,0.03,1403,1,100,60
17/06/2016,23:00:00,23,Jun-16,Summer-2016,29.2,29.3,29.2,83,26,0.4,,0.8,1.55,,29.2,35.95,35.95,,1004.05,0,0,0,0,0,0,0,0,0,0.23,28.8,70,22.8,32.4,12.62,1.13,0.03,1400,1,100,60
18/06/2016,00:00:00,24,Jun-16,Summer-2016,29.1,29.2,29.05,83.5,26,0.65,,1.21,3.35,,29.1,35.8,35.8,,1003.95,0,0,0,0,0,0,0,0,0,0.22,28.8,70,22.8,32.6,12.62,1.13,0.03,1403,1,100,60
18/06/2016,01:00:00,1,Jun-16,Summer-2016,28.7,28.95,28.7,85.5,26,0.4,,0.8,2.65,,28.7,35.05,35.05,,1003.5,0,0,0,0,0,0,0,0,0,0.22,28.8,70.5,22.9,32.7,12.76,1.13,0.03,1402,1,100,60
18/06/2016,02:00:00,2,Jun-16,Summer-2016,28.3,28.6,28.25,88,26.1,0.4,,0.8,1.75,,28.3,34.4,34.4,,1003.25,0,0,0,0,0,0,0,0,0,0.21,28.8,71,23,32.8,12.89,1.13,0.03,1402,1,100,60
18/06/2016,03:00:00,3,Jun-16,Summer-2016,28.05,28.1,28,88.5,25.95,0.2,,0.4,2.25,,28.05,33.8,33.8,,1003.3,0,0,0,0,0,0,0,0,0,0.2,28.8,71,23,32.8,12.89,1.13,0.03,1400,1,100,60
18/06/2016,04:00:00,4,Jun-16,Summer-2016,27.85,27.95,27.85,90.5,26.15,0,,0,1.55,,27.85,33.65,33.65,,1003.1,1,72.9,0,0,0,0,0,0,0,0.2,28.9,71,23.1,32.9,12.89,1.13,0,1403,1,100,60
18/06/2016,05:00:00,5,Jun-16,Summer-2016,26.85,27.35,26.85,94,25.75,0.2,,0.4,2.25,,26.85,31.45,31.45,,1003.3,1.8,72.9,0,0,0,0,0,0,0,0.18,28.9,71,23.1,32.9,12.89,1.13,0,1402,1,100,60
18/06/2016,06:00:00,6,Jun-16,Summer-2016,26.7,26.8,26.6,95,25.85,0,,0,1.1,,26.7,31.35,31.35,,1004,0,0,12,1.03,24,0,0,0,0,0.17,28.85,71,23.05,32.85,12.89,1.13,0,1403,1,100,60
18/06/2016,07:00:00,7,Jun-16,Summer-2016,27.55,27.55,27.05,94,26.45,0.4,,0.8,1.75,,27.55,33.4,33.4,,1004.4,0,0,86.5,7.44,120.5,0.3,0.05,0.35,0,0.19,28.9,71,23.1,32.9,12.89,1.13,0.05,1397,1,100,60
18/06/2016,08:00:00,8,Jun-16,Summer-2016,29.3,29.35,28.3,84.5,26.4,0.65,,1.21,3.35,,29.3,36.35,36.35,,1005.1,0,0,247,21.24,376,1.4,0.23,1.9,0,0.23,28.9,71,23.15,33,12.89,1.13,0.15,1401,1,100,60
18/06/2016,09:00:00,9,Jun-16,Summer-2016,30.85,31,30.05,75.5,26,0.9,,1.61,4.05,,30.85,38.2,38.2,,1005.55,0,0,519.5,44.68,626.5,3.35,0.54,4.15,0,0.26,28.9,72,23.4,33.2,13.25,1.13,0.33,1399,1,100,60
18/06/2016,10:00:00,10,Jun-16,Summer-2016,31.8,31.9,31.1,71.5,26.05,0.9,,1.61,3.8,,31.8,40.15,40.15,,1005.7,0,0,628,54.01,779,5.15,0.83,6.45,0,0.28,28.9,72,23.4,33.2,13.25,1.13,0.41,1398,1,100,60
18/06/2016,11:00:00,11,Jun-16,Summer-2016,31.65,32.25,31.2,74.5,26.55,1.1,,2.01,3.8,,31.65,40.5,40.5,,1005.45,0,0,380,32.68,789,4.5,0.73,7.6,0,0.28,29,72,23.4,33.3,13.25,1.13,0.3,1400,1,100,60
18/06/2016,12:00:00,12,Jun-16,Summer-2016,31.75,32,31.35,71,25.85,1.3,,2.41,4,,31.75,39.8,39.8,,1005.15,0,0,455.5,39.18,922,5.35,0.86,9.05,0,0.28,29.1,72,23.5,33.4,13.25,1.13,0.36,1399,1,100,60
18/06/2016,13:00:00,13,Jun-16,Summer-2016,32.1,32.45,31.85,71.5,26.3,0.9,,1.61,3.55,,32.1,41.1,41.1,,1004.8,0,0,402.5,34.62,845.5,5,0.81,8.65,0,0.29,29.1,72,23.5,33.4,13.25,1.13,0.33,1403,1,100,60
18/06/2016,14:00:00,14,Jun-16,Summer-2016,31.8,32.65,31.45,70.5,25.8,1.1,,2.01,4.25,,31.8,39.7,39.7,,1004.3,0,0,398.5,34.27,717,4.3,0.69,7.45,0,0.28,29.1,72,23.5,33.4,13.25,1.13,0.3,1403,1,100,60
18/06/2016,15:00:00,15,Jun-16,Summer-2016,30.55,31.55,30,79.5,26.55,1.1,,2.01,4.25,,30.55,38.65,38.65,,1003.8,1.4,16.3,212,18.24,577.5,2.35,0.38,4.5,0,0.25,29.1,72,23.5,33.4,13.25,1.12,0.18,1403,1,100,60
18/06/2016,16:00:00,16,Jun-16,Summer-2016,30.4,30.45,29.7,79.5,26.4,1.1,,2.01,4.9,,30.4,38,38,,1003.2,0,0,264.5,22.75,479,2.25,0.37,3.85,0,0.25,29.1,72.5,23.6,33.55,13.41,1.12,0.2,1402,1,100,60
18/06/2016,17:00:00,17,Jun-16,Summer-2016,31.1,31.3,30.85,74.5,26,1.3,,2.41,4.05,,31.1,38.55,38.55,,1002.75,0,0,230.5,19.82,354,1.4,0.23,1.85,0,0.27,29.1,73,23.8,33.8,13.56,1.12,0.18,1401,1,100,60
18/06/2016,18:00:00,18,Jun-16,Summer-2016,30.3,30.85,30.3,77,25.8,1.1,,2.01,5.35,,30.3,37.25,37.25,,1003.4,0,0,98.5,8.47,163.5,0.45,0.08,0.75,0,0.25,29.1,73,23.8,33.8,13.56,1.12,0.08,1402,1,100,60
18/06/2016,19:00:00,19,Jun-16,Summer-2016,29.5,29.85,29.5,80,25.65,0.9,,1.61,4.05,,29.5,35.95,35.95,,1004.05,0,0,8,0.69,15,0,0,0,0,0.23,29.1,73,23.8,33.8,13.56,1.12,0.03,1400,1,100,60
18/06/2016,20:00:00,20,Jun-16,Summer-2016,29.15,29.25,29.15,83,25.95,0.65,,1.21,4.5,,29.15,35.75,35.75,,1004.85,0,0,0,0,0,0,0,0,0,0.22,29.1,73,23.8,33.8,13.56,1.12,0.03,1402,1,100,60
18/06/2016,21:00:00,21,Jun-16,Summer-2016,29,29.1,28.9,84,26.05,0.9,,1.61,3.8,,29,35.7,35.7,,1005.7,0,0,0,0,0,0,0,0,0,0.22,29.1,73,23.8,33.8,13.56,1.13,0.03,1403,1,100,60
18/06/2016,22:00:00,22,Jun-16,Summer-2016,28.65,28.75,28.6,85,25.85,0.9,,1.61,3.1,,28.65,34.85,34.85,,1006.45,0,0,0,0,0,0,0,0,0,0.21,29.1,73,23.8,33.8,13.56,1.13,0.03,1401,1,100,60
18/06/2016,23:00:00,23,Jun-16,Summer-2016,28.4,28.55,28.4,84,25.4,0.9,,1.61,3.6,,28.4,33.95,33.95,,1006.65,0,0,0,0,0,0,0,0,0,0.21,29.1,73,23.8,33.8,13.56,1.13,0.03,1401,1,100,60
19/06/2016,00:00:00,24,Jun-16,Summer-2016,28.25,28.35,28.25,85,25.5,0.65,,1.21,3.8,,28.25,33.75,33.75,,1006.6,0,0,0,0,0,0,0,0,0,0.21,29.1,73,23.8,33.8,13.56,1.13,0.03,1403,1,100,60
19/06/2016,01:00:00,1,Jun-16,Summer-2016,28.05,28.15,28.05,87.5,25.75,0.4,,0.8,2.45,,28.05,33.65,33.65,,1006,0,0,0,0,0,0,0,0,0,0.2,29.1,73,23.8,33.8,13.56,1.13,0.03,1400,1,100,60
19/06/2016,02:00:00,2,Jun-16,Summer-2016,27.85,28,27.85,89.5,25.95,0.4,,0.8,2,,27.85,33.55,33.55,,1005.65,0,0,0,0,0,0,0,0,0,0.2,29.1,73,23.8,33.8,13.56,1.13,0.03,1402,1,100,60
19/06/2016,03:00:00,3,Jun-16,Summer-2016,27.9,28,27.85,89.5,26.05,0.4,,0.8,2.25,,27.9,33.7,33.7,,1005.5,0.2,0,0,0,0,0,0,0,0,0.2,29.1,73,23.8,33.8,13.56,1.13,0.03,1400,1,100,60
19/06/2016,04:00:00,4,Jun-16,Summer-2016,27.65,27.8,27.65,89,25.65,0.4,,0.8,2,,27.65,32.9,32.9,,1005.55,0,0,0,0,0,0,0,0,0,0.19,29.1,73,23.8,33.8,13.56,1.13,0.03,1405,1,100,60
19/06/2016,05:00:00,5,Jun-16,Summer-2016,27.3,27.5,27.3,92,25.9,0.4,,0.8,1.35,,27.3,32.35,32.35,,1005.65,0.2,0,0,0,0,0,0,0,0,0.19,29.1,73,23.8,33.8,13.56,1.13,0,1401,1,100,60
19/06/2016,06:00:00,6,Jun-16,Summer-2016,27.6,27.6,27.3,92,26.2,0.4,,0.8,1.55,,27.6,33.2,33.2,,1005.8,0,0,20,1.72,35.5,0,0,0,0,0.19,29.1,73,23.8,33.8,13.56,1.13,0.03,1398,1,100,60
19/06/2016,07:00:00,7,Jun-16,Summer-2016,28.55,28.55,28.05,88.5,26.5,0.65,,1.21,2.45,,28.55,35.4,35.4,,1006.55,0,0,90,7.74,157.5,0.4,0.07,0.8,0,0.21,29.1,73,23.8,33.8,13.56,1.13,0.08,1402,1,100,60
19/06/2016,08:00:00,8,Jun-16,Summer-2016,29.85,29.9,29.2,83,26.65,0.9,,1.61,3.15,,29.85,37.45,37.45,,1007.25,0,0,288.5,24.81,438.5,1.55,0.25,2.25,0,0.24,29.15,73,23.8,33.8,13.56,1.13,0.2,1403,1,100,60
19/06/2016,09:00:00,9,Jun-16,Summer-2016,30.5,30.5,30,80.5,26.75,0.65,,1.21,3.35,,30.5,38.75,38.75,,1007.3,0,0,367.5,31.61,619,2.8,0.45,4.25,0,0.25,29.2,73,23.8,33.8,13.56,1.13,0.25,1403,1,100,60
19/06/2016,10:00:00,10,Jun-16,Summer-2016,31.3,31.8,30.8,75.5,26.45,0.9,,1.61,3.15,,31.3,39.65,39.65,,1007.4,0,0,597.5,51.39,830.5,4.9,0.79,6.5,0,0.27,29.15,70,23.05,33.15,12.81,1.13,0.41,1402,1,100,60
19/06/2016,11:00:00,11,Jun-16,Summer-2016,32.05,32.1,31.7,73,26.6,0.9,,1.61,3.8,,32.05,41.5,41.5,,1007.35,0,0,579,49.8,910.5,6.25,1.01,8.55,0,0.29,26.75,53,16.35,27.05,9.6,1.15,0.41,1403,1,100,60
19/06/2016,12:00:00,12,Jun-16,Summer-2016,32.05,32.25,31.8,74,26.9,0.9,,1.61,4.25,,32.05,42.1,42.1,,1006.8,0,0,372,31.99,698,5,0.8,7.6,0,0.29,26.3,49,14.7,26.3,9.02,1.15,0.3,1401,1,100,60
19/06/2016,13:00:00,13,Jun-16,Summer-2016,33.2,33.2,32.4,70.5,27.1,1.1,,2.01,4.45,,33.2,44.4,44.4,,1006.05,0,0,742,63.82,975.5,8.05,1.3,9.7,0,0.31,26,47.5,14,26,8.78,1.15,0.51,1398,1,100,60
19/06/2016,14:00:00,14,Jun-16,Summer-2016,33.35,33.5,32.9,67,26.35,1.3,,2.41,4.95,,33.35,43.35,43.35,,1005.25,0,0,636,54.7,887,6.4,1.03,8.3,0,0.31,25.8,46,13.3,25.65,8.48,1.15,0.43,1403,1,100,60
19/06/2016,15:00:00,15,Jun-16,Summer-2016,33.45,33.75,33.3,66.5,26.35,1.3,,2.41,4.5,,33.45,43.55,43.55,,1004.7,0,0,655.5,56.38,758.5,5.25,0.85,6.45,0,0.32,25.7,45.5,13,25.5,8.44,1.15,0.43,1402,1,100,60
19/06/2016,16:00:00,16,Jun-16,Summer-2016,32.7,33.35,32.55,67.5,25.9,1.3,,2.41,4.7,,32.7,41.6,41.6,,1004.25,0,0,401,34.49,604.5,3,0.48,3.9,0,0.3,26.2,46.5,13.8,26.05,8.62,1.15,0.3,1402,1,100,60
19/06/2016,17:00:00,17,Jun-16,Summer-2016,32.65,33.15,32.4,70.5,26.55,1.1,,2.01,4.9,,32.65,42.55,42.55,,1003.8,0,0,320,27.52,453.5,1.6,0.26,2,0,0.3,27.6,52,16.85,28.05,9.47,1.14,0.23,1400,1,100,60
19/06/2016,18:00:00,18,Jun-16,Summer-2016,30.6,31.9,30.6,78,26.3,1.1,,2.01,4,,30.6,38.25,38.25,,1004.1,0,0,119.5,10.27,217,0.2,0.03,0.6,0,0.26,28.1,55,18.2,29,9.9,1.14,0.1,1403,1,100,60
19/06/2016,19:00:00,19,Jun-16,Summer-2016,28.95,29.5,28.95,85.5,26.25,0.65,,1.21,3.15,,28.95,35.75,35.75,,1004.75,0,0,23,1.98,58,0,0,0,0,0.22,28.25,57,18.95,29.5,10.21,1.14,0.03,1399,1,100,60
19/06/2016,20:00:00,20,Jun-16,Summer-2016,29.15,29.15,28.9,85,26.35,0.4,,0.8,2,,29.15,36.15,36.15,,1005.4,0,0,0,0,0,0,0,0,0,0.22,28.4,58.5,19.5,29.85,10.45,1.14,0.03,1400,1,100,60
19/06/2016,21:00:00,21,Jun-16,Summer-2016,29.25,29.25,29.15,85,26.45,0.4,,0.8,3.1,,29.25,36.4,36.4,,1006.2,0,0,0,0,0,0,0,0,0,0.23,28.55,59.5,19.85,30.2,10.65,1.14,0.03,1401,1,100,60
19/06/2016,22:00:00,22,Jun-16,Summer-2016,29.2,29.3,29.2,85.5,26.5,0.9,,1.61,3.15,,29.2,36.35,36.35,,1007.15,0,0,0,0,0,0,0,0,0,0.23,28.6,61,20.35,30.5,10.95,1.14,0.03,1403,1,100,60
19/06/2016,23:00:00,23,Jun-16,Summer-2016,28.8,29,28.8,86.5,26.35,0.4,,0.8,2.7,,28.8,35.7,35.7,,1007.05,0,0,0,0,0,0,0,0,0,0.22,28.7,62,20.7,30.85,11.08,1.13,0.03,1403,1,100,60
20/06/2016,00:00:00,24,Jun-16,Summer-2016,28.5,28.65,28.5,88.5,26.4,0.65,,1.21,2,,28.5,35.15,35.15,,1006.65,0,0,0,0,0,0,0,0,0,0.21,28.7,62.5,20.85,31,11.18,1.13,0.03,1399,1,100,60
20/06/2016,01:00:00,1,Jun-16,Summer-2016,28.2,28.35,28.2,89,26.2,0.9,,1.61,2.9,,28.2,34.35,34.35,,1006.25,0,0,0,0,0,0,0,0,0,0.21,28.8,63,21,31.2,11.27,1.13,0.03,1401,1,100,60
20/06/2016,02:00:00,2,Jun-16,Summer-2016,27.95,28.05,27.9,90.5,26.25,0.65,,1.21,3.35,,27.95,33.95,33.95,,1006.1,0,0,0,0,0,0,0,0,0,0.2,28.8,64,21.3,31.5,11.47,1.13,0.03,1403,1,100,60
20/06/2016,03:00:00,3,Jun-16,Summer-2016,27.8,27.85,27.8,90.5,26.1,0.4,,0.8,2.45,,27.8,33.6,33.6,,1005.8,0,0,0,0,0,0,0,0,0,0.2,28.8,64,21.3,31.5,11.47,1.13,0,1401,1,100,60
20/06/2016,04:00:00,4,Jun-16,Summer-2016,27.85,27.9,27.8,90,26.1,0.4,,0.8,2,,27.85,33.7,33.7,,1005.5,0,0,0,0,0,0,0,0,0,0.2,28.9,64.5,21.5,31.7,11.57,1.13,0.03,1403,1,100,60
20/06/2016,05:00:00,5,Jun-16,Summer-2016,27.7,27.8,27.7,90.5,26,0.4,,0.8,2.9,,27.7,33.3,33.3,,1005.85,0,0,0,0,0,0,0,0,0,0.2,28.9,65,21.7,31.9,11.67,1.13,0.03,1401,1,100,60
20/06/2016,06:00:00,6,Jun-16,Summer-2016,27.75,27.8,27.7,91,26.15,0.4,,0.8,2.45,,27.75,33.5,33.5,,1006.25,0,0,15.5,1.33,28,0,0,0,0,0.2,28.9,65.5,21.85,32,11.77,1.13,0.03,1401,1,100,60
20/06/2016,07:00:00,7,Jun-16,Summer-2016,28,28.05,27.75,89.5,26.1,0.9,,1.61,4.45,,28,34,34,,1006.65,0,0,61,5.24,136.5,0.35,0.06,0.7,0,0.2,28.95,66,22,32.15,11.87,1.13,0.05,1400,1,100,60
20/06/2016,08:00:00,8,Jun-16,Summer-2016,29.4,29.45,28.7,84,26.4,0.9,,1.61,4.25,,29.4,36.6,36.6,,1007,0,0,288.5,24.81,438.5,1.65,0.27,2.25,0,0.23,29.05,66.5,22.15,32.35,11.97,1.13,0.2,1400,1,100,60
20/06/2016,09:00:00,9,Jun-16,Summer-2016,30.6,30.65,29.85,78,26.3,0.9,,1.61,4.95,,30.6,38.45,38.45,,1007.1,0,0,439.5,37.8,659.5,3.15,0.51,4.25,0,0.26,29.1,67,22.35,32.55,12.06,1.13,0.3,1405,1,100,60
20/06/2016,10:00:00,10,Jun-16,Summer-2016,31.45,31.6,30.75,74,26.25,1.1,,2.01,4.25,,31.45,39.55,39.55,,1007.15,0,0,597,51.35,809.5,4.9,0.79,6.55,0,0.27,29.1,67,22.4,32.6,12.06,1.13,0.38,1401,1,100,60
20/06/2016,11:00:00,11,Jun-16,Summer-2016,32.4,32.65,31.45,70.5,26.35,1.1,,2.01,4.5,,32.4,41.75,41.75,,1006.9,0,0,565,48.59,925.5,6.05,0.98,8.8,0,0.29,27.5,54,17.35,28.1,9.77,1.14,0.38,1397,1,100,60
20/06/2016,12:00:00,12,Jun-16,Summer-2016,32.65,33.2,32.2,69.5,26.35,1.1,,2.01,4.95,,32.65,42.25,42.25,,1006.45,0,0,732.5,63,968,7.4,1.19,9.8,0,0.3,26.65,50.5,15.5,26.7,9.25,1.15,0.48,1401,1,100,60
20/06/2016,13:00:00,13,Jun-16,Summer-2016,33.4,33.5,32.85,65,25.9,1.3,,2.41,4,,33.4,42.75,42.75,,1005.5,0,0,745,64.08,957,8.1,1.31,9.7,0,0.31,26.3,48,14.4,26.25,8.82,1.15,0.53,1400,1,100,60
20/06/2016,14:00:00,14,Jun-16,Summer-2016,34.25,34.35,33.75,60,25.35,1.3,,2.41,4.25,,34.25,43.15,43.15,,1004.6,0,0,792,68.12,853,8,1.29,8.65,0,0.33,26.05,45.5,13.3,25.85,8.42,1.15,0.58,1400,1,100,60
20/06/2016,15:00:00,15,Jun-16,Summer-2016,34.45,34.6,33.95,59.5,25.4,1.55,,2.82,4.9,,34.45,43.6,43.6,,1003.45,0,0,701.5,60.34,744.5,5.9,0.95,6.55,0,0.34,25.85,45,13.05,25.7,8.38,1.15,0.53,1402,1,100,60
20/06/2016,16:00:00,16,Jun-16,Summer-2016,34,34.55,33.75,63.5,26.05,1.3,,2.41,4.9,,34,43.95,43.95,,1002.7,0,0,443.5,38.14,643.5,3.2,0.52,4.35,0,0.33,26.35,46,13.8,26.2,8.51,1.15,0.33,1402,1,100,60
20/06/2016,17:00:00,17,Jun-16,Summer-2016,33.75,33.95,33.4,65,26.25,1.1,,2.01,4.25,,33.75,43.9,43.9,,1002.25,0,0,299,25.72,408,1.65,0.27,2.05,0,0.32,27.8,51,16.7,28.25,9.26,1.14,0.23,1400,1,100,60
20/06/2016,18:00:00,18,Jun-16,Summer-2016,32.65,33.5,32.6,69.5,26.35,0.9,,1.61,3.6,,32.65,42.2,42.2,,1002.3,0,0,132,11.36,200.5,0.45,0.08,0.8,0,0.3,28.25,53.5,17.9,29.15,9.68,1.14,0.13,1400,1,100,60
20/06/2016,19:00:00,19,Jun-16,Summer-2016,31.1,31.6,31.1,72.5,25.5,1.1,,2.01,4,,31.1,38,38,,1003.15,0,0,9,0.78,15,0,0,0,0,0.27,28.5,55.5,18.7,29.75,9.95,1.13,0.03,1405,1,100,60
20/06/2016,20:00:00,20,Jun-16,Summer-2016,30.2,30.6,30.2,80.5,26.45,0.9,,1.61,3.6,,30.2,37.9,37.9,,1003.7,0,0,0,0,0,0,0,0,0,0.25,28.65,57.5,19.4,30.1,10.29,1.13,0.03,1404,1,100,60
20/06/2016,21:00:00,21,Jun-16,Summer-2016,29.8,30,29.8,83,26.6,0.9,,1.61,4.45,,29.8,37.4,37.4,,1004.55,0,0,0,0,0,0,0,0,0,0.24,28.75,58.5,19.8,30.5,10.45,1.13,0.03,1402,1,100,60
20/06/2016,22:00:00,22,Jun-16,Summer-2016,29.45,29.65,29.45,84,26.5,0.9,,1.61,3.15,,29.45,36.75,36.75,,1004.95,0,0,0,0,0,0,0,0,0,0.23,28.8,60,20.25,30.75,10.75,1.13,0.03,1402,1,100,60
20/06/2016,23:00:00,23,Jun-16,Summer-2016,29.25,29.45,29.25,84,26.25,0.9,,1.61,4.25,,29.25,36.3,36.3,,1005.4,0,0,0,0,0,0,0,0,0,0.23,28.9,60.5,20.5,31.05,10.85,1.13,0.03,1398,1,100,60
21/06/2016,00:00:00,24,Jun-16,Summer-2016,29,29.15,29,85,26.25,0.9,,1.61,3.6,,29,35.85,35.85,,1005.3,0,0,0,0,0,0,0,0,0,0.22,28.95,61.5,20.85,31.35,11.01,1.13,0.03,1403,1,100,60
21/06/2016,01:00:00,1,Jun-16,Summer-2016,28.65,28.85,28.65,86,26.05,0.9,,1.61,4.05,,28.65,35.15,35.15,,1004.85,0,0,0,0,0,0,0,0,0,0.22,29.05,62,21,31.55,11.07,1.13,0.03,1401,1,100,60
21/06/2016,02:00:00,2,Jun-16,Summer-2016,28.4,28.55,28.4,87,26.05,0.9,,1.61,4.25,,28.4,34.55,34.55,,1004.5,0,0,0,0,0,0,0,0,0,0.21,29.1,62.5,21.15,31.7,11.16,1.13,0.03,1402,1,100,60
21/06/2016,03:00:00,3,Jun-16,Summer-2016,28.15,28.25,28.15,88.5,26.05,0.9,,1.61,3.35,,28.15,34.15,34.15,,1004.35,0,0,0,0,0,0,0,0,0,0.21,29.15,63,21.35,31.85,11.26,1.13,0.03,1400,1,100,60
21/06/2016,04:00:00,4,Jun-16,Summer-2016,27.95,28.05,27.95,89.5,26.1,0.9,,1.61,3.1,,27.95,33.8,33.8,,1004.2,0,0,0,0,0,0,0,0,0,0.2,29.2,63,21.4,31.9,11.26,1.13,0.03,1401,1,100,60
21/06/2016,05:00:00,5,Jun-16,Summer-2016,27.9,27.9,27.9,90,26.15,0.9,,1.61,3.55,,27.9,33.75,33.75,,1004.2,0,0,0,0,0,0,0,0,0,0.2,29.2,64,21.7,32.15,11.46,1.13,0.03,1402,1,100,60
21/06/2016,06:00:00,6,Jun-16,Summer-2016,27.85,27.9,27.8,90,26.1,0.65,,1.21,3.1,,27.85,33.7,33.7,,1004.75,0,0,14,1.21,25.5,0,0,0,0,0.2,29.2,64,21.7,32.2,11.46,1.13,0.03,1402,1,100,60
21/06/2016,07:00:00,7,Jun-16,Summer-2016,28.35,28.35,28.05,89,26.35,0.65,,1.21,3.15,,28.35,34.8,34.8,,1005.65,0,0,81,6.97,102,0.35,0.06,0.65,0,0.21,29.25,65,22,32.45,11.66,1.13,0.05,1404,1,100,60
21/06/2016,08:00:00,8,Jun-16,Summer-2016,29.55,29.55,28.8,85,26.75,0.9,,1.61,3.55,,29.55,37.25,37.25,,1006.2,0,0,240,20.64,462.5,1.45,0.24,2.2,0,0.23,29.3,65,22.05,32.55,11.66,1.13,0.18,1402,1,100,60
21/06/2016,09:00:00,9,Jun-16,Summer-2016,30.7,30.95,30.2,78.5,26.5,0.9,,1.61,3.6,,30.7,38.8,38.8,,1006.45,0,0,380.5,32.73,591.5,2.85,0.46,3.8,0,0.26,29.35,66,22.35,32.85,11.85,1.13,0.28,1400,1,100,60
21/06/2016,10:00:00,10,Jun-16,Summer-2016,31.1,31.15,30.65,76.5,26.45,0.9,,1.61,3.6,,31.1,39,39,,1006.55,0,0,349.5,30.06,500,3.4,0.55,4.3,0,0.27,29.4,66,22.4,32.9,11.85,1.13,0.25,1400,1,100,60
21/06/2016,11:00:00,11,Jun-16,Summer-2016,31.5,31.65,31.15,76,26.75,0.9,,1.61,4,,31.5,40.4,40.4,,1006.4,0,0,371.5,31.95,555.5,4.35,0.7,5.85,0,0.27,28.4,56.5,18.9,29.8,10.18,1.14,0.28,1401,1,100,60
21/06/2016,12:00:00,12,Jun-16,Summer-2016,32.9,32.9,31.85,70.5,26.8,0.9,,1.61,3.8,,32.9,43.35,43.35,,1005.8,0,0,613.5,52.77,1048.5,7.05,1.14,10.25,0,0.3,26.95,48,15,26.95,8.79,1.15,0.43,1402,1,100,60
21/06/2016,13:00:00,13,Jun-16,Summer-2016,33.45,33.6,32.6,68,26.75,0.65,,1.21,3.35,,33.45,44.25,44.25,,1004.85,0,0,527,45.33,967.5,6.4,1.03,9.7,0,0.32,26.5,45,13.55,26.25,8.36,1.15,0.38,1399,1,100,60
21/06/2016,14:00:00,14,Jun-16,Summer-2016,33.3,33.7,32.95,66.5,26.2,1.55,,2.82,4.95,,33.3,43,43,,1004.1,0,0,700,60.21,927,6.5,1.05,8.5,0,0.31,26.25,45,13.35,26.1,8.37,1.15,0.48,1403,1,100,60
21/06/2016,15:00:00,15,Jun-16,Summer-2016,33.9,33.95,33.35,58.5,24.6,1.55,,2.82,5.15,,33.9,41.55,41.55,,1003,0,0,671,57.72,727,5.95,0.96,6.55,0,0.32,26.15,43.5,12.8,25.85,8.11,1.15,0.51,1402,1,100,60
21/06/2016,16:00:00,16,Jun-16,Summer-2016,33.4,34.25,33.4,65.5,26,1.1,,2.01,4.5,,33.4,42.8,42.8,,1002.45,0,0,412.5,35.48,577.5,3.1,0.5,4.3,0,0.31,26.7,45,13.8,26.5,8.31,1.15,0.33,1404,1,100,60
21/06/2016,17:00:00,17,Jun-16,Summer-2016,31.55,32.3,31.4,73,26.15,1.3,,2.41,5.6,,31.55,39.7,39.7,,1002.35,0,0,152.5,13.11,333,1.25,0.2,1.65,0,0.28,28.1,49,16.4,28.55,8.95,1.14,0.13,1400,1,100,60
21/06/2016,18:00:00,18,Jun-16,Summer-2016,31.2,31.4,31.2,77,26.7,0.9,,1.61,3.8,,31.2,39.7,39.7,,1002.6,0,0,80,6.88,109,0.35,0.06,0.75,0,0.27,28.5,52.5,17.85,29.5,9.49,1.13,0.08,1401,1,100,60
21/06/2016,19:00:00,19,Jun-16,Summer-2016,30.75,31,30.75,79.5,26.75,0.9,,1.61,3.55,,30.75,39.2,39.2,,1003.45,0,0,15.5,1.34,30,0,0,0,0,0.26,28.75,54.5,18.6,30.05,9.8,1.13,0.03,1403,1,100,60
21/06/2016,20:00:00,20,Jun-16,Summer-2016,29.15,30.45,29.15,82.5,25.85,1.1,,2.01,4.25,,29.15,35.55,35.55,,1004.6,0.2,0,0,0,0,0,0,0,0,0.23,28.85,56.5,19.4,30.5,10.14,1.13,0.03,1403,1,100,60
21/06/2016,21:00:00,21,Jun-16,Summer-2016,27.25,27.65,27.15,93,26,0.2,,0.4,2,,27.25,32.3,32.3,,1005.25,1,4,0,0,0,0,0,0,0,0.19,28.95,57,19.6,30.7,10.23,1.13,0,1404,1,100,60
21/06/2016,22:00:00,22,Jun-16,Summer-2016,27.8,27.8,27.5,92,26.35,0.2,,0.4,1.55,,27.8,33.85,33.85,,1005.7,0.2,1,0,0,0,0,0,0,0,0.2,29.05,57.5,19.8,30.8,10.29,1.13,0,1403,1,100,60
21/06/2016,23:00:00,23,Jun-16,Summer-2016,28.55,28.55,28.1,90.5,26.85,0.4,,0.8,2,,28.55,35.75,35.75,,1005.95,0,0,0,0,0,0,0,0,0,0.21,29.1,58,20,31.1,10.35,1.13,0,1401,1,100,60
22/06/2016,00:00:00,24,Jun-16,Summer-2016,28.7,28.75,28.7,89.5,26.8,0.4,,0.8,2.2,,28.7,35.95,35.95,,1005.7,0,0,0,0,0,0,0,0,0,0.22,29.2,59,20.3,31.3,10.55,1.13,0.03,1401,1,100,60
22/06/2016,01:00:00,1,Jun-16,Summer-2016,28.6,28.65,28.6,89,26.6,0.4,,0.8,2.45,,28.6,35.5,35.5,,1005,0,0,0,0,0,0,0,0,0,0.21,29.2,60,20.7,31.5,10.75,1.13,0.03,1401,1,100,60
22/06/2016,02:00:00,2,Jun-16,Summer-2016,28.35,28.5,28.35,89.5,26.5,0.4,,0.8,1.8,,28.35,35,35,,1004.8,0,0,0,0,0,0,0,0,0,0.21,29.3,60,20.7,31.6,10.75,1.13,0.03,1403,1,100,60
22/06/2016,03:00:00,3,Jun-16,Summer-2016,28.3,28.3,28.25,90.5,26.6,0.4,,0.8,2.9,,28.3,34.85,34.85,,1004.8,0,0,0,0,0,0,0,0,0,0.21,29.3,61,21,31.9,10.95,1.13,0,1400,1,100,60
22/06/2016,04:00:00,4,Jun-16,Summer-2016,28.2,28.25,28.2,90,26.4,0.4,,0.8,2.9,,28.2,34.5,34.5,,1004.65,0,0,0,0,0,0,0,0,0,0.21,29.3,61,21,31.9,10.95,1.13,0.03,1401,1,100,60
22/06/2016,05:00:00,5,Jun-16,Summer-2016,28,28.15,28,90.5,26.3,0.4,,0.8,2.45,,28,34.1,34.1,,1004.45,0,0,0,0,0,0,0,0,0,0.2,29.4,62,21.3,32.2,11.05,1.13,0,1400,1,100,60
22/06/2016,06:00:00,6,Jun-16,Summer-2016,27.95,27.95,27.8,91.5,26.45,0.65,,1.21,2.45,,27.95,34.15,34.15,,1004.5,0,0,18,1.55,32,0,0,0,0,0.2,29.4,62.5,21.5,32.3,11.15,1.13,0.03,1404,1,100,60
22/06/2016,07:00:00,7,Jun-16,Summer-2016,28.4,28.4,28.15,90,26.6,0.9,,1.61,3.1,,28.4,35.05,35.05,,1005.4,0,0,67,5.77,82.5,0.15,0.03,0.35,0,0.21,29.4,63,21.65,32.35,11.25,1.13,0.05,1402,1,100,60
22/06/2016,08:00:00,8,Jun-16,Summer-2016,29.05,29.05,28.65,87.5,26.75,0.9,,1.61,3.15,,29.05,36.5,36.5,,1006.35,0,0,166,14.28,221.5,1.2,0.19,1.6,0,0.22,29.4,63.5,21.8,32.55,11.35,1.13,0.13,1402,1,100,60
22/06/2016,09:00:00,9,Jun-16,Summer-2016,30.25,30.35,29.6,82.5,26.95,0.65,,1.21,2.9,,30.25,38.7,38.7,,1006.6,0,0,288.5,24.81,435,2.35,0.38,3.15,0,0.25,29.45,64,21.95,32.75,11.45,1.13,0.2,1399,1,100,60
22/06/2016,10:00:00,10,Jun-16,Summer-2016,30.75,30.9,30.35,79,26.65,0.9,,1.61,3.1,,30.75,39.1,39.1,,1006.9,0,0,355,30.53,462.5,3.6,0.58,4.2,0,0.26,29,60.5,20.55,31.4,10.85,1.13,0.25,1403,1,100,60
22/06/2016,11:00:00,11,Jun-16,Summer-2016,31.05,31.1,30.75,76.5,26.45,1.1,,2.01,3.8,,31.05,39.05,39.05,,1006.7,0,0,374.5,32.21,417.5,4,0.65,4.4,0,0.27,27.2,48.5,15.4,27.25,8.88,1.15,0.28,1401,1,100,60
22/06/2016,12:00:00,12,Jun-16,Summer-2016,31.85,31.95,31.3,73,26.35,1.1,,2.01,3.8,,31.85,40.6,40.6,,1005.9,0,0,538,46.27,665,5.9,0.95,7.15,0,0.28,26.55,44.5,13.45,26.25,8.26,1.15,0.38,1401,1,100,60
22/06/2016,13:00:00,13,Jun-16,Summer-2016,32.65,32.8,32.2,70,26.4,1.3,,2.41,4.05,,32.65,42.35,42.35,,1005.4,0,0,635.5,54.66,765,6.7,1.08,7.75,0,0.3,26.45,45,13.55,26.25,8.31,1.15,0.46,1400,1,100,60
22/06/2016,14:00:00,14,Jun-16,Summer-2016,32.4,32.6,32.3,72,26.7,0.9,,1.61,3.15,,32.4,42.5,42.5,,1005.05,0,0,303.5,26.1,382.5,3.05,0.49,3.9,0,0.29,28.05,48,15.95,28.35,8.75,1.14,0.23,1254,1,91.65,60
22/06/2016,15:00:00,15,Jun-16,Summer-2016,32.3,32.4,32.25,73.5,26.95,0.9,,1.61,2.7,,32.3,42.7,42.7,,1004.05,0,0,241,20.73,269.5,2.2,0.36,2.55,0,0.29,28.35,50,16.9,28.95,9.09,1.14,0.18,1398,1,100,60
22/06/2016,16:00:00,16,Jun-16,Summer-2016,32.3,32.4,32.2,74,27.05,0.4,,0.8,1.75,,32.3,42.8,42.8,,1003.2,0,0,219.5,18.88,240,1.65,0.27,1.8,0,0.29,27.7,50,16.35,28,9.12,1.14,0.15,1295,1,93.55,60
22/06/2016,17:00:00,17,Jun-16,Summer-2016,32.35,32.45,32,74,27.1,0.4,,0.8,1.8,,32.35,42.95,42.95,,1003.15,0,0,224,19.27,299.5,1.3,0.21,1.6,0,0.29,28.7,52,17.8,29.65,9.43,1.13,0.18,1402,1,100,60
22/06/2016,18:00:00,18,Jun-16,Summer-2016,31.95,32.75,31.95,75.5,27.1,0.65,,1.21,2.45,,31.95,42,42,,1002.85,0,0,137,11.78,185,0.4,0.07,0.75,0,0.28,28.95,54.5,18.8,30.35,9.8,1.13,0.1,1403,1,100,60
22/06/2016,19:00:00,19,Jun-16,Summer-2016,30.45,30.9,30.45,81.5,26.9,0.4,,0.8,2.25,,30.45,39,39,,1003.7,0,0,8.5,0.74,15,0,0,0,0,0.25,29.1,55.5,19.25,30.7,9.95,1.13,0.03,1404,1,100,60
22/06/2016,20:00:00,20,Jun-16,Summer-2016,30.25,30.3,30.2,83,27.05,0.4,,0.8,2.45,,30.25,38.75,38.75,,1004.4,0,0,0,0,0,0,0,0,0,0.25,29.15,56.5,19.6,30.9,10.15,1.13,0.03,1403,1,100,60
22/06/2016,21:00:00,21,Jun-16,Summer-2016,28.1,29.35,28.1,85,25.3,0.85,,1.61,3.35,,28.1,33.3,33.3,,1005.15,0,0,0,0,0,0,0,0,0,0.2,29.2,58,20.1,31.2,10.35,1.13,0.03,1403,1,100,60
22/06/2016,22:00:00,22,Jun-16,Summer-2016,27.4,27.6,27.4,89.5,25.5,0.2,,0.4,1.1,,27.4,32.25,32.25,,1005.6,0,0,0,0,0,0,0,0,0,0.19,29.2,58,20.1,31.2,10.35,1.13,0.03,1401,1,100,60
22/06/2016,23:00:00,23,Jun-16,Summer-2016,28.15,28.2,27.7,86.5,25.65,0.2,,0.4,2.45,,28.15,33.65,33.65,,1006,0,0,0,0,0,0,0,0,0,0.2,29.3,59,20.4,31.4,10.55,1.13,0.03,1404,1,100,60
23/06/2016,00:00:00,24,Jun-16,Summer-2016,27.65,27.9,27.6,91,26,0,,0,0.2,,27.65,33.15,33.15,,1005.75,0.2,0,0,0,0,0,0,0,0,0.19,29.3,59,20.5,31.6,10.55,1.13,0,1402,1,100,60
23/06/2016,01:00:00,1,Jun-16,Summer-2016,28.1,28.1,27.7,92,26.65,0.2,,0.4,2.25,,28.1,34.75,34.75,,1004.85,0,0,0,0,0,0,0,0,0,0.2,29.3,60,20.8,31.7,10.75,1.13,0,1402,1,100,60
23/06/2016,02:00:00,2,Jun-16,Summer-2016,28.33,28.4,28.3,91.67,26.87,0.4,,0.8,2.1,,28.33,35.3,35.3,,1004.43,0.2,0,0,0,0,0,0,0,0,0.21,29.4,60,20.87,31.87,10.75,1.13,0,2104,1,100,90
23/06/2016,03:00:00,3,Jun-16,Summer-2016,28.25,28.3,28.2,92,26.85,0.4,,0.8,2.7,,28.25,35.2,35.2,,1004,0,0,0,0,0,0,0,0,0,0.21,29.4,61,21.1,32,10.95,1.13,0,2802,1,100,120
23/06/2016,04:00:00,4,Jun-16,Summer-2016,28.2,28.25,28.2,92,26.7,0.4,,0.8,2.7,,28.2,34.9,34.9,,1003.5,0,0,0,0,0,0,0,0,0,0.21,29.4,61.5,21.25,32.2,11,1.13,0,2804,1,100,120
23/06/2016,05:00:00,5,Jun-16,Summer-2016,28.1,28.2,28.1,92,26.7,0.4,,0.8,2.45,,28.1,34.8,34.8,,1003.6,0,0,0,0,0,0,0,0,0,0.2,29.4,62.5,21.55,32.35,11.15,1.13,0,2800,1,100,120
23/06/2016,06:00:00,6,Jun-16,Summer-2016,28.15,28.15,28.1,92,26.65,0.4,,0.8,1.8,,28.15,34.75,34.75,,1004.15,0,0,9.5,1.64,17,0,0,0,0,0.2,29.4,63,21.7,32.4,11.25,1.13,0,2808,1,100,120
23/06/2016,07:00:00,7,Jun-16,Summer-2016,28.45,28.45,28.25,91.5,26.9,0.2,,0.4,1.75,,28.45,35.65,35.65,,1004.85,0,0,53,9.12,73.5,0.05,0.01,0.25,0,0.21,29.4,63,21.7,32.4,11.25,1.13,0.06,2808,1,100,120
23/06/2016,08:00:00,8,Jun-16,Summer-2016,28.75,28.75,28.65,90.5,27.05,0.4,,0.8,2,,28.75,36.25,36.25,,1005.25,0,0,65.5,11.26,79,0.4,0.07,0.6,0,0.22,29.5,63,21.7,32.6,11.25,1.13,0.1,2806,1,100,120
23/06/2016,09:00:00,9,Jun-16,Summer-2016,29.05,29.05,28.85,89.5,27.15,0.4,,0.8,2.7,,29.05,37.05,37.05,,1005.45,0,0,90,15.48,107.5,0.75,0.12,0.9,0,0.22,29.5,64,22,32.8,11.45,1.13,0.16,2800,1,100,120
23/06/2016,10:00:00,10,Jun-16,Summer-2016,29.65,29.65,29.25,87.5,27.35,0.4,,0.8,3.15,,29.65,38.25,38.25,,1005.5,0,0,158,27.18,194.5,1.45,0.24,1.8,0,0.24,29.4,62.5,21.5,32.35,11.2,1.13,0.2,2806,1,100,120
23/06/2016,11:00:00,11,Jun-16,Summer-2016,30.5,30.5,30,82,27.05,0.65,,1.21,2.65,,30.5,39.2,39.2,,1005.55,0,0,259.5,44.64,280,2.65,0.43,2.85,0,0.25,27.8,53,17.35,28.4,9.59,1.14,0.36,2770,1,100,120
23/06/2016,12:00:00,12,Jun-16,Summer-2016,31.15,31.3,30.85,78,26.85,1.1,,2.01,3.8,,31.15,39.95,39.95,,1005.35,0,0,383,65.88,444.5,4.1,0.66,4.75,0,0.27,26.95,47.5,14.85,26.9,8.69,1.15,0.56,2806,1,100,120
23/06/2016,13:00:00,13,Jun-16,Summer-2016,31.55,31.75,31.3,76.5,26.95,0.65,,1.21,2.7,,31.55,41.1,41.1,,1004.75,0,0,306,52.64,365,3.35,0.54,3.95,0,0.28,26.6,45.5,13.85,26.4,8.41,1.15,0.46,2800,1,100,120
23/06/2016,14:00:00,14,Jun-16,Summer-2016,31.9,31.97,31.57,73.67,26.6,0.57,,1.07,2.67,,31.9,41.2,41.2,,1003.87,0,0,334.33,43.13,355.33,3.47,0.56,3.6,0,0.28,26.33,44.67,13.33,26.17,8.26,1.15,0.25,2090,1,100,90
23/06/2016,15:00:00,15,Jun-16,Summer-2016,32.8,32.85,32.15,70.5,26.7,0.65,,1.21,2.9,,32.8,43.05,43.05,,1002.4,0,0,466.5,40.12,556.5,4.15,0.67,4.6,0,0.3,26.1,44,12.9,25.85,8.17,1.15,0.33,1400,1,100,60
23/06/2016,16:00:00,16,Jun-16,Summer-2016,32.85,33.35,32.85,70.5,26.7,0.4,,0.8,2.45,,32.85,43.1,43.1,,1001.25,0,0,311.5,26.79,458.5,2.3,0.37,3.25,0,0.3,26.65,46,14.05,26.55,8.5,1.15,0.23,1399,1,100,60
23/06/2016,17:00:00,17,Jun-16,Summer-2016,32.25,32.65,32.1,74,27.05,0.4,,0.8,2.45,,32.25,42.75,42.75,,1000.8,0,0,158,13.59,198.5,1,0.16,1.15,0,0.29,28,49.5,16.45,28.4,9.01,1.14,0.13,1398,1,100,60
23/06/2016,18:00:00,18,Jun-16,Summer-2016,31.25,31.75,31.25,78.5,27,0.65,,1.21,3.35,,31.25,40.5,40.5,,1001,0,0,84,7.23,109,0.15,0.03,0.35,0,0.27,28.35,51.5,17.4,29.2,9.34,1.13,0.08,1402,1,100,60
23/06/2016,19:00:00,19,Jun-16,Summer-2016,30.45,30.75,30.45,80,26.6,0.65,,1.21,2.9,,30.45,38.5,38.5,,1001.75,0,0,15.5,1.33,29,0,0,0,0,0.25,28.6,53.5,18.2,29.7,9.67,1.13,0.03,1402,1,100,60
23/06/2016,20:00:00,20,Jun-16,Summer-2016,30,30.2,30,84,26.95,0.4,,0.8,2.65,,30,38.1,38.1,,1002.4,0,0,0,0,0,0,0,0,0,0.24,28.7,55,18.75,30,9.85,1.13,0.03,1399,1,100,60
23/06/2016,21:00:00,21,Jun-16,Summer-2016,29.85,29.9,29.8,84,26.85,0.65,,1.21,2.9,,29.85,37.75,37.75,,1003.45,0,0,0,0,0,0,0,0,0,0.24,28.8,56.5,19.3,30.4,10.14,1.13,0.03,1402,1,100,60
23/06/2016,22:00:00,22,Jun-16,Summer-2016,29.7,29.75,29.7,84,26.7,0.65,,1.21,2.9,,29.7,37.35,37.35,,1003.3,0,0,0,0,0,0,0,0,0,0.24,28.85,58,19.75,30.65,10.35,1.13,0.03,1403,1,100,60
23/06/2016,23:00:00,23,Jun-16,Summer-2016,29.65,29.7,29.6,84.5,26.75,0.9,,1.61,3.55,,29.65,37.25,37.25,,1003.5,0,0,0,0,0,0,0,0,0,0.24,28.9,58.5,19.95,30.85,10.45,1.13,0.03,1404,1,100,60
24/06/2016,00:00:00,24,Jun-16,Summer-2016,29.2,29.45,29.2,86.5,26.7,0.65,,1.21,3.35,,29.2,36.75,36.75,,1003.6,0,0,0,0,0,0,0,0,0,0.23,28.95,60,20.4,31.1,10.75,1.13,0.03,1404,1,100,60
24/06/2016,01:00:00,1,Jun-16,Summer-2016,28.95,29.1,28.95,88,26.8,0.4,,0.8,4.25,,28.95,36.5,36.5,,1003.4,0,0,0,0,0,0,0,0,0,0.22,29.05,60,20.45,31.15,10.75,1.13,0.03,1402,1,100,60
24/06/2016,02:00:00,2,Jun-16,Summer-2016,28.85,28.9,28.85,88,26.7,0.4,,0.8,2.9,,28.85,36.25,36.25,,1003.5,0,0,0,0,0,0,0,0,0,0.22,29.1,60.5,20.65,31.3,10.85,1.13,0.03,1402,1,100,60
24/06/2016,03:00:00,3,Jun-16,Summer-2016,28.45,28.7,28.45,88.5,26.35,0.4,,0.8,2.2,,28.45,35,35,,1003.15,0,0,0,0,0,0,0,0,0,0.21,29.1,61,20.8,31.5,10.95,1.13,0.03,1403,1,100,60
24/06/2016,04:00:00,4,Jun-16,Summer-2016,28.2,28.25,28.1,91,26.6,0.2,,0.4,1.55,,28.2,34.75,34.75,,1002.75,0,0,0,0,0,0,0,0,0,0.21,29.1,61,20.8,31.5,10.95,1.13,0,1401,1,100,60
24/06/2016,05:00:00,5,Jun-16,Summer-2016,28.2,28.25,28.15,91.5,26.65,0.4,,0.8,2.2,,28.2,34.85,34.85,,1003,0,0,0,0,0,0,0,0,0,0.21,29.1,62,21.1,31.7,11.06,1.13,0,1402,1,100,60
24/06/2016,06:00:00,6,Jun-16,Summer-2016,28.15,28.2,28.1,92,26.75,0.2,,0.4,1.55,,28.15,34.95,34.95,,1003.6,0,0,14.5,1.25,25.5,0,0,0,0,0.21,29.2,62,21.1,31.8,11.06,1.13,0.03,1402,1,100,60
24/06/2016,07:00:00,7,Jun-16,Summer-2016,28.6,28.6,28.35,90.5,26.9,0.4,,0.8,2.25,,28.6,35.9,35.9,,1003.75,0,0,71.5,6.15,89.5,0.35,0.06,0.7,0,0.21,29.2,62,21.15,31.85,11.06,1.13,0.05,1402,1,100,60
24/06/2016,08:00:00,8,Jun-16,Summer-2016,30,30.05,29.3,85.5,27.3,0.4,,0.8,2.25,,30,38.9,38.9,,1004,0,0,269.5,23.18,422,1.55,0.25,2.25,0,0.24,29.2,62.5,21.35,32,11.16,1.13,0.18,1402,1,100,60
24/06/2016,09:00:00,9,Jun-16,Summer-2016,31.2,31.45,30.7,79.5,27.25,0.9,,1.61,2.9,,31.2,40.5,40.5,,1004.55,0,0,472.5,40.64,669.5,3.35,0.54,4.5,0,0.27,29.3,63.5,21.65,32.25,11.36,1.13,0.33,1403,1,100,60
24/06/2016,10:00:00,10,Jun-16,Summer-2016,32.25,32.4,31.55,74.5,27.2,0.9,,1.61,3.15,,32.25,43.05,43.05,,1004.65,0,0,556,47.82,842.5,4.85,0.78,6.4,0,0.29,29.3,64,21.8,32.4,11.45,1.13,0.38,1400,1,100,60
24/06/2016,11:00:00,11,Jun-16,Summer-2016,32.7,33.05,32,73.5,27.35,0.9,,1.61,4,,32.7,44.1,44.1,,1004.35,0,0,695.5,59.82,973,6.65,1.07,8.6,0,0.3,29.35,64.5,21.95,32.55,11.55,1.13,0.46,1403,1,100,60
24/06/2016,12:00:00,12,Jun-16,Summer-2016,33.2,33.85,33,65.5,25.85,0.9,,1.61,3.8,,33.2,42.25,42.25,,1003.95,0,0,809,69.58,1051,8.3,1.34,10.4,0,0.31,29.4,65,22.15,32.75,11.65,1.13,0.56,1400,1,100,60
24/06/2016,13:00:00,13,Jun-16,Summer-2016,32.8,34.1,32.55,67,25.9,1.3,,2.41,4.5,,32.8,41.8,41.8,,1003.35,0,0,715.5,61.54,1060,7.65,1.23,10.55,0,0.3,29.45,65,22.2,32.85,11.65,1.12,0.53,1402,1,100,60
24/06/2016,14:00:00,14,Jun-16,Summer-2016,31.6,31.9,31.25,74.5,26.5,0.4,,0.8,2.2,,31.6,40.45,40.45,,1002.75,0,0,161.5,13.89,432.5,2.05,0.33,3.9,0,0.28,29.45,65,22.2,32.85,11.65,1.12,0.13,1403,1,100,60
24/06/2016,15:00:00,15,Jun-16,Summer-2016,32.05,32.4,31.55,75,27.05,0.65,,1.21,2.45,,32.05,42.4,42.4,,1001.85,0,0,313.5,26.97,757.5,3.3,0.53,5.65,0,0.29,29.45,66,22.45,33.15,11.85,1.12,0.23,1401,1,100,60
24/06/2016,16:00:00,16,Jun-16,Summer-2016,33.25,33.3,32.3,70,27.05,0.4,,0.8,1.8,,33.25,44.35,44.35,,1000.65,0,0,319.5,27.48,537,2.4,0.39,3.4,0,0.31,29.55,66,22.5,33.25,11.85,1.12,0.23,1403,1,100,60
24/06/2016,17:00:00,17,Jun-16,Summer-2016,32.35,33,32.35,72.5,26.75,0.4,,0.8,1.55,,32.35,42.4,42.4,,1000.05,0,0,99,8.51,114.5,1,0.16,1.2,0,0.29,29.6,66,22.5,33.3,11.84,1.12,0.08,1401,1,100,60
24/06/2016,18:00:00,18,Jun-16,Summer-2016,31.65,32.2,31.65,76,26.85,0.4,,0.8,3.15,,31.65,41,41,,1000.2,0,0,32,2.75,49.5,0,0,0.25,0,0.28,29.6,66.5,22.65,33.45,11.94,1.12,0.03,1401,1,100,60
24/06/2016,19:00:00,19,Jun-16,Summer-2016,31.05,31.15,31,75.5,26.2,0.4,,0.8,1.55,,31.05,38.6,38.6,,1001.6,0,0,7,0.6,11.5,0,0,0,0,0.27,29.6,67,22.8,33.6,12.04,1.12,0.03,1401,1,100,60
24/06/2016,20:00:00,20,Jun-16,Summer-2016,30.7,30.9,30.7,73,25.3,0,,0,1.3,,30.7,37.25,37.25,,1001.9,0,0,0,0,0,0,0,0,0,0.26,29.6,67,22.8,33.6,12.04,1.12,0.03,1404,1,100,60
24/06/2016,21:00:00,21,Jun-16,Summer-2016,30.45,30.6,30.35,75,25.5,0,,0,1.1,,30.45,37.25,37.25,,1002.75,0,0,0,0,0,0,0,0,0,0.25,29.6,67,22.8,33.6,12.04,1.12,0.03,1402,1,100,60
24/06/2016,22:00:00,22,Jun-16,Summer-2016,30.25,30.35,30.25,79.5,26.3,0.4,,0.8,2,,30.25,37.8,37.8,,1003.65,0,0,0,0,0,0,0,0,0,0.25,29.7,67,22.9,33.8,12.03,1.12,0.03,1403,1,100,60
24/06/2016,23:00:00,23,Jun-16,Summer-2016,29.9,30.1,29.9,80.5,26.2,0,,0,1.35,,29.9,37.05,37.05,,1004.35,0,0,0,0,0,0,0,0,0,0.24,29.7,67,22.9,33.8,12.03,1.12,0.03,1404,1,100,60
25/06/2016,00:00:00,24,Jun-16,Summer-2016,29.75,29.85,29.75,82,26.35,0.4,,0.8,2.25,,29.75,36.95,36.95,,1004.35,0,0,0,0,0,0,0,0,0,0.24,29.7,67,22.9,33.9,12.03,1.12,0.03,1404,1,100,60
25/06/2016,01:00:00,1,Jun-16,Summer-2016,29.45,29.6,29.45,85.5,26.8,0.4,,0.8,1.55,,29.45,37.15,37.15,,1004.35,0,0,0,0,0,0,0,0,0,0.23,29.7,67,22.9,33.9,12.03,1.12,0.03,1402,1,100,60
25/06/2016,02:00:00,2,Jun-16,Summer-2016,29.15,29.3,29.15,87.5,26.85,0.4,,0.8,1.55,,29.15,36.8,36.8,,1004.05,0,0,0,0,0,0,0,0,0,0.23,29.7,67,22.9,33.9,12.03,1.12,0.03,1400,1,100,60
25/06/2016,03:00:00,3,Jun-16,Summer-2016,28.75,29,28.75,89,26.75,0,,0,0.65,,28.75,35.9,35.9,,1003.45,0,0,0,0,0,0,0,0,0,0.22,29.75,67,22.95,33.95,12.03,1.12,0.03,1401,1,100,60
25/06/2016,04:00:00,4,Jun-16,Summer-2016,28.35,28.5,28.3,90,26.55,0,,0,0.65,,28.35,35.05,35.05,,1003.2,0,0,0,0,0,0,0,0,0,0.21,29.8,67,23,34,12.03,1.12,0,1401,1,100,60
25/06/2016,05:00:00,5,Jun-16,Summer-2016,28.25,28.5,28.25,91,26.65,0,,0,0,,28.25,34.95,34.95,,1003.3,0,0,0,0,0,0,0,0,0,0.21,29.8,67.5,23.1,34.1,12.13,1.12,0,1400,1,100,60
25/06/2016,06:00:00,6,Jun-16,Summer-2016,28.05,28.2,27.9,93,26.8,0,,0,0,,28.05,34.85,34.85,,1003.9,0,0,16,1.37,27,0,0,0,0,0.2,29.8,68,23.2,34.2,12.23,1.12,0,1402,1,100,60
25/06/2016,07:00:00,7,Jun-16,Summer-2016,29.8,29.8,28.7,85.5,27.1,0,,0,0.65,,29.8,38.3,38.3,,1004.65,0,0,107.5,9.25,202,0.5,0.08,0.95,0,0.24,29.8,68,23.3,34.3,12.22,1.12,0.08,1403,1,100,60
25/06/2016,08:00:00,8,Jun-16,Summer-2016,31.3,31.35,30.6,78.5,27.1,0.4,,0.8,1.55,,31.3,40.55,40.55,,1004.9,0,0,258.5,22.23,446.5,1.6,0.26,2.3,0,0.27,29.8,68,23.3,34.3,12.22,1.12,0.18,1401,1,100,60
25/06/2016,09:00:00,9,Jun-16,Summer-2016,31.95,32.15,31.6,74.5,26.8,0.4,,0.8,2,,31.95,41.7,41.7,,1005.4,0,0,349,30.02,601,2.8,0.45,4.05,0,0.28,29.85,68,23.3,34.4,12.22,1.12,0.25,1402,1,100,60
25/06/2016,10:00:00,10,Jun-16,Summer-2016,32.75,33.15,32.25,66.5,25.65,0.65,,1.21,3.6,,32.75,41.35,41.35,,1005.55,0,0,680.5,58.53,784,5.4,0.87,6.45,0,0.3,29.9,68,23.35,34.55,12.22,1.12,0.46,1399,1,100,60
25/06/2016,11:00:00,11,Jun-16,Summer-2016,33.45,33.45,32.75,64,25.7,1.1,,2.01,3.8,,33.45,42.5,42.5,,1005.55,0,0,761,65.45,911.5,7.55,1.22,8.6,0,0.31,29.9,68,23.4,34.6,12.21,1.12,0.53,1404,1,100,60
25/06/2016,12:00:00,12,Jun-16,Summer-2016,33.8,34.05,33.35,64,26.1,0.9,,1.61,3.35,,33.8,43.65,43.65,,1004.9,0,0,724.5,62.31,939.5,7.75,1.25,9.35,0,0.32,30,68,23.4,34.7,12.21,1.12,0.51,1403,1,100,60
25/06/2016,13:00:00,13,Jun-16,Summer-2016,34.5,34.55,34,58.5,25.15,0.9,,1.61,4.05,,34.5,43.25,43.25,,1004,0,0,824,70.87,929,8.4,1.35,9.4,0,0.34,30.05,68,23.45,34.8,12.21,1.12,0.58,1402,1,100,60
25/06/2016,14:00:00,14,Jun-16,Summer-2016,34.9,35.2,34.35,60.5,26.05,0.9,,1.61,4.25,,34.9,45.55,45.55,,1003.45,0,0,699,60.12,903.5,6.9,1.11,8,0,0.34,30.1,68,23.5,34.9,12.21,1.12,0.53,1404,1,100,60
25/06/2016,15:00:00,15,Jun-16,Summer-2016,34.25,34.75,34.2,60,25.4,0.9,,1.61,2.7,,34.25,43.15,43.15,,1002.7,0,0,335.5,28.86,475.5,3.2,0.52,4.3,0,0.33,30.1,68,23.55,34.95,12.21,1.12,0.25,1403,1,100,60
25/06/2016,16:00:00,16,Jun-16,Summer-2016,33.75,33.95,33.7,60.5,25.05,0.4,,0.8,2.45,,33.75,41.95,41.95,,1002,0,0,130.5,11.22,223.5,1,0.16,1.7,0,0.32,30.1,68,23.5,34.9,12.21,1.12,0.13,1401,1,100,60
25/06/2016,17:00:00,17,Jun-16,Summer-2016,34.2,34.5,33.95,60.5,25.45,0.4,,0.8,2,,34.2,43.3,43.3,,1001.55,0,0,212,18.23,344,0.9,0.15,1.1,0,0.33,30.1,68,23.6,35,12.2,1.12,0.18,1400,1,100,60
25/06/2016,18:00:00,18,Jun-16,Summer-2016,33.4,34.05,33.4,66.5,26.35,0.4,,0.8,1.1,,33.4,43.45,43.45,,1001.5,0,0,94,8.09,131,0.05,0.01,0.25,0,0.31,30.1,68,23.6,35,12.2,1.12,0.08,1401,1,100,60
25/06/2016,19:00:00,19,Jun-16,Summer-2016,32.1,32.6,32.1,71.5,26.3,0,,0,0.9,,32.1,41.2,41.2,,1001.95,0,0,16.5,1.42,27,0,0,0,0,0.29,30.2,68,23.6,35.1,12.2,1.12,0.03,1402,1,100,60
25/06/2016,20:00:00,20,Jun-16,Summer-2016,31.2,31.6,31.2,81,27.55,0,,0,0.9,,31.2,41.15,41.15,,1002.95,0,0,0,0,0,0,0,0,0,0.27,30.2,68.5,23.7,35.2,12.28,1.12,0,1403,1,100,60
25/06/2016,21:00:00,21,Jun-16,Summer-2016,31.25,31.3,31.15,79,27.2,0,,0,1.35,,31.25,40.55,40.55,,1004,0,0,0,0,0,0,0,0,0,0.27,30.2,69,23.85,35.35,12.35,1.12,0.03,1400,1,100,60
25/06/2016,22:00:00,22,Jun-16,Summer-2016,31.35,31.5,31.35,73.5,26.05,0.4,,0.8,2,,31.35,39.25,39.25,,1005.05,0,0,0,0,0,0,0,0,0,0.27,30.2,69,23.9,35.4,12.35,1.12,0.03,1403,1,100,60
25/06/2016,23:00:00,23,Jun-16,Summer-2016,30.8,31.1,30.8,78,26.5,0.4,,0.8,1.8,,30.8,38.85,38.85,,1005.7,0,0,0,0,0,0,0,0,0,0.26,30.3,69,24,35.6,12.35,1.12,0.03,1402,1,100,60
26/06/2016,00:00:00,24,Jun-16,Summer-2016,30.4,30.55,30.4,81.5,26.9,0,,0,1.55,,30.4,39,39,,1005.45,0,0,0,0,0,0,0,0,0,0.25,30.3,69,24,35.6,12.35,1.12,0.03,1400,1,100,60
26/06/2016,01:00:00,1,Jun-16,Summer-2016,30.15,30.3,30.1,83,26.95,0,,0,0.45,,30.15,38.45,38.45,,1004.8,0,0,0,0,0,0,0,0,0,0.25,30.3,69,24,35.7,12.35,1.12,0.03,1401,1,100,60
26/06/2016,02:00:00,2,Jun-16,Summer-2016,30.15,30.25,30.15,84,27.15,0.4,,0.8,1.8,,30.15,38.75,38.75,,1004.2,0,0,0,0,0,0,0,0,0,0.25,30.3,69,24,35.7,12.35,1.12,0.03,1402,1,100,60
26/06/2016,03:00:00,3,Jun-16,Summer-2016,29.1,30,29.1,87,26.75,0.4,,0.8,3.35,,29.1,36.65,36.65,,1003.85,2.4,15,0,0,0,0,0,0,0,0.23,30.3,69,24,35.7,12.35,1.12,0.03,1404,1,100,60
26/06/2016,04:00:00,4,Jun-16,Summer-2016,26.85,27.6,26.85,94,25.8,0,,0,0,,26.85,31.4,31.4,,1003.55,0.8,4.2,0,0,0,0,0,0,0,0.18,30.3,69,24,35.7,12.35,1.12,0,1405,1,100,60
26/06/2016,05:00:00,5,Jun-16,Summer-2016,26.8,26.85,26.7,95.5,26.1,0,,0,0,,26.8,31.7,31.7,,1003.6,0.2,0,0,0,0,0,0,0,0,0.18,30.3,69,24,35.7,12.35,1.12,0,1403,1,100,60
26/06/2016,06:00:00,6,Jun-16,Summer-2016,27.6,27.6,27.15,96.5,27,0,,0,0,,27.6,34.15,34.15,,1004.1,0,0,14.5,1.25,28,0,0,0,0,0.19,30.35,69.5,24.15,35.85,12.45,1.12,0,1402,1,100,60
26/06/2016,07:00:00,7,Jun-16,Summer-2016,28.55,28.55,27.7,90.5,26.85,0,,0,1.1,,28.55,35.75,35.75,,1004.75,0,0,75,6.45,153.5,0.35,0.06,0.7,0,0.21,30.35,70,24.25,35.95,12.55,1.12,0.05,1405,1,100,60
26/06/2016,08:00:00,8,Jun-16,Summer-2016,31,31,29.9,81,27.3,0,,0,1.35,,31,40.75,40.75,,1004.85,0,0,297.5,25.59,363.5,1.6,0.26,2,0,0.26,30.4,70,24.3,36,12.55,1.12,0.2,1401,1,100,60
26/06/2016,09:00:00,9,Jun-16,Summer-2016,31.7,32.15,31.2,76,26.95,0.4,,0.8,2.45,,31.7,41.35,41.35,,1005.05,0,0,376,32.34,582,2.7,0.44,3.25,0,0.28,30.4,70,24.35,36.1,12.55,1.12,0.28,1401,1,100,60
26/06/2016,10:00:00,10,Jun-16,Summer-2016,31.8,32.1,30.95,76.5,27.15,0.4,,0.8,1.55,,31.8,41.75,41.75,,1004.9,0,0,292.5,25.16,499,2.9,0.47,4.35,0,0.28,29.6,60.5,21.1,32.8,10.87,1.13,0.2,1403,1,100,60
26/06/2016,11:00:00,11,Jun-16,Summer-2016,32.5,33.05,32.25,71,26.6,0.65,,1.21,2.7,,32.5,42.4,42.4,,1004.4,0,0,473.5,40.73,524.5,4.45,0.72,5.35,0,0.3,27.85,50.5,16.6,28.25,9.16,1.14,0.33,1401,1,100,60
26/06/2016,12:00:00,12,Jun-16,Summer-2016,33,33.4,32.3,69.5,26.65,0.45,,0.81,2.2,,33,43.3,43.3,,1003.85,0,0,373.5,32.13,899,3.95,0.64,8,0,0.31,27.45,48,15.45,27.5,8.82,1.14,0.28,1400,1,100,60
26/06/2016,13:00:00,13,Jun-16,Summer-2016,33.35,33.45,32.2,69,26.9,0.65,,1.21,2.45,,33.35,44.3,44.3,,1003,0,0,390,33.55,849,3.75,0.61,6.85,0,0.31,27.15,45.5,14.3,26.9,8.4,1.15,0.3,1401,1,100,60
26/06/2016,14:00:00,14,Jun-16,Summer-2016,33.6,34.15,33.55,69,27.1,0.4,,0.8,2,,33.6,45.1,45.1,,1002.1,0,0,362.5,31.18,566,3.4,0.55,5.3,0,0.32,26.85,44.5,13.8,26.65,8.25,1.15,0.28,1398,1,100,60
26/06/2016,15:00:00,15,Jun-16,Summer-2016,34.15,34.6,33.2,69.5,27.8,0.4,,0.8,2.2,,34.15,47.45,47.45,,1001.25,0,0,370.5,31.87,641,2.65,0.43,3.7,0,0.33,26.75,45,13.85,26.55,8.35,1.15,0.28,1388,1,100,60
26/06/2016,16:00:00,16,Jun-16,Summer-2016,31.45,33.1,31.2,76,26.7,1.55,,2.82,5.85,,31.45,40.15,40.15,,1000.9,0.4,1.2,325.5,27.99,554,2.15,0.35,3.1,0,0.27,27.35,48.5,15.5,27.55,8.88,1.14,0.25,1402,1,100,60
26/06/2016,17:00:00,17,Jun-16,Summer-2016,31.25,31.5,30.85,79,27.15,0.4,,0.8,1.55,,31.25,40.45,40.45,,1000.55,0,0,132,11.36,241.5,0.85,0.14,1,0,0.27,28.75,52,17.9,29.85,9.38,1.13,0.1,1403,1,100,60
26/06/2016,18:00:00,18,Jun-16,Summer-2016,33.1,33.15,32.2,72,27.35,0.2,,0.4,1.1,,33.1,44.9,44.9,,1000.85,0,0,154.5,13.29,180.5,0.4,0.07,0.7,0,0.31,29.15,53.5,18.75,30.5,9.66,1.13,0.13,1401,1,100,60
26/06/2016,19:00:00,19,Jun-16,Summer-2016,31.85,32.75,31.85,78.5,27.6,0.4,,0.8,1.8,,31.85,42.9,42.9,,1001.2,0.2,0,44,3.79,70.5,0,0,0,0,0.28,29.35,55.5,19.55,31.05,9.95,1.13,0.05,1403,1,100,60
26/06/2016,20:00:00,20,Jun-16,Summer-2016,29.05,30.35,29.05,91.5,27.55,0,,0,0.65,,29.05,37.6,37.6,,1002.05,0.8,2.3,0,0,0,0,0,0,0,0.22,29.45,57,20.05,31.45,10.25,1.13,0,1403,1,100,60
26/06/2016,21:00:00,21,Jun-16,Summer-2016,29.75,29.8,29.2,83,26.55,0.65,,1.21,2.7,,29.75,37.25,37.25,,1003.05,0,0,0,0,0,0,0,0,0,0.24,29.6,58,20.45,31.85,10.35,1.13,0.03,1403,1,100,60
26/06/2016,22:00:00,22,Jun-16,Summer-2016,29.6,29.7,29.6,85.5,26.9,0.65,,1.21,2.7,,29.6,37.5,37.5,,1003.7,0,0,0,0,0,0,0,0,0,0.24,29.6,59,20.7,32.1,10.54,1.13,0.03,1399,1,100,60
26/06/2016,23:00:00,23,Jun-16,Summer-2016,29.65,29.8,29.5,85.5,26.95,0.2,,0.4,2.25,,29.65,37.55,37.55,,1003.4,0,0,0,0,0,0,0,0,0,0.24,29.7,59.5,20.95,32.3,10.64,1.13,0.03,1403,1,100,60
27/06/2016,00:00:00,24,Jun-16,Summer-2016,29.45,29.8,29.3,87.5,27.1,0.2,,0.4,1.35,,29.45,37.5,37.5,,1003.85,0.4,1.4,0,0,0,0,0,0,0,0.23,29.75,60,21.15,32.5,10.73,1.13,0.03,1403,1,100,60
27/06/2016,01:00:00,1,Jun-16,Summer-2016,28.3,28.75,28.3,93.5,27.1,0,,0,0.2,,28.3,35.65,35.65,,1003.3,0.4,0.9,0,0,0,0,0,0,0,0.21,29.8,61,21.4,32.8,10.93,1.13,0,1400,1,100,60
27/06/2016,02:00:00,2,Jun-16,Summer-2016,28.3,28.3,28.15,92,26.85,0,,0,1.35,,28.3,35.25,35.25,,1002.55,0,0,0,0,0,0,0,0,0,0.21,29.8,61,21.5,32.9,10.92,1.12,0,1402,1,100,60
27/06/2016,03:00:00,3,Jun-16,Summer-2016,28.3,28.45,28.3,90,26.55,0,,0,1.1,,28.3,34.9,34.9,,1002.65,0,0,0,0,0,0,0,0,0,0.21,29.8,62,21.8,33.1,11.04,1.12,0,1404,1,100,60
27/06/2016,04:00:00,4,Jun-16,Summer-2016,28.35,28.5,28.2,89.5,26.45,0,,0,0,,28.35,34.8,34.8,,1002.5,0,0,0,0,0,0,0,0,0,0.21,29.9,63.5,22.2,33.55,11.33,1.12,0,1404,1,100,60
27/06/2016,05:00:00,5,Jun-16,Summer-2016,28,28.2,27.95,93,26.75,0,,0,0,,28,34.65,34.65,,1002.4,0,0,0,0,0,0,0,0,0,0.2,29.85,64,22.3,33.6,11.42,1.12,0,1404,1,100,60
27/06/2016,06:00:00,6,Jun-16,Summer-2016,27.95,28,27.8,93.5,26.85,0,,0,0,,27.95,34.75,34.75,,1002.6,0,0,15.5,1.33,28,0,0,0,0,0.2,29.9,65,22.6,33.8,11.62,1.12,0,1402,1,100,60
27/06/2016,07:00:00,7,Jun-16,Summer-2016,28.9,28.9,28.35,91,27.25,0.4,,0.8,1.8,,28.9,36.8,36.8,,1003,0,0,93.5,8.04,153.5,0.35,0.06,0.65,0,0.22,29.9,65,22.6,33.8,11.62,1.12,0.08,1401,1,100,60
27/06/2016,08:00:00,8,Jun-16,Summer-2016,30.45,30.55,29.5,81,26.8,0.65,,1.21,2.9,,30.45,38.55,38.55,,1004.1,0,0,288,24.77,372.5,1.5,0.24,1.85,0,0.25,29.9,65,22.6,34,11.61,1.12,0.2,1403,1,100,60
27/06/2016,09:00:00,9,Jun-16,Summer-2016,31.8,31.85,31.15,73,26.4,0.9,,1.61,3.55,,31.8,40.65,40.65,,1004.3,0,0,479.5,41.24,589,3.25,0.52,3.95,0,0.28,30,65.5,22.85,34.2,11.71,1.12,0.33,1400,1,100,60
27/06/2016,10:00:00,10,Jun-16,Summer-2016,32.7,32.85,32.3,69.5,26.35,0.9,,1.61,3.35,,32.7,42.25,42.25,,1003.75,0,0,668.5,57.5,748.5,5.55,0.89,6.3,0,0.3,30.1,66,23,34.4,11.81,1.12,0.46,1398,1,100,60
27/06/2016,11:00:00,11,Jun-16,Summer-2016,32.9,32.95,32.4,71,26.95,0.9,,1.61,3.15,,32.9,43.65,43.65,,1003.5,0,0,627,53.93,868,6.2,1,8.2,0,0.3,28.3,53,17.8,29.15,9.58,1.14,0.43,1402,1,100,60
27/06/2016,12:00:00,12,Jun-16,Summer-2016,33.5,33.9,32.85,65.5,26.15,0.9,,1.61,3.8,,33.5,43.25,43.25,,1002.95,0,0,659.5,56.73,988,7.1,1.14,9.75,0,0.32,27.45,47.5,15.3,27.5,8.73,1.14,0.46,1321,1,96.35,60
27/06/2016,13:00:00,13,Jun-16,Summer-2016,33.75,34.3,33.4,63.5,25.9,0.9,,1.61,3.35,,33.75,43.3,43.3,,1002.35,0,0,668.5,57.5,968.5,7.35,1.18,9.9,0,0.32,27.1,45.5,14.3,26.85,8.4,1.14,0.46,1400,1,100,60
27/06/2016,14:00:00,14,Jun-16,Summer-2016,33.15,33.7,33.05,70,26.95,0.65,,1.21,2.45,,33.15,44.05,44.05,,1001.5,0,0,279,24,762,3.65,0.59,6.5,0,0.31,26.85,44.5,13.75,26.6,8.25,1.15,0.25,1400,1,100,60
27/06/2016,15:00:00,15,Jun-16,Summer-2016,33.6,34.05,33.15,68.5,27,0.9,,1.61,2.45,,33.6,44.95,44.95,,1000.75,0,0,332,28.55,817,3.35,0.54,5.65,0,0.32,26.65,44,13.45,26.35,8.15,1.15,0.28,1402,1,100,60
27/06/2016,16:00:00,16,Jun-16,Summer-2016,34.7,34.8,33.85,62.5,26.45,0.9,,1.61,3.8,,34.7,45.7,45.7,,999.9,0,0,457.5,39.35,606.5,3.2,0.51,4.05,0,0.34,27.2,47.5,15.05,27.3,8.73,1.14,0.33,1401,1,100,60
27/06/2016,17:00:00,17,Jun-16,Summer-2016,34.05,34.85,34.05,62,25.75,0.9,,1.61,3.15,,34.05,43.45,43.45,,999.25,0,0,223,19.18,388.5,1.35,0.22,2,0,0.33,28.65,51.5,17.65,29.6,9.33,1.13,0.18,1404,1,100,60
27/06/2016,18:00:00,18,Jun-16,Summer-2016,32.75,33.2,32.4,71,26.8,0.9,,1.61,3.8,,32.75,43.15,43.15,,999.85,0,0,135.5,11.65,200.5,0.4,0.06,0.7,0,0.3,29,53.5,18.65,30.35,9.66,1.13,0.13,1405,1,100,60
27/06/2016,19:00:00,19,Jun-16,Summer-2016,31.4,32.3,31.4,73,25.95,0.9,,1.61,3.6,,31.4,39.1,39.1,,1000.45,0,0,25,2.15,55.5,0,0,0,0,0.27,29.25,55,19.3,30.8,9.85,1.13,0.05,1402,1,100,60
27/06/2016,20:00:00,20,Jun-16,Summer-2016,30.7,30.9,30.65,76.5,26.05,0.9,,1.61,3.15,,30.7,38.2,38.2,,1001.4,0,0,0,0,0,0,0,0,0,0.26,29.4,56.5,19.85,31.3,10.15,1.13,0.03,1401,1,100,60
27/06/2016,21:00:00,21,Jun-16,Summer-2016,30.45,30.65,30.45,78,26.15,0.65,,1.21,2.9,,30.45,38,38,,1002.45,0,0,0,0,0,0,0,0,0,0.25,29.5,57.5,20.2,31.6,10.3,1.13,0.03,1403,1,100,60
27/06/2016,22:00:00,22,Jun-16,Summer-2016,30,30.2,30,79.5,26.05,0.9,,1.61,4,,30,37.05,37.05,,1003.05,0,0,0,0,0,0,0,0,0,0.24,29.6,58.5,20.55,31.85,10.45,1.13,0.03,1401,1,100,60
27/06/2016,23:00:00,23,Jun-16,Summer-2016,29.9,30,29.9,80.5,26.2,0.65,,1.21,2.9,,29.9,37.05,37.05,,1003.5,0,0,0,0,0,0,0,0,0,0.24,29.65,59,20.75,32.15,10.54,1.13,0.03,1391,1,100,60
28/06/2016,00:00:00,24,Jun-16,Summer-2016,29.7,29.85,29.7,81.5,26.2,0.9,,1.61,3.35,,29.7,36.8,36.8,,1002.95,0,0,0,0,0,0,0,0,0,0.24,29.7,60,21.1,32.35,10.73,1.13,0.03,1387,1,100,60
28/06/2016,01:00:00,1,Jun-16,Summer-2016,29.45,29.6,29.4,83,26.25,0.65,,1.21,2.9,,29.45,36.45,36.45,,1002.65,0,0,0,0,0,0,0,0,0,0.23,29.75,60.5,21.25,32.6,10.83,1.12,0.03,1363,1,99.5,60
28/06/2016,02:00:00,2,Jun-16,Summer-2016,29.45,29.5,29.4,83.5,26.4,0.4,,0.8,1.8,,29.45,36.65,36.65,,1002.75,0,0,0,0,0,0,0,0,0,0.23,29.8,61,21.45,32.85,10.93,1.12,0.03,1356,1,99.15,60
28/06/2016,03:00:00,3,Jun-16,Summer-2016,29.35,29.5,29.35,84,26.35,0.4,,0.8,2,,29.35,36.45,36.45,,1002.75,0,0,0,0,0,0,0,0,0,0.23,29.8,61,21.5,32.9,10.92,1.12,0.03,1318,1,96.35,60
28/06/2016,04:00:00,4,Jun-16,Summer-2016,29.25,29.3,29.2,84,26.25,0.4,,0.8,2.25,,29.25,36.25,36.25,,1003.1,0,0,0,0,0,0,0,0,0,0.23,29.85,62,21.8,33.15,11.04,1.12,0.03,1381,1,100,60
28/06/2016,05:00:00,5,Jun-16,Summer-2016,29.25,29.3,29.15,85,26.45,0.4,,0.8,2.25,,29.25,36.4,36.4,,1003.3,0,0,0,0,0,0,0,0,0,0.23,29.9,62,21.8,33.2,11.03,1.12,0.03,1373,1,99.8,60
28/06/2016,06:00:00,6,Jun-16,Summer-2016,29.2,29.2,29.1,85.5,26.5,0.4,,0.8,2.25,,29.2,36.45,36.45,,1003.5,0,0,15.5,1.33,25.5,0,0,0,0,0.23,29.9,62.5,21.95,33.4,11.13,1.12,0.03,1381,1,100,60
28/06/2016,07:00:00,7,Jun-16,Summer-2016,29.3,29.3,29.15,85.5,26.65,0.4,,0.8,3.6,,29.3,36.7,36.7,,1004,0,0,71.5,6.15,117.5,0.2,0.03,0.35,0,0.23,29.9,63,22.1,33.6,11.23,1.12,0.05,1388,1,100,60
28/06/2016,08:00:00,8,Jun-16,Summer-2016,30.25,30.45,29.6,82.5,26.95,0.65,,1.21,2.45,,30.25,38.7,38.7,,1004.4,0,0,151.5,13.03,345.5,0.9,0.15,1.95,0,0.25,30,63.5,22.3,33.8,11.32,1.12,0.13,1401,1,100,60
28/06/2016,09:00:00,9,Jun-16,Summer-2016,32.05,32.1,30.95,75,27.05,0.9,,1.61,2.9,,32.05,42.2,42.2,,1005.05,0,0,379.5,32.64,743,2.8,0.45,4.3,0,0.29,30.05,64,22.45,33.95,11.41,1.12,0.28,1400,1,100,60
28/06/2016,10:00:00,10,Jun-16,Summer-2016,31.6,32.2,31.25,79.5,27.6,0.9,,1.61,3.1,,31.6,42.4,42.4,,1005.05,0,0,302,25.98,820.5,3.25,0.53,6.5,0,0.28,30.1,65,22.8,34.25,11.61,1.12,0.25,1382,1,99.95,60
28/06/2016,11:00:00,11,Jun-16,Summer-2016,32.85,33.1,32.25,74.5,27.75,0.9,,1.61,2.9,,32.85,45.3,45.3,,1004.8,0,0,645,55.47,891,5.8,0.93,8.3,0,0.3,29.15,58,20,31.25,10.39,1.13,0.43,1077,1,78.7,60
28/06/2016,12:00:00,12,Jun-16,Summer-2016,33.2,33.6,32.45,72.5,27.55,0.9,,1.61,3.35,,33.2,45.45,45.45,,1004.05,0,0,506,43.52,936,6.25,1.01,9.3,0,0.31,27.85,49.5,16.3,28.2,9.06,1.14,0.41,1211,1,88.5,60
28/06/2016,13:00:00,13,Jun-16,Summer-2016,34.25,34.3,33.2,69,27.75,0.9,,1.61,3.35,,34.25,47.35,47.35,,1003.5,0,0,642.5,55.26,914.5,6.75,1.09,9.05,0,0.33,27.35,47.5,15.25,27.4,8.73,1.14,0.43,966,1,70.65,60
28/06/2016,14:00:00,14,Jun-16,Summer-2016,34.05,34.35,33.4,67,27.05,0.9,,1.61,3.8,,34.05,45.7,45.7,,1002.75,0,0,438,37.67,561.5,4.85,0.78,7.7,0,0.33,27.05,45.5,14.3,26.85,8.4,1.15,0.36,1180,1,86.3,60
28/06/2016,15:00:00,15,Jun-16,Summer-2016,33.75,34.65,33.5,68,27,0.9,,1.61,2.9,,33.75,45.2,45.2,,1001.95,0,0,303,26.06,809,3.5,0.57,6.55,0,0.32,26.9,44.5,13.8,26.65,8.25,1.15,0.25,1280,1,93.55,60
28/06/2016,16:00:00,16,Jun-16,Summer-2016,33.4,33.7,33.35,67.5,26.55,0.4,,0.8,2,,33.4,43.85,43.85,,1001.7,0,0,152.5,13.12,432.5,1.6,0.26,3,0,0.31,27.85,48,15.85,28.15,8.77,1.14,0.13,1362,1,99.1,60
28/06/2016,17:00:00,17,Jun-16,Summer-2016,33.85,33.9,33.45,65,26.3,0.4,,0.8,1.8,,33.85,44,44,,1001.4,0,0,157,13.5,326.5,1.1,0.18,1.65,0,0.32,28.95,51.5,18,30.1,9.32,1.13,0.13,1384,1,100,60
28/06/2016,18:00:00,18,Jun-16,Summer-2016,33.35,33.9,33.3,68.5,26.8,0.4,,0.8,2.45,,33.35,44.1,44.1,,1001.25,0,0,94,8.08,155.5,0.1,0.02,0.35,0,0.31,29.3,53.5,18.9,30.75,9.66,1.13,0.08,1325,1,95.55,60
28/06/2016,19:00:00,19,Jun-16,Summer-2016,32,32.85,32,75,26.95,0.65,,1.21,3.35,,32,42.05,42.05,,1001.85,0,0,13,1.12,30.5,0,0,0,0,0.28,29.5,55.5,19.7,31.25,9.95,1.13,0.03,1400,1,100,60
28/06/2016,20:00:00,20,Jun-16,Summer-2016,31.15,31.45,31.15,75,26.2,0.4,,0.8,2.25,,31.15,38.75,38.75,,1002.75,0,0,0,0,0,0,0,0,0,0.27,29.6,56.5,20.05,31.65,10.14,1.13,0.03,1401,1,100,60
28/06/2016,21:00:00,21,Jun-16,Summer-2016,30.75,30.95,30.7,75,25.75,0.2,,0.4,1.55,,30.75,37.9,37.9,,1003.65,0,0,0,0,0,0,0,0,0,0.26,29.7,57,20.25,31.85,10.23,1.13,0.03,1247,1,91.15,60
28/06/2016,22:00:00,22,Jun-16,Summer-2016,30.5,30.75,30.5,75.5,25.7,0.2,,0.4,1.55,,30.5,37.65,37.65,,1003.9,0,0,0,0,0,0,0,0,0,0.25,29.8,58,20.6,32.2,10.34,1.13,0.03,1397,1,100,60
28/06/2016,23:00:00,23,Jun-16,Summer-2016,30.35,30.4,30.35,77,25.9,0.4,,0.8,2.25,,30.35,37.55,37.55,,1004.1,0,0,0,0,0,0,0,0,0,0.25,29.8,58,20.7,32.3,10.34,1.13,0.03,1396,1,100,60
29/06/2016,00:00:00,24,Jun-16,Summer-2016,30,30.2,30,80.5,26.3,0.4,,0.8,2.9,,30,37.3,37.3,,1004,0,0,0,0,0,0,0,0,0,0.24,29.9,59,21,32.6,10.53,1.13,0.03,1090,1,79.65,60
29/06/2016,01:00:00,1,Jun-16,Summer-2016,29.6,29.8,29.6,83,26.4,0.2,,0.4,1.1,,29.6,36.8,36.8,,1003.9,0,0,0,0,0,0,0,0,0,0.23,29.9,59.5,21.2,32.8,10.62,1.13,0.03,891,1,65.15,60
29/06/2016,02:00:00,2,Jun-16,Summer-2016,29.35,29.45,29.35,84.5,26.5,0.4,,0.8,2.45,,29.35,36.6,36.6,,1004,0,0,0,0,0,0,0,0,0,0.23,30,60,21.4,33.1,10.71,1.13,0.03,978,1,71.5,60
29/06/2016,03:00:00,3,Jun-16,Summer-2016,29.4,29.4,29.3,85,26.6,0.4,,0.8,2.2,,29.4,36.8,36.8,,1004.25,0,0,0,0,0,0,0,0,0,0.23,30,60,21.4,33.1,10.71,1.13,0.03,1084,1,79.25,60
29/06/2016,04:00:00,4,Jun-16,Summer-2016,29.45,29.5,29.4,85.5,26.75,0.4,,0.8,1.55,,29.45,37.1,37.1,,1004.1,0,0,0,0,0,0,0,0,0,0.23,30.1,61,21.7,33.4,10.91,1.12,0.03,980,1,71.65,60
29/06/2016,05:00:00,5,Jun-16,Summer-2016,29.4,29.45,29.4,85,26.7,0.4,,0.8,2.25,,29.4,36.95,36.95,,1003.85,0,0,0,0,0,0,0,0,0,0.23,30.1,61,21.7,33.4,10.91,1.12,0.03,1007,1,73.65,60
29/06/2016,06:00:00,6,Jun-16,Summer-2016,29.3,29.4,29.3,84,26.3,0.4,,0.8,2,,29.3,36.35,36.35,,1004.3,0,0,5,0.43,10.5,0,0,0,0,0.23,30.1,62,22,33.7,11.03,1.12,0,1244,1,90.95,60
29/06/2016,07:00:00,7,Jun-16,Summer-2016,29.1,29.2,28.9,84,26.1,0.4,,0.8,1.3,,29.1,35.85,35.85,,1004.65,0,0,47.5,4.09,65.5,0.05,0.01,0.25,0,0.22,30.1,62,22,33.7,11.03,1.12,0.03,1143,1,83.55,60
29/06/2016,08:00:00,8,Jun-16,Summer-2016,29.85,29.85,29.35,83,26.65,0.4,,0.8,2.45,,29.85,37.55,37.55,,1005.1,0,0,168.5,14.49,246,1.05,0.17,1.55,0,0.24,30.1,62,22,33.7,11.03,1.12,0.13,1375,1,99.25,60
29/06/2016,09:00:00,9,Jun-16,Summer-2016,30.8,31.05,30.45,79,26.75,0.9,,1.61,2.9,,30.8,39.2,39.2,,1005.5,0,0,340,29.24,480,2.6,0.42,3.35,0,0.26,30.2,63,22.35,34.15,11.22,1.12,0.25,1230,1,88.75,60
29/06/2016,10:00:00,10,Jun-16,Summer-2016,32.3,32.5,31.5,73.5,26.95,0.9,,1.61,2.45,,32.3,42.65,42.65,,1005.2,0,0,515.5,44.33,704,4.45,0.72,5.55,0,0.29,30.25,64,22.7,34.45,11.39,1.12,0.36,1328,1,96,60
29/06/2016,11:00:00,11,Jun-16,Summer-2016,32.35,32.4,31.85,71.5,26.5,0.65,,1.21,2.9,,32.35,42,42,,1005.3,0,0,278,23.91,660,3.15,0.51,5.95,0,0.29,30,60.5,21.45,33.15,10.81,1.13,0.23,1360,1,99.4,60
29/06/2016,12:00:00,12,Jun-16,Summer-2016,32.6,32.75,32.35,72.5,27,0.4,,0.8,2,,32.6,43.35,43.35,,1005.05,0,0,268,23.05,751,3.75,0.6,7,0,0.3,28.25,50,16.85,28.85,9.09,1.14,0.23,1388,1,100,60
29/06/2016,13:00:00,13,Jun-16,Summer-2016,33.1,33.3,32.55,69,26.65,0.9,,1.61,3.35,,33.1,43.35,43.35,,1004.25,0,0,483,41.54,825,4.45,0.72,7.45,0,0.31,27.55,46.5,15.05,27.55,8.54,1.14,0.33,1271,1,92.95,60
29/06/2016,14:00:00,14,Jun-16,Summer-2016,33.4,33.8,33.05,70,27.15,0.4,,0.8,1.8,,33.4,44.95,44.95,,1003.25,0,0,262.5,22.58,773.5,3.05,0.49,5.85,0,0.31,27.25,44.5,14.1,27,8.24,1.15,0.23,1170,1,85.55,60
29/06/2016,15:00:00,15,Jun-16,Summer-2016,34.1,34.65,33.45,66.5,26.95,0.4,,0.8,1.55,,34.1,45.6,45.6,,1002.35,0,0,373,32.08,630,3.2,0.52,4.6,0,0.33,27,43.5,13.55,26.7,8.1,1.15,0.28,1387,1,100,60
29/06/2016,16:00:00,16,Jun-16,Summer-2016,31.8,33.2,31.8,76.5,27.15,0.4,,0.8,2.65,,31.8,41.85,41.85,,1001.95,0,0,86.5,7.44,120.5,0.75,0.12,1.1,0,0.28,27.6,47.5,15.45,27.8,8.72,1.14,0.08,1392,1,100,60
29/06/2016,17:00:00,17,Jun-16,Summer-2016,32.1,32.1,31.15,75.5,27.2,0.4,,0.8,1.55,,32.1,42.7,42.7,,1001.2,0,0,126,10.84,173.5,1.05,0.17,1.1,0,0.29,28.95,49.5,17.3,29.85,8.97,1.13,0.1,1402,1,100,60
29/06/2016,18:00:00,18,Jun-16,Summer-2016,32.75,33.25,32.55,72.5,27.15,0.65,,1.21,3.35,,32.75,43.9,43.9,,1001.7,0,0,110.5,9.5,166,0.35,0.06,0.5,0,0.3,29.35,52.5,18.65,30.65,9.46,1.13,0.1,1402,1,100,60
29/06/2016,19:00:00,19,Jun-16,Summer-2016,31.6,32.05,31.6,72.5,26.05,0.4,,0.8,1.8,,31.6,39.6,39.6,,1002.4,0,0,16.5,1.42,30,0,0,0,0,0.28,29.55,53.5,19.1,31,9.65,1.13,0.03,1400,1,100,60
29/06/2016,20:00:00,20,Jun-16,Summer-2016,30.85,31.2,30.85,77,26.35,0.2,,0.4,2,,30.85,38.7,38.7,,1002.75,0,0,0,0,0,0,0,0,0,0.26,29.65,55,19.65,31.35,9.84,1.13,0,1404,1,100,60
29/06/2016,21:00:00,21,Jun-16,Summer-2016,30.3,30.55,30.3,81,26.7,0.2,,0.4,2.2,,30.3,38.6,38.6,,1003.35,0,0,0,0,0,0,0,0,0,0.25,29.7,56,20,31.7,10.04,1.13,0.03,1402,1,100,60
29/06/2016,22:00:00,22,Jun-16,Summer-2016,30.25,30.35,30.25,82.5,26.95,0.4,,0.8,3.1,,30.25,38.65,38.65,,1003.85,0,0,0,0,0,0,0,0,0,0.25,29.8,57,20.35,32.1,10.23,1.13,0.03,1402,1,100,60
29/06/2016,23:00:00,23,Jun-16,Summer-2016,30,30.15,30,83.5,26.9,0.4,,0.8,1.55,,30,38.15,38.15,,1004,0,0,0,0,0,0,0,0,0,0.24,29.85,57.5,20.55,32.25,10.28,1.13,0.03,1402,1,100,60
30/06/2016,00:00:00,24,Jun-16,Summer-2016,29.75,29.95,29.75,84.5,26.85,0.4,,0.8,2,,29.75,37.6,37.6,,1003.75,0,0,0,0,0,0,0,0,0,0.24,29.9,58,20.75,32.5,10.33,1.13,0.03,1401,1,100,60
30/06/2016,01:00:00,1,Jun-16,Summer-2016,29.45,29.55,29.45,86.5,26.95,0.2,,0.4,1.55,,29.45,37.3,37.3,,1003.4,0,0,0,0,0,0,0,0,0,0.23,29.9,59,21.1,32.7,10.53,1.13,0.03,1402,1,100,60
30/06/2016,02:00:00,2,Jun-16,Summer-2016,29.25,29.35,29.25,87.5,26.95,0.4,,0.8,2,,29.25,37.05,37.05,,1003.05,0,0,0,0,0,0,0,0,0,0.23,30,59,21.1,32.8,10.53,1.12,0.03,1401,1,100,60
30/06/2016,03:00:00,3,Jun-16,Summer-2016,29.1,29.2,29.1,88,26.9,0.4,,0.8,2,,29.1,36.8,36.8,,1002.4,0,0,0,0,0,0,0,0,0,0.22,30.1,60,21.4,33.2,10.71,1.12,0.03,1399,1,100,60
30/06/2016,04:00:00,4,Jun-16,Summer-2016,28.85,28.95,28.85,88.5,26.8,0.4,,0.8,2.9,,28.85,36.35,36.35,,1001.9,0,0,0,0,0,0,0,0,0,0.22,30.1,60.5,21.55,33.3,10.81,1.12,0.03,1400,1,100,60
30/06/2016,05:00:00,5,Jun-16,Summer-2016,28.85,28.9,28.8,90,27.05,0.2,,0.4,2.7,,28.85,36.6,36.6,,1001.95,0,0,0,0,0,0,0,0,0,0.22,30.1,61,21.7,33.4,10.91,1.12,0.03,1401,1,100,60
30/06/2016,06:00:00,6,Jun-16,Summer-2016,29,29,28.85,88.5,26.9,0.4,,0.8,2,,29,36.6,36.6,,1002.2,0,0,11,0.95,20,0,0,0,0,0.22,30.1,61,21.75,33.45,10.91,1.12,0,1402,1,100,60
30/06/2016,07:00:00,7,Jun-16,Summer-2016,29.55,29.55,29.25,86.5,27.05,0.4,,0.8,1.55,,29.55,37.55,37.55,,1002.95,0,0,60,5.16,74.5,0.1,0.02,0.25,0,0.23,30.1,61.5,21.9,33.6,10.97,1.12,0.05,1403,1,100,60
30/06/2016,08:00:00,8,Jun-16,Summer-2016,30.15,30.15,29.8,83,26.95,0.4,,0.8,1.55,,30.15,38.4,38.4,,1003.5,0,0,115.5,9.94,154,0.85,0.14,1.25,0,0.25,30.15,62,22.05,33.75,11.03,1.12,0.08,1404,1,100,60
30/06/2016,09:00:00,9,Jun-16,Summer-2016,30.05,31.5,29.6,82,26.7,0.65,,1.21,2.9,,30.05,38.45,38.45,,1003.75,1.2,14.4,172.5,14.84,506.5,1.75,0.28,3.4,0,0.25,30.2,62.5,22.2,33.95,11.12,1.12,0.15,1401,1,100,60
30/06/2016,10:00:00,10,Jun-16,Summer-2016,30.15,30.15,28.55,81.5,26.6,0.4,,0.8,2.7,,30.15,38.05,38.05,,1003.6,0.4,3.6,292.5,25.15,813,3.35,0.54,7.35,0,0.25,30.2,63,22.35,34.15,11.22,1.12,0.23,1390,1,100,60
30/06/2016,11:00:00,11,Jun-16,Summer-2016,32.1,32.4,31.4,74.5,27,0.9,,1.61,3.15,,32.1,42.4,42.4,,1003.2,0,0,614.5,52.85,804,6.7,1.08,8.85,0,0.29,29.2,55,19.2,30.9,9.86,1.13,0.43,830,1,60.7,60
30/06/2016,12:00:00,12,Jun-16,Summer-2016,32.05,32.5,31.45,74.5,26.95,0.9,,1.61,2.7,,32.05,42.05,42.05,,1002.85,0,0,439.5,37.81,735.5,5.1,0.82,7.85,0,0.29,27.85,47.5,15.65,28,8.71,1.14,0.33,920,1,67.25,60
30/06/2016,13:00:00,13,Jun-16,Summer-2016,33.15,33.4,32.55,69,26.7,0.9,,1.61,3.35,,33.15,43.65,43.65,,1002.1,0,0,501.5,43.13,911.5,6.05,0.98,8.95,0,0.31,27.4,45.5,14.55,27.25,8.39,1.14,0.38,1057,1,77.3,60
30/06/2016,14:00:00,14,Jun-16,Summer-2016,33.45,33.85,32.95,66.5,26.3,1.1,,2.01,3.6,,33.45,43.45,43.45,,1001.25,0,0,592,50.92,809.5,6.15,0.99,7.35,0,0.31,27.05,44,13.75,26.75,8.15,1.14,0.43,880,1,64.35,60
30/06/2016,15:00:00,15,Jun-16,Summer-2016,33,33.65,33,70.5,26.9,0.9,,1.61,4.05,,33,43.75,43.75,,1000.4,0,0,516,44.39,792,4.7,0.76,6.15,0,0.31,27,46.5,14.55,26.85,8.55,1.14,0.41,1124,1,82.15,60
30/06/2016,16:00:00,16,Jun-16,Summer-2016,32.9,33.55,32.6,70.5,26.8,0.65,,1.21,2.9,,32.9,43.4,43.4,,999.55,0,0,299.5,25.76,503,2.25,0.36,3.3,0,0.3,27.55,51.5,16.65,28.05,9.35,1.14,0.25,879,1,64.25,60
30/06/2016,17:00:00,17,Jun-16,Summer-2016,31.9,32.2,31.85,72.5,26.35,0.9,,1.61,3.6,,31.9,40.9,40.9,,999,0,0,163,14.02,240.5,1.2,0.19,1.35,0,0.28,28.95,54.5,18.8,30.35,9.8,1.13,0.13,571,1,41.75,60
30/06/2016,18:00:00,18,Jun-16,Summer-2016,31.45,31.85,31.45,76,26.7,0.9,,1.61,3.15,,31.45,40.25,40.25,,999.4,0,0,106.5,9.16,153,0.4,0.07,0.75,0,0.27,29.25,55.5,19.4,30.85,9.95,1.13,0.1,693,1,50.65,60
30/06/2016,19:00:00,19,Jun-16,Summer-2016,30.8,31.05,30.8,79,26.7,0.65,,1.21,2.7,,30.8,39.15,39.15,,1000.05,0,0,27.5,2.36,44,0,0,0,0,0.26,29.4,56.5,19.85,31.3,10.15,1.13,0.03,1226,1,89.65,60
30/06/2016,20:00:00,20,Jun-16,Summer-2016,30.35,30.55,30.35,79.5,26.45,0.4,,0.8,2.9,,30.35,38.25,38.25,,1000.95,0,0,0,0,0,0,0,0,0,0.25,29.55,57.5,20.25,31.65,10.3,1.13,0.03,1210,1,88.45,60
30/06/2016,21:00:00,21,Jun-16,Summer-2016,30.25,30.3,30.25,81.5,26.75,0.4,,0.8,2.25,,30.25,38.35,38.35,,1001.55,0,0,0,0,0,0,0,0,0,0.25,29.6,58,20.5,31.9,10.34,1.13,0.03,1246,1,91.1,60
30/06/2016,22:00:00,22,Jun-16,Summer-2016,30.15,30.2,30.15,81,26.5,0.9,,1.61,2.7,,30.15,37.85,37.85,,1002.15,0,0,0,0,0,0,0,0,0,0.25,29.7,58.5,20.7,32.15,10.44,1.13,0.03,1403,1,100,60
30/06/2016,23:00:00,23,Jun-16,Summer-2016,29.95,30.1,29.95,81.5,26.4,0.9,,1.61,4.05,,29.95,37.35,37.35,,1002.15,0,0,0,0,0,0,0,0,0,0.24,29.75,59.5,21.05,32.45,10.64,1.12,0.03,1298,1,93.65,60
01/07/2016,00:00:00,24,Jul-16,Rainy-2016,29.6,29.7,29.6,83,26.4,0.4,,0.8,2.25,,29.6,36.8,36.8,,1001.55,0,0,0,0,0,0,0,0,0,0.23,29.8,60,21.2,32.6,10.73,1.12,0.03,1013,1,74.05,60
01/07/2016,01:00:00,1,Jul-16,Rainy-2016,29.4,29.5,29.35,83,26.2,0.65,,1.21,3.15,,29.4,36.35,36.35,,1000.75,0,0,0,0,0,0,0,0,0,0.23,29.8,60,21.2,32.7,10.72,1.12,0.03,957,1,69.95,60
01/07/2016,02:00:00,2,Jul-16,Rainy-2016,29.25,29.35,29.25,85,26.45,0.4,,0.8,2,,29.25,36.45,36.45,,1000.1,0,0,0,0,0,0,0,0,0,0.23,29.8,61,21.5,32.9,10.92,1.12,0.03,932,1,68.15,60
01/07/2016,03:00:00,3,Jul-16,Rainy-2016,29.15,29.2,29.15,85.5,26.45,0.4,,0.8,2,,29.15,36.25,36.25,,999.65,0,0,0,0,0,0,0,0,0,0.22,29.9,61,21.6,33.1,10.92,1.12,0.03,1066,1,77.9,60
01/07/2016,04:00:00,4,Jul-16,Rainy-2016,29,29.1,28.95,86.5,26.55,0.4,,0.8,1.8,,29,36.2,36.2,,999.1,0,0,0,0,0,0,0,0,0,0.22,29.9,61.5,21.75,33.2,10.98,1.12,0.03,1033,1,75.5,60
01/07/2016,05:00:00,5,Jul-16,Rainy-2016,28.95,29.05,28.9,86,26.4,0.65,,1.21,2.65,,28.95,36,36,,999.1,0,0,0,0,0,0,0,0,0,0.22,29.9,62,21.9,33.3,11.03,1.12,0.03,1077,1,78.7,60
01/07/2016,06:00:00,6,Jul-16,Rainy-2016,29,29.05,28.9,86,26.4,0.4,,0.8,2.65,,29,36.1,36.1,,999.65,0,0,12.5,1.08,22,0,0,0,0,0.22,29.9,62,21.9,33.3,11.03,1.12,0.03,1104,1,80.7,60
01/07/2016,07:00:00,7,Jul-16,Rainy-2016,29.25,29.25,29.05,85.5,26.55,0.4,,0.8,3.1,,29.25,36.5,36.5,,1000.3,0,0,52.5,4.52,110.5,0.05,0.01,0.3,0,0.23,30,63,22.2,33.7,11.23,1.12,0.05,936,1,68.4,60
01/07/2016,08:00:00,8,Jul-16,Rainy-2016,30.1,30.15,29.7,81.5,26.5,0.9,,1.61,3.15,,30.1,37.7,37.7,,1001.05,0,0,210.5,18.11,339,1.2,0.19,1.6,0,0.24,30.05,63,22.2,33.75,11.23,1.12,0.15,1008,1,73.7,60
01/07/2016,09:00:00,9,Jul-16,Rainy-2016,30.75,31,30.35,79.5,26.75,0.65,,1.21,2.9,,30.75,39.2,39.2,,1001.2,0,0,201.5,17.33,399,1.95,0.32,3.45,0,0.26,30.1,63.5,22.35,33.9,11.32,1.12,0.18,1071,1,78.3,60
01/07/2016,10:00:00,10,Jul-16,Rainy-2016,31.15,31.35,30.9,77,26.6,0.9,,1.61,3.15,,31.15,39.4,39.4,,1000.9,0,0,200.5,17.24,545,2.25,0.36,4.6,0,0.27,30.1,64,22.5,34.2,11.4,1.12,0.18,1125,1,82.25,60
01/07/2016,11:00:00,11,Jul-16,Rainy-2016,31.65,32.35,31.3,77,27.2,0.9,,1.61,2.65,,31.65,41.65,41.65,,1000.7,0,0,393,33.81,960.5,4.4,0.71,8.3,0,0.28,30.1,64.5,22.65,34.25,11.5,1.12,0.3,1137,1,83.1,60
01/07/2016,12:00:00,12,Jul-16,Rainy-2016,31.85,32.3,30.05,78.5,27.6,0.65,,1.21,2.9,,31.85,43.1,43.1,,1000.3,0,0,629.5,54.15,787.5,6.25,1.01,8.85,0,0.28,30.15,65,22.85,34.4,11.6,1.12,0.43,1194,1,87.25,60
01/07/2016,13:00:00,13,Jul-16,Rainy-2016,31,33.1,30.35,81.5,27.4,0.9,,1.61,3.6,,31,41.25,41.25,,999.7,4,32.9,282,24.25,723.5,2.95,0.48,7.2,0,0.26,30.2,65,22.9,34.55,11.6,1.12,0.2,1157,1,84.55,60
01/07/2016,14:00:00,14,Jul-16,Rainy-2016,29.45,29.5,28.95,86,26.85,0.65,,1.21,2.9,,29.45,37.2,37.2,,999.4,0.4,2.1,196,16.86,344,2.35,0.38,3.7,0,0.23,30.2,66,23.1,34.7,11.8,1.12,0.13,1401,1,100,60
01/07/2016,15:00:00,15,Jul-16,Rainy-2016,30.15,30.15,29.75,86,27.55,0.65,,1.21,3.6,,30.15,39.5,39.5,,998.65,0,0,236.5,20.34,279.5,2.25,0.36,2.55,0,0.25,30.2,66,23.1,34.7,11.8,1.12,0.15,1319,1,95.2,60
01/07/2016,16:00:00,16,Jul-16,Rainy-2016,30.5,30.7,30.15,81,26.85,0.9,,1.61,3.6,,30.5,38.9,38.9,,998.15,0,0,176.5,15.18,299.5,1.75,0.28,2.35,0,0.25,30.2,66,23.15,34.75,11.8,1.11,0.13,1161,1,84.9,60
01/07/2016,17:00:00,17,Jul-16,Rainy-2016,31.25,31.3,30.85,76.5,26.65,1.1,,2.01,4.25,,31.25,39.75,39.75,,998.05,0,0,316,27.17,436.5,1.9,0.31,2.4,0,0.27,30.2,66.5,23.3,34.9,11.89,1.11,0.23,1203,1,87.9,60
01/07/2016,18:00:00,18,Jul-16,Rainy-2016,30.6,31.05,30.6,77.5,26.2,0.9,,1.61,3.35,,30.6,38.35,38.35,,998.2,0,0,119.5,10.28,176,0.5,0.08,0.85,0,0.26,30.2,67,23.4,35,11.99,1.11,0.1,1232,1,90.05,60
01/07/2016,19:00:00,19,Jul-16,Rainy-2016,29.75,30.2,29.75,81.5,26.25,0.9,,1.61,3.35,,29.75,36.9,36.9,,998.95,0,0,17,1.46,30.5,0,0,0,0,0.24,30.2,67,23.4,35,11.99,1.11,0.03,1135,1,82.95,60
01/07/2016,20:00:00,20,Jul-16,Rainy-2016,29.4,29.5,29.4,84.5,26.55,0.4,,0.8,1.8,,29.4,36.75,36.75,,999.6,0,0,0,0,0,0,0,0,0,0.23,30.2,67,23.4,35,11.99,1.12,0.03,994,1,72.65,60
01/07/2016,21:00:00,21,Jul-16,Rainy-2016,29.1,29.3,29.1,86.5,26.6,0.4,,0.8,1.8,,29.1,36.45,36.45,,1000.25,0,0,0,0,0,0,0,0,0,0.22,30.2,67,23.4,35,11.99,1.12,0.03,930,1,67.95,60
01/07/2016,22:00:00,22,Jul-16,Rainy-2016,28.95,29.05,28.9,86.5,26.5,0.4,,0.8,2.7,,28.95,36.15,36.15,,1000.7,0,0,0,0,0,0,0,0,0,0.22,30.2,67,23.4,35,11.99,1.12,0.03,848,1,61.95,60
01/07/2016,23:00:00,23,Jul-16,Rainy-2016,29,29,28.85,87,26.65,0.65,,1.21,2.2,,29,36.3,36.3,,1000.75,0,0,0,0,0,0,0,0,0,0.22,30.2,68,23.7,35.2,12.19,1.12,0.03,798,1,58.35,60
02/07/2016,00:00:00,24,Jul-16,Rainy-2016,29.05,29.1,29.05,87.5,26.75,0.65,,1.21,2.7,,29.05,36.5,36.5,,1000.45,0,0,0,0,0,0,0,0,0,0.22,30.4,67.5,23.75,35.55,12.08,1.12,0.03,307,1,22.45,60
02/07/2016,01:00:00,1,Jul-16,Rainy-2016,,29,29,,,0.45,,0.81,0.45,,,,,,1000.15,0,0,,,,,,,,,30.35,67.5,23.65,35.4,12.09,1.12,0,6,1,0.45,60
02/07/2016,02:00:00,2,Jul-16,Rainy-2016,,28.9,28.9,,,0.65,,1.21,1.55,,,,,,999.6,0,0,,,,,,,,,30.35,68,23.8,35.55,12.19,1.11,0,13,1,0.95,60
02/07/2016,03:00:00,3,Jul-16,Rainy-2016,27.8,27.9,27.8,90,26,0.2,,0.4,1.35,,27.8,33.4,33.4,,999.05,0.2,0,0,0,0,0,0,0,0,0.2,30.25,68.5,23.85,35.45,12.27,1.11,0.03,461,1,33.7,60
02/07/2016,04:00:00,4,Jul-16,Rainy-2016,27.4,27.65,27.4,92.5,26.1,0.65,,1.21,2.25,,27.4,32.75,32.75,,998.8,0.2,0,0,0,0,0,0,0,0,0.19,30.2,69,23.9,35.4,12.35,1.11,0,1016,1,73.9,60
02/07/2016,05:00:00,5,Jul-16,Rainy-2016,,27.3,27.3,,,0.45,,0.81,0.9,,,,,,998.9,0,0,0,0,,,,,,,30.55,68,23.95,35.9,12.15,1.11,0,24,1,1.75,60
02/07/2016,06:00:00,6,Jul-16,Rainy-2016,27.3,27.3,27.2,95,26.4,0.4,,0.8,2,,27.3,32.8,32.8,,998.95,0.8,2.3,6.5,0.56,13,0,0,0,0,0.19,30.2,69,23.85,35.35,12.35,1.11,0,1111,1,81.25,60
02/07/2016,07:00:00,7,Jul-16,Rainy-2016,27.8,27.85,27.4,92,26.35,0.9,,1.61,2.9,,27.8,33.75,33.75,,999.7,0,0,21.5,1.85,24,0.25,0.04,0.4,0,0.2,30.3,69,23.95,35.6,12.35,1.11,0.03,468,1,34.2,60
02/07/2016,08:00:00,8,Jul-16,Rainy-2016,,,,,,0,,0,0,,,,,,1000.3,0,0,,,,,,,,,30.3,69,24,35.7,12.35,1.11,0,0,1,0,60
02/07/2016,09:00:00,9,Jul-16,Rainy-2016,29.55,29.55,29.4,85,26.75,0.9,,1.61,2.2,,29.55,37.15,37.15,,1000.85,0,0,166.5,14.32,205.5,1.5,0.24,1.9,0,0.23,30.25,69,23.95,35.5,12.35,1.12,0.13,580,1,42.4,60
02/07/2016,10:00:00,10,Jul-16,Rainy-2016,29.55,29.75,29,86,26.95,0.9,,1.61,3.55,,29.55,37.5,37.5,,1000.9,0,0,204.5,17.59,496.5,2.35,0.38,5.05,0,0.23,30.2,69,23.8,35.3,12.35,1.12,0.15,1370,1,99.25,60
02/07/2016,11:00:00,11,Jul-16,Rainy-2016,30.4,30.4,30.1,81.5,26.9,0.9,,1.61,3.8,,30.4,38.9,38.9,,1000.65,0,0,273.5,23.52,428,3.3,0.53,4.8,0,0.25,30.2,69,23.9,35.4,12.35,1.12,0.2,1347,1,97.6,60
02/07/2016,12:00:00,12,Jul-16,Rainy-2016,30.75,31.15,30.5,79,26.65,1.3,,2.41,6.7,,30.75,39,39,,1000.15,0,0,393,33.8,786.5,4.95,0.8,8.6,0,0.26,30.2,69,23.9,35.4,12.35,1.12,0.3,1388,1,100,60
02/07/2016,13:00:00,13,Jul-16,Rainy-2016,30.5,30.8,30.2,81,26.9,1.3,,2.41,4.95,,30.5,39,39,,999.8,0,0,302,25.97,470,3.9,0.63,7.35,0,0.25,30.2,70,24.1,35.7,12.55,1.11,0.23,1398,1,100,60
02/07/2016,14:00:00,14,Jul-16,Rainy-2016,31.25,31.45,30.6,77.5,26.9,1.3,,2.41,4.45,,31.25,40.3,40.3,,999.05,0,0,360.5,31.01,736.5,4.15,0.67,7.25,0,0.27,30.25,70,24.15,35.75,12.55,1.11,0.28,1404,1,100,60
02/07/2016,15:00:00,15,Jul-16,Rainy-2016,31.4,31.65,30.9,78,27.05,1.3,,2.41,6.05,,31.4,40.8,40.8,,998.6,0,0,372.5,32.04,582,3.55,0.57,4.9,0,0.27,30.25,70,24.15,35.75,12.55,1.11,0.28,1402,1,100,60
02/07/2016,16:00:00,16,Jul-16,Rainy-2016,31.9,32.1,31.6,75,26.95,1.1,,2.01,5.15,,31.9,41.85,41.85,,998.35,0,0,287,24.69,530,2.3,0.37,3.8,0,0.28,30.25,70,24.15,35.75,12.55,1.11,0.23,1190,1,87,60
02/07/2016,17:00:00,17,Jul-16,Rainy-2016,30.45,31.35,30.45,83.5,27.35,0.9,,1.61,4,,30.45,39.65,39.65,,997.7,0,0,136.5,11.74,235,0.85,0.14,1.6,0,0.25,30.25,70,24.15,35.75,12.55,1.11,0.1,1136,1,83.05,60
02/07/2016,18:00:00,18,Jul-16,Rainy-2016,27.4,29.05,27.35,93,26.2,0.9,,1.61,4.25,,27.4,32.9,32.9,,998.45,10.8,137.9,8,0.69,16,0,0,0,0,0.19,30.2,70.5,24.25,35.8,12.7,1.11,0.03,1386,1,100,60
02/07/2016,19:00:00,19,Jul-16,Rainy-2016,27.4,27.4,27.2,94.5,26.45,0.2,,0.4,2.2,,27.4,33.1,33.1,,999.15,0.8,2.2,0.5,0.04,2.5,0,0,0,0,0.19,30.2,71,24.3,35.7,12.85,1.11,0,1401,1,100,60
02/07/2016,20:00:00,20,Jul-16,Rainy-2016,28.2,28.2,27.85,94,27.15,0.4,,0.8,1.55,,28.2,35.6,35.6,,999.75,0.4,0.7,0,0,0,0,0,0,0,0.21,30.2,71,24.3,35.7,12.85,1.11,0,1401,1,100,60
02/07/2016,21:00:00,21,Jul-16,Rainy-2016,28.45,28.5,28.35,91.5,26.95,0.65,,1.21,2.9,,28.45,35.65,35.65,,1000.45,0.2,0,0,0,0,0,0,0,0,0.21,30.2,72,24.6,35.9,13.22,1.11,0,1402,1,100,60
02/07/2016,22:00:00,22,Jul-16,Rainy-2016,28.75,28.75,28.55,89.5,26.85,0.9,,1.61,3.15,,28.75,36,36,,1000.6,0,0,0,0,0,0,0,0,0,0.22,30.2,72,24.6,35.9,13.22,1.11,0.03,1405,1,100,60
02/07/2016,23:00:00,23,Jul-16,Rainy-2016,28.65,28.85,28.6,89.5,26.75,0.9,,1.61,4.25,,28.65,35.75,35.75,,1000.45,0.6,1.7,0,0,0,0,0,0,0,0.21,30.15,72,24.55,35.85,13.23,1.11,0.03,1403,1,100,60
03/07/2016,00:00:00,24,Jul-16,Rainy-2016,28.5,28.5,28.35,91,26.85,0.9,,1.61,4,,28.5,35.6,35.6,,1000.15,0,0,0,0,0,0,0,0,0,0.21,30.15,72,24.55,35.85,13.23,1.11,0.03,1405,1,100,60
03/07/2016,01:00:00,1,Jul-16,Rainy-2016,28.1,28.45,28.1,93,26.85,0.65,,1.21,3.35,,28.1,34.95,34.95,,999.55,3,47.7,0,0,0,0,0,0,0,0.2,30.1,72,24.5,35.8,13.23,1.11,0,1400,1,100,60
03/07/2016,02:00:00,2,Jul-16,Rainy-2016,27.6,27.75,27.55,94,26.6,0.65,,1.21,2.9,,27.6,33.7,33.7,,998.6,9.4,72.9,0,0,0,0,0,0,0,0.19,30.1,72,24.5,35.8,13.23,1.11,0,1403,1,100,60
03/07/2016,03:00:00,3,Jul-16,Rainy-2016,27.7,27.7,27.65,94,26.65,0.4,,0.8,2.2,,27.7,33.9,33.9,,998.25,0,0,0,0,0,0,0,0,0,0.2,30.1,72,24.5,35.8,13.23,1.11,0,1401,1,100,60
03/07/2016,04:00:00,4,Jul-16,Rainy-2016,27.3,27.55,27.3,95.5,26.5,0.4,,0.8,2.45,,27.3,33,33,,997.8,3.2,35.1,0,0,0,0,0,0,0,0.19,30.1,72,24.5,35.7,13.23,1.11,0,1403,1,100,60
03/07/2016,05:00:00,5,Jul-16,Rainy-2016,27.05,27.15,27,96,26.35,0.4,,0.8,1.55,,27.05,32.35,32.35,,997.45,0.2,0,0,0,0,0,0,0,0,0.18,30.1,72,24.5,35.7,13.23,1.11,0,1402,1,100,60
03/07/2016,06:00:00,6,Jul-16,Rainy-2016,26.85,26.95,26.85,96,26.15,0.2,,0.4,1.8,,26.85,31.85,31.85,,997.95,5.6,33.3,1.5,0.13,4.5,0,0,0,0,0.18,30.1,72,24.5,35.7,13.23,1.11,0,1403,1,100,60
03/07/2016,07:00:00,7,Jul-16,Rainy-2016,27.25,27.25,27,96.5,26.65,0.4,,0.8,1.8,,27.25,33.1,33.1,,998.25,0,0,38,3.27,79.5,0,0,0.25,0,0.19,30.1,72,24.5,35.7,13.23,1.11,0.03,1401,1,100,60
03/07/2016,08:00:00,8,Jul-16,Rainy-2016,27.85,27.85,27.45,94.5,26.85,0.4,,0.8,2.25,,27.85,34.4,34.4,,998.9,0,0,67.5,5.8,117,0.35,0.06,0.9,0,0.2,30,72,24.4,35.6,13.23,1.11,0.05,1400,1,100,60
03/07/2016,09:00:00,9,Jul-16,Rainy-2016,29,29,28.15,93.5,27.8,0.65,,1.21,2,,29,38.1,38.1,,999.35,3.8,53.8,186.5,16.04,383.5,1.75,0.28,2.9,0,0.22,30,72,24.4,35.6,13.23,1.11,0.13,1403,1,100,60
03/07/2016,10:00:00,10,Jul-16,Rainy-2016,29.8,30.4,29.55,88,27.6,1.1,,2.01,4.05,,29.8,38.95,38.95,,999.45,0.4,7.8,231,19.87,422,2.5,0.41,5.35,0,0.24,30.05,72,24.45,35.65,13.23,1.11,0.18,1401,1,100,60
03/07/2016,11:00:00,11,Jul-16,Rainy-2016,30.85,30.9,29.9,82.5,27.55,1.3,,2.41,4.5,,30.85,40.7,40.7,,999.35,0.2,1.1,438.5,37.71,712.5,4.85,0.78,7.05,0,0.26,30.1,72,24.5,35.7,13.23,1.11,0.33,1402,1,100,60
03/07/2016,12:00:00,12,Jul-16,Rainy-2016,30.5,31.2,30.3,85,27.65,1.1,,2.01,4.45,,30.5,40.2,40.2,,999.05,0.2,0,236,20.3,372.5,3.25,0.52,5.95,0,0.25,30.1,73,24.7,35.9,13.53,1.11,0.2,1401,1,100,60
03/07/2016,13:00:00,13,Jul-16,Rainy-2016,28.1,29.4,28.05,91.5,26.55,0.9,,1.61,3.15,,28.1,34.6,34.6,,999.05,4.8,80.6,138,11.87,247,1.75,0.29,3.1,0,0.2,30.05,73,24.65,35.8,13.53,1.11,0.1,1392,1,100,60
03/07/2016,14:00:00,14,Jul-16,Rainy-2016,27.5,27.5,27.35,92.5,26.15,1.1,,2.01,3.8,,27.5,33.05,33.05,,998.25,1.6,4.2,113.5,9.76,120.5,1.3,0.21,1.3,0,0.19,29.95,73,24.6,35.65,13.53,1.11,0.08,1404,1,100,60
03/07/2016,15:00:00,15,Jul-16,Rainy-2016,28,28.05,27.65,91,26.4,1.1,,2.01,4.05,,28,34.2,34.2,,998,0,0,159.5,13.71,232,1.6,0.26,2.35,0,0.2,29.9,73,24.6,35.6,13.53,1.11,0.1,1401,1,100,60
03/07/2016,16:00:00,16,Jul-16,Rainy-2016,27.85,28.05,27.85,92.5,26.5,0.9,,1.61,3.8,,27.85,34.15,34.15,,997.5,0.2,0,64,5.51,87,0.35,0.06,0.8,0,0.2,29.9,73,24.6,35.6,13.53,1.11,0.05,1404,1,100,60
03/07/2016,17:00:00,17,Jul-16,Rainy-2016,27.85,27.9,27.8,92,26.45,0.9,,1.61,3.1,,27.85,34.1,34.1,,997.35,0,0,66,5.68,94,0.3,0.05,0.75,0,0.2,29.9,73,24.6,35.6,13.53,1.11,0.05,1404,1,100,60
03/07/2016,18:00:00,18,Jul-16,Rainy-2016,27.9,27.9,27.9,90,26.2,0.4,,0.8,3.15,,27.9,33.8,33.8,,997.85,0,0,64.5,5.55,77.5,0.05,0.01,0.25,0,0.2,29.9,73,24.5,35.4,13.53,1.11,0.05,1403,1,100,60
03/07/2016,19:00:00,19,Jul-16,Rainy-2016,27.9,27.95,27.9,90,26.2,0.65,,1.21,3.35,,27.9,33.8,33.8,,998.75,0,0,12.5,1.07,24.5,0,0,0,0,0.2,29.9,73,24.5,35.4,13.53,1.11,0.03,1398,1,100,60
03/07/2016,20:00:00,20,Jul-16,Rainy-2016,28,28.05,27.9,90,26.2,0.9,,1.61,3.35,,28,34,34,,999.3,0,0,0,0,0,0,0,0,0,0.2,29.8,73,24.5,35.3,13.54,1.11,0.03,1403,1,100,60
03/07/2016,21:00:00,21,Jul-16,Rainy-2016,28.25,28.25,28.05,90,26.45,0.9,,1.61,3.8,,28.25,34.55,34.55,,999.9,0,0,0,0,0,0,0,0,0,0.21,29.8,73,24.5,35.3,13.54,1.12,0.03,1401,1,100,60
03/07/2016,22:00:00,22,Jul-16,Rainy-2016,28.2,28.3,28.2,90,26.4,0.9,,1.61,3.1,,28.2,34.5,34.5,,1000.7,0,0,0,0,0,0,0,0,0,0.21,29.8,73,24.5,35.3,13.54,1.12,0.03,1404,1,100,60
03/07/2016,23:00:00,23,Jul-16,Rainy-2016,27.95,28.1,27.95,91,26.35,0.9,,1.61,3.55,,27.95,34.15,34.15,,1001.05,0,0,0,0,0,0,0,0,0,0.2,29.8,73,24.45,35.25,13.54,1.12,0.03,1403,1,100,60
04/07/2016,00:00:00,24,Jul-16,Rainy-2016,27.35,27.85,27.35,92,25.95,0.9,,1.61,4.05,,27.35,32.6,32.6,,1000.8,0.6,1.2,0,0,0,0,0,0,0,0.19,29.8,73,24.4,35.2,13.54,1.12,0,1376,1,99.4,60
04/07/2016,01:00:00,1,Jul-16,Rainy-2016,26.55,26.75,26.5,94.5,25.6,0.9,,1.61,4.05,,26.55,30.85,30.85,,1000.35,1.8,13.4,0,0,0,0,0,0,0,0.17,29.75,73,24.4,35.15,13.54,1.12,0,1399,1,100,60
04/07/2016,02:00:00,2,Jul-16,Rainy-2016,26.45,26.55,26.4,95.5,25.7,0.4,,0.8,1.55,,26.45,30.8,30.8,,999.7,1.4,4.9,0,0,0,0,0,0,0,0.17,29.7,73,24.4,35.1,13.54,1.12,0,1402,1,100,60
04/07/2016,03:00:00,3,Jul-16,Rainy-2016,26.8,26.8,26.6,96,26.1,0.4,,0.8,1.75,,26.8,31.6,31.6,,999.05,1.6,3.9,0,0,0,0,0,0,0,0.18,29.7,73,24.35,35,13.54,1.11,0,1398,1,100,60
04/07/2016,04:00:00,4,Jul-16,Rainy-2016,27.3,27.3,27.05,95,26.4,0.4,,0.8,3.1,,27.3,32.8,32.8,,998.75,0,0,0,0,0,0,0,0,0,0.19,29.7,73,24.3,34.9,13.54,1.11,0,1404,1,100,60
04/07/2016,05:00:00,5,Jul-16,Rainy-2016,27.05,27.35,27.05,95,26.2,0.65,,1.21,2.45,,27.05,32.2,32.2,,998.75,18,169.3,0,0,0,0,0,0,0,0.18,29.65,73,24.3,34.85,13.54,1.11,0,1375,1,99.5,60
04/07/2016,06:00:00,6,Jul-16,Rainy-2016,26.1,26.55,26.1,96.5,25.5,0.4,,0.8,3.35,,26.1,30.15,30.15,,999.5,22,101.5,3,0.26,6,0,0,0,0,0.16,29.6,73,24.3,34.8,13.54,1.12,0,1398,1,100,60
04/07/2016,07:00:00,7,Jul-16,Rainy-2016,26.3,26.3,26.05,97,25.8,0.4,,0.8,2,,26.3,30.6,30.6,,999.9,4.8,46.4,34,2.93,58,0,0,0,0,0.17,29.6,73,24.25,34.75,13.55,1.12,0.03,1402,1,100,60
04/07/2016,08:00:00,8,Jul-16,Rainy-2016,26.5,26.7,25.9,96.5,25.9,0.4,,0.8,2.7,,26.5,31.05,31.05,,1000.15,5.6,21.7,117.5,10.11,210,0.7,0.12,1.45,0,0.17,29.6,73,24.2,34.7,13.55,1.12,0.08,1404,1,100,60
04/07/2016,09:00:00,9,Jul-16,Rainy-2016,28.05,28.2,27.35,91.5,26.5,0.65,,1.21,3.55,,28.05,34.45,34.45,,1000.55,0,0,257,22.1,407.5,2.4,0.39,3.05,0,0.2,29.6,73,24.2,34.7,13.55,1.12,0.18,1405,1,100,60
04/07/2016,10:00:00,10,Jul-16,Rainy-2016,28.5,28.7,28.25,89.5,26.6,0.9,,1.61,4.05,,28.5,35.3,35.3,,1001,0,0,265.5,22.84,370,2.9,0.47,3.65,0,0.21,29.6,73.5,24.3,34.75,13.7,1.12,0.18,1399,1,100,60
04/07/2016,11:00:00,11,Jul-16,Rainy-2016,28.6,28.65,28.3,89,26.6,0.9,,1.61,3.8,,28.6,35.5,35.5,,1000.75,0,0,241.5,20.78,348,2.75,0.44,3.95,0,0.21,29.6,74,24.4,34.8,13.85,1.12,0.15,1402,1,100,60
04/07/2016,12:00:00,12,Jul-16,Rainy-2016,29.45,29.65,28.95,86.5,26.95,0.9,,1.61,3.8,,29.45,37.35,37.35,,999.9,0,0,327,28.13,613.5,4.15,0.67,8.35,0,0.23,29.55,73,24.15,34.65,13.55,1.12,0.25,1400,1,100,60
04/07/2016,13:00:00,13,Jul-16,Rainy-2016,29.1,29.35,28.85,86.5,26.65,0.9,,1.61,4.7,,29.1,36.45,36.45,,999.6,0,0,245.5,21.12,375.5,2.95,0.48,4.5,0,0.22,29.5,73,24.1,34.6,13.55,1.12,0.18,1396,1,100,60
04/07/2016,14:00:00,14,Jul-16,Rainy-2016,30.1,30.25,29.3,83,26.9,0.9,,1.61,3.35,,30.1,38.45,38.45,,998.8,0,0,345,29.68,716.5,4.05,0.65,6.8,0,0.25,29.5,73,24.1,34.6,13.55,1.12,0.25,1396,1,100,60
04/07/2016,15:00:00,15,Jul-16,Rainy-2016,30.35,30.95,29.95,81.5,26.8,0.9,,1.61,3.35,,30.35,38.55,38.55,,998.4,0,0,312.5,26.88,575.5,3.35,0.54,4.9,0,0.25,29.6,73,24.2,34.7,13.55,1.11,0.23,1395,1,100,60
04/07/2016,16:00:00,16,Jul-16,Rainy-2016,29.25,29.85,29.2,86,26.65,0.9,,1.61,3.8,,29.25,36.6,36.6,,997.75,0.4,3.2,131.5,11.32,231,1.3,0.21,2.2,0,0.23,29.5,73,24.1,34.6,13.55,1.11,0.1,1395,1,100,60
04/07/2016,17:00:00,17,Jul-16,Rainy-2016,27.6,28.2,27.4,93,26.35,0.65,,1.21,2.9,,27.6,33.35,33.35,,997.95,0.8,14.4,75,6.45,108,0.3,0.05,0.75,0,0.19,29.4,74,24.3,34.6,13.85,1.11,0.05,1392,1,100,60
04/07/2016,18:00:00,18,Jul-16,Rainy-2016,28.1,28.1,27.8,93.5,26.9,0,,0,1.1,,28.1,35.05,35.05,,998,0,0,55.5,4.77,78,0.05,0.01,0.3,0,0.2,29.4,74,24.3,34.6,13.85,1.11,0.03,1395,1,100,60
04/07/2016,19:00:00,19,Jul-16,Rainy-2016,28.2,28.25,28.15,92.5,26.85,0.4,,0.8,1.8,,28.2,35.15,35.15,,998.8,0,0,12,1.03,29,0,0,0,0,0.21,29.4,74,24.3,34.55,13.85,1.12,0,1388,1,100,60
04/07/2016,20:00:00,20,Jul-16,Rainy-2016,27.9,28.1,27.9,93,26.65,0.4,,0.8,1.8,,27.9,34.35,34.35,,999.6,0,0,0,0,0,0,0,0,0,0.2,29.4,74,24.3,34.5,13.85,1.12,0,1373,1,99.7,60
04/07/2016,21:00:00,21,Jul-16,Rainy-2016,27.55,27.75,27.55,92,26.15,0.9,,1.61,3.8,,27.55,33.1,33.1,,1000.15,0,0,0,0,0,0,0,0,0,0.19,29.4,74,24.3,34.55,13.85,1.12,0,1373,1,99.85,60
04/07/2016,22:00:00,22,Jul-16,Rainy-2016,27.45,27.5,27.4,91.5,25.95,0.65,,1.21,3.55,,27.45,32.75,32.75,,1000.55,0,0,0,0,0,0,0,0,0,0.19,29.4,74,24.3,34.5,13.85,1.12,0,1386,1,100,60
04/07/2016,23:00:00,23,Jul-16,Rainy-2016,27.35,27.4,27.3,91,25.75,0.4,,0.8,2.45,,27.35,32.25,32.25,,1000.7,0,0,0,0,0,0,0,0,0,0.19,29.4,74,24.3,34.5,13.85,1.12,0,1391,1,100,60
05/07/2016,00:00:00,24,Jul-16,Rainy-2016,27.1,27.25,27.1,92,25.7,0.4,,0.8,2.2,,27.1,31.8,31.8,,1000.05,0,0,0,0,0,0,0,0,0,0.18,29.35,74,24.25,34.45,13.85,1.12,0,1401,1,100,60
05/07/2016,01:00:00,1,Jul-16,Rainy-2016,26.95,27.1,26.95,92,25.55,0.65,,1.21,3.35,,26.95,31.45,31.45,,999.3,0,0,0,0,0,0,0,0,0,0.18,29.3,74,24.2,34.4,13.85,1.12,0,1392,1,100,60
05/07/2016,02:00:00,2,Jul-16,Rainy-2016,26.85,26.9,26.8,93,25.65,0.65,,1.21,2.7,,26.85,31.35,31.35,,998.35,0,0,0,0,0,0,0,0,0,0.18,29.3,74,24.2,34.4,13.85,1.12,0,1399,1,100,60
05/07/2016,03:00:00,3,Jul-16,Rainy-2016,26.8,26.8,26.8,92.5,25.5,0.9,,1.61,3.8,,26.8,31.15,31.15,,997.8,0,0,0,0,0,0,0,0,0,0.18,29.3,74,24.2,34.3,13.86,1.12,0,1383,1,100,60
05/07/2016,04:00:00,4,Jul-16,Rainy-2016,26.8,26.85,26.8,93,25.6,0.9,,1.61,3.55,,26.8,31.3,31.3,,997.8,0,0,0,0,0,0,0,0,0,0.18,29.3,74,24.2,34.3,13.86,1.12,0,1383,1,100,60
05/07/2016,05:00:00,5,Jul-16,Rainy-2016,26.75,26.8,26.75,92.5,25.45,0.9,,1.61,3.8,,26.75,31,31,,997.85,0,0,0,0,0,0,0,0,0,0.18,29.3,74,24.2,34.3,13.86,1.12,0,1350,1,98.7,60
05/07/2016,06:00:00,6,Jul-16,Rainy-2016,26.6,26.65,26.55,94,25.55,0.9,,1.61,3.8,,26.6,30.85,30.85,,998.1,0,0,10.5,0.91,21.5,0,0,0,0,0.17,29.25,74,24.15,34.25,13.86,1.12,0,1376,1,100,60
05/07/2016,07:00:00,7,Jul-16,Rainy-2016,26.6,26.6,26.6,95,25.7,0.65,,1.21,3.8,,26.6,31,31,,998.65,0.8,4.4,50.5,4.34,74.5,0,0,0,0,0.17,29.2,74,24.1,34.2,13.86,1.12,0.03,1241,1,90.75,60
05/07/2016,08:00:00,8,Jul-16,Rainy-2016,26.65,26.7,26.6,95,25.8,0.65,,1.21,3.55,,26.65,31.1,31.1,,999.3,0.4,0,45.5,3.91,66,0.15,0.03,0.35,0,0.17,29.2,74,24.1,34.2,13.86,1.12,0.03,1287,1,92.9,60
05/07/2016,09:00:00,9,Jul-16,Rainy-2016,27.1,27.15,26.8,94.5,26.2,0.4,,0.8,2.7,,27.1,32.35,32.35,,999.75,0,0,105,9.03,123.5,1,0.16,1.2,0,0.18,29.2,74,24.1,34.2,13.86,1.12,0.08,1381,1,99.95,60
05/07/2016,10:00:00,10,Jul-16,Rainy-2016,27.65,27.65,27.4,93,26.4,0.4,,0.8,2.7,,27.65,33.55,33.55,,999.95,0,0,144,12.39,178,1.55,0.25,1.95,0,0.19,29.2,74,24.1,34.1,13.86,1.12,0.1,1320,1,96.5,60
05/07/2016,11:00:00,11,Jul-16,Rainy-2016,27.95,28.1,27.75,92,26.5,0.4,,0.8,2.45,,27.95,34.2,34.2,,999.8,0,0,137,11.79,180,1.65,0.27,2.15,0,0.2,29.2,74,24.1,34.1,13.86,1.12,0.1,1273,1,93.05,60
05/07/2016,12:00:00,12,Jul-16,Rainy-2016,27.65,27.9,27.3,94,26.6,0.4,,0.8,3.35,,27.65,33.85,33.85,,999.45,3.2,21,182.5,15.69,270,2.25,0.36,3.2,0,0.19,29.15,74,24.05,34,13.86,1.12,0.13,1230,1,89.9,60
05/07/2016,13:00:00,13,Jul-16,Rainy-2016,27.2,27.65,27.05,95,26.3,0.4,,0.8,1.55,,27.2,32.55,32.55,,999.05,13.2,65.3,88,7.57,188,0.9,0.14,2.3,0,0.18,29.15,74,24.05,34,13.86,1.12,0.05,1393,1,100,60
05/07/2016,14:00:00,14,Jul-16,Rainy-2016,27.85,27.85,27.35,93.5,26.75,0.65,,1.21,3.6,,27.85,34.35,34.35,,998.25,1,5.4,169,14.54,285,1.95,0.32,3.25,0,0.2,29.1,74,24,33.9,13.86,1.12,0.1,1394,1,100,60
05/07/2016,15:00:00,15,Jul-16,Rainy-2016,27.9,28.25,27.9,94,26.8,0.65,,1.21,3.35,,27.9,34.45,34.45,,997.75,3.8,32,79,6.8,141.5,0.8,0.13,1.7,0,0.2,29.1,74.5,24.1,34.05,14.06,1.12,0.05,1398,1,100,60
05/07/2016,16:00:00,16,Jul-16,Rainy-2016,25.35,26.55,25.25,96.5,24.75,0.85,,1.61,4.25,,25.35,28.25,28.25,,998.05,19,146.4,33.5,2.88,49.5,0.15,0.03,0.3,0,0.15,29.1,75,24.2,34.15,14.26,1.12,0.03,1355,1,97.9,60
05/07/2016,17:00:00,17,Jul-16,Rainy-2016,25.7,25.7,25.45,97,25.2,0.4,,0.8,2,,25.7,29.15,29.15,,997.75,2.2,9.4,44,3.78,55.5,0.1,0.02,0.3,0,0.15,29.1,75,24.2,34.1,14.26,1.12,0.03,1405,1,100,60
05/07/2016,18:00:00,18,Jul-16,Rainy-2016,26.35,26.35,26,96.5,25.75,0.4,,0.8,2.2,,26.35,30.65,30.65,,997.8,0.2,0,22,1.89,30,0,0,0,0,0.17,29.1,75,24.2,34.1,14.26,1.12,0.03,1401,1,100,60
05/07/2016,19:00:00,19,Jul-16,Rainy-2016,26.55,26.7,26.45,95.5,25.75,0.65,,1.21,3.35,,26.55,30.95,30.95,,998.45,1.8,4.6,2.5,0.22,5.5,0,0,0,0,0.17,29,75,24.1,33.9,14.27,1.12,0,1400,1,100,60
05/07/2016,20:00:00,20,Jul-16,Rainy-2016,26.3,26.35,26.25,95,25.45,0.4,,0.8,2.9,,26.3,30.35,30.35,,999,0,0,0,0,0,0,0,0,0,0.17,29,75,24.1,33.9,14.27,1.12,0,1401,1,100,60
05/07/2016,21:00:00,21,Jul-16,Rainy-2016,26.35,26.35,26.3,94.5,25.35,0.4,,0.8,2.45,,26.35,30.35,30.35,,999.7,0.2,0,0,0,0,0,0,0,0,0.17,28.95,75,24.1,33.85,14.27,1.12,0,1399,1,100,60
05/07/2016,22:00:00,22,Jul-16,Rainy-2016,26.55,26.55,26.4,94,25.55,0.4,,0.8,1.8,,26.55,30.85,30.85,,1000.35,0,0,0,0,0,0,0,0,0,0.17,28.9,75,24.1,33.8,14.27,1.12,0,1404,1,100,60
05/07/2016,23:00:00,23,Jul-16,Rainy-2016,26.9,26.95,26.8,94,25.85,0.4,,0.8,1.8,,26.9,31.65,31.65,,1000.6,0,0,0,0,0,0,0,0,0,0.18,28.9,75,24.1,33.8,14.27,1.12,0,1404,1,100,60
06/07/2016,00:00:00,24,Jul-16,Rainy-2016,26.95,26.95,26.9,94,25.95,0.4,,0.8,1.75,,26.95,31.8,31.8,,1000.25,0,0,0,0,0,0,0,0,0,0.18,28.9,75,24.1,33.8,14.27,1.12,0,1402,1,100,60
06/07/2016,01:00:00,1,Jul-16,Rainy-2016,26.8,27,26.8,94.5,25.9,0.4,,0.8,1.8,,26.8,31.5,31.5,,999.85,1.2,9.5,0,0,0,0,0,0,0,0.18,28.9,75,24.05,33.75,14.27,1.12,0,1403,1,100,60
06/07/2016,02:00:00,2,Jul-16,Rainy-2016,26.7,26.75,26.6,96,26,0.4,,0.8,1.55,,26.7,31.4,31.4,,999.25,0,0,0,0,0,0,0,0,0,0.17,28.9,75,24,33.7,14.27,1.12,0,1401,1,100,60
06/07/2016,03:00:00,3,Jul-16,Rainy-2016,26.75,26.8,26.7,95.5,26,0.4,,0.8,2,,26.75,31.45,31.45,,998.8,0,0,0,0,0,0,0,0,0,0.18,28.8,75,24,33.6,14.27,1.12,0,1403,1,100,60
06/07/2016,04:00:00,4,Jul-16,Rainy-2016,26.7,26.7,26.7,95,25.85,0.4,,0.8,1.55,,26.7,31.25,31.25,,998.4,0,0,0,0,0,0,0,0,0,0.17,28.8,75,24,33.6,14.27,1.12,0,1404,1,100,60
06/07/2016,05:00:00,5,Jul-16,Rainy-2016,26.7,26.7,26.7,95,25.9,0.2,,0.4,1.3,,26.7,31.3,31.3,,998.2,0,0,0,0,0,0,0,0,0,0.18,28.8,75,24,33.6,14.27,1.12,0,1403,1,100,60
06/07/2016,06:00:00,6,Jul-16,Rainy-2016,26.7,26.7,26.65,96,26,0,,0,0.9,,26.7,31.3,31.3,,998.7,0,0,3,0.26,7,0,0,0,0,0.17,28.8,75,23.95,33.5,14.27,1.12,0,1404,1,100,60
06/07/2016,07:00:00,7,Jul-16,Rainy-2016,26.45,26.65,26.45,96,25.75,0.2,,0.4,1.55,,26.45,30.8,30.8,,999.25,3.6,16.4,11,0.95,15,0,0,0,0,0.17,28.8,75,23.9,33.4,14.27,1.12,0,1404,1,100,60
06/07/2016,08:00:00,8,Jul-16,Rainy-2016,26.3,26.35,26.2,97,25.8,0,,0,1.1,,26.3,30.6,30.6,,999.75,2.8,15.4,27,2.32,37.5,0,0,0,0,0.17,28.8,75,23.9,33.4,14.27,1.12,0.03,1401,1,100,60
06/07/2016,09:00:00,9,Jul-16,Rainy-2016,26.35,26.45,26.3,97,25.85,0,,0,1.35,,26.35,30.8,30.8,,1000.25,4.2,11.4,46.5,4,57,0.15,0.03,0.6,0,0.17,28.7,75,23.8,33.3,14.28,1.12,0.03,1403,1,100,60
06/07/2016,10:00:00,10,Jul-16,Rainy-2016,26.25,26.4,26.15,97,25.75,0.2,,0.4,1.35,,26.25,30.5,30.5,,1000.45,14,43.3,43.5,3.74,53.5,0,0,0.35,0,0.17,28.7,75,23.8,33.25,14.28,1.12,0.03,1401,1,100,60
06/07/2016,11:00:00,11,Jul-16,Rainy-2016,26.7,26.75,26.35,97,26.2,0,,0,0.85,,26.7,31.6,31.6,,1000.55,1,2.7,98.5,8.48,128.5,1.2,0.2,1.6,0,0.17,28.7,75,23.8,33.2,14.28,1.12,0.05,1402,1,100,60
06/07/2016,12:00:00,12,Jul-16,Rainy-2016,27.4,27.4,27.1,96.5,26.8,0.2,,0.4,1.1,,27.4,33.55,33.55,,1000.4,0,0,138,11.87,182,1.7,0.28,2.2,0,0.19,28.7,75,23.8,33.2,14.28,1.12,0.08,1399,1,100,60
06/07/2016,13:00:00,13,Jul-16,Rainy-2016,27.95,28,27.6,93.5,26.8,0.4,,0.8,2.9,,27.95,34.65,34.65,,1000.05,0.2,0,213.5,18.36,285,2.6,0.42,3.45,0,0.2,28.7,75,23.8,33.2,14.28,1.12,0.13,1401,1,100,60
06/07/2016,14:00:00,14,Jul-16,Rainy-2016,28.5,28.6,28.25,90.5,26.75,0.4,,0.8,2,,28.5,35.55,35.55,,999.35,0,0,225,19.36,286.5,2.5,0.4,3.2,0,0.21,28.7,75,23.8,33.2,14.28,1.12,0.15,1402,1,100,60
06/07/2016,15:00:00,15,Jul-16,Rainy-2016,28.3,28.5,28.3,90.5,26.6,0.4,,0.8,1.3,,28.3,34.9,34.9,,999,0,0,173,14.88,187,1.7,0.27,1.85,0,0.21,28.7,75,23.8,33.2,14.28,1.12,0.13,1402,1,100,60
06/07/2016,16:00:00,16,Jul-16,Rainy-2016,28.3,28.4,28.2,90.5,26.6,0.2,,0.4,1.75,,28.3,34.95,34.95,,998.3,0,0,152,13.07,196,1.35,0.22,1.75,0,0.21,28.7,75,23.8,33.2,14.28,1.12,0.1,1401,1,100,60
06/07/2016,17:00:00,17,Jul-16,Rainy-2016,27.85,28.1,27.8,92,26.45,0.4,,0.8,1.3,,27.85,33.95,33.95,,997.85,0,0,99,8.51,135.5,0.6,0.1,0.9,0,0.2,28.6,75,23.7,33,14.28,1.12,0.08,1399,1,100,60
06/07/2016,18:00:00,18,Jul-16,Rainy-2016,27.8,27.8,27.75,91.5,26.3,0.2,,0.4,1.8,,27.8,33.7,33.7,,997.85,0,0,69,5.93,96.5,0.3,0.05,0.35,0,0.2,28.6,75,23.7,33,14.28,1.12,0.05,1395,1,100,60
06/07/2016,19:00:00,19,Jul-16,Rainy-2016,27.35,27.6,27.35,92.5,26,0.4,,0.8,1.55,,27.35,32.5,32.5,,998.65,0,0,12,1.03,21.5,0,0,0,0,0.19,28.6,75,23.7,33,14.28,1.12,0,1400,1,100,60
06/07/2016,20:00:00,20,Jul-16,Rainy-2016,27.2,27.3,27.2,93,26,0,,0,1.3,,27.2,32.3,32.3,,999.5,0,0,0,0,0,0,0,0,0,0.19,28.6,75,23.7,33,14.28,1.12,0,1400,1,100,60
06/07/2016,21:00:00,21,Jul-16,Rainy-2016,27.2,27.25,27.2,94,26.15,0.2,,0.4,1.55,,27.2,32.35,32.35,,1000,0,0,0,0,0,0,0,0,0,0.18,28.6,75,23.7,33,14.28,1.12,0,1391,1,100,60
06/07/2016,22:00:00,22,Jul-16,Rainy-2016,27.35,27.35,27.25,94,26.3,0,,0,0.85,,27.35,32.9,32.9,,1000.85,0,0,0,0,0,0,0,0,0,0.19,28.6,75,23.7,33,14.28,1.12,0,1398,1,100,60
06/07/2016,23:00:00,23,Jul-16,Rainy-2016,27.6,27.65,27.5,93,26.4,0.4,,0.8,1.55,,27.6,33.5,33.5,,1000.9,0,0,0,0,0,0,0,0,0,0.19,28.6,75,23.7,32.9,14.28,1.12,0,1378,1,99.85,60
07/07/2016,00:00:00,24,Jul-16,Rainy-2016,27.55,27.6,27.55,93,26.3,0.4,,0.8,2.25,,27.55,33.2,33.2,,1000.65,0,0,0,0,0,0,0,0,0,0.19,28.6,75,23.7,33,14.28,1.12,0,1389,1,100,60
07/07/2016,01:00:00,1,Jul-16,Rainy-2016,27.45,27.5,27.4,93,26.25,0.4,,0.8,1.8,,27.45,33,33,,1000.3,0,0,0,0,0,0,0,0,0,0.19,28.6,75,23.7,32.8,14.28,1.12,0,1387,1,100,60
07/07/2016,02:00:00,2,Jul-16,Rainy-2016,27.2,27.35,27.2,93,26,0.4,,0.8,1.8,,27.2,32.3,32.3,,999.8,0,0,0,0,0,0,0,0,0,0.19,28.6,75,23.7,32.8,14.28,1.12,0,1404,1,100,60
07/07/2016,03:00:00,3,Jul-16,Rainy-2016,27,27.1,26.95,93.5,25.8,0,,0,0.45,,27,31.7,31.7,,999.45,0,0,0,0,0,0,0,0,0,0.18,28.6,75.5,23.8,32.95,14.43,1.12,0,1400,1,100,60
07/07/2016,04:00:00,4,Jul-16,Rainy-2016,26.85,26.9,26.75,94,25.8,0,,0,0.9,,26.85,31.5,31.5,,999.15,0,0,0,0,0,0,0,0,0,0.18,28.6,76,23.9,33.1,14.58,1.12,0,1400,1,100,60
07/07/2016,05:00:00,5,Jul-16,Rainy-2016,26.85,26.9,26.85,95,25.95,0,,0,0.65,,26.85,31.55,31.55,,999.05,0,0,0,0,0,0,0,0,0,0.18,28.55,76,23.9,33,14.58,1.12,0,1403,1,100,60
07/07/2016,06:00:00,6,Jul-16,Rainy-2016,26.8,26.85,26.7,96.5,26.2,0,,0,1.1,,26.8,31.9,31.9,,999.15,0,0,13.5,1.17,28,0,0,0,0,0.18,28.5,75.5,23.75,32.8,14.43,1.12,0,1399,1,100,60
07/07/2016,07:00:00,7,Jul-16,Rainy-2016,27.75,27.75,27.25,94.5,26.8,0.2,,0.4,1.8,,27.75,34.2,34.2,,999.8,0,0,78,6.71,97.5,0.15,0.03,0.3,0,0.2,28.55,75.5,23.75,32.9,14.43,1.12,0.05,1399,1,100,60
07/07/2016,08:00:00,8,Jul-16,Rainy-2016,29.05,29.15,28.35,89.5,27.15,0.4,,0.8,2.2,,29.05,37.1,37.1,,1000.05,0,0,188,16.17,333.5,1.3,0.21,1.9,0,0.22,28.6,76,23.9,33.1,14.58,1.12,0.13,1400,1,100,60
07/07/2016,09:00:00,9,Jul-16,Rainy-2016,30.75,30.8,29.6,84.5,27.85,0.65,,1.21,2.7,,30.75,41.25,41.25,,1000.35,0,0,363.5,31.26,603,2.85,0.46,3.9,0,0.26,28.6,76,23.9,33.1,14.58,1.12,0.25,1401,1,100,60
07/07/2016,10:00:00,10,Jul-16,Rainy-2016,31.35,31.55,30.95,82,27.95,0.65,,1.21,2.65,,31.35,42.55,42.55,,1000.45,0,0,526,45.24,756,4.75,0.77,6,0,0.27,28.6,76,23.9,33.1,14.58,1.12,0.38,1374,1,99.35,60
07/07/2016,11:00:00,11,Jul-16,Rainy-2016,32.45,32.85,31.9,78,28.1,0.9,,1.61,2.7,,32.45,45.45,45.45,,1000.2,0,0,703,60.47,892,6.75,1.09,8.4,0,0.29,28.6,76,24,33.2,14.58,1.12,0.48,1403,1,100,60
07/07/2016,12:00:00,12,Jul-16,Rainy-2016,32.7,33.1,32.15,82,29.15,0.9,,1.61,2.7,,32.7,49.1,49.1,,999.75,0,0,591.5,50.88,992,6.25,1.01,9.5,0,0.3,28.6,76.5,24.1,33.3,14.73,1.12,0.41,1403,1,100,60
07/07/2016,13:00:00,13,Jul-16,Rainy-2016,33.15,33.6,32.5,76.5,28.45,0.9,,1.61,2.45,,33.15,47.65,47.65,,999.2,0,0,763.5,65.67,896.5,7.3,1.18,8.85,0,0.31,28.7,77,24.2,33.5,14.88,1.12,0.48,1399,1,100,60
07/07/2016,14:00:00,14,Jul-16,Rainy-2016,33,33.6,32.75,78,28.6,0.4,,0.8,2,,33,47.8,47.8,,998.55,0,0,467.5,40.21,714.5,4.7,0.76,6.9,0,0.31,28.7,77,24.25,33.6,14.88,1.12,0.33,1398,1,100,60
07/07/2016,15:00:00,15,Jul-16,Rainy-2016,32.9,33.25,32.6,75.5,28,0.65,,1.21,3.6,,32.9,46.05,46.05,,998.05,0,0,415.5,35.73,555.5,3.75,0.6,4.6,0,0.3,28.7,77,24.3,33.7,14.88,1.12,0.3,1393,1,100,60
07/07/2016,16:00:00,16,Jul-16,Rainy-2016,32.65,32.8,32.4,74,27.35,0.9,,1.61,3.1,,32.65,44.15,44.15,,997.5,0,0,341,29.33,475.5,2.7,0.43,3.2,0,0.3,28.7,77,24.3,33.7,14.88,1.12,0.25,1400,1,100,60
07/07/2016,17:00:00,17,Jul-16,Rainy-2016,32.95,33.3,32.65,71,26.95,0.9,,1.61,3.8,,32.95,43.85,43.85,,996.95,0,0,338,29.07,390,1.8,0.29,2.25,0,0.3,28.7,77,24.3,33.7,14.88,1.12,0.25,1402,1,100,60
07/07/2016,18:00:00,18,Jul-16,Rainy-2016,32.7,33.1,32.5,73,27.25,0.65,,1.21,2.9,,32.7,44,44,,997.15,0,0,188.5,16.21,229.5,0.65,0.11,0.95,0,0.3,28.8,77,24.3,33.8,14.87,1.12,0.15,1401,1,100,60
07/07/2016,19:00:00,19,Jul-16,Rainy-2016,31.1,31.9,31.1,80,27.25,0.4,,0.8,2.25,,31.1,40.6,40.6,,997.35,0,0,26,2.23,45.5,0,0,0,0,0.27,28.8,77,24.3,33.8,14.87,1.12,0.03,1401,1,100,60
07/07/2016,20:00:00,20,Jul-16,Rainy-2016,29.9,30.45,29.9,85,27.1,0.2,,0.4,2.45,,29.9,38.3,38.3,,998,0,0,0,0,0,0,0,0,0,0.24,28.8,77,24.3,33.8,14.87,1.12,0,1403,1,100,60
07/07/2016,21:00:00,21,Jul-16,Rainy-2016,29.7,29.75,29.65,86,27.1,0,,0,0.65,,29.7,38,38,,999.2,0,0,0,0,0,0,0,0,0,0.24,28.8,77,24.4,34,14.87,1.12,0.03,1399,1,100,60
07/07/2016,22:00:00,22,Jul-16,Rainy-2016,29.65,29.7,29.6,87,27.25,0,,0,0.65,,29.65,38,38,,1000.25,0,0,0,0,0,0,0,0,0,0.24,28.8,77,24.4,34,14.87,1.12,0.03,1405,1,100,60
07/07/2016,23:00:00,23,Jul-16,Rainy-2016,29.5,29.65,29.5,88,27.3,0.4,,0.8,1.75,,29.5,37.9,37.9,,1000.45,0,0,0,0,0,0,0,0,0,0.23,28.8,77,24.4,34,14.87,1.12,0.03,1400,1,100,60
08/07/2016,00:00:00,24,Jul-16,Rainy-2016,29.15,29.35,29.15,88,26.95,0.2,,0.4,2,,29.15,36.95,36.95,,1000.1,0,0,0,0,0,0,0,0,0,0.23,28.8,77,24.4,34,14.87,1.12,0.03,1400,1,100,60
08/07/2016,01:00:00,1,Jul-16,Rainy-2016,28.75,28.9,28.75,88,26.55,0.4,,0.8,1.8,,28.75,35.9,35.9,,999.7,0,0,0,0,0,0,0,0,0,0.22,28.9,77,24.4,34.1,14.87,1.12,0.03,1395,1,100,60
08/07/2016,02:00:00,2,Jul-16,Rainy-2016,28.55,28.7,28.55,88.5,26.45,0,,0,1.3,,28.55,35.3,35.3,,999.25,0,0,0,0,0,0,0,0,0,0.21,28.9,77,24.4,34.1,14.87,1.12,0.03,1396,1,100,60
08/07/2016,03:00:00,3,Jul-16,Rainy-2016,28.05,28.3,28,93,26.75,0,,0,1.1,,28.05,34.75,34.75,,999.05,0.2,0,0,0,0,0,0,0,0,0.2,28.9,77,24.4,34.1,14.87,1.12,0,1362,1,99.5,60
08/07/2016,04:00:00,4,Jul-16,Rainy-2016,28.1,28.1,28.05,94,27,0,,0,1.3,,28.1,35.1,35.1,,998.7,0,0,0,0,0,0,0,0,0,0.2,28.9,77,24.4,34.1,14.87,1.12,0,1402,1,100,60
08/07/2016,05:00:00,5,Jul-16,Rainy-2016,27.9,28.05,27.9,93,26.65,0.2,,0.4,2,,27.9,34.4,34.4,,998.3,0,0,0,0,0,0,0,0,0,0.2,28.9,77,24.4,34.1,14.87,1.12,0,1402,1,100,60
08/07/2016,06:00:00,6,Jul-16,Rainy-2016,27.45,27.65,27.45,92.5,26.15,0.2,,0.4,1.55,,27.45,32.9,32.9,,998.55,0,0,12,1.03,24.5,0,0,0,0,0.19,28.9,77,24.45,34.15,14.87,1.12,0,1400,1,100,60
08/07/2016,07:00:00,7,Jul-16,Rainy-2016,28,28,27.6,91.5,26.5,0.2,,0.4,1.3,,28,34.25,34.25,,999.1,0,0,72.5,6.23,83.5,0.25,0.04,0.3,0,0.2,28.9,77,24.45,34.15,14.87,1.12,0.05,1400,1,100,60
08/07/2016,08:00:00,8,Jul-16,Rainy-2016,28.8,28.8,28.35,89.5,26.9,0.2,,0.4,1.75,,28.8,36.2,36.2,,999.75,0,0,135.5,11.66,228.5,1.1,0.18,1.45,0,0.22,28.9,77,24.5,34.2,14.87,1.12,0.1,1402,1,100,60
08/07/2016,09:00:00,9,Jul-16,Rainy-2016,30.1,30.2,29.35,83,26.9,0.65,,1.21,2.45,,30.1,38.45,38.45,,999.85,0,0,312,26.83,604,2.85,0.46,3.9,0,0.25,28.9,77,24.5,34.2,14.87,1.12,0.23,1401,1,100,60
08/07/2016,10:00:00,10,Jul-16,Rainy-2016,31.5,31.7,30.95,77.5,27.1,0.9,,1.61,2.45,,31.5,41.05,41.05,,999.6,0,0,584.5,50.27,752,5.4,0.87,6.75,0,0.27,29,77,24.6,34.3,14.87,1.12,0.38,1404,1,100,60
08/07/2016,11:00:00,11,Jul-16,Rainy-2016,32.15,32.4,31.4,74,26.9,0.9,,1.61,3.8,,32.15,42.25,42.25,,999.5,0,0,551,47.39,895.5,6.35,1.02,9,0,0.29,29.1,77,24.6,34.4,14.86,1.12,0.38,1400,1,100,60
08/07/2016,12:00:00,12,Jul-16,Rainy-2016,32.85,33.5,32.4,71,26.9,0.9,,1.61,3.6,,32.85,43.45,43.45,,999.05,0,0,630.5,54.23,1111,7.1,1.14,10.6,0,0.3,29.1,77,24.65,34.5,14.86,1.12,0.46,1402,1,100,60
08/07/2016,13:00:00,13,Jul-16,Rainy-2016,32.4,32.65,32.05,75.5,27.45,0.4,,0.8,1.8,,32.4,43.75,43.75,,998.3,0,0,348,29.93,547.5,4.65,0.75,8.1,0,0.29,29.1,77,24.7,34.6,14.86,1.12,0.28,1397,1,100,60
08/07/2016,14:00:00,14,Jul-16,Rainy-2016,32.8,32.95,32.4,74.5,27.65,0.65,,1.21,2.45,,32.8,45.3,45.3,,997.5,0,0,470.5,40.47,907,5.3,0.86,8.2,0,0.3,29.1,77.5,24.8,34.65,15.01,1.11,0.36,1403,1,100,60
08/07/2016,15:00:00,15,Jul-16,Rainy-2016,33.6,33.65,32.85,71.5,27.75,0.65,,1.21,3.1,,33.6,46.65,46.65,,996.85,0,0,458.5,39.43,779,4.6,0.74,6.4,0,0.32,29.2,78,24.9,34.8,15.16,1.11,0.33,1399,1,100,60
08/07/2016,16:00:00,16,Jul-16,Rainy-2016,33.5,34,33,67.5,26.65,0.9,,1.61,3.35,,33.5,44.05,44.05,,996.45,0,0,413,35.52,655.5,3.25,0.53,4.5,0,0.32,29.2,78,24.95,34.85,15.16,1.11,0.3,1401,1,100,60
08/07/2016,17:00:00,17,Jul-16,Rainy-2016,33.65,34.05,33.5,68,26.9,0.9,,1.61,2.9,,33.65,44.8,44.8,,996.1,0,0,340,29.24,445.5,1.7,0.28,2.35,0,0.32,29.2,78,25,34.9,15.16,1.11,0.23,1403,1,100,60
08/07/2016,18:00:00,18,Jul-16,Rainy-2016,32.7,33.35,32.7,69,26.3,0.65,,1.21,3.35,,32.7,42.25,42.25,,996,0,0,149.5,12.86,220.5,0.5,0.08,0.9,0,0.3,29.2,78,25,34.9,15.16,1.11,0.13,1400,1,100,60
08/07/2016,19:00:00,19,Jul-16,Rainy-2016,31.2,31.95,31.2,76,26.45,0.4,,0.8,2.25,,31.2,39.35,39.35,,996.85,0,0,11.5,0.99,27,0,0,0,0,0.27,29.2,77.5,24.9,34.85,15.01,1.11,0.03,1401,1,100,60
08/07/2016,20:00:00,20,Jul-16,Rainy-2016,30.45,30.8,30.45,80,26.65,0.4,,0.8,2.45,,30.45,38.7,38.7,,997.6,0,0,0,0,0,0,0,0,0,0.25,29.2,77,24.8,34.8,14.86,1.11,0,1401,1,100,60
08/07/2016,21:00:00,21,Jul-16,Rainy-2016,30.3,30.4,30.15,78,26,0.65,,1.21,2.45,,30.3,37.55,37.55,,998.2,0,0,0,0,0,0,0,0,0,0.25,29.2,77,24.8,34.8,14.86,1.11,0.03,1402,1,100,60
08/07/2016,22:00:00,22,Jul-16,Rainy-2016,29.75,30.05,29.75,79.5,25.85,0.9,,1.61,3.15,,29.75,36.5,36.5,,998.8,0,0,0,0,0,0,0,0,0,0.24,29.3,77,24.8,34.8,14.86,1.12,0.03,1403,1,100,60
08/07/2016,23:00:00,23,Jul-16,Rainy-2016,29.25,29.5,29.25,84.5,26.35,0.4,,0.8,1.55,,29.25,36.25,36.25,,999.4,0,0,0,0,0,0,0,0,0,0.23,29.3,77,24.8,34.8,14.86,1.12,0.03,1401,1,100,60
09/07/2016,00:00:00,24,Jul-16,Rainy-2016,28.65,29,28.65,87,26.3,0.2,,0.4,1.35,,28.65,35.3,35.3,,999,0,0,0,0,0,0,0,0,0,0.22,29.3,77,24.8,34.8,14.86,1.12,0.03,1399,1,100,60
09/07/2016,01:00:00,1,Jul-16,Rainy-2016,28.4,28.55,28.35,87.5,26.1,0,,0,1.1,,28.4,34.6,34.6,,998.55,0,0,0,0,0,0,0,0,0,0.21,29.3,77,24.8,34.8,14.86,1.11,0.03,1401,1,100,60
09/07/2016,02:00:00,2,Jul-16,Rainy-2016,28.2,28.25,28.2,89,26.2,0,,0,1.1,,28.2,34.3,34.3,,998.3,0,0,0,0,0,0,0,0,0,0.21,29.3,77,24.8,34.8,14.86,1.11,0.03,1399,1,100,60
09/07/2016,03:00:00,3,Jul-16,Rainy-2016,28.3,28.3,28.25,90.5,26.6,0.4,,0.8,1.3,,28.3,34.95,34.95,,998.05,0,0,0,0,0,0,0,0,0,0.21,29.3,77,24.9,34.9,14.85,1.11,0,1400,1,100,60
09/07/2016,04:00:00,4,Jul-16,Rainy-2016,28.1,28.25,28.1,92,26.65,0.4,,0.8,1.75,,28.1,34.65,34.65,,997.6,0,0,0,0,0,0,0,0,0,0.2,29.3,77,24.9,34.9,14.85,1.11,0,1399,1,100,60
09/07/2016,05:00:00,5,Jul-16,Rainy-2016,28.1,28.1,28,92,26.6,0.4,,0.8,1.8,,28.1,34.6,34.6,,997.5,0,0,0,0,0,0,0,0,0,0.2,29.3,77,24.9,34.9,14.85,1.11,0,1396,1,100,60
09/07/2016,06:00:00,6,Jul-16,Rainy-2016,28.25,28.25,28.15,91,26.65,0.4,,0.8,1.55,,28.25,35,35,,997.65,0,0,13,1.12,23,0,0,0,0,0.21,29.3,77,24.9,34.9,14.85,1.11,0.03,1402,1,100,60
09/07/2016,07:00:00,7,Jul-16,Rainy-2016,28.75,28.75,28.45,90.5,27,0.4,,0.8,2,,28.75,36.3,36.3,,997.9,0,0,71.5,6.15,134.5,0.2,0.03,0.4,0,0.22,29.3,77,24.9,34.9,14.85,1.11,0.05,1401,1,100,60
09/07/2016,08:00:00,8,Jul-16,Rainy-2016,29.2,29.35,29,86,26.6,0.9,,1.61,3.15,,29.2,36.6,36.6,,998.25,0,0,147,12.64,258.5,1,0.16,1.45,0,0.23,29.3,77.5,25,35.05,15,1.11,0.1,1392,1,100,60
09/07/2016,09:00:00,9,Jul-16,Rainy-2016,29.2,29.7,28.7,86,26.6,0.9,,1.61,3.8,,29.2,36.6,36.6,,998.4,0,0,148.5,12.77,283,1.3,0.21,2.55,0,0.23,29.3,78,25.1,35.2,15.15,1.11,0.13,1375,1,100,60
09/07/2016,10:00:00,10,Jul-16,Rainy-2016,30.9,31.2,30.15,77.5,26.55,1.1,,2.01,3.8,,30.9,39,39,,998.55,0,0,360.5,31.01,847,3.9,0.63,6.85,0,0.26,29.4,78,25.1,35.3,15.15,1.11,0.28,1394,1,100,60
09/07/2016,11:00:00,11,Jul-16,Rainy-2016,31.75,32.1,31.1,74.5,26.7,1.1,,2.01,4.7,,31.75,41,41,,998.4,0,0,495,42.57,948,5.35,0.86,8.65,0,0.28,29.4,78,25.1,35.3,15.15,1.11,0.36,1386,1,100,60
09/07/2016,12:00:00,12,Jul-16,Rainy-2016,32.15,32.85,31.6,76,27.35,0.9,,1.61,3.1,,32.15,43.05,43.05,,998.15,0,0,390.5,33.58,988,4.95,0.8,9.55,0,0.29,29.4,78,25.2,35.4,15.15,1.11,0.33,1396,1,100,60
09/07/2016,13:00:00,13,Jul-16,Rainy-2016,33.1,33.25,32.25,70.5,27.05,1.3,,2.41,4.95,,33.1,44.35,44.35,,997.65,0,0,752,64.68,952,8.1,1.31,9.95,0,0.31,29.4,78,25.2,35.4,15.15,1.11,0.51,1404,1,100,60
09/07/2016,14:00:00,14,Jul-16,Rainy-2016,31.25,32.9,30.9,74.5,26.2,1.1,,2.01,4.25,,31.25,39.3,39.3,,997.3,0,0,405.5,34.88,1000,5.05,0.82,9.3,0,0.27,29.4,77.5,25.1,35.3,15,1.11,0.33,1403,1,100,60
09/07/2016,15:00:00,15,Jul-16,Rainy-2016,32,32.25,31.5,72.5,26.45,1.1,,2.01,4.5,,32,41.2,41.2,,996.5,0,0,398.5,34.28,693.5,4.2,0.67,5.8,0,0.29,29.5,77,25,35.3,14.84,1.11,0.3,1400,1,100,60
09/07/2016,16:00:00,16,Jul-16,Rainy-2016,32.1,32.45,31.6,72,26.45,1.3,,2.41,5.8,,32.1,41.4,41.4,,996.25,0,0,430,36.98,815,3.35,0.54,5,0,0.29,29.5,77,25,35.3,14.84,1.11,0.33,1396,1,100,60
09/07/2016,17:00:00,17,Jul-16,Rainy-2016,30.4,31.25,30.35,80.5,26.7,0.9,,1.61,3.6,,30.4,38.65,38.65,,996.25,0,0,179.5,15.44,252,1.15,0.19,1.6,0,0.25,29.5,77.5,25.15,35.4,14.99,1.11,0.13,1393,1,100,60
09/07/2016,18:00:00,18,Jul-16,Rainy-2016,30.15,30.3,30.15,79,26.1,1.1,,2.01,5.6,,30.15,37.35,37.35,,996.4,0,0,42.5,3.66,60.5,0.05,0.01,0.25,0,0.25,29.5,78,25.3,35.5,15.14,1.11,0.05,1387,1,100,60
09/07/2016,19:00:00,19,Jul-16,Rainy-2016,29.85,30,29.8,80.5,26.15,0.9,,1.61,3.6,,29.85,36.8,36.8,,997.45,0,0,6,0.51,11.5,0,0,0,0,0.24,29.5,77.5,25.15,35.4,14.99,1.11,0.03,1383,1,100,60
09/07/2016,20:00:00,20,Jul-16,Rainy-2016,29.75,29.8,29.75,82.5,26.45,0.9,,1.61,3.35,,29.75,37.1,37.1,,997.85,0,0,0,0,0,0,0,0,0,0.24,29.5,77,25,35.3,14.84,1.11,0.03,1397,1,100,60
09/07/2016,21:00:00,21,Jul-16,Rainy-2016,29.4,29.6,29.4,84,26.5,0.4,,0.8,3.1,,29.4,36.7,36.7,,998.75,0,0,0,0,0,0,0,0,0,0.23,29.5,77,25,35.3,14.84,1.11,0.03,1390,1,100,60
09/07/2016,22:00:00,22,Jul-16,Rainy-2016,29,29.3,29,85.5,26.35,0.2,,0.4,2,,29,36.05,36.05,,999.4,0,0,0,0,0,0,0,0,0,0.22,29.5,77,25,35.3,14.84,1.11,0.03,1400,1,100,60
09/07/2016,23:00:00,23,Jul-16,Rainy-2016,28.65,28.75,28.65,87,26.25,0.4,,0.8,2.2,,28.65,35.15,35.15,,999.4,0,0,0,0,0,0,0,0,0,0.21,29.5,77,25,35.3,14.84,1.11,0.03,1400,1,100,60
10/07/2016,00:00:00,24,Jul-16,Rainy-2016,28.6,28.6,28.5,88,26.4,0.4,,0.8,1.8,,28.6,35.2,35.2,,999.05,0,0,0,0,0,0,0,0,0,0.21,29.5,77,25,35.3,14.84,1.11,0.03,1404,1,100,60
10/07/2016,01:00:00,1,Jul-16,Rainy-2016,28.3,28.5,28.3,88,26.15,0.4,,0.8,1.55,,28.3,34.5,34.5,,999,0,0,0,0,0,0,0,0,0,0.21,29.55,77,25.05,35.35,14.84,1.11,0.03,1403,1,100,60
10/07/2016,02:00:00,2,Jul-16,Rainy-2016,28.1,28.25,28.1,89.5,26.2,0.4,,0.8,1.55,,28.1,34.1,34.1,,998.3,0,0,0,0,0,0,0,0,0,0.2,29.6,77,25.1,35.4,14.84,1.11,0.03,1400,1,100,60
10/07/2016,03:00:00,3,Jul-16,Rainy-2016,28,28.05,27.95,89.5,26.1,0.4,,0.8,2.2,,28,33.9,33.9,,997.6,0,0,0,0,0,0,0,0,0,0.2,29.55,77,25.05,35.35,14.84,1.11,0,1396,1,100,60
10/07/2016,04:00:00,4,Jul-16,Rainy-2016,28.05,28.1,28,89.5,26.15,0.2,,0.4,2.7,,28.05,34.05,34.05,,997.15,0,0,0,0,0,0,0,0,0,0.2,29.5,77,25,35.3,14.84,1.11,0.03,1400,1,100,60
10/07/2016,05:00:00,5,Jul-16,Rainy-2016,27.8,27.95,27.75,90,26,0.4,,0.8,1.55,,27.8,33.4,33.4,,997.25,0,0,0,0,0,0,0,0,0,0.2,29.55,77,25.05,35.35,14.84,1.11,0,1400,1,100,60
10/07/2016,06:00:00,6,Jul-16,Rainy-2016,27.6,27.7,27.4,90.5,25.9,0.2,,0.4,1.8,,27.6,32.95,32.95,,997.5,0,0,10.5,0.91,19.5,0,0,0,0,0.19,29.5,77,25,35.3,14.84,1.11,0,1403,1,100,60
10/07/2016,07:00:00,7,Jul-16,Rainy-2016,28.1,28.1,27.8,90,26.3,0.2,,0.4,1.8,,28.1,34.3,34.3,,998.1,0,0,75.5,6.5,128.5,0.25,0.04,0.35,0,0.2,29.5,77,25,35.3,14.84,1.11,0.05,1330,1,96.85,60
10/07/2016,08:00:00,8,Jul-16,Rainy-2016,28.95,28.95,28.3,86.5,26.45,0.4,,0.8,2.45,,28.95,35.8,35.8,,998.25,0,0,124,10.66,226,1.1,0.18,1.55,0,0.22,29.5,77,25,35.3,14.84,1.11,0.1,1041,1,76.1,60
10/07/2016,09:00:00,9,Jul-16,Rainy-2016,29.95,30.5,29.5,81,26.3,0.9,,1.61,3.1,,29.95,37.25,37.25,,998.35,0,0,316.5,27.22,587,2.55,0.41,3.5,0,0.24,29.6,77,25.1,35.4,14.84,1.11,0.23,1396,1,100,60
10/07/2016,10:00:00,10,Jul-16,Rainy-2016,30.4,31.1,29.55,81,26.75,0.4,,0.8,2.45,,30.4,38.55,38.55,,998.4,0,0,271.5,23.35,688,2.95,0.48,5.95,0,0.25,29.4,74,24.25,34.5,13.86,1.12,0.2,1360,1,98.45,60
10/07/2016,11:00:00,11,Jul-16,Rainy-2016,30.6,30.95,30.05,84.5,27.7,0.9,,1.61,2.9,,30.6,40.9,40.9,,998.3,0,0,303,26.06,797,3.85,0.62,7.25,0,0.26,27.65,57,18.35,28.55,10.2,1.13,0.25,1344,1,98.25,60
10/07/2016,12:00:00,12,Jul-16,Rainy-2016,30.85,31.2,30.35,80,27,0.9,,1.61,3.6,,30.85,39.65,39.65,,998,0,0,337,28.98,757.5,4.1,0.66,8.3,0,0.26,26.8,52,16.1,27,9.5,1.14,0.28,1254,1,91.7,60
10/07/2016,13:00:00,13,Jul-16,Rainy-2016,30.95,31.35,30.7,77.5,26.6,0.9,,1.61,3.1,,30.95,39.3,39.3,,997.4,0,0,189.5,16.3,539,2.65,0.43,5.8,0,0.26,26.5,49.5,15.05,26.5,9.06,1.14,0.18,1251,1,91.45,60
10/07/2016,14:00:00,14,Jul-16,Rainy-2016,32.15,32.25,30.95,75.5,27.2,0.65,,1.21,3.1,,32.15,42.7,42.7,,996.65,0,0,501,43.09,749.5,5.05,0.82,7.3,0,0.29,26.2,47,14,26.15,8.67,1.14,0.33,1355,1,97.9,60
10/07/2016,15:00:00,15,Jul-16,Rainy-2016,32.05,32.75,32,72.5,26.5,0.9,,1.61,3.15,,32.05,41.2,41.2,,995.85,0,0,436.5,37.54,703.5,4.05,0.65,5.85,0,0.29,26.25,47,14.05,26.2,8.67,1.14,0.33,1200,1,87.75,60
10/07/2016,16:00:00,16,Jul-16,Rainy-2016,30.85,32.55,30.2,79,26.7,0.9,,1.61,3.8,,30.85,39.5,39.5,,995.65,0.2,0,237,20.39,541.5,2.2,0.35,3.9,0,0.26,26.15,46.5,13.8,26.1,8.57,1.14,0.2,1080,1,78.9,60
10/07/2016,17:00:00,17,Jul-16,Rainy-2016,29.7,29.75,29.2,82,26.3,0.4,,0.8,2.45,,29.7,36.85,36.85,,995.8,0,0,156.5,13.46,263.5,1.2,0.2,1.6,0,0.24,26.25,46.5,13.9,26.15,8.57,1.14,0.1,1363,1,99.4,60
10/07/2016,18:00:00,18,Jul-16,Rainy-2016,29.05,29.85,29.05,85.5,26.35,0.65,,1.21,2.25,,29.05,36.15,36.15,,996.1,0.4,6.2,74.5,6.41,132,0.15,0.03,0.5,0,0.22,27.5,51,16.45,27.8,9.27,1.13,0.05,1241,1,89.45,60
10/07/2016,19:00:00,19,Jul-16,Rainy-2016,28.75,28.8,28.7,86.5,26.25,0.4,,0.8,2.2,,28.75,35.45,35.45,,996.75,0,0,20,1.72,36,0,0,0,0,0.22,28,54,17.8,28.8,9.73,1.13,0.03,1393,1,100,60
10/07/2016,20:00:00,20,Jul-16,Rainy-2016,28.9,28.9,28.7,87,26.5,0.65,,1.21,2.25,,28.9,36.1,36.1,,997.5,0,0,0,0,0,0,0,0,0,0.22,28.2,56.5,18.75,29.3,10.13,1.13,0.03,738,1,53.95,60
10/07/2016,21:00:00,21,Jul-16,Rainy-2016,29,29.1,28.95,86,26.4,0.65,,1.21,2.45,,29,36,36,,998.6,0,0,0,0,0,0,0,0,0,0.22,28.4,58.5,19.5,29.85,10.45,1.13,0.03,320,1,23.4,60
10/07/2016,22:00:00,22,Jul-16,Rainy-2016,28.85,28.9,28.8,86,26.25,0.4,,0.8,1.75,,28.85,35.65,35.65,,999.35,0,0,0,0,0,0,0,0,0,0.22,28.45,60.5,20.05,30.2,10.85,1.13,0.03,410,1,29.95,60
10/07/2016,23:00:00,23,Jul-16,Rainy-2016,,28.8,28.7,,,0.2,,0.4,0.65,,,,,,999.6,0,0,,,,0,0,,,,28.7,61.5,20.55,30.75,11.02,1.13,0,59,1,4.3,60
11/07/2016,00:00:00,24,Jul-16,Rainy-2016,28.55,28.65,28.55,87.5,26.25,0.4,,0.8,2,,28.55,35.15,35.15,,999.65,0,0,0,0,0,0,0,0,0,0.21,28.6,63,20.9,30.8,11.28,1.13,0.03,680,1,49.7,60
11/07/2016,01:00:00,1,Jul-16,Rainy-2016,28.35,28.45,28.35,88.5,26.25,0.4,,0.8,3.1,,28.35,34.7,34.7,,999.5,0,0,0,0,0,0,0,0,0,0.21,28.7,64,21.2,31.1,11.48,1.13,0.03,774,1,56.6,60
11/07/2016,02:00:00,2,Jul-16,Rainy-2016,28.15,28.25,28.1,89,26.15,0.4,,0.8,2,,28.15,34.05,34.05,,999,0,0,0,0,0,0,0,0,0,0.2,28.7,65,21.5,31.4,11.68,1.12,0.03,708,1,51.75,60
11/07/2016,03:00:00,3,Jul-16,Rainy-2016,27.9,28,27.85,90,26.1,0.4,,0.8,1.8,,27.9,33.7,33.7,,998.65,0,0,0,0,0,0,0,0,0,0.2,28.7,65.5,21.6,31.5,11.78,1.12,0.03,660,1,48.25,60
11/07/2016,04:00:00,4,Jul-16,Rainy-2016,27.9,27.9,27.8,90,26.1,0.4,,0.8,1.75,,27.9,33.7,33.7,,998.45,0,0,0,0,0,0,0,0,0,0.2,28.8,66,21.8,31.7,11.87,1.12,0.03,764,1,55.85,60
11/07/2016,05:00:00,5,Jul-16,Rainy-2016,27.7,27.85,27.7,90.5,26,0.2,,0.4,1.55,,27.7,33.25,33.25,,998.35,0,0,0,0,0,0,0,0,0,0.2,28.8,66.5,21.9,31.8,11.97,1.12,0,697,1,50.95,60
11/07/2016,06:00:00,6,Jul-16,Rainy-2016,27.6,27.65,27.5,90,25.8,0.4,,0.8,2,,27.6,32.85,32.85,,998.7,0,0,7.5,0.65,13,0,0,0,0,0.19,28.8,67,22.05,31.95,12.07,1.12,0,890,1,65.05,60
11/07/2016,07:00:00,7,Jul-16,Rainy-2016,28,28,27.8,88.5,25.9,0.4,,0.8,2,,28,33.6,33.6,,999.45,0,0,44,3.78,65,0.05,0.01,0.25,0,0.2,28.8,67.5,22.2,32.1,12.17,1.12,0.03,779,1,56.95,60
11/07/2016,08:00:00,8,Jul-16,Rainy-2016,29,29,28.2,84.5,26.15,0.65,,1.21,2.45,,29,35.55,35.55,,1000,0,0,131.5,11.31,295,1.15,0.19,1.75,0,0.22,28.85,68,22.35,32.25,12.27,1.12,0.1,1139,1,83.25,60
11/07/2016,09:00:00,9,Jul-16,Rainy-2016,29.7,30.2,29.5,83,26.5,0.65,,1.21,3.15,,29.7,37.2,37.2,,1000.2,0,0,269.5,23.18,487.5,2.45,0.4,3.65,0,0.24,28.9,68.5,22.5,32.45,12.33,1.12,0.2,1244,1,90.95,60
11/07/2016,10:00:00,10,Jul-16,Rainy-2016,30,30.4,29.3,82,26.65,0.65,,1.21,3.15,,30,37.9,37.9,,1000.5,0,0,256.5,22.06,511,3.05,0.49,5.25,0,0.24,27.25,54.5,17.25,27.85,9.82,1.14,0.2,1201,1,87.75,60
11/07/2016,11:00:00,11,Jul-16,Rainy-2016,31.3,31.5,30.7,77,26.8,1.1,,2.01,3.35,,31.3,40.05,40.05,,1000.3,0,0,493,42.4,990,6,0.97,9.05,0,0.27,26.35,49.5,14.95,26.4,9.06,1.14,0.38,1248,1,91.25,60
11/07/2016,12:00:00,12,Jul-16,Rainy-2016,31.65,31.9,31.3,74.5,26.6,0.9,,1.61,3.8,,31.65,40.65,40.65,,999.95,0,0,564.5,48.55,860,6.35,1.02,9.3,0,0.28,26.25,49,14.65,26.25,8.97,1.14,0.41,1255,1,91.75,60
11/07/2016,13:00:00,13,Jul-16,Rainy-2016,32.45,32.6,31.95,73.5,27.1,0.9,,1.61,3.15,,32.45,43.3,43.3,,999.3,0,0,517,44.47,1043.5,6.05,0.98,9.7,0,0.29,26,47,13.8,25.9,8.67,1.15,0.41,1361,1,98.6,60
11/07/2016,14:00:00,14,Jul-16,Rainy-2016,32.95,33.2,32.45,69.5,26.65,0.9,,1.61,3.35,,32.95,43.15,43.15,,998.5,0,0,574,49.37,965,5.9,0.95,8.5,0,0.3,26.05,47,13.85,25.95,8.67,1.14,0.43,1326,1,96.95,60
11/07/2016,15:00:00,15,Jul-16,Rainy-2016,32.85,33.4,32.75,70,26.65,0.9,,1.61,3.8,,32.85,43.05,43.05,,997.6,0,0,425.5,36.6,762,4.35,0.7,6.6,0,0.3,25.9,46.5,13.6,25.85,8.58,1.14,0.33,1277,1,93.35,60
11/07/2016,16:00:00,16,Jul-16,Rainy-2016,31.45,33,31.1,77.5,26.95,0.9,,1.61,3.55,,31.45,40.95,40.95,,997.25,0.4,1.5,287.5,24.73,618,2.15,0.35,3.95,0,0.27,25.75,45.5,13.05,25.55,8.44,1.15,0.23,1330,1,96.5,60
11/07/2016,17:00:00,17,Jul-16,Rainy-2016,32.2,32.7,31.35,73,26.8,0.65,,1.21,4.05,,32.2,42.2,42.2,,997,0,0,299.5,25.76,387.5,1.7,0.27,2.15,0,0.29,26,46,13.5,25.85,8.53,1.14,0.2,1332,1,96.85,60
11/07/2016,18:00:00,18,Jul-16,Rainy-2016,31.4,31.8,31.4,76,26.7,0.9,,1.61,3.1,,31.4,40.3,40.3,,997.6,0,0,83,7.14,180,0.2,0.03,0.45,0,0.27,27.25,50,15.9,27.4,9.13,1.14,0.08,1150,1,84.1,60
11/07/2016,19:00:00,19,Jul-16,Rainy-2016,30.85,31.25,30.85,78,26.55,0.9,,1.61,4.25,,30.85,38.95,38.95,,998.1,0,0,15,1.29,33.5,0,0,0,0,0.26,27.7,54,17.55,28.35,9.74,1.13,0.03,1026,1,75,60
11/07/2016,20:00:00,20,Jul-16,Rainy-2016,30.2,30.5,30.15,81,26.6,0.65,,1.21,3.55,,30.2,38.05,38.05,,998.75,0,0,0,0,0,0,0,0,0,0.25,27.9,56.5,18.45,28.9,10.13,1.13,0.03,1342,1,97.6,60
11/07/2016,21:00:00,21,Jul-16,Rainy-2016,29.65,29.9,29.65,81,26.05,0.9,,1.61,3.15,,29.65,36.5,36.5,,999.6,0,0,0,0,0,0,0,0,0,0.24,28.1,58.5,19.15,29.3,10.45,1.13,0.03,1358,1,99.2,60
11/07/2016,22:00:00,22,Jul-16,Rainy-2016,29.25,29.4,29.25,82.5,25.95,0.9,,1.61,2.9,,29.25,35.95,35.95,,1000.6,0,0,0,0,0,0,0,0,0,0.23,28.2,60.5,19.85,29.7,10.85,1.13,0.03,1354,1,99,60
11/07/2016,23:00:00,23,Jul-16,Rainy-2016,29,29.15,28.95,84,26,0.65,,1.21,3.15,,29,35.6,35.6,,1001.25,0,0,0,0,0,0,0,0,0,0.22,28.3,61.5,20.15,29.95,11.02,1.13,0.03,1375,1,99.5,60
12/07/2016,00:00:00,24,Jul-16,Rainy-2016,28.8,28.85,28.8,85.5,26.15,0.9,,1.61,3.15,,28.8,35.45,35.45,,1001.2,0,0,0,0,0,0,0,0,0,0.22,28.35,62.5,20.55,30.2,11.19,1.13,0.03,1359,1,98.85,60
12/07/2016,01:00:00,1,Jul-16,Rainy-2016,28.15,28.55,28.15,89.5,26.25,0.4,,0.8,2.25,,28.15,34.35,34.35,,1001,1.4,8.5,0,0,0,0,0,0,0,0.2,28.4,63,20.7,30.4,11.29,1.13,0.03,1340,1,97.95,60
12/07/2016,02:00:00,2,Jul-16,Rainy-2016,27.5,27.8,27.5,93,26.3,0.4,,0.8,1.55,,27.5,33.1,33.1,,1000.75,0.6,10.4,0,0,0,0,0,0,0,0.19,28.4,63.5,20.85,30.55,11.39,1.13,0,1402,1,100,60
12/07/2016,03:00:00,3,Jul-16,Rainy-2016,27.15,27.35,27.1,95.5,26.35,0.2,,0.4,1.35,,27.15,32.5,32.5,,1000.65,6.4,41.5,0,0,0,0,0,0,0,0.18,28.5,64,21,30.7,11.48,1.13,0,1396,1,100,60
12/07/2016,04:00:00,4,Jul-16,Rainy-2016,27.1,27.15,26.95,96,26.4,0.2,,0.4,1.55,,27.1,32.4,32.4,,1000.5,0.2,0.4,0,0,0,0,0,0,0,0.18,28.6,64.5,21.2,30.95,11.58,1.13,0,1401,1,100,60
12/07/2016,05:00:00,5,Jul-16,Rainy-2016,27.2,27.2,27.05,94,26.15,0.65,,1.21,2.7,,27.2,32.4,32.4,,1000.55,0,0,0,0,0,0,0,0,0,0.18,28.6,65,21.35,31.1,11.68,1.13,0,1402,1,100,60
12/07/2016,06:00:00,6,Jul-16,Rainy-2016,27.25,27.3,27.2,94,26.25,0.4,,0.8,2,,27.25,32.6,32.6,,1000.95,0,0,9,0.78,17.5,0,0,0,0,0.19,28.65,66,21.65,31.35,11.88,1.13,0,1404,1,100,60
12/07/2016,07:00:00,7,Jul-16,Rainy-2016,27.65,27.65,27.4,92.5,26.35,0.65,,1.21,3.35,,27.65,33.5,33.5,,1001.75,0,0,47.5,4.09,79.5,0.05,0.01,0.3,0,0.19,28.65,66,21.65,31.35,11.88,1.13,0.03,1403,1,100,60
12/07/2016,08:00:00,8,Jul-16,Rainy-2016,28.65,28.65,28,89,26.65,0.65,,1.21,3.35,,28.65,35.65,35.65,,1002.25,0,0,113.5,9.76,203.5,1,0.16,1.9,0,0.22,28.7,66,21.7,31.4,11.88,1.13,0.1,1397,1,100,60
12/07/2016,09:00:00,9,Jul-16,Rainy-2016,29.6,29.9,29.4,84,26.6,0.9,,1.61,3.15,,29.6,37.05,37.05,,1002.7,0,0,285.5,24.56,452,2.5,0.4,3.15,0,0.23,28.7,67,22,31.8,12.08,1.13,0.2,1398,1,100,60
12/07/2016,10:00:00,10,Jul-16,Rainy-2016,29.55,29.8,29.3,84,26.55,0.9,,1.61,2.9,,29.55,36.95,36.95,,1002.65,0,0,245.5,21.11,345,2.5,0.4,3.25,0,0.23,28.8,68,22.3,32.1,12.27,1.13,0.18,1161,1,84.85,60
12/07/2016,11:00:00,11,Jul-16,Rainy-2016,30.75,30.85,30.2,81.5,27.2,0.9,,1.61,3.55,,30.75,40,40,,1002.7,0,0,439,37.75,1038,4.65,0.75,8.9,0,0.26,28.7,68,22.2,31.9,12.28,1.13,0.33,936,1,68.45,60
12/07/2016,12:00:00,12,Jul-16,Rainy-2016,31.8,32.1,31.1,75.5,26.9,0.9,,1.61,3.8,,31.8,41.5,41.5,,1002.35,0,0,572.5,49.24,744.5,6.45,1.04,10.3,0,0.28,27.65,58,18.6,28.7,10.42,1.14,0.43,875,1,63.95,60
12/07/2016,13:00:00,13,Jul-16,Rainy-2016,32.35,32.7,32,74,27.1,1.1,,2.01,4.45,,32.35,43.05,43.05,,1001.55,0,0,665,57.2,1035,7.1,1.14,10.35,0,0.29,26.45,50,15.2,26.55,9.16,1.15,0.46,1176,1,85.95,60
12/07/2016,14:00:00,14,Jul-16,Rainy-2016,32.8,33,32.25,73,27.3,0.9,,1.61,3.35,,32.8,44.25,44.25,,1001.05,0,0,574.5,49.42,1068,6.15,0.99,9.6,0,0.3,26,47.5,14,26,8.78,1.15,0.43,1142,1,83.45,60
12/07/2016,15:00:00,15,Jul-16,Rainy-2016,32.2,32.8,31.7,74.5,27.05,1.1,,2.01,4.25,,32.2,42.7,42.7,,1000.55,0,0,417,35.87,646.5,4.4,0.71,6.25,0,0.29,26.1,47,13.9,26.1,8.67,1.15,0.3,1060,1,77.45,60
12/07/2016,16:00:00,16,Jul-16,Rainy-2016,31.3,31.9,31.25,76,26.55,0.9,,1.61,3.55,,31.3,39.55,39.55,,1000.05,0,0,175.5,15.1,384.5,1.95,0.32,3.15,0,0.27,25.95,46.5,13.6,25.85,8.58,1.15,0.15,1230,1,89.95,60
12/07/2016,17:00:00,17,Jul-16,Rainy-2016,31.65,31.95,31.25,75.5,26.8,0.9,,1.61,4,,31.65,41,41,,1000,0,0,226,19.44,454,1.45,0.24,2.1,0,0.28,25.9,47,13.75,25.8,8.68,1.15,0.18,1078,1,78.8,60
12/07/2016,18:00:00,18,Jul-16,Rainy-2016,31.15,31.35,31.1,76,26.4,0.9,,1.61,4.7,,31.15,39.15,39.15,,999.75,0,0,98,8.43,162.5,0.35,0.06,0.75,0,0.27,27.15,49.5,15.7,27.25,9.08,1.14,0.08,1157,1,84.55,60
12/07/2016,19:00:00,19,Jul-16,Rainy-2016,29.9,30.55,29.9,82,26.45,0.9,,1.61,4.7,,29.9,37.35,37.35,,1000.4,0,0,13,1.12,32.5,0,0,0,0,0.24,27.75,53.5,17.45,28.4,9.68,1.14,0.03,1374,1,100,60
12/07/2016,20:00:00,20,Jul-16,Rainy-2016,29.3,29.55,29.3,85,26.55,0.9,,1.61,3.8,,29.3,36.65,36.65,,1001,0,0,0,0,0,0,0,0,0,0.23,28,55.5,18.3,28.95,9.95,1.13,0,1380,1,100,60
12/07/2016,21:00:00,21,Jul-16,Rainy-2016,29,29.15,29,86,26.4,0.4,,0.8,2.7,,29,36,36,,1001.8,0,0,0,0,0,0,0,0,0,0.22,28.15,57.5,18.95,29.3,10.28,1.13,0.03,1384,1,100,60
12/07/2016,22:00:00,22,Jul-16,Rainy-2016,28.9,28.9,28.9,87.5,26.65,0.65,,1.21,1.75,,28.9,36.2,36.2,,1002.35,0,0,0,0,0,0,0,0,0,0.22,28.25,58.5,19.4,29.6,10.45,1.13,0.03,1336,1,97.5,60
12/07/2016,23:00:00,23,Jul-16,Rainy-2016,28.95,29.05,28.9,87.5,26.7,0.4,,0.8,2.9,,28.95,36.35,36.35,,1002.45,0,0,0,0,0,0,0,0,0,0.22,28.35,59.5,19.75,29.9,10.65,1.13,0.03,635,1,46.45,60
13/07/2016,00:00:00,24,Jul-16,Rainy-2016,28.85,28.9,28.8,87,26.5,0.65,,1.21,2.45,,28.85,36,36,,1002.1,0,0,0,0,0,0,0,0,0,0.22,28.4,60.5,20.05,30.15,10.85,1.13,0.03,695,1,50.8,60
13/07/2016,01:00:00,1,Jul-16,Rainy-2016,28.65,28.75,28.65,87.5,26.35,0.4,,0.8,2.2,,28.65,35.35,35.35,,1002,0,0,0,0,0,0,0,0,0,0.21,28.5,61.5,20.35,30.35,11.02,1.13,0.03,594,1,43.4,60
13/07/2016,02:00:00,2,Jul-16,Rainy-2016,28.3,28.5,28.3,89,26.3,0.4,,0.8,2.45,,28.3,34.65,34.65,,1001.3,0,0,0,0,0,0,0,0,0,0.21,28.6,62,20.6,30.6,11.08,1.13,0.03,581,1,42.45,60
13/07/2016,03:00:00,3,Jul-16,Rainy-2016,28.2,28.2,28.2,90,26.4,0.2,,0.4,1.1,,28.2,34.5,34.5,,1001.1,0,0,0,0,0,0,0,0,0,0.21,28.6,62.5,20.75,30.75,11.18,1.13,0,495,1,36.2,60
13/07/2016,04:00:00,4,Jul-16,Rainy-2016,27.95,28.1,27.95,91.5,26.45,0,,0,1.1,,27.95,34.25,34.25,,1001,0,0,0,0,0,0,0,0,0,0.2,28.7,63,20.9,30.9,11.28,1.13,0,510,1,37.3,60
13/07/2016,05:00:00,5,Jul-16,Rainy-2016,27.95,28.05,27.9,91.5,26.45,0.2,,0.4,1.1,,27.95,34.25,34.25,,1001.1,0,0,0,0,0,0,0,0,0,0.2,28.7,63,20.9,30.9,11.28,1.13,0,579,1,42.35,60
13/07/2016,06:00:00,6,Jul-16,Rainy-2016,27.7,27.8,27.7,90.5,26,0.65,,1.21,2.25,,27.7,33.25,33.25,,1001.6,0,0,5.5,0.47,11.5,0,0,0,0,0.2,28.7,64,21.2,31.2,11.48,1.13,0,720,1,52.65,60
13/07/2016,07:00:00,7,Jul-16,Rainy-2016,28.1,28.1,27.7,89.5,26.25,0.4,,0.8,1.8,,28.1,34.25,34.25,,1002.2,0,0,50,4.3,50,0.25,0.04,0.45,0,0.2,28.7,64,21.2,31.2,11.48,1.13,0.03,657,1,48,60
13/07/2016,08:00:00,8,Jul-16,Rainy-2016,29.2,29.5,28.75,86,26.6,0.4,,0.8,2,,29.2,36.5,36.5,,1002.4,0,0,106,9.12,125,1.15,0.19,1.35,0,0.23,28.8,65,21.55,31.6,11.67,1.13,0.1,750,1,54.8,60
13/07/2016,09:00:00,9,Jul-16,Rainy-2016,28.55,28.95,28.35,89.5,26.65,0.65,,1.21,1.75,,28.55,35.5,35.5,,1002.2,0.4,0.5,138.5,11.91,195,1.5,0.24,2.05,0,0.21,28.8,65,21.6,31.7,11.67,1.13,0.1,1085,1,79.35,60
13/07/2016,10:00:00,10,Jul-16,Rainy-2016,29.65,30.1,29.05,89.5,27.75,0.4,,0.8,2,,29.65,38.9,38.9,,1002.05,0.2,0,371.5,31.95,670,3.8,0.61,5.8,0,0.24,28.85,66.5,21.95,32,11.97,1.13,0.25,1322,1,95.55,60
13/07/2016,11:00:00,11,Jul-16,Rainy-2016,28.6,29.95,28.5,90.5,26.9,0.65,,1.21,3.1,,28.6,35.95,35.95,,1002.05,16,72,139.5,12,204,1.5,0.24,2,0,0.22,27.65,52,16.9,28.15,9.39,1.14,0.1,1283,1,92.6,60
13/07/2016,12:00:00,12,Jul-16,Rainy-2016,29.15,29.15,27.85,94,28.1,0.2,,0.4,1.3,,29.15,38.75,38.75,,1001.65,0.4,3.5,239.5,20.6,376,2.75,0.45,4.4,0,0.23,26.35,45.5,13.6,26.15,8.41,1.15,0.18,1199,1,87.65,60
13/07/2016,13:00:00,13,Jul-16,Rainy-2016,31.55,31.8,30.6,81,27.9,0.65,,1.21,2.25,,31.55,42.8,42.8,,1000.8,0,0,696.5,59.91,1031.5,7.6,1.22,9.7,0,0.28,25.85,45,13.05,25.7,8.38,1.15,0.46,1400,1,100,60
13/07/2016,14:00:00,14,Jul-16,Rainy-2016,32.6,32.65,31.7,76.5,27.9,0.65,,1.21,3.35,,32.6,45.1,45.1,,999.85,0,0,513.5,44.17,1048.5,5.55,0.89,8.95,0,0.3,25.65,44.5,12.65,25.4,8.29,1.15,0.38,1399,1,100,60
13/07/2016,15:00:00,15,Jul-16,Rainy-2016,31.65,33.25,31.4,79.5,27.7,0.9,,1.61,3.55,,31.65,42.85,42.85,,999.35,0,0,432,37.16,885.5,4,0.64,6.3,0,0.28,25.6,45,12.75,25.35,8.34,1.15,0.33,1393,1,100,60
13/07/2016,16:00:00,16,Jul-16,Rainy-2016,28.5,29.7,28.35,90.5,26.8,0.4,,0.8,2.7,,28.5,35.6,35.6,,999.15,3,25.3,101,8.69,172,0.8,0.13,1.4,0,0.21,25.85,49.5,14.5,25.9,9.08,1.15,0.08,1397,1,100,60
13/07/2016,17:00:00,17,Jul-16,Rainy-2016,29.85,30,29.2,85.5,27.15,0.4,,0.8,2.9,,29.85,38.25,38.25,,998.6,0,0,163,14.02,300.5,1.15,0.19,1.7,0,0.24,26.15,49,14.55,26.15,8.97,1.14,0.13,1405,1,100,60
13/07/2016,18:00:00,18,Jul-16,Rainy-2016,31,31.2,30.35,81.5,27.45,0.4,,0.8,1.8,,31,40.65,40.65,,998.6,0,0,157,13.5,232.5,0.55,0.09,0.7,0,0.26,27.3,55,17.5,27.9,9.85,1.14,0.13,874,1,63.9,60
13/07/2016,19:00:00,19,Jul-16,Rainy-2016,30.05,30.55,30.05,87,27.65,0.4,,0.8,1.3,,30.05,39.5,39.5,,999.25,0,0,13.5,1.16,24.5,0,0,0,0,0.24,27.75,56,18.15,28.6,10.05,1.13,0.03,883,1,64.55,60
13/07/2016,20:00:00,20,Jul-16,Rainy-2016,29.55,29.8,29.55,88.5,27.45,0.4,,0.8,2.9,,29.55,38.3,38.3,,1000.05,0,0,0,0,0,0,0,0,0,0.23,27.95,57.5,18.8,29.05,10.27,1.13,0.03,1334,1,96.25,60
13/07/2016,21:00:00,21,Jul-16,Rainy-2016,29.3,29.35,29.25,90,27.5,0.4,,0.8,2.25,,29.3,37.85,37.85,,1000.55,0,0,0,0,0,0,0,0,0,0.23,28.1,59,19.3,29.35,10.55,1.13,0.03,1403,1,100,60
13/07/2016,22:00:00,22,Jul-16,Rainy-2016,29.2,29.3,29.2,90.5,27.45,0.4,,0.8,2,,29.2,37.7,37.7,,1001.35,0,0,0,0,0,0,0,0,0,0.23,28.2,60,19.7,29.65,10.75,1.13,0,1400,1,100,60
13/07/2016,23:00:00,23,Jul-16,Rainy-2016,29,29.15,29,91,27.35,0.4,,0.8,2.9,,29,37.15,37.15,,1001.65,0,0,0,0,0,0,0,0,0,0.22,28.25,61,20,29.85,10.95,1.13,0,1404,1,100,60
14/07/2016,00:00:00,24,Jul-16,Rainy-2016,28.75,28.85,28.75,91,27.15,0.4,,0.8,2,,28.75,36.4,36.4,,1001.25,0,0,0,0,0,0,0,0,0,0.22,28.3,61.5,20.25,30,11.02,1.13,0,1401,1,100,60
14/07/2016,01:00:00,1,Jul-16,Rainy-2016,28.35,28.55,28.35,92,26.95,0.4,,0.8,2,,28.35,35.6,35.6,,1000.7,0,0,0,0,0,0,0,0,0,0.21,28.35,62.5,20.55,30.2,11.19,1.13,0,1402,1,100,60
14/07/2016,02:00:00,2,Jul-16,Rainy-2016,28.25,28.3,28.25,92.5,26.95,0.4,,0.8,2.25,,28.25,35.35,35.35,,1000.55,0,0,0,0,0,0,0,0,0,0.21,28.4,63,20.7,30.5,11.29,1.13,0,1405,1,100,60
14/07/2016,03:00:00,3,Jul-16,Rainy-2016,28.1,28.2,28.1,93,26.9,0.2,,0.4,2.25,,28.1,35.1,35.1,,1000.15,0,0,0,0,0,0,0,0,0,0.2,28.4,63,20.7,30.5,11.29,1.13,0,1402,1,100,60
14/07/2016,04:00:00,4,Jul-16,Rainy-2016,28.15,28.2,28.1,93,26.9,0.2,,0.4,1.55,,28.15,35.15,35.15,,1000.05,0,0,0,0,0,0,0,0,0,0.2,28.5,63.5,20.9,30.65,11.38,1.13,0,1395,1,100,60
14/07/2016,05:00:00,5,Jul-16,Rainy-2016,28.1,28.15,28.1,93,26.9,0.4,,0.8,1.55,,28.1,35.1,35.1,,1000,0,0,0,0,0,0,0,0,0,0.2,28.55,64,21.05,30.8,11.48,1.13,0,1403,1,100,60
14/07/2016,06:00:00,6,Jul-16,Rainy-2016,28.2,28.25,28.15,93,26.95,0.4,,0.8,2,,28.2,35.35,35.35,,1000.35,0,0,14,1.21,26.5,0,0,0,0,0.21,28.6,64,21.1,30.9,11.48,1.13,0,1174,1,84.8,60
14/07/2016,07:00:00,7,Jul-16,Rainy-2016,28.85,28.85,28.45,91.5,27.25,0.4,,0.8,2.7,,28.85,36.8,36.8,,1000.85,0,0,86,7.4,104.5,0.4,0.07,0.4,0,0.22,28.6,65,21.4,31.2,11.68,1.13,0.08,373,1,27.3,60
14/07/2016,08:00:00,8,Jul-16,Rainy-2016,29.9,29.9,29.4,87,27.5,0.65,,1.21,2.7,,29.9,38.95,38.95,,1000.9,0,0,242.5,20.86,359.5,1.35,0.22,1.65,0,0.24,28.7,66,21.7,31.4,11.88,1.13,0.18,734,1,53.65,60
14/07/2016,09:00:00,9,Jul-16,Rainy-2016,30.45,30.8,30.15,84,27.45,0.65,,1.21,2.25,,30.45,39.85,39.85,,1001.25,0,0,216.5,18.62,320,1.85,0.3,2.4,0,0.25,28.7,66,21.7,31.6,11.88,1.13,0.18,1090,1,78.8,60
14/07/2016,10:00:00,10,Jul-16,Rainy-2016,31.15,31.15,30.7,82.5,27.85,0.65,,1.21,2.2,,31.15,41.95,41.95,,1001.2,0,0,313.5,26.96,446,3.2,0.52,4.15,0,0.27,27.85,58.5,18.95,29.15,10.52,1.13,0.23,1248,1,90.05,60
14/07/2016,11:00:00,11,Jul-16,Rainy-2016,32.4,32.75,31.65,75.5,27.55,0.9,,1.61,2.9,,32.4,44.1,44.1,,1000.55,0,0,705,60.63,846.5,6.6,1.06,7.7,0,0.29,26.5,49,14.9,26.5,9.01,1.14,0.48,1392,1,100,60
14/07/2016,12:00:00,12,Jul-16,Rainy-2016,32.8,32.9,32.5,73,27.35,0.9,,1.61,3.6,,32.8,44.5,44.5,,999.9,0,0,632.5,54.4,802.5,6.5,1.05,7.85,0,0.3,26,46.5,13.65,25.95,8.58,1.15,0.43,1399,1,100,60
14/07/2016,13:00:00,13,Jul-16,Rainy-2016,33.35,33.85,33,71.5,27.55,0.9,,1.61,3.8,,33.35,45.7,45.7,,999.25,0,0,742.5,63.87,902,7.55,1.22,8.95,0,0.31,25.75,45.5,13.1,25.6,8.43,1.15,0.51,1396,1,100,60
14/07/2016,14:00:00,14,Jul-16,Rainy-2016,33.6,34.1,32.8,70.5,27.5,1.1,,2.01,4.05,,33.6,45.95,45.95,,998.65,0,0,642,55.22,908,6.05,0.98,8,0,0.32,25.65,45,12.8,25.4,8.39,1.15,0.46,1396,1,100,60
14/07/2016,15:00:00,15,Jul-16,Rainy-2016,33.5,33.7,33.2,69,27,1.1,,2.01,4.95,,33.5,44.75,44.75,,998.2,0,0,691,59.44,750.5,5.7,0.92,6.35,0,0.32,25.6,46,13.1,25.4,8.49,1.15,0.48,1359,1,98.7,60
14/07/2016,16:00:00,16,Jul-16,Rainy-2016,33.2,33.95,33,72,27.5,1.1,,2.01,4.95,,33.2,45.2,45.2,,998.1,0,0,485.5,41.76,629.5,3.35,0.54,4.05,0,0.31,25.55,47,13.4,25.45,8.69,1.15,0.36,1315,1,96.15,60
14/07/2016,17:00:00,17,Jul-16,Rainy-2016,31.95,32.3,31.75,76,27.2,1.1,,2.01,4.25,,31.95,42.3,42.3,,998.2,0,0,362,31.14,410.5,1.8,0.29,2.2,0,0.28,25.65,46,13.15,25.45,8.49,1.15,0.25,701,1,51.25,60
14/07/2016,18:00:00,18,Jul-16,Rainy-2016,31.15,31.75,31.15,76.5,26.5,0.9,,1.61,3.8,,31.15,39.6,39.6,,998.65,0,0,147.5,12.69,193.5,0.5,0.08,0.85,0,0.27,27.05,49,15.45,27.15,8.99,1.14,0.13,1191,1,87.1,60
14/07/2016,19:00:00,19,Jul-16,Rainy-2016,29.9,30.5,29.9,79,25.85,0.9,,1.61,4,,29.9,36.75,36.75,,999.1,0,0,21,1.81,42,0,0,0,0,0.24,27.7,52.5,17.1,28.25,9.52,1.14,0.03,1164,1,85.05,60
14/07/2016,20:00:00,20,Jul-16,Rainy-2016,29.2,29.45,29.2,82.5,25.9,0.9,,1.61,3.35,,29.2,35.75,35.75,,1000.05,0,0,0,0,0,0,0,0,0,0.23,27.95,54.5,17.9,28.75,9.8,1.13,0.03,1401,1,100,60
14/07/2016,21:00:00,21,Jul-16,Rainy-2016,28.9,29.05,28.9,84,25.95,0.9,,1.61,3.6,,28.9,35.5,35.5,,1001,0,0,0,0,0,0,0,0,0,0.22,28.15,56.5,18.65,29.25,10.13,1.13,0.03,1402,1,100,60
14/07/2016,22:00:00,22,Jul-16,Rainy-2016,28.65,28.75,28.65,86,26.05,0.4,,0.8,2.9,,28.65,35.15,35.15,,1001.9,0,0,0,0,0,0,0,0,0,0.22,28.25,57,18.9,29.45,10.21,1.13,0.03,1405,1,100,60
14/07/2016,23:00:00,23,Jul-16,Rainy-2016,28.4,28.5,28.4,88,26.25,0.2,,0.4,2.9,,28.4,34.8,34.8,,1001.75,0,0,0,0,0,0,0,0,0,0.21,28.3,58,19.3,29.7,10.35,1.13,0.03,1402,1,100,60
15/07/2016,00:00:00,24,Jul-16,Rainy-2016,28.35,28.4,28.35,89,26.4,0.4,,0.8,3.35,,28.35,34.9,34.9,,1001.7,0,0,0,0,0,0,0,0,0,0.21,28.4,59,19.7,29.9,10.55,1.13,0.03,1401,1,100,60
15/07/2016,01:00:00,1,Jul-16,Rainy-2016,28.3,28.3,28.25,89,26.3,0.65,,1.21,3.1,,28.3,34.6,34.6,,1001.35,0,0,0,0,0,0,0,0,0,0.21,28.55,59.5,19.85,30.2,10.65,1.13,0.03,1403,1,100,60
15/07/2016,02:00:00,2,Jul-16,Rainy-2016,28.15,28.25,28.15,89.5,26.25,0.4,,0.8,2.9,,28.15,34.15,34.15,,1000.6,0,0,0,0,0,0,0,0,0,0.2,28.6,60.5,20.2,30.45,10.85,1.13,0.03,1402,1,100,60
15/07/2016,03:00:00,3,Jul-16,Rainy-2016,28.05,28.1,28.05,89.5,26.15,0.4,,0.8,2.25,,28.05,34.05,34.05,,1000.1,0,0,0,0,0,0,0,0,0,0.2,28.6,61,20.4,30.6,10.95,1.13,0.03,1400,1,100,60
15/07/2016,04:00:00,4,Jul-16,Rainy-2016,28.2,28.2,28.05,89.5,26.3,0.4,,0.8,1.8,,28.2,34.45,34.45,,999.95,0,0,0,0,0,0,0,0,0,0.21,28.65,61,20.4,30.65,10.95,1.13,0.03,1401,1,100,60
15/07/2016,05:00:00,5,Jul-16,Rainy-2016,28.25,28.3,28.25,90.5,26.55,0.2,,0.4,1.55,,28.25,34.7,34.7,,999.8,0,0,0,0,0,0,0,0,0,0.21,28.7,62,20.7,30.9,11.08,1.13,0,1398,1,100,60
15/07/2016,06:00:00,6,Jul-16,Rainy-2016,28.3,28.3,28.2,91,26.7,0.4,,0.8,1.8,,28.3,35.05,35.05,,1000.15,0,0,12,1.04,19.5,0,0,0,0,0.21,28.7,62,20.7,30.9,11.08,1.13,0,1391,1,100,60
15/07/2016,07:00:00,7,Jul-16,Rainy-2016,29,29,28.6,88.5,26.9,0.4,,0.8,1.8,,29,36.6,36.6,,1000.8,0,0,71,6.11,103.5,0.2,0.03,0.35,0,0.22,28.8,63,21.05,31.25,11.27,1.13,0.05,1398,1,100,60
15/07/2016,08:00:00,8,Jul-16,Rainy-2016,29.55,29.7,29.3,87,27.2,0.4,,0.8,1.8,,29.55,37.75,37.75,,1001.25,0,0,98,8.43,188,0.75,0.12,1.3,0,0.23,28.8,63,21.1,31.3,11.27,1.13,0.08,1398,1,100,60
15/07/2016,09:00:00,9,Jul-16,Rainy-2016,29.45,29.65,29.3,87.5,27.15,0.4,,0.8,1.8,,29.45,37.55,37.55,,1001.3,0,0,145,12.47,281,1.6,0.26,2.35,0,0.23,28.9,64,21.4,31.6,11.47,1.13,0.1,1310,1,95.25,60
15/07/2016,10:00:00,10,Jul-16,Rainy-2016,30.3,30.4,29.45,85.5,27.6,0.65,,1.21,3.35,,30.3,40.1,40.1,,1001.35,0.2,0,213,18.33,495.5,2.15,0.35,4.9,0,0.25,28.9,65,21.7,31.9,11.67,1.13,0.15,844,1,61.7,60
15/07/2016,11:00:00,11,Jul-16,Rainy-2016,31.2,31.4,30.65,80,27.35,1.1,,2.01,3.6,,31.2,40.7,40.7,,1001.05,0,0,302.5,26.01,562.5,4.55,0.73,8,0,0.27,29,66,22,32.2,11.87,1.12,0.3,840,1,61.4,60
15/07/2016,12:00:00,12,Jul-16,Rainy-2016,32.25,32.25,31.55,79,28.15,1.1,,2.01,3.55,,32.25,45,45,,1000.3,0,0,582.5,50.1,924.5,6.55,1.06,9.2,0,0.29,29.1,66.5,22.2,32.4,11.96,1.12,0.38,792,1,57.9,60
15/07/2016,13:00:00,13,Jul-16,Rainy-2016,32.55,33.25,32.1,74.5,27.4,0.9,,1.61,3.8,,32.55,44,44,,999.7,0,0,558.5,48.04,626.5,6.7,1.08,7.3,0,0.3,29.15,67,22.45,32.7,12.06,1.12,0.38,456,1,33.35,60
15/07/2016,14:00:00,14,Jul-16,Rainy-2016,29.7,30.9,29.7,87,27.3,0.65,,1.21,3.1,,29.7,38.25,38.25,,999.55,2.2,40.5,117.5,10.1,205.5,1.35,0.22,2.35,0,0.24,29.15,68,22.65,32.85,12.26,1.12,0.08,1153,1,84,60
15/07/2016,15:00:00,15,Jul-16,Rainy-2016,29.95,31.15,28.85,85,27.1,0.9,,1.61,3.6,,29.95,38.45,38.45,,999.4,0.6,1.7,189.5,16.3,495,2.1,0.34,4.2,0,0.24,29.15,68,22.65,32.85,12.26,1.12,0.15,1405,1,100,60
15/07/2016,16:00:00,16,Jul-16,Rainy-2016,29.5,29.8,29,88,27.3,0.9,,1.61,3.8,,29.5,37.9,37.9,,999.1,0,0,170,14.62,463,1.65,0.27,2.9,0,0.23,29.2,68,22.7,32.9,12.26,1.12,0.13,1400,1,100,60
15/07/2016,17:00:00,17,Jul-16,Rainy-2016,28.85,29.15,28.75,85.5,26.2,1.1,,2.01,4.5,,28.85,35.6,35.6,,999.2,0,0,112.5,9.68,177.5,0.8,0.13,1.15,0,0.22,29.2,69,22.9,33.1,12.37,1.12,0.08,1397,1,100,60
15/07/2016,18:00:00,18,Jul-16,Rainy-2016,29.1,29.5,28.85,82.5,25.85,0.9,,1.61,4.25,,29.1,35.65,35.65,,999.35,0,0,108.5,9.33,177.5,0.4,0.07,0.5,0,0.23,29.2,69,22.9,33.1,12.37,1.12,0.08,1322,1,96.6,60
15/07/2016,19:00:00,19,Jul-16,Rainy-2016,28.65,28.75,28.65,83.5,25.55,0.4,,0.8,2.9,,28.65,34.6,34.6,,1000.2,0,0,12.5,1.08,23.5,0,0,0,0,0.21,29.2,69,22.9,33.1,12.37,1.12,0.03,1378,1,100,60
15/07/2016,20:00:00,20,Jul-16,Rainy-2016,28.65,28.7,28.6,86.5,26.15,0.4,,0.8,2.7,,28.65,35.15,35.15,,1001.3,0,0,0,0,0,0,0,0,0,0.21,29.2,69,22.9,33.1,12.37,1.12,0.03,1344,1,98.25,60
15/07/2016,21:00:00,21,Jul-16,Rainy-2016,28.6,28.7,28.6,87,26.2,0.4,,0.8,2,,28.6,35.05,35.05,,1002,0,0,0,0,0,0,0,0,0,0.21,29.2,69,22.9,33.15,12.37,1.12,0.03,1215,1,88.8,60
15/07/2016,22:00:00,22,Jul-16,Rainy-2016,28.2,28.4,28.2,86.5,25.7,0.2,,0.4,1.3,,28.2,33.85,33.85,,1002.35,0,0,0,0,0,0,0,0,0,0.21,29.2,69.5,23.05,33.3,12.47,1.12,0.03,1393,1,100,60
15/07/2016,23:00:00,23,Jul-16,Rainy-2016,28,28.15,28,88.5,25.95,0.4,,0.8,3.1,,28,33.75,33.75,,1002.7,0,0,0,0,0,0,0,0,0,0.2,29.2,70,23.15,33.35,12.58,1.12,0.03,1389,1,100,60
16/07/2016,00:00:00,24,Jul-16,Rainy-2016,27.8,27.85,27.75,90,26,0.4,,0.8,2.9,,27.8,33.4,33.4,,1002.75,0,0,0,0,0,0,0,0,0,0.2,29.2,70,23.2,33.4,12.57,1.12,0.03,1382,1,100,60
16/07/2016,01:00:00,1,Jul-16,Rainy-2016,27.8,27.8,27.8,90,26,0.2,,0.4,1.3,,27.8,33.4,33.4,,1002.2,0,0,0,0,0,0,0,0,0,0.2,29.2,70,23.2,33.4,12.57,1.12,0,1402,1,100,60
16/07/2016,02:00:00,2,Jul-16,Rainy-2016,27.4,27.65,27.4,93,26.15,0,,0,0.9,,27.4,32.75,32.75,,1001.5,0,0,0,0,0,0,0,0,0,0.19,29.2,70,23.2,33.4,12.57,1.12,0,1403,1,100,60
16/07/2016,03:00:00,3,Jul-16,Rainy-2016,27.25,27.3,27.2,93.5,26.15,0,,0,1.3,,27.25,32.5,32.5,,1000.9,0,0,0,0,0,0,0,0,0,0.19,29.2,70,23.2,33.4,12.57,1.12,0,1400,1,100,60
16/07/2016,04:00:00,4,Jul-16,Rainy-2016,27.45,27.45,27.35,93,26.25,0.4,,0.8,2,,27.45,32.95,32.95,,1000.9,0.4,5.3,0,0,0,0,0,0,0,0.19,29.2,70,23.2,33.4,12.57,1.12,0,1396,1,100,60
16/07/2016,05:00:00,5,Jul-16,Rainy-2016,26.4,27.05,26.4,95.5,25.6,0.4,,0.8,2.9,,26.4,30.7,30.7,,1001.05,13.8,40.6,0,0,0,0,0,0,0,0.17,29.25,70,23.2,33.45,12.57,1.12,0,1017,1,74.35,60
16/07/2016,06:00:00,6,Jul-16,Rainy-2016,26.3,26.3,26.25,96.5,25.7,0,,0,0.9,,26.3,30.55,30.55,,1001.2,6,11.9,0,0,0,0,0,0,0,0.17,29.2,70,23.2,33.4,12.57,1.12,0,1289,1,94.25,60
16/07/2016,07:00:00,7,Jul-16,Rainy-2016,26.5,26.5,26.35,97,26,0.4,,0.8,2.9,,26.5,31.15,31.15,,1002.05,2.4,5.7,4,0.35,7,0,0,0,0,0.17,29.2,70,23.15,33.35,12.58,1.12,0,1357,1,99.2,60
16/07/2016,08:00:00,8,Jul-16,Rainy-2016,26.6,26.7,26.6,96,25.9,0.4,,0.8,2,,26.6,31.2,31.2,,1002.9,1,1.9,22,1.9,38,0,0,0,0,0.17,29.2,70.5,23.25,33.4,12.73,1.12,0.03,1205,1,88.05,60
16/07/2016,09:00:00,9,Jul-16,Rainy-2016,26.35,26.5,26.35,95,25.55,0.4,,0.8,2,,26.35,30.55,30.55,,1003.5,0.6,1.2,35.5,3.05,41,0.05,0.01,0.5,0,0.17,29.25,70.5,23.35,33.55,12.72,1.12,0.03,766,1,56,60
16/07/2016,10:00:00,10,Jul-16,Rainy-2016,26.45,26.5,26.3,95,25.6,0.4,,0.8,3.15,,26.45,30.65,30.65,,1004.15,0.4,0,55,4.73,92.5,0.3,0.05,1,0,0.17,29.2,71,23.4,33.5,12.87,1.12,0.03,1392,1,100,60
16/07/2016,11:00:00,11,Jul-16,Rainy-2016,27.2,27.2,26.75,95,26.3,0.4,,0.8,2.9,,27.2,32.6,32.6,,1004.5,0.2,0,117,10.06,163,1.3,0.21,1.8,0,0.18,29.2,71,23.4,33.5,12.87,1.13,0.08,1395,1,100,60
16/07/2016,12:00:00,12,Jul-16,Rainy-2016,28,28.1,27.7,91,26.4,0.65,,1.21,4,,28,34.25,34.25,,1004.55,0,0,177,15.22,208,2.05,0.33,2.4,0,0.2,29.2,71,23.4,33.5,12.87,1.13,0.13,1402,1,100,60
16/07/2016,13:00:00,13,Jul-16,Rainy-2016,28.05,28.25,27.8,90.5,26.35,0.9,,1.61,3.6,,28.05,34.15,34.15,,1004.35,0,0,171,14.7,238,1.9,0.31,2.7,0,0.2,29.2,71.5,23.5,33.6,13.06,1.12,0.13,1401,1,100,60
16/07/2016,14:00:00,14,Jul-16,Rainy-2016,28.5,28.55,28.2,89.5,26.6,0.9,,1.61,4.05,,28.5,35.25,35.25,,1003.7,0,0,172.5,14.83,218.5,2,0.33,2.55,0,0.21,27.15,53,16.7,27.75,9.59,1.14,0.13,1400,1,100,60
16/07/2016,15:00:00,15,Jul-16,Rainy-2016,28.2,29.3,27.95,88.5,26.1,0.85,,1.61,4.05,,28.2,34.35,34.35,,1003.05,0,0,157,13.5,232.5,1.6,0.26,2.5,0,0.21,24.85,45,12.05,24.55,8.42,1.16,0.1,1402,1,100,60
16/07/2016,16:00:00,16,Jul-16,Rainy-2016,26.8,27,26.75,92,25.4,1.1,,2.01,4.25,,26.8,31.15,31.15,,1002.95,0.6,1.3,60,5.16,184.5,0.35,0.06,1.45,0,0.18,24.4,46,12.05,24.25,8.58,1.16,0.05,1400,1,100,60
16/07/2016,17:00:00,17,Jul-16,Rainy-2016,27.35,27.45,27.05,92.5,26.05,0.65,,1.21,3.6,,27.35,32.6,32.6,,1003.2,0.2,0,104,8.94,143.5,0.65,0.1,0.9,0,0.19,24.95,48.5,13.35,24.95,8.96,1.16,0.08,1403,1,100,60
16/07/2016,18:00:00,18,Jul-16,Rainy-2016,26.9,27.1,26.85,94.5,25.9,0.65,,1.21,2.45,,26.9,31.65,31.65,,1003.65,0.8,1.4,21,1.8,26.5,0,0,0,0,0.18,26.75,50.5,15.6,26.9,9.25,1.15,0.03,699,1,51.1,60
16/07/2016,19:00:00,19,Jul-16,Rainy-2016,27,27,26.9,95,26.15,0.65,,1.21,3.35,,27,32.1,32.1,,1004.35,0.4,6.3,2.5,0.22,5.5,0,0,0,0,0.18,27.3,52.5,16.75,27.65,9.53,1.14,0,971,1,70.95,60
16/07/2016,20:00:00,20,Jul-16,Rainy-2016,27.15,27.2,27.1,93.5,26,0.9,,1.61,3.8,,27.15,32.1,32.1,,1005.4,0,0,0,0,0,0,0,0,0,0.18,27.55,55,17.7,28.25,9.9,1.14,0,1403,1,100,60
16/07/2016,21:00:00,21,Jul-16,Rainy-2016,26.85,27,26.85,92,25.45,0.65,,1.21,3.35,,26.85,31.25,31.25,,1006.25,0,0,0,0,0,0,0,0,0,0.18,27.7,56.5,18.25,28.6,10.12,1.14,0,1402,1,100,60
16/07/2016,22:00:00,22,Jul-16,Rainy-2016,26.9,26.9,26.8,92.5,25.6,0.65,,1.21,3.1,,26.9,31.4,31.4,,1007.05,0,0,0,0,0,0,0,0,0,0.18,27.8,58.5,18.95,28.95,10.45,1.14,0,1259,1,92.05,60
16/07/2016,23:00:00,23,Jul-16,Rainy-2016,27.05,27.05,26.95,93,25.8,0.9,,1.61,3.35,,27.05,31.75,31.75,,1007.3,0,0,0,0,0,0,0,0,0,0.18,27.9,60,19.45,29.25,10.75,1.14,0,1402,1,100,60
17/07/2016,00:00:00,24,Jul-16,Rainy-2016,26.95,27.05,26.95,92,25.55,0.65,,1.21,2.45,,26.95,31.5,31.5,,1006.7,0,0,0,0,0,0,0,0,0,0.18,27.9,61,19.7,29.4,10.95,1.14,0,1403,1,100,60
17/07/2016,01:00:00,1,Jul-16,Rainy-2016,26.9,26.95,26.9,93,25.7,0.4,,0.8,2.9,,26.9,31.6,31.6,,1006.1,0,0,0,0,0,0,0,0,0,0.18,28,62,20,29.6,11.1,1.14,0,1401,1,100,60
17/07/2016,02:00:00,2,Jul-16,Rainy-2016,27.25,27.25,27.05,93,25.95,0.9,,1.61,3.35,,27.25,32.25,32.25,,1005.8,0,0,0,0,0,0,0,0,0,0.19,28.05,63,20.35,29.75,11.3,1.14,0,1403,1,100,60
17/07/2016,03:00:00,3,Jul-16,Rainy-2016,27.5,27.5,27.35,93,26.25,0.9,,1.61,3.35,,27.5,33.1,33.1,,1005.65,0,0,0,0,0,0,0,0,0,0.19,28.1,63.5,20.5,29.85,11.4,1.14,0,1400,1,100,60
17/07/2016,04:00:00,4,Jul-16,Rainy-2016,27.65,27.65,27.6,93,26.35,0.65,,1.21,3.15,,27.65,33.5,33.5,,1005.4,0,0,0,0,0,0,0,0,0,0.19,28.1,64,20.7,30,11.5,1.14,0,1402,1,100,60
17/07/2016,05:00:00,5,Jul-16,Rainy-2016,27.8,27.8,27.7,92.5,26.45,0.65,,1.21,3.35,,27.8,33.9,33.9,,1005.5,0,0,0,0,0,0,0,0,0,0.2,28.1,65,20.9,30.1,11.7,1.13,0,1399,1,100,60
17/07/2016,06:00:00,6,Jul-16,Rainy-2016,27.85,27.85,27.75,92.5,26.5,0.65,,1.21,3.6,,27.85,34.15,34.15,,1005.85,0,0,2,0.17,5.5,0,0,0,0,0.2,28.2,65,21,30.2,11.7,1.13,0,1400,1,100,60
17/07/2016,07:00:00,7,Jul-16,Rainy-2016,28.05,28.1,27.9,91.5,26.5,0.65,,1.21,3.6,,28.05,34.4,34.4,,1006.55,0.2,0,28.5,2.46,59.5,0.05,0.01,0.3,0,0.2,28.2,65,21,30.2,11.7,1.14,0.03,1289,1,93.2,60
17/07/2016,08:00:00,8,Jul-16,Rainy-2016,28.9,28.9,28.35,89.5,27,0.9,,1.61,3.35,,28.9,36.5,36.5,,1007.15,0,0,143.5,12.35,193,0.95,0.16,1.3,0,0.22,28.2,66,21.25,30.4,11.9,1.14,0.1,1382,1,100,60
17/07/2016,09:00:00,9,Jul-16,Rainy-2016,29.75,29.75,29.2,87.5,27.45,0.9,,1.61,3.6,,29.75,38.55,38.55,,1007.55,0,0,201.5,17.33,312,1.7,0.27,2.8,0,0.24,28.2,66,21.3,30.4,11.89,1.14,0.15,1348,1,98.55,60
17/07/2016,10:00:00,10,Jul-16,Rainy-2016,30.5,30.7,30.1,84,27.45,1.1,,2.01,4.05,,30.5,40.05,40.05,,1007.6,0,0,319.5,27.48,615.5,3.7,0.59,5.95,0,0.25,27.9,63.5,20.3,29.65,11.42,1.14,0.28,1385,1,100,60
17/07/2016,11:00:00,11,Jul-16,Rainy-2016,31.3,31.55,30.7,81.5,27.75,0.9,,1.61,5.6,,31.3,41.8,41.8,,1007.2,0,0,368,31.66,931,4.6,0.74,8.35,0,0.27,26,52.5,15.5,26.2,9.56,1.15,0.3,1403,1,100,60
17/07/2016,12:00:00,12,Jul-16,Rainy-2016,32.15,32.25,31.4,78,27.85,0.9,,1.61,4,,32.15,44.1,44.1,,1006.5,0,0,457.5,39.35,924,6,0.97,9.6,0,0.29,25.45,50,14.25,25.45,9.18,1.16,0.36,1382,1,100,60
17/07/2016,13:00:00,13,Jul-16,Rainy-2016,28.45,30.5,28.05,86.5,26,1.1,,2.01,4.25,,28.45,34.65,34.65,,1006,2.2,47.2,204.5,17.59,632.5,2.75,0.44,6.6,0,0.21,25.15,47,13.05,24.9,8.71,1.16,0.18,1392,1,100,60
17/07/2016,14:00:00,14,Jul-16,Rainy-2016,31,31,29.5,79.5,27.05,1.1,,2.01,4.5,,31,40.2,40.2,,1005.55,0,0,548.5,47.17,829.5,5.85,0.94,7.45,0,0.26,25.05,46.5,12.8,24.8,8.61,1.16,0.38,1357,1,98.6,60
17/07/2016,15:00:00,15,Jul-16,Rainy-2016,31.05,31.55,30.9,74.5,26,1.1,,2.01,4.7,,31.05,38.5,38.5,,1005.05,0,0,426,36.64,524.5,4.25,0.69,4.95,0,0.27,24.95,44.5,12,24.65,8.31,1.16,0.3,1370,1,99.05,60
17/07/2016,16:00:00,16,Jul-16,Rainy-2016,28.35,31.2,28.35,84.5,25.4,1.55,,2.82,6.9,,28.35,33.8,33.8,,1005.5,6,40.3,147,12.64,272.5,1.35,0.22,2.35,0,0.21,24.95,46.5,12.65,24.7,8.62,1.16,0.13,1231,1,89.4,60
17/07/2016,17:00:00,17,Jul-16,Rainy-2016,26.1,26.1,25.9,94.5,25.1,1.1,,2.01,4,,26.1,29.8,29.8,,1005.6,0.4,5.7,35.5,3.05,48,0,0,0,0,0.16,25.35,48,13.5,25.2,8.85,1.16,0.03,729,1,53.3,60
17/07/2016,18:00:00,18,Jul-16,Rainy-2016,26.2,26.25,26.1,94,25.15,0.4,,0.8,1.8,,26.2,29.95,29.95,,1005.45,0,0,37.5,3.23,39.5,0,0,0,0,0.16,26.5,51.5,15.7,26.65,9.4,1.15,0.03,1395,1,100,60
17/07/2016,19:00:00,19,Jul-16,Rainy-2016,26.2,26.3,26.2,94,25.2,0.2,,0.4,1.1,,26.2,30,30,,1005.7,0,0,15.5,1.34,24.5,0,0,0,0,0.16,27,52.5,16.45,27.25,9.54,1.15,0,1402,1,100,60
17/07/2016,20:00:00,20,Jul-16,Rainy-2016,26.45,26.45,26.25,93,25.2,0.2,,0.4,1.3,,26.45,30.3,30.3,,1006,0,0,0,0,0,0,0,0,0,0.17,27.15,54.5,17.2,27.6,9.8,1.14,0,1402,1,100,60
17/07/2016,21:00:00,21,Jul-16,Rainy-2016,26.75,26.75,26.6,93,25.5,0.4,,0.8,2.45,,26.75,31.1,31.1,,1006.65,0,0,0,0,0,0,0,0,0,0.18,27.3,55.5,17.6,27.9,9.95,1.14,0,1404,1,100,60
17/07/2016,22:00:00,22,Jul-16,Rainy-2016,26.7,26.75,26.65,90,24.9,0.4,,0.8,2.65,,26.7,30.45,30.45,,1006.9,0,0,0,0,0,0,0,0,0,0.17,27.4,57,18.15,28.2,10.18,1.14,0,1397,1,100,60
17/07/2016,23:00:00,23,Jul-16,Rainy-2016,26.7,26.75,26.6,92,25.3,0.9,,1.61,3.6,,26.7,30.8,30.8,,1006.4,0,0,0,0,0,0,0,0,0,0.17,27.5,58.5,18.65,28.45,10.45,1.14,0,1404,1,100,60
18/07/2016,00:00:00,24,Jul-16,Rainy-2016,27,27,26.8,92.5,25.65,0.65,,1.21,3.35,,27,31.55,31.55,,1005.95,0,0,0,0,0,0,0,0,0,0.18,27.6,59.5,18.95,28.65,10.65,1.14,0,1402,1,100,60
18/07/2016,01:00:00,1,Jul-16,Rainy-2016,26.05,26.8,26.05,93.5,24.95,1.55,,2.82,5.35,,26.05,29.6,29.6,,1005.45,0.8,10.1,0,0,0,0,0,0,0,0.16,27.65,60.5,19.3,28.8,10.85,1.14,0,1400,1,100,60
18/07/2016,02:00:00,2,Jul-16,Rainy-2016,25.8,25.8,25.7,95,25,0.4,,0.8,3.1,,25.8,29.2,29.2,,1004.75,0,0,0,0,0,0,0,0,0,0.16,27.7,61.5,19.6,29,11.03,1.14,0,1403,1,100,60
18/07/2016,03:00:00,3,Jul-16,Rainy-2016,25.65,26,25.6,93.5,24.55,1.55,,2.82,5.8,,25.65,28.65,28.65,,1004.95,0.8,2.4,0,0,0,0,0,0,0,0.15,27.7,62.5,19.9,29.15,11.21,1.14,0,1400,1,100,60
18/07/2016,04:00:00,4,Jul-16,Rainy-2016,25.35,25.45,25.35,94.5,24.45,1.55,,2.82,4.25,,25.35,28.2,28.2,,1004.65,1.2,3.4,0,0,0,0,0,0,0,0.15,27.7,63.5,20.15,29.25,11.41,1.14,0,1403,1,100,60
18/07/2016,05:00:00,5,Jul-16,Rainy-2016,25.3,25.3,25.25,95,24.5,1.1,,2.01,4.5,,25.3,28.1,28.1,,1004.7,0.4,0.4,0,0,0,0,0,0,0,0.15,27.7,64,20.3,29.3,11.51,1.14,0,1401,1,100,60
18/07/2016,06:00:00,6,Jul-16,Rainy-2016,25.55,25.55,25.35,96,24.9,0.4,,0.8,2,,25.55,28.65,28.65,,1004.7,0,0,4.5,0.39,10.5,0,0,0,0,0.15,27.8,64,20.3,29.4,11.51,1.14,0,1403,1,100,60
18/07/2016,07:00:00,7,Jul-16,Rainy-2016,26.25,26.3,25.9,95,25.4,0.4,,0.8,1.8,,26.25,30.25,30.25,,1004.85,0,0,52.5,4.52,62.5,0,0,0,0,0.17,27.8,64,20.3,29.4,11.51,1.14,0.03,1401,1,100,60
18/07/2016,08:00:00,8,Jul-16,Rainy-2016,26.65,26.65,26.5,93.5,25.55,0.4,,0.8,2.65,,26.65,30.95,30.95,,1005.55,0,0,45,3.87,56,0,0,0,0,0.17,27.8,64,20.4,29.6,11.51,1.14,0.03,1400,1,100,60
18/07/2016,09:00:00,9,Jul-16,Rainy-2016,27.3,27.3,26.85,92.5,25.95,0.4,,0.8,2,,27.3,32.4,32.4,,1005.9,0,0,98,8.43,117,0.85,0.14,1.05,0,0.19,27.8,65,20.6,29.7,11.71,1.14,0.08,1340,1,97.95,60
18/07/2016,10:00:00,10,Jul-16,Rainy-2016,28.25,28.3,27.85,90.5,26.5,0.4,,0.8,2.25,,28.25,34.8,34.8,,1005.65,0,0,182.5,15.7,233,1.85,0.3,2.45,0,0.21,27.8,65,20.6,29.7,11.71,1.14,0.13,1401,1,100,60
18/07/2016,11:00:00,11,Jul-16,Rainy-2016,28.9,28.95,28.65,89.5,27,0.65,,1.21,3.1,,28.9,36.55,36.55,,1005.5,0,0,191.5,16.47,244.5,2.2,0.35,2.75,0,0.22,26.7,57,17.45,27.3,10.26,1.15,0.13,1403,1,100,60
18/07/2016,12:00:00,12,Jul-16,Rainy-2016,29.3,29.45,29.05,87.5,27.05,0.9,,1.61,3.35,,29.3,37.25,37.25,,1005.15,0,0,264.5,22.75,347.5,3.15,0.51,4.05,0,0.23,25.5,49,14,25.45,9.05,1.15,0.18,1399,1,100,60
18/07/2016,13:00:00,13,Jul-16,Rainy-2016,30,30,29.5,85.5,27.3,0.9,,1.61,3.15,,30,38.75,38.75,,1004.45,0,0,269,23.13,382,3.2,0.51,5,0,0.24,25.1,46.5,12.85,24.9,8.61,1.16,0.2,1402,1,100,60
18/07/2016,14:00:00,14,Jul-16,Rainy-2016,30.7,30.8,30.35,83,27.5,0.65,,1.21,3.6,,30.7,40.5,40.5,,1003.75,0,0,312.5,26.88,373.5,3.45,0.55,4,0,0.26,24.8,45.5,12.2,24.55,8.47,1.16,0.23,1391,1,100,60
18/07/2016,15:00:00,15,Jul-16,Rainy-2016,29.75,30.45,29.75,87.5,27.45,0.4,,0.8,2.9,,29.75,38.65,38.65,,1002.9,0.4,2.3,148,12.73,227.5,1.55,0.25,2.4,0,0.24,24.85,46,12.45,24.65,8.52,1.16,0.1,1399,1,100,60
18/07/2016,16:00:00,16,Jul-16,Rainy-2016,28.35,29.3,28.35,90.5,26.65,1.1,,2.01,3.8,,28.35,35.2,35.2,,1002.4,0.2,0,95.5,8.21,171,0.8,0.13,1.55,0,0.21,24.75,45,12.05,24.55,8.42,1.16,0.08,1402,1,100,60
18/07/2016,17:00:00,17,Jul-16,Rainy-2016,27.55,27.65,27.4,94.5,26.6,0.4,,0.8,1.55,,27.55,33.65,33.65,,1001.8,1.4,2.8,49.5,4.26,64.5,0,0,0,0,0.19,24.95,44.5,12,24.65,8.31,1.16,0.03,1389,1,100,60
18/07/2016,18:00:00,18,Jul-16,Rainy-2016,27.85,27.85,27.75,95,27,0.2,,0.4,0.9,,27.85,34.65,34.65,,1001.5,0.4,0.6,58,4.99,69.5,0,0,0,0,0.2,26.1,49,14.6,26.15,9.02,1.15,0.05,1402,1,100,60
18/07/2016,19:00:00,19,Jul-16,Rainy-2016,28.1,28.1,28,94.5,27.1,0,,0,1.1,,28.1,35.2,35.2,,1002.05,0,0,9,0.77,18.5,0,0,0,0,0.2,26.65,51.5,15.8,26.8,9.4,1.14,0,1403,1,100,60
18/07/2016,20:00:00,20,Jul-16,Rainy-2016,28.1,28.2,28.1,95,27.2,0,,0,1.3,,28.1,35.4,35.4,,1002.35,0,0,0,0,0,0,0,0,0,0.2,26.85,53.5,16.6,27.2,9.7,1.14,0,1402,1,100,60
18/07/2016,21:00:00,21,Jul-16,Rainy-2016,28.2,28.2,28.15,95,27.3,0.4,,0.8,2.25,,28.2,35.8,35.8,,1002.8,0,0,0,0,0,0,0,0,0,0.21,27.05,55.5,17.35,27.5,9.95,1.14,0,1403,1,100,60
18/07/2016,22:00:00,22,Jul-16,Rainy-2016,28,28.15,28,93,26.8,0.4,,0.8,2.9,,28,34.8,34.8,,1003.5,0,0,0,0,0,0,0,0,0,0.2,27.15,57.5,18.05,27.85,10.26,1.14,0,1405,1,100,60
18/07/2016,23:00:00,23,Jul-16,Rainy-2016,27.75,27.85,27.75,93,26.5,0.4,,0.8,2.7,,27.75,33.9,33.9,,1003.5,0,0,0,0,0,0,0,0,0,0.2,27.25,58.5,18.4,28.1,10.45,1.14,0,1404,1,100,60
19/07/2016,00:00:00,24,Jul-16,Rainy-2016,27.75,27.8,27.7,93,26.5,0.4,,0.8,2.45,,27.75,33.9,33.9,,1003.2,0,0,0,0,0,0,0,0,0,0.2,27.3,59.5,18.75,28.25,10.65,1.14,0,1401,1,100,60
19/07/2016,01:00:00,1,Jul-16,Rainy-2016,27.8,27.8,27.8,93,26.5,0.4,,0.8,2.9,,27.8,34,34,,1002.6,0,0,0,0,0,0,0,0,0,0.2,27.35,60.5,19.05,28.4,10.85,1.14,0,1400,1,100,60
19/07/2016,02:00:00,2,Jul-16,Rainy-2016,27.75,27.8,27.7,93.5,26.55,0.4,,0.8,2,,27.75,33.9,33.9,,1002.3,0,0,0,0,0,0,0,0,0,0.2,27.4,61,19.25,28.55,10.95,1.14,0,1399,1,100,60
19/07/2016,03:00:00,3,Jul-16,Rainy-2016,27.7,27.7,27.65,94,26.6,0.2,,0.4,2,,27.7,33.8,33.8,,1001.85,0,0,0,0,0,0,0,0,0,0.19,27.4,62,19.5,28.7,11.12,1.14,0,1400,1,100,60
19/07/2016,04:00:00,4,Jul-16,Rainy-2016,27.6,27.7,27.55,94,26.55,0.65,,1.21,3.8,,27.6,33.6,33.6,,1001.65,0,0,0,0,0,0,0,0,0,0.19,27.5,62,19.6,28.8,11.12,1.13,0,1402,1,100,60
19/07/2016,05:00:00,5,Jul-16,Rainy-2016,27.45,27.65,27.45,95.5,26.65,0.45,,0.81,2.2,,27.45,33.5,33.5,,1001.7,4.8,42,0,0,0,0,0,0,0,0.19,27.6,63,19.9,29,11.32,1.13,0,1405,1,100,60
19/07/2016,06:00:00,6,Jul-16,Rainy-2016,27.35,27.35,27.3,96,26.65,0.4,,0.8,2.9,,27.35,33.25,33.25,,1002.2,0,0,3,0.26,7,0,0,0,0,0.19,27.6,63.5,20.05,29.1,11.42,1.13,0,1405,1,100,60
19/07/2016,07:00:00,7,Jul-16,Rainy-2016,26.8,27.3,26.8,94.5,25.9,0.4,,0.8,2.25,,26.8,31.55,31.55,,1002.75,0.6,11.2,14.5,1.24,23,0,0,0,0,0.18,27.6,64,20.15,29.15,11.52,1.13,0,1402,1,100,60
19/07/2016,08:00:00,8,Jul-16,Rainy-2016,26.5,26.5,26.4,96,25.8,0,,0,0.2,,26.5,30.95,30.95,,1003.35,0.2,0.5,40,3.44,61.5,0,0,0.25,0,0.17,27.6,64,20.2,29.2,11.52,1.14,0.03,1402,1,100,60
19/07/2016,09:00:00,9,Jul-16,Rainy-2016,26.9,26.9,26.7,95.5,26.1,0.2,,0.4,1.55,,26.9,31.85,31.85,,1003.95,0,0,57,4.91,130.5,0.35,0.06,1.3,0,0.18,27.6,64,20.2,29.2,11.52,1.14,0.03,1377,1,99.5,60
19/07/2016,10:00:00,10,Jul-16,Rainy-2016,27.65,27.7,27.2,93.5,26.55,0.65,,1.21,2.45,,27.65,33.75,33.75,,1004.1,0,0,156.5,13.46,212,1.6,0.26,2.15,0,0.19,27.65,65,20.45,29.35,11.72,1.14,0.1,1400,1,100,60
19/07/2016,11:00:00,11,Jul-16,Rainy-2016,28.15,28.25,28,92,26.7,0.4,,0.8,2.45,,28.15,34.85,34.85,,1004.15,0,0,125.5,10.79,209.5,1.35,0.22,2.3,0,0.2,25.9,52.5,15.4,26.05,9.54,1.15,0.08,1392,1,100,60
19/07/2016,12:00:00,12,Jul-16,Rainy-2016,27.9,28.05,27.85,92,26.5,0.4,,0.8,1.55,,27.9,34.1,34.1,,1003.8,0,0,87.5,7.52,114,0.95,0.16,1.3,0,0.2,25.05,47,12.95,24.85,8.71,1.16,0.05,1391,1,100,60
19/07/2016,13:00:00,13,Jul-16,Rainy-2016,28.6,28.65,28.05,89.5,26.75,0.4,,0.8,1.8,,28.6,35.8,35.8,,1003.3,0,0,209,17.98,253,2.45,0.4,2.95,0,0.21,24.65,44.5,11.75,24.4,8.33,1.16,0.13,1392,1,100,60
19/07/2016,14:00:00,14,Jul-16,Rainy-2016,29.5,29.5,29,87,27.1,0.4,,0.8,1.3,,29.5,37.55,37.55,,1002.2,0,0,238,20.47,337.5,2.65,0.43,3.5,0,0.23,24.35,44,11.3,24.1,8.23,1.16,0.15,1175,1,85.9,60
19/07/2016,15:00:00,15,Jul-16,Rainy-2016,29.8,29.85,29.6,84.5,26.9,0.4,,0.8,2.2,,29.8,37.7,37.7,,1001.75,0,0,214,18.41,268.5,2.2,0.36,2.75,0,0.24,24.25,44,11.25,24,8.24,1.16,0.15,1361,1,98.55,60
19/07/2016,16:00:00,16,Jul-16,Rainy-2016,31.15,31.45,30.35,79.5,27.15,0.4,,0.8,2.45,,31.15,40.2,40.2,,1001,0,0,366.5,31.53,530,2.5,0.4,3.15,0,0.27,24.5,45.5,11.95,24.3,8.48,1.16,0.25,1294,1,93.4,60
19/07/2016,17:00:00,17,Jul-16,Rainy-2016,30.3,30.8,30.25,78,26,0.65,,1.21,3.35,,30.3,37.65,37.65,,1000.45,0,0,190,16.34,267.5,1.25,0.2,1.55,0,0.25,25,46.5,12.75,24.9,8.66,1.15,0.15,1310,1,95.75,60
19/07/2016,18:00:00,18,Jul-16,Rainy-2016,29.15,29.75,29.15,87.5,26.85,0.4,,0.8,1.8,,29.15,36.9,36.9,,1000.85,0,0,77,6.63,99.5,0.2,0.03,0.35,0,0.23,26.25,50,15,26.4,9.16,1.15,0.08,520,1,38,60
19/07/2016,19:00:00,19,Jul-16,Rainy-2016,28.45,28.75,28.45,89,26.45,0.4,,0.8,1.75,,28.45,34.95,34.95,,1001.35,0,0,9,0.77,14,0,0,0,0,0.21,26.65,52.5,16.1,26.85,9.55,1.14,0,359,1,26.2,60
19/07/2016,20:00:00,20,Jul-16,Rainy-2016,28.05,28.2,28.05,90,26.25,0.4,,0.8,2.25,,28.05,34.05,34.05,,1002,0,0,0,0,0,0,0,0,0,0.2,26.75,54,16.65,27.15,9.75,1.14,0.03,1031,1,74.05,60
19/07/2016,21:00:00,21,Jul-16,Rainy-2016,27.9,28.05,27.9,90.5,26.2,0.4,,0.8,2,,27.9,33.8,33.8,,1002.75,0,0,0,0,0,0,0,0,0,0.2,26.9,55.5,17.25,27.35,9.95,1.14,0,1400,1,100,60
19/07/2016,22:00:00,22,Jul-16,Rainy-2016,27.55,27.75,27.55,92,26.15,0.4,,0.8,1.8,,27.55,33.1,33.1,,1003.6,0,0,0,0,0,0,0,0,0,0.19,27,57,17.8,27.6,10.16,1.14,0,1402,1,100,60
19/07/2016,23:00:00,23,Jul-16,Rainy-2016,27.6,27.6,27.55,92,26.1,0.2,,0.4,1.55,,27.6,33.1,33.1,,1003.6,0,0,0,0,0,0,0,0,0,0.19,27.1,58,18.1,27.8,10.35,1.14,0,1403,1,100,60
20/07/2016,00:00:00,24,Jul-16,Rainy-2016,27.65,27.65,27.6,93,26.4,0.4,,0.8,2,,27.65,33.6,33.6,,1003.05,0,0,0,0,0,0,0,0,0,0.19,27.15,58.5,18.3,27.9,10.45,1.14,0,1196,1,86.2,60
20/07/2016,01:00:00,1,Jul-16,Rainy-2016,27.7,27.75,27.7,93,26.5,0.4,,0.8,2.9,,27.7,33.8,33.8,,1002.85,0,0,0,0,0,0,0,0,0,0.2,27.2,59.5,18.65,28.15,10.65,1.14,0,794,1,58.05,60
20/07/2016,02:00:00,2,Jul-16,Rainy-2016,27.8,27.8,27.75,93,26.5,0.4,,0.8,2.25,,27.8,34,34,,1002.8,0,0,0,0,0,0,0,0,0,0.2,27.3,60,18.8,28.2,10.75,1.14,0,771,1,56.4,60
20/07/2016,03:00:00,3,Jul-16,Rainy-2016,27.7,27.8,27.7,94,26.7,0.2,,0.4,2.45,,27.7,34,34,,1002.25,0,0,0,0,0,0,0,0,0,0.2,27.3,61,19.1,28.4,10.95,1.14,0,845,1,61.8,60
20/07/2016,04:00:00,4,Jul-16,Rainy-2016,27.8,27.8,27.75,93.5,26.65,0.2,,0.4,1.8,,27.8,34.2,34.2,,1001.8,0,0,0,0,0,0,0,0,0,0.2,27.35,61.5,19.3,28.5,11.04,1.14,0,860,1,62.85,60
20/07/2016,05:00:00,5,Jul-16,Rainy-2016,27.75,27.8,27.75,94,26.7,0.4,,0.8,2.25,,27.75,34.1,34.1,,1001.95,0,0,0,0,0,0,0,0,0,0.2,27.4,62,19.5,28.65,11.12,1.14,0,850,1,62.1,60
20/07/2016,06:00:00,6,Jul-16,Rainy-2016,27.7,27.8,27.7,94,26.7,0.4,,0.8,1.55,,27.7,34,34,,1002.3,0,0,5,0.43,8.5,0,0,0,0,0.2,27.4,62,19.5,28.7,11.12,1.14,0,1061,1,77.6,60
20/07/2016,07:00:00,7,Jul-16,Rainy-2016,27.8,27.85,27.7,93,26.55,0.4,,0.8,1.3,,27.8,34.1,34.1,,1002.9,0,0,41,3.53,61.5,0.1,0.02,0.3,0,0.2,27.4,63,19.8,28.8,11.32,1.14,0.03,873,1,63.8,60
20/07/2016,08:00:00,8,Jul-16,Rainy-2016,28.3,28.3,28.1,92.5,27,0.4,,0.8,2.25,,28.3,35.5,35.5,,1003.65,0,0,80,6.88,93,0.5,0.08,0.65,0,0.21,27.5,63,19.8,28.9,11.32,1.14,0.05,752,1,54.95,60
20/07/2016,09:00:00,9,Jul-16,Rainy-2016,28.9,28.9,28.4,90.5,27.2,0.65,,1.21,2.9,,28.9,36.85,36.85,,1004,0,0,136.5,11.74,162,1,0.16,1.4,0,0.22,27.55,64,20.1,29.05,11.52,1.14,0.1,928,1,67.85,60
20/07/2016,10:00:00,10,Jul-16,Rainy-2016,29.65,29.75,29.35,86.5,27.15,0.9,,1.61,4,,29.65,37.95,37.95,,1003.95,0,0,210.5,18.1,291.5,2.05,0.33,2.8,0,0.24,27.6,65,20.4,29.3,11.72,1.14,0.15,1275,1,93.2,60
20/07/2016,11:00:00,11,Jul-16,Rainy-2016,30.7,30.7,30,84.5,27.8,0.65,,1.21,4,,30.7,41,41,,1003.8,0,0,269.5,23.18,402.5,3.1,0.5,5.45,0,0.26,27.65,66,20.7,29.45,11.92,1.13,0.2,1274,1,93.1,60
20/07/2016,12:00:00,12,Jul-16,Rainy-2016,31,31.25,30.85,83,27.8,0.65,,1.21,3.1,,31,41.35,41.35,,1003.6,0,0,250,21.5,670.5,3.5,0.57,6.2,0,0.26,25.95,54,15.9,26.2,9.79,1.15,0.2,1073,1,78.4,60
20/07/2016,13:00:00,13,Jul-16,Rainy-2016,29.25,30.3,28.6,89.5,27.3,0.9,,1.61,4.45,,29.25,37.6,37.6,,1003.15,0.8,5.1,360,30.96,619,4.5,0.73,6.55,0,0.23,25.15,48,13.35,25,8.86,1.15,0.25,1223,1,89.4,60
20/07/2016,14:00:00,14,Jul-16,Rainy-2016,29.05,29.5,28.85,91,27.4,0.65,,1.21,2.2,,29.05,37.35,37.35,,1002.8,0,0,122.5,10.53,218,1.35,0.22,2.6,0,0.22,24.8,46,12.4,24.6,8.52,1.16,0.08,1389,1,100,60
20/07/2016,15:00:00,15,Jul-16,Rainy-2016,31.35,31.65,30.25,83,28.15,0.65,,1.21,3.1,,31.35,42.85,42.85,,1002,0,0,475,40.86,828,3.95,0.64,5.9,0,0.27,25.95,50,14.75,26,9.17,1.15,0.33,1221,1,89.25,60
20/07/2016,16:00:00,16,Jul-16,Rainy-2016,30.75,31.7,30.5,80,26.95,1.3,,2.41,5.15,,30.75,39.45,39.45,,1001.6,0,0,425,36.56,614.5,2.9,0.47,3.95,0,0.26,27,55,17.15,27.45,9.9,1.14,0.3,1281,1,93.65,60
20/07/2016,17:00:00,17,Jul-16,Rainy-2016,29.9,30.35,29.7,80,26.1,1.1,,2.01,4.7,,29.9,36.9,36.9,,1001.55,0,0,178.5,15.35,353.5,1.35,0.22,1.75,0,0.24,27.2,58,18.2,27.95,10.35,1.14,0.13,1354,1,97.95,60
20/07/2016,18:00:00,18,Jul-16,Rainy-2016,29.55,30,29.55,83,26.35,0.4,,0.8,2,,29.55,36.7,36.7,,1001.1,0,0,64,5.5,158,0.2,0.03,0.5,0,0.23,27.3,59,18.6,28.2,10.55,1.14,0.05,1270,1,92.8,60
20/07/2016,19:00:00,19,Jul-16,Rainy-2016,29.2,29.3,29.2,88.5,27.1,0.4,,0.8,1.55,,29.2,37.25,37.25,,1001.65,0,0,5.5,0.47,9,0,0,0,0,0.23,27.4,60,18.95,28.45,10.75,1.14,0,1134,1,82.9,60
20/07/2016,20:00:00,20,Jul-16,Rainy-2016,28.75,29,28.75,85,25.95,0.65,,1.21,3.1,,28.75,35.1,35.1,,1002.35,0,0,0,0,0,0,0,0,0,0.22,27.55,60.5,19.2,28.7,10.85,1.14,0.03,1034,1,75.6,60
20/07/2016,21:00:00,21,Jul-16,Rainy-2016,28.35,28.55,28.35,89.5,26.5,0.4,,0.8,1.3,,28.35,34.9,34.9,,1003.15,0,0,0,0,0,0,0,0,0,0.21,27.6,61.5,19.55,28.85,11.04,1.14,0.03,1091,1,79.75,60
20/07/2016,22:00:00,22,Jul-16,Rainy-2016,28.25,28.3,28.15,92.5,26.9,0.4,,0.8,1.8,,28.25,35.3,35.3,,1003.55,0,0,0,0,0,0,0,0,0,0.21,27.65,62,19.7,29,11.12,1.14,0,1110,1,81.15,60
20/07/2016,23:00:00,23,Jul-16,Rainy-2016,28.45,28.45,28.35,93,27.25,0.4,,0.8,2.2,,28.45,36.2,36.2,,1003.6,0,0,0,0,0,0,0,0,0,0.21,27.7,62.5,19.9,29.15,11.21,1.14,0,1119,1,81.8,60
21/07/2016,00:00:00,24,Jul-16,Rainy-2016,28.45,28.55,28.45,92.5,27.15,0.4,,0.8,2.65,,28.45,35.95,35.95,,1003.3,0,0,0,0,0,0,0,0,0,0.21,27.75,63.5,20.15,29.3,11.41,1.13,0,951,1,69.5,60
21/07/2016,01:00:00,1,Jul-16,Rainy-2016,28.3,28.35,28.3,92.5,26.95,0.4,,0.8,3.35,,28.3,35.5,35.5,,1003.05,0,0,0,0,0,0,0,0,0,0.21,27.8,64,20.3,29.4,11.51,1.13,0,898,1,65.65,60
21/07/2016,02:00:00,2,Jul-16,Rainy-2016,28.25,28.3,28.2,93,27,0.4,,0.8,2.65,,28.25,35.5,35.5,,1003.2,0,0,0,0,0,0,0,0,0,0.21,27.8,65,20.6,29.7,11.71,1.13,0,893,1,65.3,60
21/07/2016,03:00:00,3,Jul-16,Rainy-2016,28.25,28.3,28.25,92.5,26.95,0.4,,0.8,2.45,,28.25,35.35,35.35,,1003,0,0,0,0,0,0,0,0,0,0.21,27.85,65,20.65,29.7,11.71,1.13,0,907,1,66.35,60
21/07/2016,04:00:00,4,Jul-16,Rainy-2016,28.15,28.2,28.15,93,26.9,0.4,,0.8,2.25,,28.15,35.15,35.15,,1002.8,0,0,0,0,0,0,0,0,0,0.2,27.9,65,20.7,29.7,11.71,1.13,0,924,1,67.55,60
21/07/2016,05:00:00,5,Jul-16,Rainy-2016,28.05,28.15,28.05,94,27,0.65,,1.21,2.45,,28.05,35.1,35.1,,1002.65,0,0,0,0,0,0,0,0,0,0.2,27.9,66,20.95,29.95,11.91,1.13,0,978,1,71.5,60
21/07/2016,06:00:00,6,Jul-16,Rainy-2016,28.05,28.1,27.9,93.5,26.9,0.4,,0.8,2,,28.05,35,35,,1003,0,0,12.5,1.07,27,0,0,0,0,0.2,27.9,66,21,30,11.9,1.13,0.03,1154,1,84.35,60
21/07/2016,07:00:00,7,Jul-16,Rainy-2016,28.45,28.45,28.2,92,27,0.4,,0.8,2,,28.45,35.8,35.8,,1003.7,0,0,63,5.42,72.5,0,0,0,0,0.21,27.95,66,21.05,30.05,11.9,1.13,0.05,1318,1,96.35,60
21/07/2016,08:00:00,8,Jul-16,Rainy-2016,29.1,29.15,28.75,89.5,27.2,0.65,,1.21,2.9,,29.1,37.15,37.15,,1003.95,0,0,127.5,10.96,192.5,0.85,0.14,1.2,0,0.22,28,67,21.3,30.2,12.1,1.13,0.08,1218,1,89.05,60
21/07/2016,09:00:00,9,Jul-16,Rainy-2016,29.75,29.75,29.45,87.5,27.4,0.9,,1.61,3.8,,29.75,38.45,38.45,,1004.15,0,0,190.5,16.38,245,1.6,0.26,2.05,0,0.24,28.05,67,21.35,30.25,12.1,1.13,0.13,1373,1,99.7,60
21/07/2016,10:00:00,10,Jul-16,Rainy-2016,30.6,30.65,30.1,84,27.6,0.9,,1.61,3.8,,30.6,40.5,40.5,,1004.7,0,0,283.5,24.38,372,2.8,0.45,3.7,0,0.26,27.9,65.5,20.8,29.8,11.81,1.13,0.2,1391,1,100,60
21/07/2016,11:00:00,11,Jul-16,Rainy-2016,30.7,30.8,30.45,82,27.2,0.65,,1.21,2.65,,30.7,40,40,,1004.9,0,0,213.5,18.36,287.5,2.45,0.4,3.35,0,0.26,26,53,15.7,26.25,9.61,1.15,0.15,1347,1,98.5,60
21/07/2016,12:00:00,12,Jul-16,Rainy-2016,30.5,31.75,30.2,82,27.05,0.9,,1.61,3.6,,30.5,39.3,39.3,,1004.6,0,0,364,31.31,520.5,4.25,0.68,7.4,0,0.25,25.35,49.5,14.05,25.3,9.1,1.15,0.25,1268,1,92.7,60
21/07/2016,13:00:00,13,Jul-16,Rainy-2016,30.2,30.2,29.6,82.5,26.9,1.1,,2.01,3.35,,30.2,38.5,38.5,,1004.25,0,0,251.5,21.63,305.5,3.15,0.51,3.7,0,0.25,25.05,46.5,12.8,24.85,8.61,1.16,0.18,1400,1,100,60
21/07/2016,14:00:00,14,Jul-16,Rainy-2016,30.85,30.85,30.6,77.5,26.45,1.3,,2.41,4.7,,30.85,38.85,38.85,,1003.9,0,0,347.5,29.89,426,4.05,0.65,4.8,0,0.26,24.85,45.5,12.25,24.6,8.47,1.16,0.25,1382,1,100,60
21/07/2016,15:00:00,15,Jul-16,Rainy-2016,30.7,30.9,30.65,78,26.45,1.1,,2.01,4.25,,30.7,38.7,38.7,,1003.4,0,0,269,23.14,320,2.8,0.45,3.25,0,0.26,24.75,45,12.05,24.55,8.42,1.16,0.2,1392,1,100,60
21/07/2016,16:00:00,16,Jul-16,Rainy-2016,28.55,30.2,28.55,83.5,25.45,1.3,,2.41,4.45,,28.55,34.1,34.1,,1002.9,0,0,79.5,6.84,141.5,0.65,0.11,1.15,0,0.21,24.55,44.5,11.65,24.3,8.33,1.16,0.08,1396,1,100,60
21/07/2016,17:00:00,17,Jul-16,Rainy-2016,28.05,28.05,27.6,87.5,25.8,0.65,,1.21,2.25,,28.05,33.65,33.65,,1002.55,0,0,59.5,5.11,83.5,0.35,0.06,0.65,0,0.2,24.85,44.5,11.95,24.65,8.32,1.16,0.05,1399,1,100,60
21/07/2016,18:00:00,18,Jul-16,Rainy-2016,28.25,28.65,28.1,89,26.25,0.65,,1.21,2.7,,28.25,34.55,34.55,,1002.65,2.6,26.4,33.5,2.89,46,0.15,0.03,0.25,0,0.21,26.3,47,14.1,26.2,8.67,1.15,0.03,1223,1,89.4,60
21/07/2016,19:00:00,19,Jul-16,Rainy-2016,27.75,27.85,27.6,93,26.45,0.2,,0.4,1.55,,27.75,33.85,33.85,,1003.05,0,0,4.5,0.38,7,0,0,0,0,0.2,26.8,49.5,15.35,26.8,9.05,1.15,0,1401,1,100,60
21/07/2016,20:00:00,20,Jul-16,Rainy-2016,28.15,28.25,27.95,90,26.35,0.4,,0.8,3.1,,28.15,34.35,34.35,,1003.6,0,0,0,0,0,0,0,0,0,0.2,27.05,52.5,16.5,27.3,9.54,1.14,0.03,1401,1,100,60
21/07/2016,21:00:00,21,Jul-16,Rainy-2016,28,28.1,28,90,26.2,0.4,,0.8,3.55,,28,34,34,,1004.55,0,0,0,0,0,0,0,0,0,0.2,27.2,54.5,17.25,27.65,9.8,1.14,0.03,1404,1,100,60
21/07/2016,22:00:00,22,Jul-16,Rainy-2016,28.15,28.15,28.05,90,26.35,0.65,,1.21,3.55,,28.15,34.25,34.25,,1005.4,0,0,0,0,0,0,0,0,0,0.2,27.3,56.5,17.9,28,10.11,1.14,0.03,1402,1,100,60
21/07/2016,23:00:00,23,Jul-16,Rainy-2016,28.15,28.2,28.15,90.5,26.4,0.65,,1.21,4.25,,28.15,34.4,34.4,,1005.65,0,0,0,0,0,0,0,0,0,0.2,27.4,57.5,18.25,28.2,10.27,1.14,0.03,1403,1,100,60
22/07/2016,00:00:00,24,Jul-16,Rainy-2016,28,28.05,27.9,90.5,26.3,0.65,,1.21,3.35,,28,34.1,34.1,,1005.25,0,0,0,0,0,0,0,0,0,0.2,27.45,58.5,18.6,28.4,10.45,1.14,0.03,1403,1,100,60
22/07/2016,01:00:00,1,Jul-16,Rainy-2016,27.85,27.95,27.85,90,26.05,0.4,,0.8,3.8,,27.85,33.65,33.65,,1004.8,0,0,0,0,0,0,0,0,0,0.2,27.55,59.5,18.95,28.6,10.65,1.14,0.03,1401,1,100,60
22/07/2016,02:00:00,2,Jul-16,Rainy-2016,27.7,27.75,27.7,91.5,26.15,0.4,,0.8,3.1,,27.7,33.4,33.4,,1004.55,0,0,0,0,0,0,0,0,0,0.2,27.6,60,19.1,28.7,10.75,1.14,0,1401,1,100,60
22/07/2016,03:00:00,3,Jul-16,Rainy-2016,27.6,27.7,27.6,91.5,26.1,0.4,,0.8,2.9,,27.6,33.2,33.2,,1004.2,0,0,0,0,0,0,0,0,0,0.19,27.6,61,19.4,28.8,10.95,1.14,0,1401,1,100,60
22/07/2016,04:00:00,4,Jul-16,Rainy-2016,27.4,27.5,27.4,90.5,25.75,0.4,,0.8,1.8,,27.4,32.5,32.5,,1003.9,0,0,0,0,0,0,0,0,0,0.19,27.6,61,19.4,28.8,10.95,1.14,0,1404,1,100,60
22/07/2016,05:00:00,5,Jul-16,Rainy-2016,27.4,27.4,27.4,91,25.8,0.4,,0.8,2.65,,27.4,32.5,32.5,,1004.15,0,0,0,0,0,0,0,0,0,0.19,27.7,62,19.7,29.1,11.11,1.14,0,1400,1,100,60
22/07/2016,06:00:00,6,Jul-16,Rainy-2016,27.5,27.55,27.4,91,25.9,0.4,,0.8,2.25,,27.5,32.75,32.75,,1004.5,0,0,11.5,0.99,19.5,0,0,0,0,0.19,27.7,62,19.7,29.1,11.11,1.14,0.03,1402,1,100,60
22/07/2016,07:00:00,7,Jul-16,Rainy-2016,27.8,27.8,27.65,90.5,26.1,0.4,,0.8,3.35,,27.8,33.55,33.55,,1005.05,0,0,64.5,5.55,88,0.2,0.03,0.35,0,0.2,27.7,63,20,29.2,11.31,1.14,0.05,1403,1,100,60
22/07/2016,08:00:00,8,Jul-16,Rainy-2016,27.9,28.05,27.85,85.5,25.3,0.65,,1.21,4.25,,27.9,33,33,,1005.5,0,0,117,10.07,156.5,0.75,0.12,0.95,0,0.2,27.7,63,20,29.2,11.31,1.14,0.08,1403,1,100,60
22/07/2016,09:00:00,9,Jul-16,Rainy-2016,28.45,28.45,28.05,84,25.45,0.4,,0.8,2,,28.45,34.05,34.05,,1005.7,0,0,173,14.88,243.5,1.5,0.24,2.05,0,0.21,27.8,63.5,20.2,29.35,11.41,1.14,0.13,1402,1,100,60
22/07/2016,10:00:00,10,Jul-16,Rainy-2016,29.3,29.45,28.85,81.5,25.8,0.4,,0.8,3.15,,29.3,35.75,35.75,,1005.95,0,0,311,26.75,397,3.15,0.51,4.05,0,0.23,27.8,64,20.4,29.6,11.51,1.14,0.2,1400,1,100,60
22/07/2016,11:00:00,11,Jul-16,Rainy-2016,29.9,30.15,29.35,79,25.9,0.65,,1.21,2.9,,29.9,36.8,36.8,,1006.1,0,0,347,29.85,546.5,4,0.65,5.85,0,0.24,27.85,64,20.4,29.6,11.51,1.14,0.23,1402,1,100,60
22/07/2016,12:00:00,12,Jul-16,Rainy-2016,30.2,30.7,29.9,78.5,26,0.9,,1.61,3.35,,30.2,37.4,37.4,,1005.85,0,0,353,30.36,548,4.55,0.74,6.55,0,0.25,27.9,65,20.8,29.8,11.7,1.14,0.28,1402,1,100,60
22/07/2016,13:00:00,13,Jul-16,Rainy-2016,28.95,29.6,28.8,82.5,25.7,1.1,,2.01,4.25,,28.95,35.25,35.25,,1005.55,0,0,210,18.06,290,2.7,0.44,3.5,0,0.22,27.9,65.5,20.9,29.9,11.8,1.14,0.15,1403,1,100,60
22/07/2016,14:00:00,14,Jul-16,Rainy-2016,29.25,29.45,29.1,83,26.05,0.9,,1.61,5.4,,29.25,35.95,35.95,,1004.8,0,0,174.5,15.01,275,2.15,0.35,3.35,0,0.23,27.9,66,21,30,11.9,1.13,0.13,1399,1,100,60
22/07/2016,15:00:00,15,Jul-16,Rainy-2016,29.75,30.15,28.5,81,26.15,0.9,,1.61,3.35,,29.75,36.9,36.9,,1004.2,0.2,0,291.5,25.07,729,3.25,0.52,6.3,0,0.24,27.95,66,21.05,30.05,11.9,1.13,0.23,1400,1,100,60
22/07/2016,16:00:00,16,Jul-16,Rainy-2016,29.9,30.15,29.5,82,26.45,0.9,,1.61,4.25,,29.9,37.4,37.4,,1003.6,0,0,206,17.72,354,1.85,0.3,3.5,0,0.24,28,67,21.3,30.2,12.1,1.13,0.15,1402,1,100,60
22/07/2016,17:00:00,17,Jul-16,Rainy-2016,29.2,30.25,29.1,85.5,26.45,0.65,,1.21,4.25,,29.2,36.2,36.2,,1003.75,2,31.8,136,11.7,289.5,0.75,0.12,1.65,0,0.23,28,67,21.3,30.2,12.1,1.13,0.1,1390,1,100,60
22/07/2016,18:00:00,18,Jul-16,Rainy-2016,26.25,27.5,26.25,94,25.2,0.4,,0.8,2.25,,26.25,30.05,30.05,,1004.2,13.6,45.8,17,1.46,29,0,0,0,0,0.16,28,67,21.3,30.2,12.1,1.13,0.03,1389,1,100,60
22/07/2016,19:00:00,19,Jul-16,Rainy-2016,26.1,26.1,25.9,96.5,25.5,0,,0,1.35,,26.1,29.95,29.95,,1004.8,4.2,73.2,1,0.09,3.5,0,0,0,0,0.16,28,68,21.5,30.3,12.3,1.13,0,1397,1,100,60
22/07/2016,20:00:00,20,Jul-16,Rainy-2016,26,26.15,26,96,25.35,0.2,,0.4,1.75,,26,29.75,29.75,,1005.35,1.2,10.9,0,0,0,0,0,0,0,0.16,28,68,21.5,30.3,12.3,1.13,0,1404,1,100,60
22/07/2016,21:00:00,21,Jul-16,Rainy-2016,26,26,25.9,96,25.35,0,,0,1.8,,26,29.75,29.75,,1005.75,3,65.5,0,0,0,0,0,0,0,0.16,28,68,21.5,30.3,12.3,1.13,0,1404,1,100,60
22/07/2016,22:00:00,22,Jul-16,Rainy-2016,26.1,26.1,26.05,96,25.4,0.4,,0.8,1.8,,26.1,29.95,29.95,,1006.4,2.6,38.9,0,0,0,0,0,0,0,0.16,28,68,21.5,30.3,12.3,1.14,0,1401,1,100,60
22/07/2016,23:00:00,23,Jul-16,Rainy-2016,25.65,25.95,25.6,96,24.95,0.85,,1.61,3.8,,25.65,28.8,28.8,,1006.55,4.8,44.9,0,0,0,0,0,0,0,0.15,28,69,21.8,30.5,12.45,1.13,0,1401,1,100,60
23/07/2016,00:00:00,24,Jul-16,Rainy-2016,25.75,25.75,25.65,97,25.25,0,,0,0.85,,25.75,29.25,29.25,,1006.1,0,0,0,0,0,0,0,0,0,0.15,28,68,21.5,30.3,12.3,1.13,0,1402,1,100,60
23/07/2016,01:00:00,1,Jul-16,Rainy-2016,26.05,26.1,25.85,97,25.55,0.2,,0.4,1.1,,26.05,29.95,29.95,,1005.55,0.2,0,0,0,0,0,0,0,0,0.16,28,68,21.5,30.3,12.3,1.13,0,1399,1,100,60
23/07/2016,02:00:00,2,Jul-16,Rainy-2016,26.2,26.2,26.15,96,25.5,0.4,,0.8,2,,26.2,30.1,30.1,,1005.4,0,0,0,0,0,0,0,0,0,0.16,28,69,21.8,30.5,12.45,1.13,0,1402,1,100,60
23/07/2016,03:00:00,3,Jul-16,Rainy-2016,26.3,26.3,26.2,96,25.6,0,,0,1.35,,26.3,30.5,30.5,,1005.15,0,0,0,0,0,0,0,0,0,0.17,28.05,69,21.8,30.55,12.45,1.13,0,1403,1,100,60
23/07/2016,04:00:00,4,Jul-16,Rainy-2016,26.5,26.5,26.35,96,25.85,0,,0,0.9,,26.5,31,31,,1005.2,0,0,0,0,0,0,0,0,0,0.17,28.05,69,21.8,30.55,12.45,1.13,0,1401,1,100,60
23/07/2016,05:00:00,5,Jul-16,Rainy-2016,26.75,26.75,26.65,95.5,25.95,0.2,,0.4,1.1,,26.75,31.45,31.45,,1005.3,0,0,0,0,0,0,0,0,0,0.18,28.05,69,21.8,30.55,12.45,1.13,0,1402,1,100,60
23/07/2016,06:00:00,6,Jul-16,Rainy-2016,26.85,26.85,26.75,95,25.95,0.4,,0.8,1.8,,26.85,31.55,31.55,,1005.45,0,0,5.5,0.47,9.5,0,0,0,0,0.18,28.05,69,21.8,30.55,12.45,1.13,0,1396,1,100,60
23/07/2016,07:00:00,7,Jul-16,Rainy-2016,27.25,27.25,27,94.5,26.25,0.4,,0.8,1.55,,27.25,32.55,32.55,,1005.95,0,0,47,4.04,61,0.1,0.02,0.25,0,0.19,28,69,21.8,30.5,12.45,1.13,0.03,1400,1,100,60
23/07/2016,08:00:00,8,Jul-16,Rainy-2016,27.9,27.9,27.55,91.5,26.35,0.4,,0.8,2.9,,27.9,34,34,,1006.3,0,0,116.5,10.02,147.5,0.9,0.15,1.1,0,0.2,28.1,69,21.8,30.6,12.45,1.13,0.08,1401,1,100,60
23/07/2016,09:00:00,9,Jul-16,Rainy-2016,28.8,28.8,28.35,89.5,26.9,0.9,,1.61,2.9,,28.8,36.2,36.2,,1006.6,0,0,197,16.95,253,1.85,0.3,2.25,0,0.22,28.1,69,21.8,30.6,12.45,1.13,0.13,1403,1,100,60
23/07/2016,10:00:00,10,Jul-16,Rainy-2016,29.6,29.6,29.15,86.5,27.15,0.9,,1.61,3.8,,29.6,37.85,37.85,,1006.85,0,0,293,25.2,419,3.05,0.49,3.9,0,0.23,28.1,70,22.1,30.85,12.7,1.13,0.2,1401,1,100,60
23/07/2016,11:00:00,11,Jul-16,Rainy-2016,30.15,30.15,29.75,84.5,27.25,0.9,,1.61,4.05,,30.15,38.9,38.9,,1006.75,0,0,278,23.91,502.5,3.4,0.55,5.35,0,0.25,28.1,70,22.1,30.9,12.69,1.13,0.2,1403,1,100,60
23/07/2016,12:00:00,12,Jul-16,Rainy-2016,30.85,31,30.2,81.5,27.3,0.9,,1.61,3.35,,30.85,40.2,40.2,,1006,0,0,406,34.92,885,5.15,0.83,8.65,0,0.26,28.1,70.5,22.25,31,12.82,1.13,0.3,1402,1,100,60
23/07/2016,13:00:00,13,Jul-16,Rainy-2016,29.25,30.65,27.95,86.5,26.75,1.1,,2.01,3.15,,29.25,36.9,36.9,,1005.7,0.4,1.8,477.5,41.07,693.5,5.3,0.86,7.35,0,0.23,28.15,71,22.4,31.15,12.95,1.13,0.33,1402,1,100,60
23/07/2016,14:00:00,14,Jul-16,Rainy-2016,28.45,30.6,28.3,86.5,25.9,1.8,,3.22,7.4,,28.45,34.8,34.8,,1005.4,0,0,232,19.95,419,2.55,0.41,4.5,0,0.21,28.2,71,22.4,31.2,12.94,1.13,0.18,1401,1,100,60
23/07/2016,15:00:00,15,Jul-16,Rainy-2016,25.7,26.05,25.55,95.5,24.9,1.35,,2.42,5.4,,25.7,28.9,28.9,,1005.7,9,49.4,52.5,4.51,87,0.35,0.06,0.65,0,0.15,28.1,71,22.4,31.1,12.95,1.13,0.03,1399,1,100,60
23/07/2016,16:00:00,16,Jul-16,Rainy-2016,26.45,26.45,26,94,25.4,0.9,,1.61,3.55,,26.45,30.5,30.5,,1005.15,0.6,1.1,173,14.88,195,1.65,0.27,1.8,0,0.17,28.1,71,22.4,31.1,12.95,1.13,0.1,1401,1,100,60
23/07/2016,17:00:00,17,Jul-16,Rainy-2016,27.7,27.7,27,90.5,26,0.65,,1.21,2.2,,27.7,33.25,33.25,,1004.95,0,0,172.5,14.83,199.5,1.25,0.2,1.5,0,0.2,28.1,71,22.4,31.1,12.95,1.13,0.13,1402,1,100,60
23/07/2016,18:00:00,18,Jul-16,Rainy-2016,28.15,28.4,28.05,88.5,26.05,0.65,,1.21,2.45,,28.15,34.1,34.1,,1004.95,0,0,93,8,178,0.3,0.05,0.5,0,0.2,28.15,71,22.4,31.15,12.95,1.13,0.08,1403,1,100,60
23/07/2016,19:00:00,19,Jul-16,Rainy-2016,27.65,27.85,27.65,89.5,25.75,0.4,,0.8,2.65,,27.65,32.8,32.8,,1005.65,0,0,7.5,0.64,16,0,0,0,0,0.19,28.2,71,22.4,31.2,12.94,1.13,0,1402,1,100,60
23/07/2016,20:00:00,20,Jul-16,Rainy-2016,27.35,27.5,27.35,90.5,25.65,0.4,,0.8,2,,27.35,32.25,32.25,,1006.35,0,0,0,0,0,0,0,0,0,0.19,28.2,71,22.4,31.2,12.94,1.13,0,1402,1,100,60
23/07/2016,21:00:00,21,Jul-16,Rainy-2016,27.3,27.35,27.25,91,25.7,0.4,,0.8,1.55,,27.3,32.1,32.1,,1006.95,0,0,0,0,0,0,0,0,0,0.19,28.1,71,22.4,31.1,12.95,1.13,0,1399,1,100,60
23/07/2016,22:00:00,22,Jul-16,Rainy-2016,27.3,27.3,27.3,91,25.7,0.2,,0.4,2,,27.3,32.3,32.3,,1007.45,0,0,0,0,0,0,0,0,0,0.19,28.1,71,22.4,31.1,12.95,1.13,0,1400,1,100,60
23/07/2016,23:00:00,23,Jul-16,Rainy-2016,27.4,27.4,27.35,90.5,25.75,0.4,,0.8,1.3,,27.4,32.4,32.4,,1007.4,0,0,0,0,0,0,0,0,0,0.19,28.1,71.5,22.5,31.15,13.1,1.13,0,1398,1,100,60
24/07/2016,00:00:00,24,Jul-16,Rainy-2016,27.4,27.4,27.35,91.5,25.9,0.2,,0.4,1.35,,27.4,32.6,32.6,,1007.35,0,0,0,0,0,0,0,0,0,0.19,28.2,71.5,22.5,31.25,13.1,1.13,0,1403,1,100,60
24/07/2016,01:00:00,1,Jul-16,Rainy-2016,27.4,27.4,27.3,92,26,0,,0,1.75,,27.4,32.6,32.6,,1006.85,0,0,0,0,0,0,0,0,0,0.19,28.2,71,22.4,31.2,12.94,1.13,0,1403,1,100,60
24/07/2016,02:00:00,2,Jul-16,Rainy-2016,27.3,27.35,27.25,92.5,25.95,0.2,,0.4,1.8,,27.3,32.4,32.4,,1006.4,0,0,0,0,0,0,0,0,0,0.19,28.1,71.5,22.5,31.15,13.1,1.13,0,1404,1,100,60
24/07/2016,03:00:00,3,Jul-16,Rainy-2016,27.2,27.25,27.2,93.5,26.05,0,,0,1.3,,27.2,32.3,32.3,,1006.1,0,0,0,0,0,0,0,0,0,0.18,28.1,71.5,22.5,31.15,13.1,1.13,0,1402,1,100,60
24/07/2016,04:00:00,4,Jul-16,Rainy-2016,27.3,27.3,27.25,94,26.25,0.2,,0.4,1.3,,27.3,32.7,32.7,,1006.1,0,0,0,0,0,0,0,0,0,0.19,28.1,72,22.6,31.2,13.25,1.13,0,1405,1,100,60
24/07/2016,05:00:00,5,Jul-16,Rainy-2016,27.3,27.3,27.3,94,26.2,0,,0,1.8,,27.3,32.6,32.6,,1005.95,0,0,0,0,0,0,0,0,0,0.19,28.1,72,22.6,31.2,13.25,1.13,0,1403,1,100,60
24/07/2016,06:00:00,6,Jul-16,Rainy-2016,27.3,27.3,27.2,93.5,26.15,0.2,,0.4,0.9,,27.3,32.6,32.6,,1006.25,0,0,6,0.52,13,0,0,0,0,0.19,28.1,72,22.6,31.2,13.25,1.13,0,1403,1,100,60
24/07/2016,07:00:00,7,Jul-16,Rainy-2016,27.35,27.35,27.25,91,25.75,0.4,,0.8,3.1,,27.35,32.35,32.35,,1006.8,0,0,68,5.84,92.5,0.25,0.04,0.4,0,0.19,28.1,72,22.6,31.2,13.25,1.13,0.05,1402,1,100,60
24/07/2016,08:00:00,8,Jul-16,Rainy-2016,28.3,28.3,27.75,88.5,26.25,0.4,,0.8,2.7,,28.3,34.65,34.65,,1007.3,0,0,195,16.77,274,1.35,0.22,1.7,0,0.21,28.2,72,22.6,31.3,13.25,1.13,0.13,1404,1,100,60
24/07/2016,09:00:00,9,Jul-16,Rainy-2016,29.5,29.5,28.55,84.5,26.55,0.9,,1.61,3.1,,29.5,36.95,36.95,,1007.45,0,0,344,29.59,551.5,2.85,0.46,4.15,0,0.23,28.2,72,22.6,31.3,13.25,1.13,0.23,1392,1,100,60
24/07/2016,10:00:00,10,Jul-16,Rainy-2016,31.05,31.2,30.1,82,27.6,0.9,,1.61,3.55,,31.05,41.25,41.25,,1007.5,0,0,606,52.12,929,5.1,0.82,7,0,0.27,27.25,63,19.55,28.7,11.33,1.14,0.41,1100,1,80.45,60
24/07/2016,11:00:00,11,Jul-16,Rainy-2016,30.9,31.55,30.45,78,26.6,0.9,,1.61,4.25,,30.9,39.2,39.2,,1007.55,0,0,509.5,43.82,1024,6.3,1.02,8.75,0,0.26,25.55,52.5,15.15,25.75,9.57,1.16,0.41,860,1,62.85,60
24/07/2016,12:00:00,12,Jul-16,Rainy-2016,31.05,31.4,30.7,76.5,26.4,1.3,,2.41,4.5,,31.05,39.2,39.2,,1007.15,0,0,563,48.43,1103,6.85,1.1,10,0,0.27,25.2,50.5,14.2,25.15,9.28,1.16,0.43,1064,1,77.8,60
24/07/2016,13:00:00,13,Jul-16,Rainy-2016,31.4,32.1,31.15,74.5,26.3,1.3,,2.41,4.25,,31.4,39.55,39.55,,1006.4,0,0,495.5,42.62,692,7.75,1.25,10.35,0,0.27,25.1,48.5,13.45,24.9,8.96,1.16,0.46,1041,1,76.1,60
24/07/2016,14:00:00,14,Jul-16,Rainy-2016,31.4,31.85,31.1,76,26.65,1.1,,2.01,4,,31.4,40.05,40.05,,1005.6,0,0,370.5,31.87,934,5,0.81,8.55,0,0.27,24.95,47,12.9,24.75,8.71,1.16,0.3,1131,1,82.7,60
24/07/2016,15:00:00,15,Jul-16,Rainy-2016,30.1,31.7,30,78.5,25.95,1.3,,2.41,4.9,,30.1,37.25,37.25,,1005.1,0,0,226,19.44,596,2.9,0.47,5.95,0,0.25,25.2,47,13.1,25,8.7,1.16,0.23,1068,1,78.1,60
24/07/2016,16:00:00,16,Jul-16,Rainy-2016,27.8,28.8,26.8,88,25.65,0.85,,1.61,3.6,,27.8,33.25,33.25,,1004.85,1.4,22.1,167,14.37,339,1.35,0.22,2.2,0,0.2,25,45.5,12.35,24.7,8.46,1.16,0.13,1375,1,99.4,60
24/07/2016,17:00:00,17,Jul-16,Rainy-2016,29.7,29.8,29.1,83.5,26.6,0.9,,1.61,3.8,,29.7,37.25,37.25,,1004.45,0,0,237,20.39,454.5,1.4,0.23,2.15,0,0.24,25.15,46,12.75,24.95,8.56,1.16,0.18,1342,1,98.1,60
24/07/2016,18:00:00,18,Jul-16,Rainy-2016,28.9,30,28.85,84.5,26.05,1.1,,2.01,4.25,,28.9,35.45,35.45,,1004.95,0,0,74,6.36,157.5,0.25,0.04,0.4,0,0.22,26.4,50.5,15.25,26.45,9.21,1.15,0.05,1399,1,100,60
24/07/2016,19:00:00,19,Jul-16,Rainy-2016,25.95,27.05,25.95,91.5,24.45,1.35,,2.42,4.95,,25.95,29.1,29.1,,1005.8,1,1.9,1,0.09,3.5,0,0,0,0,0.16,26.85,54.5,16.9,27.25,9.8,1.15,0,1403,1,100,60
24/07/2016,20:00:00,20,Jul-16,Rainy-2016,25.85,25.85,25.7,94.5,24.85,0,,0,0.85,,25.85,29.15,29.15,,1006.2,0,0,0,0,0,0,0,0,0,0.16,27.05,55.5,17.4,27.55,9.95,1.15,0,1402,1,100,60
24/07/2016,21:00:00,21,Jul-16,Rainy-2016,26.4,26.4,26.05,94.5,25.45,0,,0,0,,26.4,30.5,30.5,,1006.8,0,0,0,0,0,0,0,0,0,0.17,27.2,56.5,17.8,27.8,10.11,1.14,0,1400,1,100,60
24/07/2016,22:00:00,22,Jul-16,Rainy-2016,27.25,27.25,26.85,93,26.05,0.4,,0.8,1.3,,27.25,32.4,32.4,,1007.35,0,0,0,0,0,0,0,0,0,0.19,27.3,57.5,18.15,28.1,10.26,1.14,0,1405,1,100,60
24/07/2016,23:00:00,23,Jul-16,Rainy-2016,27.65,27.65,27.45,92,26.2,0.4,,0.8,2.65,,27.65,33.35,33.35,,1007.3,0,0,0,0,0,0,0,0,0,0.19,27.4,59,18.7,28.35,10.55,1.14,0,1399,1,100,60
25/07/2016,00:00:00,24,Jul-16,Rainy-2016,27.8,27.8,27.75,91,26.2,0.4,,0.8,2.25,,27.8,33.6,33.6,,1007.05,0,0,0,0,0,0,0,0,0,0.2,27.45,60,19,28.55,10.75,1.14,0,1403,1,100,60
25/07/2016,01:00:00,1,Jul-16,Rainy-2016,27.7,27.8,27.7,91,26.1,0.4,,0.8,2.65,,27.7,33.4,33.4,,1006.35,0,0,0,0,0,0,0,0,0,0.2,27.6,61,19.4,28.8,10.95,1.14,0,1402,1,100,60
25/07/2016,02:00:00,2,Jul-16,Rainy-2016,27.6,27.75,27.6,89,25.6,0.4,,0.8,2.7,,27.6,32.65,32.65,,1005.85,0,0,0,0,0,0,0,0,0,0.19,27.6,62,19.7,28.9,11.12,1.14,0.03,1401,1,100,60
25/07/2016,03:00:00,3,Jul-16,Rainy-2016,27.35,27.5,27.35,90,25.6,0.4,,0.8,2.25,,27.35,32.25,32.25,,1005.6,0,0,0,0,0,0,0,0,0,0.19,27.65,63,19.95,29.15,11.32,1.14,0.03,1398,1,100,60
25/07/2016,04:00:00,4,Jul-16,Rainy-2016,27.35,27.4,27.3,90,25.55,0.4,,0.8,2,,27.35,32.1,32.1,,1005.6,0,0,0,0,0,0,0,0,0,0.19,27.7,63,20,29.2,11.31,1.14,0,1403,1,100,60
25/07/2016,05:00:00,5,Jul-16,Rainy-2016,27.3,27.3,27.25,91,25.7,0.4,,0.8,1.55,,27.3,32.2,32.2,,1005.75,0,0,0,0,0,0,0,0,0,0.19,27.7,63.5,20.15,29.25,11.41,1.14,0,1401,1,100,60
25/07/2016,06:00:00,6,Jul-16,Rainy-2016,27.3,27.3,27.3,92,25.9,0.4,,0.8,1.75,,27.3,32.35,32.35,,1006.4,0,0,8.5,0.73,17.5,0,0,0,0,0.19,27.7,64,20.3,29.3,11.51,1.14,0,1404,1,100,60
25/07/2016,07:00:00,7,Jul-16,Rainy-2016,27.65,27.65,27.4,91.5,26.15,0.4,,0.8,2.7,,27.65,33.3,33.3,,1007.15,0,0,63,5.42,89,0.15,0.03,0.35,0,0.19,27.75,64.5,20.45,29.45,11.61,1.14,0.05,1368,1,99.5,60
25/07/2016,08:00:00,8,Jul-16,Rainy-2016,28.1,28.1,27.85,89,26.1,0.9,,1.61,3.8,,28.1,33.9,33.9,,1007.85,0,0,125.5,10.79,159.5,0.85,0.14,1.2,0,0.2,27.8,65,20.6,29.65,11.71,1.14,0.08,1276,1,93.25,60
25/07/2016,09:00:00,9,Jul-16,Rainy-2016,28.8,28.9,28.25,86.5,26.3,0.9,,1.61,3.55,,28.8,35.55,35.55,,1008,0,0,236.5,20.34,387.5,2.05,0.33,2.95,0,0.22,27.8,66,20.9,29.8,11.91,1.14,0.18,1267,1,92.6,60
25/07/2016,10:00:00,10,Jul-16,Rainy-2016,29.5,29.55,29.15,85,26.7,0.9,,1.61,4.25,,29.5,37.1,37.1,,1008.1,0,0,277,23.83,500,2.95,0.48,4.25,0,0.23,27.9,66.5,21.05,30,12.01,1.14,0.2,1278,1,93.45,60
25/07/2016,11:00:00,11,Jul-16,Rainy-2016,29.7,29.95,29.45,83,26.5,1.1,,2.01,4.25,,29.7,37,37,,1008,0,0,316.5,27.22,474,3.75,0.61,5,0,0.24,27.05,60,18.6,28.15,10.79,1.15,0.23,1162,1,84.9,60
25/07/2016,12:00:00,12,Jul-16,Rainy-2016,30.4,30.6,29.8,80.5,26.65,1.3,,2.41,4.25,,30.4,38.45,38.45,,1007.6,0,0,449.5,38.66,736.5,4.95,0.8,7.8,0,0.25,25.5,50.5,14.45,25.5,9.24,1.16,0.33,1150,1,84.05,60
25/07/2016,13:00:00,13,Jul-16,Rainy-2016,30.8,31.15,30.7,77.5,26.4,1.3,,2.41,4.45,,30.8,38.7,38.7,,1007.15,0,0,463.5,39.87,744.5,5.4,0.87,7.55,0,0.26,25.15,48,13.35,25,8.91,1.16,0.33,1151,1,84.15,60
25/07/2016,14:00:00,14,Jul-16,Rainy-2016,31.35,31.4,30.7,74.5,26.25,1.3,,2.41,5.6,,31.35,39.4,39.4,,1006.75,0,0,613,52.73,1008.5,6.55,1.05,8.55,0,0.27,24.95,46.5,12.7,24.75,8.61,1.16,0.43,1123,1,82.05,60
25/07/2016,15:00:00,15,Jul-16,Rainy-2016,30.3,30.9,30.3,76.5,25.7,1.3,,2.41,6.3,,30.3,37.2,37.2,,1006.6,0,0,388,33.37,592.5,3.85,0.62,5.35,0,0.25,24.85,45,12.1,24.6,8.37,1.16,0.28,1357,1,99.2,60
25/07/2016,16:00:00,16,Jul-16,Rainy-2016,29.75,30.1,29.75,79,25.7,1.1,,2.01,5.4,,29.75,36.35,36.35,,1006.35,0,0,223,19.18,275,2,0.32,2.4,0,0.24,24.65,44.5,11.75,24.4,8.32,1.16,0.18,1345,1,97.8,60
25/07/2016,17:00:00,17,Jul-16,Rainy-2016,29.05,29.4,29.05,82,25.7,1.1,,2.01,4,,29.05,35.45,35.45,,1006.4,0,0,81.5,7.01,124,0.6,0.1,0.95,0,0.22,25.2,47.5,13.2,25.05,8.8,1.16,0.08,1015,1,74.2,60
25/07/2016,18:00:00,18,Jul-16,Rainy-2016,26.3,27.95,26.3,90.5,24.6,1.3,,2.41,4.95,,26.3,29.65,29.65,,1007,5.6,27.8,10.5,0.9,26.5,0,0,0,0,0.17,26.4,52.5,15.9,26.6,9.56,1.15,0.03,1102,1,80.55,60
25/07/2016,19:00:00,19,Jul-16,Rainy-2016,25.7,25.75,25.45,94.5,24.75,0.85,,1.61,4.5,,25.7,28.85,28.85,,1007.45,6.8,55.6,0,0,0,0,0,0,0,0.15,26.85,54,16.75,27.2,9.75,1.15,0,1398,1,100,60
25/07/2016,20:00:00,20,Jul-16,Rainy-2016,25.65,25.75,25.6,92.5,24.3,0.65,,1.21,3.15,,25.65,28.5,28.5,,1008.45,0,0,0,0,0,0,0,0,0,0.15,27.05,55.5,17.4,27.55,9.95,1.15,0,1401,1,100,60
25/07/2016,21:00:00,21,Jul-16,Rainy-2016,26.15,26.15,25.9,91.5,24.65,0.9,,1.61,3.8,,26.15,29.5,29.5,,1009.1,0,0,0,0,0,0,0,0,0,0.16,27.15,56.5,17.75,27.75,10.11,1.15,0,1395,1,100,60
25/07/2016,22:00:00,22,Jul-16,Rainy-2016,26.25,26.25,26.2,90.5,24.55,0.4,,0.8,2.9,,26.25,29.65,29.65,,1009.5,0,0,0,0,0,0,0,0,0,0.17,27.25,57.5,18.15,28,10.26,1.15,0,1395,1,100,60
25/07/2016,23:00:00,23,Jul-16,Rainy-2016,26.65,26.7,26.5,90.5,24.95,0.4,,0.8,2.45,,26.65,30.5,30.5,,1009.6,0,0,0,0,0,0,0,0,0,0.17,27.35,58.5,18.5,28.25,10.45,1.15,0,1395,1,100,60
26/07/2016,00:00:00,24,Jul-16,Rainy-2016,26.6,26.7,26.6,89.5,24.7,0.4,,0.8,3.15,,26.6,30.2,30.2,,1009.45,0,0,0,0,0,0,0,0,0,0.17,27.4,59.5,18.85,28.4,10.65,1.15,0.03,1270,1,91.6,60
26/07/2016,01:00:00,1,Jul-16,Rainy-2016,26.45,26.6,26.45,91.5,24.95,0.4,,0.8,2.45,,26.45,30.2,30.2,,1009.05,0.6,1.3,0,0,0,0,0,0,0,0.17,27.4,60,19,28.5,10.75,1.14,0,1080,1,78.95,60
26/07/2016,02:00:00,2,Jul-16,Rainy-2016,26.25,26.3,26.25,94,25.15,0.4,,0.8,1.8,,26.25,30.05,30.05,,1008.7,0.6,1.4,0,0,0,0,0,0,0,0.16,27.5,61,19.3,28.7,10.95,1.14,0,1139,1,83.25,60
26/07/2016,03:00:00,3,Jul-16,Rainy-2016,25.95,26.15,25.95,94,24.95,0.4,,0.8,1.55,,25.95,29.45,29.45,,1008.55,0,0,0,0,0,0,0,0,0,0.16,27.55,61.5,19.45,28.8,11.04,1.14,0,952,1,69.6,60
26/07/2016,04:00:00,4,Jul-16,Rainy-2016,25.75,26.05,25.7,93,24.55,0.4,,0.8,3.55,,25.75,28.85,28.85,,1008.3,0.8,1.4,0,0,0,0,0,0,0,0.15,27.6,62,19.6,28.9,11.12,1.14,0,986,1,72.1,60
26/07/2016,05:00:00,5,Jul-16,Rainy-2016,25.5,25.55,25.4,94.5,24.55,0.2,,0.4,1.1,,25.5,28.45,28.45,,1008.5,0.4,1,0,0,0,0,0,0,0,0.15,27.6,62,19.65,28.9,11.12,1.14,0,1318,1,96.35,60
26/07/2016,06:00:00,6,Jul-16,Rainy-2016,25.65,25.65,25.6,96,24.95,0.2,,0.4,1.35,,25.65,28.95,28.95,,1008.65,0.8,1.5,11.5,0.99,19.5,0,0,0,0,0.15,27.6,63,19.9,29.1,11.32,1.14,0,1399,1,100,60
26/07/2016,07:00:00,7,Jul-16,Rainy-2016,26.15,26.15,25.85,94,25.1,0.4,,0.8,1.8,,26.15,29.85,29.85,,1009,0.2,0.4,67,5.76,86,0,0,0,0,0.16,27.6,63,19.9,29.1,11.32,1.14,0.05,1403,1,100,60
26/07/2016,08:00:00,8,Jul-16,Rainy-2016,27.2,27.2,26.6,89.5,25.35,0.9,,1.61,2.9,,27.2,31.7,31.7,,1009.55,0,0,188,16.17,332.5,1.25,0.2,1.85,0,0.18,27.65,64,20.2,29.25,11.52,1.14,0.13,1405,1,100,60
26/07/2016,09:00:00,9,Jul-16,Rainy-2016,28.7,28.8,28.1,83,25.5,0.4,,0.8,2.9,,28.7,34.7,34.7,,1009.85,0,0,329.5,28.34,478,2.55,0.41,3.45,0,0.22,27.7,64,20.25,29.3,11.51,1.14,0.23,1403,1,100,60
26/07/2016,10:00:00,10,Jul-16,Rainy-2016,29.25,29.25,28.7,80,25.45,0.9,,1.61,3.6,,29.25,35.3,35.3,,1010.15,0,0,334.5,28.77,421,3.3,0.53,4.1,0,0.23,27.7,65,20.5,29.4,11.71,1.14,0.23,1393,1,100,60
26/07/2016,11:00:00,11,Jul-16,Rainy-2016,29.3,29.55,28.85,79.5,25.35,0.65,,1.21,2.9,,29.3,35.45,35.45,,1010.05,0,0,272,23.39,382,3.3,0.53,4.45,0,0.23,26,52,15.35,26.15,9.48,1.16,0.18,1384,1,100,60
26/07/2016,12:00:00,12,Jul-16,Rainy-2016,28.85,29.75,28.45,83.5,25.75,0.9,,1.61,3.35,,28.85,35.1,35.1,,1009.5,0.2,0,312,26.84,440.5,4,0.65,5.65,0,0.22,25.2,47,13.05,25,8.71,1.16,0.23,1288,1,94.15,60
26/07/2016,13:00:00,13,Jul-16,Rainy-2016,30,30.35,29.4,80,26.15,0.85,,1.61,4.05,,30,37.3,37.3,,1009.05,0,0,388.5,33.42,700.5,5,0.8,8.05,0,0.24,24.85,45.5,12.3,24.65,8.47,1.16,0.28,1272,1,92.55,60
26/07/2016,14:00:00,14,Jul-16,Rainy-2016,27.75,29.3,27.3,86.5,25.35,1.35,,2.42,5.15,,27.75,32.75,32.75,,1008.6,0,0,220.5,18.97,310,2.45,0.4,3.45,0,0.2,24.8,46.5,12.55,24.6,8.62,1.16,0.15,1188,1,86.75,60
26/07/2016,15:00:00,15,Jul-16,Rainy-2016,29.25,29.35,28.7,81,25.65,1.3,,2.41,3.8,,29.25,35.6,35.6,,1007.75,0,0,476.5,40.98,818.5,4.4,0.71,6.7,0,0.23,24.85,46,12.5,24.65,8.57,1.16,0.33,959,1,70.1,60
26/07/2016,16:00:00,16,Jul-16,Rainy-2016,30,30.3,29.2,77.5,25.6,0.9,,1.61,3.8,,30,36.7,36.7,,1006.95,0,0,392,33.72,605,2.9,0.47,3.7,0,0.24,24.65,44.5,11.75,24.4,8.32,1.16,0.28,1007,1,73.6,60
26/07/2016,17:00:00,17,Jul-16,Rainy-2016,29.6,30,29.4,77.5,25.2,0.9,,1.61,3.35,,29.6,35.65,35.65,,1006.55,0,0,190.5,16.39,326,1.4,0.23,1.8,0,0.23,24.85,47,12.7,24.6,8.72,1.16,0.15,1227,1,89.7,60
26/07/2016,18:00:00,18,Jul-16,Rainy-2016,29.55,30.1,29.3,77.5,25.2,0.9,,1.61,3.35,,29.55,35.65,35.65,,1006.75,0,0,119.5,10.28,186,0.35,0.06,0.75,0,0.23,26.05,52.5,15.6,26.25,9.57,1.15,0.1,1194,1,87.3,60
26/07/2016,19:00:00,19,Jul-16,Rainy-2016,28.45,28.8,28.45,81,24.85,0.4,,0.8,2.7,,28.45,33.55,33.55,,1007.25,0,0,8,0.69,16.5,0,0,0,0,0.21,26.5,53.5,16.25,26.75,9.7,1.15,0.03,1158,1,84.65,60
26/07/2016,20:00:00,20,Jul-16,Rainy-2016,28,28.2,28,84.5,25.15,0.4,,0.8,1.55,,28,33,33,,1008.15,0,0,0,0,0,0,0,0,0,0.2,26.7,54.5,16.75,27.05,9.8,1.15,0.03,1181,1,86.3,60
26/07/2016,21:00:00,21,Jul-16,Rainy-2016,27.8,28.05,27.75,83,24.65,0.4,,0.8,2,,27.8,32.2,32.2,,1008.85,0,0,0,0,0,0,0,0,0,0.2,26.85,55.5,17.2,27.35,9.95,1.15,0.03,992,1,72.5,60
26/07/2016,22:00:00,22,Jul-16,Rainy-2016,27.05,27.4,27.05,85.5,24.4,0.4,,0.8,1.55,,27.05,30.7,30.7,,1009.2,0,0,0,0,0,0,0,0,0,0.18,26.95,57,17.75,27.6,10.16,1.15,0.03,1382,1,99.7,60
26/07/2016,23:00:00,23,Jul-16,Rainy-2016,26.3,26.65,26.25,89.5,24.4,0,,0,0.65,,26.3,29.55,29.55,,1009.2,0,0,0,0,0,0,0,0,0,0.17,27,57,17.8,27.6,10.16,1.15,0,1401,1,100,60
27/07/2016,00:00:00,24,Jul-16,Rainy-2016,26.45,26.6,26.25,89,24.5,0.2,,0.4,1.1,,26.45,29.9,29.9,,1009,0,0,0,0,0,0,0,0,0,0.17,27.1,58,18.1,27.8,10.35,1.15,0,1398,1,100,60
27/07/2016,01:00:00,1,Jul-16,Rainy-2016,26.15,26.45,26.1,90,24.4,0,,0,0.65,,26.15,29.4,29.4,,1008.55,0,0,0,0,0,0,0,0,0,0.16,27.1,58,18.1,27.8,10.35,1.15,0,1391,1,100,60
27/07/2016,02:00:00,2,Jul-16,Rainy-2016,25.65,25.8,25.65,93.5,24.45,0,,0,0.9,,25.65,28.6,28.6,,1008.3,0,0,0,0,0,0,0,0,0,0.15,27.2,59,18.5,28,10.55,1.15,0,1391,1,100,60
27/07/2016,03:00:00,3,Jul-16,Rainy-2016,25.4,25.55,25.4,94.5,24.5,0,,0,0,,25.4,28.25,28.25,,1008,0,0,0,0,0,0,0,0,0,0.15,27.2,59,18.5,28.1,10.55,1.15,0,1402,1,100,60
27/07/2016,04:00:00,4,Jul-16,Rainy-2016,25.35,25.35,25.3,95,24.5,0,,0,0.2,,25.35,28.15,28.15,,1008.05,0,0,0,0,0,0,0,0,0,0.15,27.25,60,18.8,28.2,10.75,1.14,0,1402,1,100,60
27/07/2016,05:00:00,5,Jul-16,Rainy-2016,25.45,25.55,25.4,95.5,24.65,0,,0,0.2,,25.45,28.35,28.35,,1007.95,0,0,0,0,0,0,0,0,0,0.15,27.3,60.5,18.95,28.25,10.85,1.14,0,1401,1,100,60
27/07/2016,06:00:00,6,Jul-16,Rainy-2016,25.55,25.55,25.4,96,24.85,0,,0,0.65,,25.55,28.65,28.65,,1008.35,0,0,5,0.43,9.5,0,0,0,0,0.15,27.3,61,19.1,28.3,10.95,1.14,0,1401,1,100,60
27/07/2016,07:00:00,7,Jul-16,Rainy-2016,27.15,27.15,26.15,90.5,25.4,0.4,,0.8,1.8,,27.15,31.75,31.75,,1008.95,0,0,81,6.97,115.5,0.25,0.04,0.4,0,0.18,27.35,61.5,19.3,28.5,11.04,1.14,0.05,1396,1,100,60
27/07/2016,08:00:00,8,Jul-16,Rainy-2016,28.9,28.9,27.9,83.5,25.75,0.4,,0.8,2.25,,28.9,35,35,,1009.5,0,0,255.5,21.98,357.5,1.5,0.24,1.9,0,0.22,27.4,62,19.5,28.6,11.12,1.14,0.15,1152,1,84.2,60
27/07/2016,09:00:00,9,Jul-16,Rainy-2016,29.45,30.1,28.65,80,25.65,0.9,,1.61,3.6,,29.45,35.9,35.9,,1009.7,0,0,204.5,17.59,507,2.55,0.41,3.85,0,0.23,27.4,63,19.8,28.8,11.32,1.14,0.2,1065,1,77.85,60
27/07/2016,10:00:00,10,Jul-16,Rainy-2016,29.5,29.9,29.2,80,25.65,1.1,,2.01,4,,29.5,36,36,,1009.6,0,0,388.5,33.41,605,3.85,0.62,4.9,0,0.23,26.8,58.5,17.9,27.65,10.59,1.15,0.28,1177,1,86,60
27/07/2016,11:00:00,11,Jul-16,Rainy-2016,30.3,30.5,29.95,75.5,25.5,0.9,,1.61,3.35,,30.3,37.1,37.1,,1009.3,0,0,431.5,37.12,610,5.2,0.84,8.05,0,0.25,25.35,50,14.15,25.35,9.18,1.16,0.33,1354,1,98.95,60
27/07/2016,12:00:00,12,Jul-16,Rainy-2016,30.7,30.85,30.4,73.5,25.4,0.9,,1.61,2.7,,30.7,37.35,37.35,,1008.7,0,0,429,36.89,591.5,5.1,0.82,6.5,0,0.26,24.8,45.5,12.25,24.6,8.47,1.16,0.3,1376,1,99.7,60
27/07/2016,13:00:00,13,Jul-16,Rainy-2016,31.9,31.9,31.2,69.5,25.6,0.9,,1.61,3.1,,31.9,39.65,39.65,,1007.9,0,0,745,64.08,947.5,8.1,1.31,9.65,0,0.28,24.7,45,11.95,24.45,8.38,1.16,0.53,1368,1,99.1,60
27/07/2016,14:00:00,14,Jul-16,Rainy-2016,32.35,32.6,31.95,63.5,24.55,0.9,,1.61,3.55,,32.35,39.25,39.25,,1006.9,0,0,760,65.37,814,7.4,1.19,8.05,0,0.29,24.5,43.5,11.25,24.2,8.14,1.16,0.53,1384,1,100,60
27/07/2016,15:00:00,15,Jul-16,Rainy-2016,32.35,32.7,31.8,67.5,25.6,0.9,,1.61,4.05,,32.35,40.6,40.6,,1006.4,0,0,510.5,43.91,717,4.55,0.73,5.6,0,0.29,24.6,45,11.9,24.4,8.43,1.16,0.38,1378,1,99.7,60
27/07/2016,16:00:00,16,Jul-16,Rainy-2016,32.7,33.1,32.45,66.5,25.6,0.9,,1.61,3.1,,32.7,41.15,41.15,,1005.7,0,0,490.5,42.19,597,3.15,0.51,3.9,0,0.3,24.75,46.5,12.5,24.55,8.67,1.16,0.36,1394,1,100,60
27/07/2016,17:00:00,17,Jul-16,Rainy-2016,32.65,32.85,32.5,66.5,25.55,0.9,,1.61,2.7,,32.65,41.05,41.05,,1005.2,0,0,348.5,29.98,410,1.75,0.28,2.1,0,0.3,25.65,49.5,14.25,25.65,9.13,1.15,0.25,1106,1,80.85,60
27/07/2016,18:00:00,18,Jul-16,Rainy-2016,31.75,32.4,31.75,69,25.35,0.9,,1.61,2.65,,31.75,39.05,39.05,,1005.1,0,0,141,12.13,201.5,0.45,0.08,0.8,0,0.28,26.5,53.5,16.25,26.75,9.7,1.15,0.13,1229,1,89.85,60
27/07/2016,19:00:00,19,Jul-16,Rainy-2016,30.5,31.05,30.5,75.5,25.7,0.4,,0.8,2.25,,30.5,37.4,37.4,,1005.7,0,0,12,1.03,20.5,0,0,0,0,0.25,26.75,54.5,16.8,27.1,9.8,1.15,0.03,1401,1,100,60
27/07/2016,20:00:00,20,Jul-16,Rainy-2016,29.65,29.95,29.6,79.5,25.65,0.4,,0.8,1.8,,29.65,36.05,36.05,,1006.1,0,0,0,0,0,0,0,0,0,0.24,26.85,56,17.35,27.35,10.05,1.15,0.03,1400,1,100,60
27/07/2016,21:00:00,21,Jul-16,Rainy-2016,28.8,29.35,28.8,84.5,25.9,0,,0,0,,28.8,35.15,35.15,,1006.5,0,0,0,0,0,0,0,0,0,0.22,27.05,57,17.8,27.65,10.16,1.15,0.03,1399,1,100,60
27/07/2016,22:00:00,22,Jul-16,Rainy-2016,28.6,28.65,28.35,87,26.25,0,,0,0.45,,28.6,35.15,35.15,,1007.1,0,0,0,0,0,0,0,0,0,0.21,27.15,58,18.15,27.85,10.35,1.14,0.03,1392,1,100,60
27/07/2016,23:00:00,23,Jul-16,Rainy-2016,28.55,28.75,28.5,88,26.35,0,,0,0,,28.55,35.2,35.2,,1007.2,0,0,0,0,0,0,0,0,0,0.21,27.2,59,18.5,28.1,10.55,1.14,0.03,1345,1,98.1,60
28/07/2016,00:00:00,24,Jul-16,Rainy-2016,28.75,28.8,28.5,88,26.55,0.45,,0.81,1.55,,28.75,35.85,35.85,,1007,0,0,0,0,0,0,0,0,0,0.22,27.3,60,18.85,28.25,10.75,1.14,0.03,1369,1,99.8,60
28/07/2016,01:00:00,1,Jul-16,Rainy-2016,28.55,28.7,28.55,88,26.35,0.4,,0.8,1.55,,28.55,35.25,35.25,,1006.65,0,0,0,0,0,0,0,0,0,0.21,27.35,60.5,19.05,28.4,10.85,1.14,0.03,1333,1,97.45,60
28/07/2016,02:00:00,2,Jul-16,Rainy-2016,28.35,28.45,28.35,87,26.05,0.2,,0.4,1.8,,28.35,34.5,34.5,,1006.25,0,0,0,0,0,0,0,0,0,0.21,27.4,61,19.25,28.55,10.95,1.14,0.03,1348,1,98.55,60
28/07/2016,03:00:00,3,Jul-16,Rainy-2016,28.25,28.3,28.25,87.5,25.95,0.4,,0.8,1.55,,28.25,34.2,34.2,,1006.15,0,0,0,0,0,0,0,0,0,0.21,27.5,61.5,19.45,28.75,11.04,1.14,0.03,1383,1,100,60
28/07/2016,04:00:00,4,Jul-16,Rainy-2016,28.1,28.15,28.05,90.5,26.35,0.2,,0.4,1.55,,28.1,34.35,34.35,,1006.05,0,0,0,0,0,0,0,0,0,0.2,27.5,62,19.6,28.8,11.12,1.14,0,1381,1,100,60
28/07/2016,05:00:00,5,Jul-16,Rainy-2016,27.9,28,27.9,90,26.15,0.4,,0.8,1.8,,27.9,33.75,33.75,,1005.95,0,0,0,0,0,0,0,0,0,0.2,27.6,62,19.6,28.9,11.12,1.14,0,1387,1,100,60
28/07/2016,06:00:00,6,Jul-16,Rainy-2016,27.8,27.85,27.8,91,26.2,0.65,,1.21,2.45,,27.8,33.65,33.65,,1006.25,0,0,3.5,0.3,8,0,0,0,0,0.2,27.6,63,19.9,29.1,11.32,1.14,0,1393,1,100,60
28/07/2016,07:00:00,7,Jul-16,Rainy-2016,28.1,28.1,27.9,90.5,26.4,0.9,,1.61,3.15,,28.1,34.3,34.3,,1006.55,0,0,63,5.42,82,0.15,0.03,0.3,0,0.2,27.7,63,20,29.2,11.31,1.14,0.05,1395,1,100,60
28/07/2016,08:00:00,8,Jul-16,Rainy-2016,28.4,28.4,28.2,88.5,26.3,0.9,,1.61,3.55,,28.4,34.8,34.8,,1006.8,0,0,118,10.15,200,0.9,0.15,1.25,0,0.21,27.7,64,20.25,29.3,11.51,1.14,0.08,1372,1,99.5,60
28/07/2016,09:00:00,9,Jul-16,Rainy-2016,29.5,29.55,28.9,84.5,26.6,0.9,,1.61,3.8,,29.5,36.95,36.95,,1006.85,0,0,316.5,27.22,419.5,2.4,0.39,3.05,0,0.23,27.75,64.5,20.45,29.45,11.61,1.14,0.23,1241,1,90.7,60
28/07/2016,10:00:00,10,Jul-16,Rainy-2016,30.65,30.85,30,79.5,26.7,1.3,,2.41,4.5,,30.65,39,39,,1007.1,0,0,495.5,42.62,782,4.05,0.65,5.6,0,0.26,26.5,55.5,16.85,26.95,10.02,1.15,0.36,1116,1,81.6,60
28/07/2016,11:00:00,11,Jul-16,Rainy-2016,30.95,31.1,30.7,75.5,26.1,1.1,,2.01,3.55,,30.95,38.45,38.45,,1006.7,0,0,428.5,36.86,606.5,4.45,0.72,5.75,0,0.26,25.3,48,13.5,25.15,8.85,1.16,0.3,1194,1,87.3,60
28/07/2016,12:00:00,12,Jul-16,Rainy-2016,31.7,31.9,31.2,72,26,0.9,,1.61,3.35,,31.7,39.9,39.9,,1005.85,0,0,485,41.71,791,5.5,0.88,7.4,0,0.28,25.15,48,13.3,24.95,8.86,1.16,0.36,960,1,70.15,60
28/07/2016,13:00:00,13,Jul-16,Rainy-2016,32.6,32.8,32.15,70.5,26.55,0.9,,1.61,3.35,,32.6,42.55,42.55,,1005.05,0,0,618,53.15,887.5,6.7,1.08,8.15,0,0.3,25.5,49.5,14.15,25.45,9.13,1.15,0.43,880,1,64.35,60
28/07/2016,14:00:00,14,Jul-16,Rainy-2016,32.65,32.9,32.4,68,25.95,1.1,,2.01,3.6,,32.65,41.65,41.65,,1004.3,0,0,455.5,39.18,691.5,4.55,0.73,6.35,0,0.3,24.85,46.5,12.65,24.65,8.62,1.16,0.33,1374,1,99.95,60
28/07/2016,15:00:00,15,Jul-16,Rainy-2016,32.4,32.75,32.1,71,26.45,0.65,,1.21,2.2,,32.4,41.95,41.95,,1003,0,0,274.5,23.61,486,2.35,0.38,3.35,0,0.29,25.05,46.5,12.8,24.85,8.61,1.16,0.2,1323,1,96.7,60
28/07/2016,16:00:00,16,Jul-16,Rainy-2016,33.05,33.3,32.75,68,26.35,0.9,,1.61,2.9,,33.05,42.9,42.9,,1002.25,0,0,464.5,39.96,589.5,2.7,0.44,3.35,0,0.31,25.1,47.5,13.2,24.95,8.81,1.15,0.33,1272,1,92.95,60
28/07/2016,17:00:00,17,Jul-16,Rainy-2016,32.15,32.6,32.15,73,26.7,0.65,,1.21,2.45,,32.15,41.9,41.9,,1001.85,0,0,124.5,10.7,156,0.85,0.14,1.05,0,0.29,25.35,48,13.55,25.25,8.85,1.15,0.1,1327,1,97,60
28/07/2016,18:00:00,18,Jul-16,Rainy-2016,31.65,31.85,31.6,74,26.45,0.65,,1.21,2.45,,31.65,40.4,40.4,,1002.35,0,0,51.5,4.43,61,0,0,0,0,0.28,26.55,54.5,16.6,26.9,9.81,1.14,0.05,933,1,68.2,60
28/07/2016,19:00:00,19,Jul-16,Rainy-2016,30.4,31.45,30.4,78,26.1,0.2,,0.4,1.55,,30.4,37.95,37.95,,1003.3,0,0,26,2.24,41.5,0,0,0,0,0.25,26.9,55.5,17.25,27.45,9.95,1.14,0.03,887,1,64.8,60
28/07/2016,20:00:00,20,Jul-16,Rainy-2016,28.6,29.05,28.6,85.5,25.9,0,,0,0,,28.6,34.8,34.8,,1003.75,0,0,0,0,0,0,0,0,0,0.21,27.15,56,17.6,27.7,10.05,1.14,0.03,1392,1,100,60
28/07/2016,21:00:00,21,Jul-16,Rainy-2016,28.5,28.65,28.5,87.5,26.25,0,,0,0,,28.5,35,35,,1004.1,0,0,0,0,0,0,0,0,0,0.21,27.3,57,18.05,28.05,10.17,1.14,0.03,1389,1,100,60
28/07/2016,22:00:00,22,Jul-16,Rainy-2016,28.35,28.45,28.3,89,26.35,0,,0,0,,28.35,34.8,34.8,,1005,0,0,0,0,0,0,0,0,0,0.21,27.4,58,18.4,28.25,10.35,1.14,0,1404,1,100,60
28/07/2016,23:00:00,23,Jul-16,Rainy-2016,28.3,28.35,28.3,90,26.5,0,,0,0,,28.3,34.9,34.9,,1005.55,0,0,0,0,0,0,0,0,0,0.21,27.55,59,18.8,28.55,10.55,1.14,0,1399,1,100,60
29/07/2016,00:00:00,24,Jul-16,Rainy-2016,28.3,28.35,28.3,90,26.5,0,,0,0,,28.3,34.9,34.9,,1004.95,0,0,0,0,0,0,0,0,0,0.21,27.6,59.5,18.95,28.65,10.65,1.14,0,1379,1,100,60
29/07/2016,01:00:00,1,Jul-16,Rainy-2016,28.25,28.3,28.25,89.5,26.35,0,,0,0,,28.25,34.45,34.45,,1004.35,0,0,0,0,0,0,0,0,0,0.21,27.7,60,19.2,28.8,10.75,1.14,0,1373,1,100,60
29/07/2016,02:00:00,2,Jul-16,Rainy-2016,28.2,28.3,28.15,90.5,26.5,0,,0,0,,28.2,34.65,34.65,,1004.05,0,0,0,0,0,0,0,0,0,0.21,27.7,61,19.5,29,10.95,1.14,0,1362,1,99.05,60
29/07/2016,03:00:00,3,Jul-16,Rainy-2016,28.2,28.25,28,88,26,0,,0,0,,28.2,34.1,34.1,,1003.65,0,0,0,0,0,0,0,0,0,0.21,27.8,61,19.6,29.1,10.95,1.14,0,1387,1,100,60
29/07/2016,04:00:00,4,Jul-16,Rainy-2016,27.9,28.2,27.9,90,26.1,0,,0,0,,27.9,33.65,33.65,,1003.35,0,0,0,0,0,0,0,0,0,0.2,27.8,62,19.9,29.3,11.11,1.14,0,1364,1,99.4,60
29/07/2016,05:00:00,5,Jul-16,Rainy-2016,27.45,27.6,27.45,92,26.05,0,,0,0,,27.45,32.75,32.75,,1003.6,0,0,0,0,0,0,0,0,0,0.19,27.9,62,19.9,29.4,11.11,1.14,0,1363,1,99.65,60
29/07/2016,06:00:00,6,Jul-16,Rainy-2016,27.35,27.4,27.35,93.5,26.2,0,,0,0,,27.35,32.7,32.7,,1003.9,0,0,5,0.43,12.5,0,0,0,0,0.19,27.9,62,19.95,29.45,11.11,1.14,0,1291,1,94.4,60
29/07/2016,07:00:00,7,Jul-16,Rainy-2016,27.7,27.7,27.45,93,26.5,0,,0,0,,27.7,33.8,33.8,,1004.4,0,0,29.5,2.53,42,0,0,0,0,0.2,27.9,63,20.2,29.6,11.3,1.14,0.03,1322,1,96.65,60
29/07/2016,08:00:00,8,Jul-16,Rainy-2016,28.5,28.5,28.05,91.5,27,0,,0,0,,28.5,35.9,35.9,,1004.7,0,0,55,4.73,57,0,0,0,0,0.21,28,63,20.3,29.7,11.3,1.14,0.05,741,1,54.15,60
29/07/2016,09:00:00,9,Jul-16,Rainy-2016,28.55,28.65,28.5,91.5,27,0,,0,0,,28.55,35.95,35.95,,1005.1,0,0,33,2.84,37.5,0,0,0,0,0.21,28,63,20.3,29.7,11.3,1.14,0.03,1265,1,92.5,60
29/07/2016,10:00:00,10,Jul-16,Rainy-2016,28.75,28.75,28.6,90.5,27.05,0,,0,0,,28.75,36.35,36.35,,1005.3,0,0,44.5,3.83,54,0,0,0,0,0.22,28.1,64,20.6,29.9,11.5,1.14,0.03,1313,1,95.95,60
29/07/2016,11:00:00,11,Jul-16,Rainy-2016,28.65,28.75,28.6,89.5,26.75,0,,0,0,,28.65,35.7,35.7,,1005.2,0,0,83,7.14,102,0.65,0.11,0.85,0,0.21,28.1,64,20.7,30,11.5,1.13,0.05,1334,1,97.5,60
29/07/2016,12:00:00,12,Jul-16,Rainy-2016,29.2,29.2,28.75,88.5,27.1,0.2,,0.4,1.1,,29.2,37.1,37.1,,1004.8,0,0,151.5,13.03,192.5,1.45,0.24,1.75,0,0.23,28.1,65,20.9,30.1,11.7,1.13,0.1,1302,1,95.2,60
29/07/2016,13:00:00,13,Jul-16,Rainy-2016,30.6,30.6,29.95,83.5,27.5,0.4,,0.8,1.8,,30.6,40.1,40.1,,1004,0,0,351.5,30.23,470,3.15,0.51,4.1,0,0.26,28.2,65.5,21.1,30.3,11.8,1.13,0.23,1402,1,100,60
29/07/2016,14:00:00,14,Jul-16,Rainy-2016,30.95,31.15,30.65,81,27.3,0.4,,0.8,1.8,,30.95,40.3,40.3,,1002.4,0,0,367.5,31.61,445.5,3.1,0.5,3.7,0,0.26,28.2,66,21.3,30.4,11.89,1.13,0.25,1396,1,100,60
29/07/2016,15:00:00,15,Jul-16,Rainy-2016,31,31.15,30.6,81,27.4,0.4,,0.8,1.55,,31,40.7,40.7,,1001.85,0,0,277.5,23.87,340.5,1.95,0.32,2.25,0,0.26,28.3,67,21.6,30.7,12.09,1.13,0.2,1389,1,100,60
29/07/2016,16:00:00,16,Jul-16,Rainy-2016,31.35,31.6,31.15,79.5,27.35,0.65,,1.21,2.2,,31.35,41.05,41.05,,1001.35,0,0,301,25.88,384,1.45,0.24,2,0,0.27,28.3,67,21.6,30.75,12.09,1.13,0.2,1314,1,95.75,60
29/07/2016,17:00:00,17,Jul-16,Rainy-2016,31.25,31.6,31.1,78,26.95,0.4,,0.8,2.9,,31.25,40.2,40.2,,1001.25,0,0,195.5,16.82,235.5,0.7,0.11,0.95,0,0.27,28.3,67,21.6,30.8,12.09,1.13,0.15,1188,1,86.8,60
29/07/2016,18:00:00,18,Jul-16,Rainy-2016,30.65,31.05,30.65,81.5,27.1,0.2,,0.4,1.55,,30.65,39.6,39.6,,1001.1,0,0,79.5,6.84,115,0.15,0.03,0.25,0,0.26,28.3,68,21.9,31,12.29,1.13,0.08,993,1,72.55,60
29/07/2016,19:00:00,19,Jul-16,Rainy-2016,29.4,30.05,29.4,86,26.8,0,,0,0.2,,29.4,37.1,37.1,,1001.55,0,0,3,0.26,7,0,0,0,0,0.23,28.3,68,21.9,31,12.29,1.13,0,1179,1,86.1,60
29/07/2016,20:00:00,20,Jul-16,Rainy-2016,29.25,29.3,29.05,86.5,26.75,0,,0,0.45,,29.25,36.75,36.75,,1002.9,0,0,0,0,0,0,0,0,0,0.23,28.4,68,21.9,31.1,12.29,1.13,0.03,1387,1,100,60
29/07/2016,21:00:00,21,Jul-16,Rainy-2016,29,29.25,29,87,26.65,0.4,,0.8,1.8,,29,36.35,36.35,,1004.05,0,0,0,0,0,0,0,0,0,0.22,28.4,68,21.9,31.1,12.29,1.13,0.03,1401,1,100,60
29/07/2016,22:00:00,22,Jul-16,Rainy-2016,28.75,28.85,28.75,88.5,26.65,0,,0,1.3,,28.75,36,36,,1005,0,0,0,0,0,0,0,0,0,0.22,28.4,68,21.9,31.1,12.29,1.13,0.03,1400,1,100,60
29/07/2016,23:00:00,23,Jul-16,Rainy-2016,28.65,28.7,28.65,90.5,26.9,0.4,,0.8,1.55,,28.65,36,36,,1005.3,0,0,0,0,0,0,0,0,0,0.21,28.4,68,22,31.3,12.29,1.13,0.03,1390,1,100,60
30/07/2016,00:00:00,24,Jul-16,Rainy-2016,28.3,28.5,28.3,90.5,26.6,0.2,,0.4,1.1,,28.3,34.95,34.95,,1004.9,0,0,0,0,0,0,0,0,0,0.21,28.4,68,22,31.3,12.29,1.13,0,1259,1,91.95,60
30/07/2016,01:00:00,1,Jul-16,Rainy-2016,27.7,28,27.7,92.5,26.35,0,,0,0.2,,27.7,33.6,33.6,,1004.1,0,0,0,0,0,0,0,0,0,0.2,28.4,68,22,31.3,12.29,1.13,0,1157,1,84.6,60
30/07/2016,02:00:00,2,Jul-16,Rainy-2016,27.25,27.45,27.25,94,26.2,0,,0,0.2,,27.25,32.55,32.55,,1003.25,0,0,0,0,0,0,0,0,0,0.19,28.4,68,22,31.3,12.29,1.13,0,1301,1,94.8,60
30/07/2016,03:00:00,3,Jul-16,Rainy-2016,27.25,27.3,27.15,95,26.4,0,,0,0.4,,27.25,32.65,32.65,,1003,0,0,0,0,0,0,0,0,0,0.19,28.4,68,22,31.3,12.29,1.13,0,867,1,63.4,60
30/07/2016,04:00:00,4,Jul-16,Rainy-2016,27.1,27.25,27.05,95.5,26.3,0,,0,0,,27.1,32.3,32.3,,1002.75,0,0,0,0,0,0,0,0,0,0.18,28.5,68.5,22.15,31.5,12.35,1.13,0,953,1,69.65,60
30/07/2016,05:00:00,5,Jul-16,Rainy-2016,27,27.1,26.8,96,26.3,0,,0,0.65,,27,32.3,32.3,,1003.2,0,0,0,0,0,0,0,0,0,0.18,28.5,69,22.3,31.6,12.42,1.13,0,1133,1,82.8,60
30/07/2016,06:00:00,6,Jul-16,Rainy-2016,27.5,27.5,27.3,95,26.6,0.2,,0.4,0.65,,27.5,33.5,33.5,,1003.6,0,0,2.5,0.22,4.5,0,0,0,0,0.19,28.5,69,22.3,31.6,12.42,1.13,0,1248,1,91.25,60
30/07/2016,07:00:00,7,Jul-16,Rainy-2016,27.55,27.6,27.4,95,26.7,0,,0,0.2,,27.55,33.75,33.75,,1003.85,0,0,24.5,2.11,41,0,0,0,0,0.19,28.5,69,22.3,31.6,12.42,1.13,0.03,1136,1,83.05,60
30/07/2016,08:00:00,8,Jul-16,Rainy-2016,28.3,28.3,28,91.5,26.8,0,,0,0.45,,28.3,35.3,35.3,,1004.35,0,0,84,7.22,114.5,0.65,0.11,0.75,0,0.21,28.55,69,22.3,31.65,12.42,1.13,0.05,870,1,63.6,60
30/07/2016,09:00:00,9,Jul-16,Rainy-2016,28.6,28.6,28.4,91,27,0,,0,0,,28.6,36.05,36.05,,1004.8,0,0,82,7.05,82.5,0.75,0.12,0.85,0,0.21,28.6,69,22.3,31.7,12.41,1.13,0.05,764,1,55.85,60
30/07/2016,10:00:00,10,Jul-16,Rainy-2016,29.35,29.35,28.8,88,27.15,0,,0,0.9,,29.35,37.55,37.55,,1004.55,0,0,192.5,16.55,192.5,1.4,0.23,1.8,0,0.23,28.6,69,22.3,31.7,12.41,1.13,0.18,716,1,52.35,60
30/07/2016,11:00:00,11,Jul-16,Rainy-2016,30.7,30.7,30.15,80.5,26.95,0.4,,0.8,1.8,,30.7,39.45,39.45,,1004.5,0,0,305.5,26.27,355,2.75,0.44,3.3,0,0.26,28.6,70,22.6,32.1,12.64,1.13,0.2,795,1,58.1,60
30/07/2016,12:00:00,12,Jul-16,Rainy-2016,31.4,31.65,31.05,77.5,27,0.4,,0.8,1.55,,31.4,40.6,40.6,,1003.95,0,0,402.5,34.62,604,4,0.64,4.85,0,0.27,28.6,70,22.6,32.1,12.64,1.13,0.28,568,1,41.55,60
30/07/2016,13:00:00,13,Jul-16,Rainy-2016,32.25,32.25,31.7,76,27.5,0.2,,0.4,1.1,,32.25,43.6,43.6,,1003.25,0,0,423.5,36.43,636,2.95,0.47,3.2,0,0.29,28.65,70.5,22.75,32.2,12.77,1.13,0.28,864,1,63.15,60
30/07/2016,14:00:00,14,Jul-16,Rainy-2016,31.95,32.5,31.95,77.5,27.55,0.2,,0.4,1.55,,31.95,43.1,43.1,,1002.1,0,0,259.5,22.32,454,2.35,0.38,3.25,0,0.28,28.7,71,22.9,32.4,12.91,1.13,0.23,670,1,49,60
30/07/2016,15:00:00,15,Jul-16,Rainy-2016,32.55,32.6,31.85,76,27.75,0.4,,0.8,1.8,,32.55,44.7,44.7,,1001,0,0,137.5,11.82,146.5,2.3,0.37,2.75,0,0.3,28.7,71,22.9,32.4,12.91,1.12,0.25,392,1,28.65,60
30/07/2016,16:00:00,16,Jul-16,Rainy-2016,32.2,32.7,32.05,73,26.7,0.9,,1.61,2.7,,32.2,42,42,,1000.25,0,0,362.5,31.18,434,1.7,0.27,1.9,0,0.29,28.95,70.5,23.05,32.95,12.75,1.12,0.23,502,1,36.7,60
30/07/2016,17:00:00,17,Jul-16,Rainy-2016,32.05,32.3,32,73,26.55,0.65,,1.21,2,,32.05,41.45,41.45,,999.8,0,0,166.5,14.32,244,0.8,0.13,1.1,0,0.29,28.7,71,22.9,32.5,12.9,1.12,0.13,1399,1,100,60
30/07/2016,18:00:00,18,Jul-16,Rainy-2016,31.7,32,31.7,74,26.5,0.65,,1.21,2.2,,31.7,40.55,40.55,,1000.25,0,0,92.5,7.96,137,0.1,0.02,0.3,0,0.28,28.7,71,22.9,32.5,12.9,1.12,0.08,945,1,69.1,60
30/07/2016,19:00:00,19,Jul-16,Rainy-2016,29.7,31.1,29.7,86.5,27.2,0.4,,0.8,1.55,,29.7,38.35,38.35,,1001.4,2.4,16.7,6,0.52,9,0,0,0,0,0.24,28.7,71,22.9,32.5,12.9,1.12,0,1160,1,84.8,60
30/07/2016,20:00:00,20,Jul-16,Rainy-2016,25.7,27.45,25.7,92.5,24.4,0.65,,1.21,2.65,,25.7,28.7,28.7,,1003.15,19.6,99.3,0,0,0,0,0,0,0,0.15,28.7,71.5,23.05,32.6,13.08,1.13,0,1402,1,100,60
30/07/2016,21:00:00,21,Jul-16,Rainy-2016,25.7,25.75,25.45,95.5,24.95,0.2,,0.4,1.35,,25.7,28.9,28.9,,1003.35,0.4,3.3,0,0,0,0,0,0,0,0.15,28.7,72,23.2,32.7,13.25,1.13,0,1404,1,100,60
30/07/2016,22:00:00,22,Jul-16,Rainy-2016,26,26,25.8,96.5,25.4,0,,0,0,,26,29.75,29.75,,1004.05,0,0,0,0,0,0,0,0,0,0.16,28.7,72,23.2,32.7,13.25,1.13,0,1403,1,100,60
30/07/2016,23:00:00,23,Jul-16,Rainy-2016,26.75,26.75,26.3,95,25.9,0.2,,0.4,3.15,,26.75,31.4,31.4,,1004.05,0,0,0,0,0,0,0,0,0,0.18,28.7,72,23.2,32.7,13.25,1.13,0,1405,1,100,60
31/07/2016,00:00:00,24,Jul-16,Rainy-2016,27.1,27.2,27.05,93,25.9,0,,0,1.3,,27.1,32,32,,1003.45,0,0,0,0,0,0,0,0,0,0.18,28.7,72,23.2,32.7,13.25,1.13,0,1400,1,100,60
31/07/2016,01:00:00,1,Jul-16,Rainy-2016,26.95,27.05,26.9,94.5,26,0,,0,0.45,,26.95,31.9,31.9,,1003.4,0,0,0,0,0,0,0,0,0,0.18,28.7,72,23.2,32.7,13.25,1.13,0,1388,1,100,60
31/07/2016,02:00:00,2,Jul-16,Rainy-2016,26.2,26.7,26.15,94,25.15,0.65,,1.21,3.35,,26.2,29.95,29.95,,1003.45,8.4,31.3,0,0,0,0,0,0,0,0.16,28.7,72,23.2,32.7,13.25,1.13,0,1390,1,100,60
31/07/2016,03:00:00,3,Jul-16,Rainy-2016,25.2,25.55,25.05,96,24.5,0.65,,1.21,3.35,,25.2,27.95,27.95,,1002.3,16.4,44.3,0,0,0,0,0,0,0,0.14,28.7,72,23.2,32.7,13.25,1.12,0,1404,1,100,60
31/07/2016,04:00:00,4,Jul-16,Rainy-2016,25.45,25.45,25.3,96,24.8,0.2,,0.4,3.35,,25.45,28.5,28.5,,1002.5,1.6,3.4,0,0,0,0,0,0,0,0.15,28.7,72,23.15,32.65,13.25,1.12,0,1399,1,100,60
31/07/2016,05:00:00,5,Jul-16,Rainy-2016,25.4,25.5,25.25,94.5,24.45,0.4,,0.8,2.2,,25.4,28.25,28.25,,1002.3,0,0,0,0,0,0,0,0,0,0.15,28.7,72,23.1,32.6,13.25,1.12,0,1404,1,100,60
31/07/2016,06:00:00,6,Jul-16,Rainy-2016,25.25,25.3,25.2,96.5,24.65,0,,0,0.65,,25.25,28.05,28.05,,1002.6,0,0,8,0.69,17.5,0,0,0,0,0.14,28.7,72,23.1,32.6,13.25,1.13,0,1400,1,100,60
31/07/2016,07:00:00,7,Jul-16,Rainy-2016,25.75,25.75,25.4,96,25.05,0,,0,0.85,,25.75,29.15,29.15,,1002.75,0,0,74.5,6.41,116,0.2,0.03,0.4,0,0.15,28.7,72,23.1,32.6,13.25,1.13,0.05,1403,1,100,60
31/07/2016,08:00:00,8,Jul-16,Rainy-2016,28.15,28.2,26.8,86.5,25.65,0.2,,0.4,0.9,,28.15,33.75,33.75,,1003.1,0,0,254,21.85,308.5,1.4,0.23,1.65,0,0.2,28.7,72,23.1,32.6,13.25,1.13,0.15,964,1,70.45,60
31/07/2016,09:00:00,9,Jul-16,Rainy-2016,29.25,29.3,28.85,81.5,25.75,0.65,,1.21,2.25,,29.25,35.65,35.65,,1003.15,0,0,467.5,40.21,492.5,2.85,0.46,3.3,0,0.23,28.7,72,23.15,32.65,13.25,1.13,0.36,801,1,58.55,60
31/07/2016,10:00:00,10,Jul-16,Rainy-2016,30.35,30.55,29.55,78,26.1,0.65,,1.21,2,,30.35,37.65,37.65,,1003.45,0,0,655.5,56.38,726,4.65,0.75,5.35,0,0.25,28.5,68.5,22.15,31.55,12.47,1.13,0.43,1256,1,91.8,60
31/07/2016,11:00:00,11,Jul-16,Rainy-2016,31.3,31.5,30.6,74.5,26.25,0.9,,1.61,2.45,,31.3,39.5,39.5,,1003.5,0,0,724.5,62.32,854.5,5.8,0.94,6.8,0,0.27,26.7,56,17.2,27.2,10.06,1.14,0.46,1349,1,98.6,60
31/07/2016,12:00:00,12,Jul-16,Rainy-2016,32.25,32.4,31.6,74,27.05,0.65,,1.21,2.9,,32.25,42.8,42.8,,1002.8,0,0,600,51.61,925,5.25,0.85,6.7,0,0.29,25.85,51.5,15.1,25.95,9.42,1.15,0.43,1186,1,86.65,60
31/07/2016,13:00:00,13,Jul-16,Rainy-2016,33,33,32.2,71.5,27.2,0.9,,1.61,2.2,,33,44.3,44.3,,1001.5,0,0,586,50.4,899,5.4,0.87,7.45,0,0.31,25.55,48.5,13.9,25.45,8.94,1.15,0.38,1058,1,77.35,60
31/07/2016,14:00:00,14,Jul-16,Rainy-2016,33.4,33.6,33.05,67.5,26.5,0.65,,1.21,2.45,,33.4,43.7,43.7,,1000.4,0,0,518.5,44.6,841.5,5.25,0.85,7,0,0.31,25.3,47,13.2,25.15,8.7,1.15,0.41,991,1,72.45,60
31/07/2016,15:00:00,15,Jul-16,Rainy-2016,34.2,34.4,33.6,67,27.2,0.4,,0.8,2.2,,34.2,46.25,46.25,,999.15,0,0,679.5,58.45,740,4.9,0.79,5.45,0,0.33,25.4,48,13.6,25.3,8.9,1.15,0.48,1163,1,85,60
31/07/2016,16:00:00,16,Jul-16,Rainy-2016,34.45,34.75,34.25,65,26.95,0.4,,0.8,1.3,,34.45,46.1,46.1,,998.15,0,0,444,38.19,549.5,2.75,0.44,3.55,0,0.34,25.4,49,13.9,25.3,9,1.15,0.3,1348,1,98.55,60
31/07/2016,17:00:00,17,Jul-16,Rainy-2016,34.05,34.65,34.05,68,27.25,0.4,,0.8,2,,34.05,46.1,46.1,,998,0,0,280,24.08,375,1.45,0.24,1.8,0,0.33,25.5,50.5,14.45,25.6,9.28,1.15,0.2,1264,1,92.4,60
31/07/2016,18:00:00,18,Jul-16,Rainy-2016,32.85,33.65,32.7,71.5,26.95,0.4,,0.8,1.3,,32.85,43.5,43.5,,998.1,0,0,108,9.29,154.5,0.25,0.04,0.4,0,0.3,26.9,55.5,17.25,27.4,9.95,1.14,0.1,1291,1,94.3,60
31/07/2016,19:00:00,19,Jul-16,Rainy-2016,30.75,31.6,30.75,80,26.9,0,,0,0.9,,30.75,39.35,39.35,,998.5,0,0,8,0.69,13,0,0,0,0,0.26,27.35,57.5,18.25,28.2,10.26,1.13,0,1361,1,99.4,60
31/07/2016,20:00:00,20,Jul-16,Rainy-2016,30.1,30.35,30.1,82.5,26.8,0,,0,0.2,,30.1,38.35,38.35,,999.9,0,0,0,0,0,0,0,0,0,0.25,27.65,59,18.9,28.7,10.55,1.13,0.03,1313,1,95.2,60
31/07/2016,21:00:00,21,Jul-16,Rainy-2016,29.5,29.8,29.45,78.5,25.35,0,,0,0,,29.5,35.65,35.65,,1001.05,0,0,0,0,0,0,0,0,0,0.23,27.8,60,19.35,29.05,10.75,1.13,0.03,1374,1,99.2,60
31/07/2016,22:00:00,22,Jul-16,Rainy-2016,28.85,29.2,28.85,82,25.45,0,,0,0,,28.85,34.95,34.95,,1001.4,0,0,0,0,0,0,0,0,0,0.22,27.9,60.5,19.55,29.3,10.85,1.13,0.03,1401,1,100,60
31/07/2016,23:00:00,23,Jul-16,Rainy-2016,28.4,28.6,28.35,85.5,25.75,0,,0,0,,28.4,34.25,34.25,,1001.6,0,0,0,0,0,0,0,0,0,0.21,28.05,61,19.8,29.5,10.95,1.13,0.03,1401,1,100,60
01/08/2016,00:00:00,24,Aug-16,Rainy-2016,28.75,28.8,28.5,82,25.35,0,,0,0.65,,28.75,34.6,34.6,,1001.65,0,0,0,0,0,0,0,0,0,0.22,28.1,61.5,20,29.65,11.03,1.13,0.03,1402,1,100,60
01/08/2016,01:00:00,1,Aug-16,Rainy-2016,28,28.75,28,90.5,26.3,0.2,,0.4,1.1,,28,34.05,34.05,,1000.7,0.6,2.4,0,0,0,0,0,0,0,0.2,28.2,62,20.2,29.8,11.1,1.13,0.03,1399,1,100,60
01/08/2016,02:00:00,2,Aug-16,Rainy-2016,27.15,27.45,27.15,94,26.15,0,,0,0.85,,27.15,32.3,32.3,,1000.75,0.2,0,0,0,0,0,0,0,0,0.18,28.2,63,20.5,30.1,11.29,1.13,0,1400,1,100,60
01/08/2016,03:00:00,3,Aug-16,Rainy-2016,26.55,26.9,26.55,93,25.35,0.2,,0.4,2,,26.55,30.65,30.65,,1000.1,1,2.4,0,0,0,0,0,0,0,0.17,28.3,63,20.6,30.2,11.29,1.13,0,1400,1,100,60
01/08/2016,04:00:00,4,Aug-16,Rainy-2016,25.8,26.1,25.8,94.5,24.9,0,,0,0.45,,25.8,29.15,29.15,,999.85,0.6,1.2,0,0,0,0,0,0,0,0.16,28.3,64,20.8,30.3,11.49,1.13,0,1403,1,100,60
01/08/2016,05:00:00,5,Aug-16,Rainy-2016,25.65,25.75,25.6,96,24.95,0,,0,0.45,,25.65,28.8,28.8,,999.85,0,0,0,0,0,0,0,0,0,0.15,28.3,65,21.1,30.5,11.69,1.13,0,1403,1,100,60
01/08/2016,06:00:00,6,Aug-16,Rainy-2016,25.9,25.9,25.75,96.5,25.3,0,,0,0,,25.9,29.55,29.55,,1000.1,0,0,4.5,0.39,11.5,0,0,0,0,0.16,28.3,66,21.4,30.7,11.89,1.13,0,1400,1,100,60
01/08/2016,07:00:00,7,Aug-16,Rainy-2016,26.5,26.5,26.05,96,25.8,0,,0,0.45,,26.5,30.95,30.95,,1000.4,0,0,60,5.16,82.5,0.15,0.03,0.3,0,0.17,28.35,66.5,21.55,30.8,11.99,1.13,0.05,1400,1,100,60
01/08/2016,08:00:00,8,Aug-16,Rainy-2016,27.6,27.65,26.95,91,26,0.2,,0.4,1.55,,27.6,33.05,33.05,,1000.65,0,0,143,12.3,204.5,0.9,0.15,1.15,0,0.19,28.4,66,21.4,30.8,11.89,1.13,0.1,1343,1,98.15,60
01/08/2016,09:00:00,9,Aug-16,Rainy-2016,29,29.1,28.15,86,26.4,0.4,,0.8,2,,29,35.9,35.9,,1000.95,0,0,248.5,21.37,383.5,1.95,0.32,2.55,0,0.22,28.4,66,21.5,30.9,11.89,1.13,0.18,1282,1,93,60
01/08/2016,10:00:00,10,Aug-16,Rainy-2016,30.7,30.9,29.9,80.5,26.95,0.65,,1.21,2,,30.7,39.45,39.45,,1000.75,0,0,494.5,42.53,733,4.35,0.7,5.7,0,0.26,28,61,19.75,29.7,10.97,1.13,0.36,1302,1,95.2,60
01/08/2016,11:00:00,11,Aug-16,Rainy-2016,31.8,32,31.35,77,27.25,0.9,,1.61,3.15,,31.8,42.2,42.2,,1000.45,0,0,778.5,66.96,964,7.3,1.17,8.7,0,0.28,25.2,46,12.75,25,8.56,1.15,0.51,1226,1,89.65,60
01/08/2016,12:00:00,12,Aug-16,Rainy-2016,32.9,33,32.05,73.5,27.55,0.9,,1.61,2.7,,32.9,44.95,44.95,,1000.05,0,0,929.5,79.95,1037,8.85,1.42,10.35,0,0.3,24.9,47,12.8,24.7,8.71,1.15,0.58,1337,1,96.4,60
01/08/2016,13:00:00,13,Aug-16,Rainy-2016,32.6,33.15,32.3,70.5,26.55,0.9,,1.61,4.05,,32.6,42.55,42.55,,999.35,0,0,671,57.72,971,6.9,1.11,9.75,0,0.3,25.25,48.5,13.6,25.15,8.95,1.15,0.46,822,1,60.05,60
01/08/2016,14:00:00,14,Aug-16,Rainy-2016,32.9,33.25,32.4,68,26.25,0.9,,1.61,2.25,,32.9,42.45,42.45,,998.25,0,0,624,53.67,758.5,6.25,1.01,7.75,0,0.3,25.35,47,13.25,25.2,8.7,1.15,0.43,723,1,52.85,60
01/08/2016,15:00:00,15,Aug-16,Rainy-2016,33.05,33.85,32.5,68.5,26.5,0.9,,1.61,3.15,,33.05,43.2,43.2,,997.35,0,0,528.5,45.45,685,4.35,0.7,5.5,0,0.31,25.35,46,12.9,25.15,8.5,1.15,0.36,893,1,65.25,60
01/08/2016,16:00:00,16,Aug-16,Rainy-2016,32.5,32.95,32.3,71.5,26.7,0.9,,1.61,2.65,,32.5,42.65,42.65,,996.9,0,0,347,29.84,469,2.65,0.43,3.35,0,0.3,25.3,45.5,12.65,25.1,8.45,1.15,0.25,1395,1,100,60
01/08/2016,17:00:00,17,Aug-16,Rainy-2016,33.7,33.75,33.1,67.5,26.8,0.4,,0.8,2,,33.7,44.75,44.75,,996.6,0,0,314,27.01,370,1.45,0.23,1.75,0,0.32,25.6,46,13.15,25.5,8.54,1.15,0.23,1174,1,85.8,60
01/08/2016,18:00:00,18,Aug-16,Rainy-2016,32.9,33.65,32.9,67,26,0.4,,0.8,1.3,,32.9,42.1,42.1,,996.35,0,0,120,10.32,185.5,0.3,0.05,0.45,0,0.3,26.85,49.5,15.4,26.9,9.05,1.14,0.1,1238,1,90.45,60
01/08/2016,19:00:00,19,Aug-16,Rainy-2016,30.9,31.8,30.85,77.5,26.5,0,,0,0.85,,30.9,39.15,39.15,,997.05,0,0,9,0.78,16,0,0,0,0,0.26,27.3,52.5,16.75,27.65,9.53,1.13,0.03,711,1,51.95,60
01/08/2016,20:00:00,20,Aug-16,Rainy-2016,29.85,30.25,29.85,82,26.45,0.2,,0.4,1.75,,29.85,37.3,37.3,,998.8,0,0,0,0,0,0,0,0,0,0.24,27.55,55.5,17.85,28.3,9.95,1.13,0.03,833,1,60.9,60
01/08/2016,21:00:00,21,Aug-16,Rainy-2016,28.35,29.2,28.35,87.5,26.05,0.2,,0.4,1.55,,28.35,34.6,34.6,,1000.05,0.4,3,0,0,0,0,0,0,0,0.21,27.75,57.5,18.6,28.7,10.27,1.13,0.03,975,1,71.3,60
01/08/2016,22:00:00,22,Aug-16,Rainy-2016,26.95,27.45,26.9,94.5,26.05,0.2,,0.4,2,,26.95,31.9,31.9,,1000.45,7.4,59.8,0,0,0,0,0,0,0,0.18,27.8,58.5,18.95,28.9,10.45,1.13,0,1389,1,100,60
01/08/2016,23:00:00,23,Aug-16,Rainy-2016,26.85,26.9,26.75,96,26.15,0,,0,0.2,,26.85,31.75,31.75,,1000.15,0.2,0,0,0,0,0,0,0,0,0.18,27.9,59,19.15,29.15,10.55,1.13,0,1398,1,100,60
02/08/2016,00:00:00,24,Aug-16,Rainy-2016,26.85,26.9,26.85,96,26.15,0,,0,0.45,,26.85,31.85,31.85,,999.9,0.2,0,0,0,0,0,0,0,0,0.18,28,59,19.2,29.2,10.55,1.13,0,1403,1,100,60
02/08/2016,01:00:00,1,Aug-16,Rainy-2016,26.95,26.95,26.85,96.5,26.4,0,,0,1.1,,26.95,32.25,32.25,,999.25,0,0,0,0,0,0,0,0,0,0.18,28.1,60,19.6,29.45,10.75,1.13,0,1403,1,100,60
02/08/2016,02:00:00,2,Aug-16,Rainy-2016,27,27,26.9,96,26.3,0.2,,0.4,1.35,,27,32.25,32.25,,998.45,0,0,0,0,0,0,0,0,0,0.18,28.15,60.5,19.75,29.6,10.85,1.13,0,1403,1,100,60
02/08/2016,03:00:00,3,Aug-16,Rainy-2016,27.15,27.15,26.95,92.5,25.8,0.4,,0.8,2.25,,27.15,31.9,31.9,,998.3,0,0,0,0,0,0,0,0,0,0.18,28.2,61.5,20.05,29.8,11.02,1.13,0,1401,1,100,60
02/08/2016,04:00:00,4,Aug-16,Rainy-2016,27,27.15,26.9,92,25.6,0.4,,0.8,1.8,,27,31.6,31.6,,998.25,0,0,0,0,0,0,0,0,0,0.18,28.2,62,20.2,29.9,11.09,1.13,0,1403,1,100,60
02/08/2016,05:00:00,5,Aug-16,Rainy-2016,27.2,27.2,27.1,91,25.6,0.4,,0.8,1.75,,27.2,31.85,31.85,,998.1,0,0,0,0,0,0,0,0,0,0.18,28.3,62.5,20.45,30.1,11.19,1.13,0,1404,1,100,60
02/08/2016,06:00:00,6,Aug-16,Rainy-2016,27.15,27.2,27.1,90.5,25.45,0.2,,0.4,1.75,,27.15,31.75,31.75,,998.25,0,0,5.5,0.47,13,0,0,0,0,0.18,28.3,63,20.6,30.2,11.29,1.13,0,1401,1,100,60
02/08/2016,07:00:00,7,Aug-16,Rainy-2016,27.7,27.7,27.3,89,25.75,0.4,,0.8,3.55,,27.7,33,33,,998.75,0,0,64,5.5,88,0.15,0.03,0.35,0,0.2,28.3,63.5,20.75,30.3,11.39,1.13,0.05,1400,1,100,60
02/08/2016,08:00:00,8,Aug-16,Rainy-2016,28.65,28.65,28.2,85,25.95,0.4,,0.8,2.7,,28.65,35,35,,999.45,0,0,154,13.24,176,1.05,0.17,1.2,0,0.22,28.4,64,20.9,30.5,11.49,1.13,0.1,1399,1,100,60
02/08/2016,09:00:00,9,Aug-16,Rainy-2016,29.4,29.45,29.05,82,26,0.65,,1.21,3.15,,29.4,36.1,36.1,,999.65,0,0,193,16.6,224,1.75,0.29,2,0,0.23,28.4,65,21.2,30.8,11.69,1.13,0.13,1402,1,100,60
02/08/2016,10:00:00,10,Aug-16,Rainy-2016,30.25,30.35,29.9,76.5,25.65,0.9,,1.61,4.45,,30.25,37.1,37.1,,999.65,0,0,317.5,27.31,375.5,3.2,0.52,3.65,0,0.25,28.5,66,21.5,31.1,11.88,1.13,0.23,1397,1,100,60
02/08/2016,11:00:00,11,Aug-16,Rainy-2016,30.7,30.7,30.4,76,25.95,0.9,,1.61,3.1,,30.7,38,38,,999.3,0,0,326,28.04,390,3.95,0.64,4.4,0,0.26,26.8,54,16.65,27.2,9.76,1.14,0.23,1400,1,100,60
02/08/2016,12:00:00,12,Aug-16,Rainy-2016,31.95,32.1,31.15,69.5,25.65,1.1,,2.01,3.8,,31.95,39.8,39.8,,998.85,0,0,546,46.96,722.5,6.1,0.98,7.55,0,0.28,25.6,49.5,14.25,25.6,9.09,1.15,0.41,1394,1,100,60
02/08/2016,13:00:00,13,Aug-16,Rainy-2016,32.45,32.85,32.05,69,26,1.1,,2.01,4.25,,32.45,41.2,41.2,,998.05,0,0,614.5,52.86,979.5,6.7,1.08,9.55,0,0.29,25.4,46.5,13.15,25.3,8.59,1.15,0.46,1393,1,100,60
02/08/2016,14:00:00,14,Aug-16,Rainy-2016,32.8,32.9,32.2,70.5,26.7,0.65,,1.21,3.35,,32.8,43.1,43.1,,997.2,0,0,526.5,45.29,710,5.2,0.84,6.55,0,0.3,25.35,49.5,14,25.4,9.1,1.15,0.36,1400,1,100,60
02/08/2016,15:00:00,15,Aug-16,Rainy-2016,32.9,33.1,32.6,65.5,25.55,1.1,,2.01,4.05,,32.9,41.4,41.4,,996.15,0,0,539,46.36,695.5,4.6,0.74,5.8,0,0.3,25.4,53,15.1,25.55,9.67,1.14,0.38,1392,1,100,60
02/08/2016,16:00:00,16,Aug-16,Rainy-2016,33.4,33.5,32.95,65,25.95,0.9,,1.61,4.25,,33.4,42.8,42.8,,995.65,0,0,513,44.12,625,3.4,0.55,4.15,0,0.31,25.25,52,14.7,25.3,9.5,1.14,0.36,1400,1,100,60
02/08/2016,17:00:00,17,Aug-16,Rainy-2016,32.9,33.3,32.75,67.5,26.05,0.9,,1.61,4,,32.9,42.1,42.1,,995.35,0,0,337,28.98,453.5,1.7,0.27,2.1,0,0.3,25.75,54.5,15.85,26,9.87,1.14,0.25,1335,1,96.85,60
02/08/2016,18:00:00,18,Aug-16,Rainy-2016,31.25,32.2,31.25,77,26.75,0.65,,1.21,3.15,,31.25,40.2,40.2,,995.85,0,0,163.5,14.06,246,0.55,0.09,0.9,0,0.27,27.15,59,18.45,28,10.55,1.13,0.13,1404,1,100,60
02/08/2016,19:00:00,19,Aug-16,Rainy-2016,30.2,30.55,30.2,80,26.35,0.4,,0.8,1.8,,30.2,37.75,37.75,,996.95,0,0,8,0.69,19,0,0,0,0,0.25,27.55,59,18.85,28.6,10.55,1.13,0.03,1402,1,100,60
02/08/2016,20:00:00,20,Aug-16,Rainy-2016,29.05,29.65,29.05,87,26.7,0.2,,0.4,1.1,,29.05,36.45,36.45,,997.35,0,0,0,0,0,0,0,0,0,0.22,27.75,59.5,19.15,28.9,10.65,1.13,0.03,1399,1,100,60
02/08/2016,21:00:00,21,Aug-16,Rainy-2016,28.75,28.85,28.75,88.5,26.65,0,,0,0.65,,28.75,35.9,35.9,,998.15,0,0,0,0,0,0,0,0,0,0.22,27.85,60.5,19.55,29.25,10.85,1.13,0.03,1402,1,100,60
02/08/2016,22:00:00,22,Aug-16,Rainy-2016,29.1,29.15,28.8,83,25.95,0.2,,0.4,2.45,,29.1,35.8,35.8,,999.1,0,0,0,0,0,0,0,0,0,0.23,27.95,61,19.75,29.4,10.95,1.13,0.03,1403,1,100,60
02/08/2016,23:00:00,23,Aug-16,Rainy-2016,28.75,29.35,28.75,86.5,26.25,0.2,,0.4,1.8,,28.75,35.25,35.25,,999.3,3.4,48.8,0,0,0,0,0,0,0,0.22,28.1,61.5,19.95,29.65,11.03,1.13,0.03,1398,1,100,60
03/08/2016,00:00:00,24,Aug-16,Rainy-2016,27.45,27.9,27.45,94,26.45,0,,0,1.1,,27.45,33.25,33.25,,999.2,0,0,0,0,0,0,0,0,0,0.19,28.15,62,20.15,29.75,11.1,1.13,0,1399,1,100,60
03/08/2016,01:00:00,1,Aug-16,Rainy-2016,27.15,27.3,27.15,95,26.25,0,,0,0.9,,27.15,32.35,32.35,,998.8,0,0,0,0,0,0,0,0,0,0.18,28.2,62,20.2,29.85,11.1,1.13,0,1402,1,100,60
03/08/2016,02:00:00,2,Aug-16,Rainy-2016,27.15,27.15,27.1,95,26.25,0,,0,1.1,,27.15,32.3,32.3,,998.75,0,0,0,0,0,0,0,0,0,0.18,28.2,63,20.5,30.1,11.29,1.13,0,1403,1,100,60
03/08/2016,03:00:00,3,Aug-16,Rainy-2016,27.65,27.75,27.4,92,26.2,0.2,,0.4,1.1,,27.65,33.35,33.35,,998.4,0,0,0,0,0,0,0,0,0,0.19,28.3,63,20.6,30.2,11.29,1.13,0,1399,1,100,60
03/08/2016,04:00:00,4,Aug-16,Rainy-2016,27.35,27.5,27.35,93.5,26.2,0,,0,0.9,,27.35,32.75,32.75,,998.15,0,0,0,0,0,0,0,0,0,0.19,28.3,63,20.6,30.2,11.29,1.13,0,1400,1,100,60
03/08/2016,05:00:00,5,Aug-16,Rainy-2016,27.5,27.5,27.3,92.5,26.15,0,,0,1.1,,27.5,32.95,32.95,,998.15,0,0,0,0,0,0,0,0,0,0.19,28.35,64,20.9,30.45,11.49,1.13,0,1402,1,100,60
03/08/2016,06:00:00,6,Aug-16,Rainy-2016,27.8,27.8,27.7,90,26,0.4,,0.8,2.25,,27.8,33.4,33.4,,998.55,0,0,3,0.26,4.5,0,0,0,0,0.2,28.4,64,21,30.6,11.49,1.13,0,1399,1,100,60
03/08/2016,07:00:00,7,Aug-16,Rainy-2016,28.25,28.25,27.9,87.5,25.95,0.4,,0.8,2.9,,28.25,34.2,34.2,,999.2,0,0,50.5,4.34,104,0.05,0.01,0.4,0,0.21,28.4,64.5,21.1,30.7,11.59,1.13,0.03,1401,1,100,60
03/08/2016,08:00:00,8,Aug-16,Rainy-2016,29.25,29.35,28.75,84,26.25,0.65,,1.21,3.55,,29.25,36.25,36.25,,999.75,0,0,152.5,13.11,248.5,1,0.16,1.5,0,0.23,28.5,65,21.3,30.9,11.68,1.13,0.13,1363,1,98.85,60
03/08/2016,09:00:00,9,Aug-16,Rainy-2016,30.7,30.75,29.7,80,26.85,0.9,,1.61,3.8,,30.7,39.3,39.3,,999.95,0,0,324.5,27.91,631.5,2.5,0.41,3.95,0,0.26,28.6,65.5,21.45,31.1,11.78,1.13,0.25,1380,1,99.7,60
03/08/2016,10:00:00,10,Aug-16,Rainy-2016,31.25,31.4,30.85,77.5,26.8,0.9,,1.61,3.35,,31.25,39.9,39.9,,1000.05,0,0,349.5,30.06,729.5,3.95,0.64,6.05,0,0.27,27.1,55.5,17.4,27.75,10.01,1.14,0.3,1008,1,73.7,60
03/08/2016,11:00:00,11,Aug-16,Rainy-2016,32.2,32.55,31.6,72.5,26.6,0.9,,1.61,3.35,,32.2,41.9,41.9,,999.8,0,0,656,56.43,886,5.4,0.87,7.75,0,0.29,25.75,49.5,14.4,25.7,9.09,1.15,0.41,828,1,60.55,60
03/08/2016,12:00:00,12,Aug-16,Rainy-2016,32.9,32.95,32.45,69,26.45,0.9,,1.61,3.1,,32.9,42.75,42.75,,999.25,0,0,644.5,55.43,937.5,7.05,1.13,8.95,0,0.3,25.3,47.5,13.35,25.15,8.8,1.15,0.46,1059,1,77.4,60
03/08/2016,13:00:00,13,Aug-16,Rainy-2016,33.4,33.45,32.95,66,26.2,0.9,,1.61,3.8,,33.4,43.25,43.25,,998.65,0,0,717,61.67,950,7.15,1.15,9.05,0,0.31,25.2,46,12.7,24.95,8.51,1.15,0.48,1268,1,92.7,60
03/08/2016,14:00:00,14,Aug-16,Rainy-2016,33.85,34.1,33.55,64.5,26.25,1.1,,2.01,4.25,,33.85,44.05,44.05,,997.8,0,0,727.5,62.57,902.5,6.55,1.06,7.95,0,0.32,24.95,47,12.9,24.75,8.71,1.15,0.48,1152,1,84.2,60
03/08/2016,15:00:00,15,Aug-16,Rainy-2016,33.55,34,33.3,66,26.3,0.9,,1.61,3.8,,33.55,43.65,43.65,,997.15,0,0,399,34.32,750.5,3.9,0.63,5.65,0,0.32,25.2,47,13.1,25.05,8.7,1.15,0.33,1096,1,80.15,60
03/08/2016,16:00:00,16,Aug-16,Rainy-2016,33.3,33.5,33.1,66,26.05,1.1,,2.01,3.8,,33.3,42.8,42.8,,996.6,0,0,306.5,26.36,563.5,2.35,0.38,3.5,0,0.31,25.05,46,12.6,24.8,8.51,1.15,0.23,1052,1,76.9,60
03/08/2016,17:00:00,17,Aug-16,Rainy-2016,33.25,33.6,33.1,68,26.55,1.1,,2.01,5.35,,33.25,43.5,43.5,,996.2,0,0,325.5,28,437,1.4,0.23,1.8,0,0.31,25.4,46,12.9,25.2,8.55,1.15,0.23,1194,1,87.3,60
03/08/2016,18:00:00,18,Aug-16,Rainy-2016,32.35,33,32.35,72.5,26.75,0.9,,1.61,3.8,,32.35,42.3,42.3,,996.75,0,0,155,13.33,232,0.4,0.07,0.7,0,0.29,26.7,50,15.4,26.8,9.15,1.14,0.15,1010,1,73.85,60
03/08/2016,19:00:00,19,Aug-16,Rainy-2016,30.9,31.5,30.9,76,26.15,0.9,,1.61,3.8,,30.9,38.45,38.45,,997.55,0,0,9,0.77,16.5,0,0,0,0,0.26,27.3,53,16.9,27.65,9.59,1.14,0.03,892,1,65.2,60
03/08/2016,20:00:00,20,Aug-16,Rainy-2016,30.1,30.5,30.1,75.5,25.3,0.9,,1.61,4.7,,30.1,36.6,36.6,,998.35,0,0,0,0,0,0,0,0,0,0.25,27.6,55.5,17.85,28.3,9.95,1.13,0.03,935,1,68.35,60
03/08/2016,21:00:00,21,Aug-16,Rainy-2016,29.7,29.8,29.7,80,25.85,0.65,,1.21,2.45,,29.7,36.35,36.35,,999.05,0,0,0,0,0,0,0,0,0,0.24,27.75,57,18.45,28.7,10.19,1.13,0.03,748,1,54.65,60
03/08/2016,22:00:00,22,Aug-16,Rainy-2016,29.75,29.75,29.65,79.5,25.75,0.2,,0.4,1.8,,29.75,36.35,36.35,,999.7,0,0,0,0,0,0,0,0,0,0.24,27.85,57.5,18.7,28.95,10.27,1.13,0.03,716,1,52.35,60
03/08/2016,23:00:00,23,Aug-16,Rainy-2016,29.6,29.7,29.6,81,25.95,0.65,,1.21,2.9,,29.6,36.35,36.35,,1000.05,0,0,0,0,0,0,0,0,0,0.23,28.15,58,19.1,29.35,10.35,1.13,0.03,374,1,27.35,60
04/08/2016,00:00:00,24,Aug-16,Rainy-2016,29.6,29.65,29.6,82.5,26.3,0.4,,0.8,1.1,,29.6,36.8,36.8,,1000.25,0,0,0,0,0,0,0,0,0,0.24,28.15,59,19.35,29.45,10.55,1.13,0.03,742,1,54.2,60
04/08/2016,01:00:00,1,Aug-16,Rainy-2016,29.1,29.45,29.1,87,26.75,0,,0,0.9,,29.1,36.6,36.6,,999.5,0,0,0,0,0,0,0,0,0,0.22,28.2,59.5,19.55,29.65,10.65,1.13,0.03,927,1,67.75,60
04/08/2016,02:00:00,2,Aug-16,Rainy-2016,29,29,28.85,86,26.45,0,,0,1.3,,29,36.05,36.05,,999.45,0,0,0,0,0,0,0,0,0,0.22,28.3,60,19.8,29.8,10.75,1.13,0.03,1001,1,73.2,60
04/08/2016,03:00:00,3,Aug-16,Rainy-2016,28.5,28.95,28.5,89.5,26.6,0.2,,0.4,1.35,,28.5,35.4,35.4,,999.35,0.2,0,0,0,0,0,0,0,0,0.21,28.3,61,20.1,29.9,10.95,1.13,0,1084,1,79.25,60
04/08/2016,04:00:00,4,Aug-16,Rainy-2016,28.15,28.25,28.15,88.5,26.05,0.4,,0.8,2.9,,28.15,34.05,34.05,,999.25,0,0,0,0,0,0,0,0,0,0.2,28.4,61.5,20.25,30.15,11.02,1.13,0.03,1400,1,100,60
04/08/2016,05:00:00,5,Aug-16,Rainy-2016,28.1,28.15,28.1,88,25.9,0.4,,0.8,2.25,,28.1,33.85,33.85,,999.1,0,0,0,0,0,0,0,0,0,0.2,28.4,62,20.5,30.3,11.09,1.13,0.03,1403,1,100,60
04/08/2016,06:00:00,6,Aug-16,Rainy-2016,28.2,28.2,28.15,87,25.85,0.4,,0.8,2.45,,28.2,33.95,33.95,,999,0,0,4.5,0.39,11.5,0,0,0,0,0.21,28.6,63,20.8,30.7,11.28,1.13,0,1401,1,100,60
04/08/2016,07:00:00,7,Aug-16,Rainy-2016,28.7,28.7,28.25,85,25.95,0.65,,1.21,2.45,,28.7,34.95,34.95,,999.3,0,0,64,5.51,111,0.2,0.03,0.4,0,0.22,28.6,63,20.8,30.7,11.28,1.13,0.05,1394,1,100,60
04/08/2016,08:00:00,8,Aug-16,Rainy-2016,30.55,30.55,29.6,78.5,26.4,0.85,,1.61,3.1,,30.55,38.4,38.4,,999.8,0,0,319.5,27.48,442.5,1.55,0.25,1.95,0,0.25,28.65,64,21.15,31.05,11.48,1.13,0.23,1367,1,99.05,60
04/08/2016,09:00:00,9,Aug-16,Rainy-2016,31.25,31.4,30.8,76.5,26.6,0.9,,1.61,5.35,,31.25,39.75,39.75,,1000.15,0,0,412,35.43,543.5,2.8,0.45,3.5,0,0.27,28.7,65,21.45,31.35,11.68,1.13,0.28,1397,1,100,60
04/08/2016,10:00:00,10,Aug-16,Rainy-2016,31.8,31.85,31.35,72.5,26.25,1.3,,2.41,3.8,,31.8,40.5,40.5,,1000.35,0,0,486.5,41.85,704,4.1,0.66,5.6,0,0.28,27.55,57,18.25,28.5,10.3,1.14,0.36,1388,1,100,60
04/08/2016,11:00:00,11,Aug-16,Rainy-2016,32.8,33,32.15,68.5,26.2,1.1,,2.01,4,,32.8,42.2,42.2,,1000.25,0,0,759,65.28,815.5,6.25,1.01,7.35,0,0.3,26.1,50,14.9,26.2,9.17,1.15,0.48,1030,1,75.3,60
04/08/2016,12:00:00,12,Aug-16,Rainy-2016,33.45,33.65,33,70,27.2,0.9,,1.61,4.05,,33.45,44.9,44.9,,999.7,0,0,785,67.52,875.5,7.65,1.23,8.6,0,0.31,25.55,48,13.75,25.5,8.89,1.15,0.48,890,1,65.1,60
04/08/2016,13:00:00,13,Aug-16,Rainy-2016,33.95,34.15,33.6,66.5,26.8,1.1,,2.01,4,,33.95,45.05,45.05,,999.3,0,0,845.5,72.72,902,7.25,1.17,8.75,0,0.33,25.5,49.5,14.15,25.45,9.1,1.15,0.53,1007,1,73.6,60
04/08/2016,14:00:00,14,Aug-16,Rainy-2016,34.7,34.8,34.1,62.5,26.45,1.3,,2.41,4.25,,34.7,45.65,45.65,,998.45,0,0,824.5,70.92,900,7.3,1.18,7.95,0,0.34,25.15,47.5,13.2,25,8.81,1.15,0.58,771,1,56.4,60
04/08/2016,15:00:00,15,Aug-16,Rainy-2016,33.95,34.6,33.85,64,26.15,1.1,,2.01,4.9,,33.95,43.9,43.9,,997.95,0,0,454.5,39.09,827,3.35,0.54,6.05,0,0.32,25.3,47,13.2,25.2,8.7,1.15,0.33,994,1,72.7,60
04/08/2016,16:00:00,16,Aug-16,Rainy-2016,34.25,34.3,33.75,63.5,26.3,1.1,,2.01,3.8,,34.25,44.65,44.65,,997.3,0,0,447.5,38.49,599,2.8,0.45,3.9,0,0.33,25.35,46,12.85,25.15,8.5,1.15,0.3,1359,1,99.25,60
04/08/2016,17:00:00,17,Aug-16,Rainy-2016,33.8,34.35,33.7,63.5,25.9,1.3,,2.41,4.5,,33.8,43.35,43.35,,996.85,0,0,281,24.17,377,1.5,0.24,2,0,0.32,25.65,47,13.5,25.55,8.69,1.14,0.23,1362,1,99.6,60
04/08/2016,18:00:00,18,Aug-16,Rainy-2016,32.65,33,32.65,67.5,25.85,1.1,,2.01,4.25,,32.65,41.5,41.5,,997.15,0,0,63,5.42,143.5,0.15,0.03,0.45,0,0.3,27.05,51,16.05,27.25,9.29,1.14,0.08,1084,1,79.25,60
04/08/2016,19:00:00,19,Aug-16,Rainy-2016,31.9,32.35,31.9,69.5,25.6,0.9,,1.61,3.35,,31.9,39.7,39.7,,997.95,0,0,13.5,1.16,22,0,0,0,0,0.28,27.6,53.5,17.35,28.2,9.69,1.13,0.03,990,1,72.4,60
04/08/2016,20:00:00,20,Aug-16,Rainy-2016,31.05,31.4,31.05,74,25.85,0.9,,1.61,3.6,,31.05,38.25,38.25,,998.85,0,0,0,0,0,0,0,0,0,0.27,27.85,56,18.3,28.8,10.05,1.13,0.05,1147,1,83.85,60
04/08/2016,21:00:00,21,Aug-16,Rainy-2016,30.7,30.85,30.7,75.5,25.85,0.9,,1.61,3.6,,30.7,37.9,37.9,,999.85,0,0,0,0,0,0,0,0,0,0.26,28.05,57.5,18.9,29.2,10.28,1.13,0.05,1123,1,82.1,60
04/08/2016,22:00:00,22,Aug-16,Rainy-2016,30.35,30.5,30.3,78.5,26.15,0.9,,1.61,3.35,,30.35,37.85,37.85,,1000.6,0,0,0,0,0,0,0,0,0,0.25,28.25,58.5,19.35,29.6,10.45,1.13,0.03,1032,1,75.45,60
04/08/2016,23:00:00,23,Aug-16,Rainy-2016,30,30.15,29.95,79,26,0.9,,1.61,4.25,,30,36.9,36.9,,1000.65,0,0,0,0,0,0,0,0,0,0.24,28.35,60,19.85,29.85,10.75,1.13,0.03,1081,1,79.05,60
05/08/2016,00:00:00,24,Aug-16,Rainy-2016,29.8,29.95,29.8,80,26,0.65,,1.21,2.9,,29.8,36.6,36.6,,1000.8,0,0,0,0,0,0,0,0,0,0.24,28.45,60.5,20.05,30.2,10.85,1.13,0.03,954,1,69.75,60
05/08/2016,01:00:00,1,Aug-16,Rainy-2016,29.65,29.75,29.65,80.5,25.85,0.65,,1.21,2.9,,29.65,36.3,36.3,,1000.55,0,0,0,0,0,0,0,0,0,0.24,28.55,61,20.25,30.35,10.95,1.13,0.03,837,1,61.15,60
05/08/2016,02:00:00,2,Aug-16,Rainy-2016,29.35,29.55,29.35,83.5,26.25,0.9,,1.61,3.35,,29.35,36.4,36.4,,1000.25,0.2,0,0,0,0,0,0,0,0,0.23,28.6,61.5,20.5,30.65,11.02,1.13,0.03,884,1,64.6,60
05/08/2016,03:00:00,3,Aug-16,Rainy-2016,28.3,28.8,28.15,87,25.9,0.9,,1.61,2.45,,28.3,34.2,34.2,,1000.3,0.2,1.3,0,0,0,0,0,0,0,0.21,28.7,62,20.7,30.85,11.08,1.13,0.03,1314,1,95.55,60
05/08/2016,04:00:00,4,Aug-16,Rainy-2016,28.35,28.4,28.3,87,26,0.4,,0.8,2.65,,28.35,34.4,34.4,,1000.25,0,0,0,0,0,0,0,0,0,0.21,28.7,62,20.7,30.9,11.08,1.13,0.03,1360,1,98.7,60
05/08/2016,05:00:00,5,Aug-16,Rainy-2016,28.35,28.45,28.35,85.5,25.7,0.4,,0.8,3.15,,28.35,34.1,34.1,,1000.05,0,0,0,0,0,0,0,0,0,0.21,28.8,63,21.05,31.25,11.27,1.13,0.03,1316,1,96.15,60
05/08/2016,06:00:00,6,Aug-16,Rainy-2016,28.25,28.3,28.2,86.5,25.8,0.4,,0.8,1.8,,28.25,34,34,,1000.25,0,0,3.5,0.3,11.5,0,0,0,0,0.21,28.8,63,21.1,31.3,11.27,1.13,0,1220,1,89.15,60
05/08/2016,07:00:00,7,Aug-16,Rainy-2016,28.45,28.45,28.25,86.5,25.95,0.65,,1.21,3.35,,28.45,34.5,34.5,,1000.6,0,0,48.5,4.18,62.5,0,0,0,0,0.21,28.9,63,21.1,31.4,11.27,1.13,0.03,984,1,71.9,60
05/08/2016,08:00:00,8,Aug-16,Rainy-2016,29.2,29.35,28.85,83.5,26.1,0.9,,1.61,3.1,,29.2,36.05,36.05,,1001.1,0,0,146.5,12.6,222.5,1.1,0.18,1.4,0,0.23,28.9,64,21.4,31.7,11.47,1.13,0.1,815,1,59.55,60
05/08/2016,09:00:00,9,Aug-16,Rainy-2016,29.75,29.75,29.15,82.5,26.45,0.9,,1.61,3.6,,29.75,37.35,37.35,,1001.6,0,0,198.5,17.07,262,1.75,0.29,2.5,0,0.24,29,65,21.8,32,11.67,1.13,0.13,885,1,64.7,60
05/08/2016,10:00:00,10,Aug-16,Rainy-2016,30.9,30.9,29.9,76.5,26.25,0.9,,1.61,3.8,,30.9,38.6,38.6,,1001.65,0,0,226,19.44,373,3.05,0.49,6.05,0,0.26,29.1,65.5,21.95,32.25,11.76,1.12,0.23,690,1,50.4,60
05/08/2016,11:00:00,11,Aug-16,Rainy-2016,31.1,31.8,30.85,76,26.4,0.9,,1.61,3.6,,31.1,39.2,39.2,,1001.95,0,0,461.5,39.7,917.5,4.45,0.72,7.3,0,0.27,29.1,66,22.1,32.4,11.86,1.12,0.36,1300,1,95.05,60
05/08/2016,12:00:00,12,Aug-16,Rainy-2016,31.9,32.2,31.45,73.5,26.6,0.9,,1.61,4.5,,31.9,41.25,41.25,,1001.6,0,0,463.5,39.86,729.5,5.15,0.83,7.45,0,0.28,29.2,66,22.2,32.5,11.86,1.12,0.36,1336,1,97.65,60
05/08/2016,13:00:00,13,Aug-16,Rainy-2016,32.95,33.25,32.15,69,26.5,1.3,,2.41,4.7,,32.95,42.95,42.95,,1000.95,0,0,631,54.27,1018,6.75,1.09,9.6,0,0.3,29.25,67,22.5,32.85,12.06,1.12,0.46,1359,1,99.35,60
05/08/2016,14:00:00,14,Aug-16,Rainy-2016,32.75,32.9,32.5,72,27.05,1.1,,2.01,5.15,,32.75,43.7,43.7,,1000.2,0,0,509.5,43.83,683,4.85,0.78,6.85,0,0.3,29.3,67,22.5,32.9,12.06,1.12,0.36,1377,1,100,60
05/08/2016,15:00:00,15,Aug-16,Rainy-2016,32.35,32.55,32.15,70.5,26.3,1.1,,2.01,4.25,,32.35,41.65,41.65,,999.5,0,0,350.5,30.14,458,3.2,0.52,3.85,0,0.29,29.3,67.5,22.7,33.1,12.15,1.12,0.25,1353,1,98.95,60
05/08/2016,16:00:00,16,Aug-16,Rainy-2016,32.55,32.7,32.1,70.5,26.5,0.9,,1.61,3.8,,32.55,42.35,42.35,,998.75,0,0,318.5,27.4,453.5,2.25,0.36,2.85,0,0.3,29.3,68,22.8,33.2,12.25,1.12,0.23,1242,1,90.8,60
05/08/2016,17:00:00,17,Aug-16,Rainy-2016,31.6,32.35,31.6,71.5,25.8,1.1,,2.01,4.45,,31.6,39.4,39.4,,998.65,0,0,215,18.5,330.5,1.3,0.21,1.8,0,0.28,29.4,68,22.9,33.3,12.25,1.12,0.18,1259,1,92,60
05/08/2016,18:00:00,18,Aug-16,Rainy-2016,30.9,31.25,30.9,75,26,0.9,,1.61,3.15,,30.9,38.2,38.2,,999.25,0,0,50.5,4.35,70,0.05,0.01,0.3,0,0.26,29.4,68,22.9,33.4,12.25,1.12,0.05,1220,1,89.2,60
05/08/2016,19:00:00,19,Aug-16,Rainy-2016,30.3,30.55,30.25,76.5,25.7,0.9,,1.61,2.9,,30.3,37.3,37.3,,1000.1,0,0,7.5,0.65,11.5,0,0,0,0,0.25,29.4,68,22.9,33.35,12.25,1.12,0.03,1144,1,83.6,60
05/08/2016,20:00:00,20,Aug-16,Rainy-2016,29.7,30,29.7,78,25.45,0.9,,1.61,3.55,,29.7,36,36,,1000.85,0,0,0,0,0,0,0,0,0,0.24,29.4,68.5,23.05,33.5,12.3,1.12,0.03,1238,1,90.5,60
05/08/2016,21:00:00,21,Aug-16,Rainy-2016,29.4,29.5,29.4,79.5,25.5,0.9,,1.61,3.6,,29.4,35.7,35.7,,1001.95,0,0,0,0,0,0,0,0,0,0.23,29.45,68.5,23.1,33.6,12.3,1.12,0.03,1322,1,95.85,60
05/08/2016,22:00:00,22,Aug-16,Rainy-2016,29.4,29.4,29.35,80,25.6,0.9,,1.61,4.25,,29.4,35.7,35.7,,1002.55,0,0,0,0,0,0,0,0,0,0.23,29.5,69,23.2,33.8,12.35,1.12,0.03,1156,1,84.5,60
05/08/2016,23:00:00,23,Aug-16,Rainy-2016,28.95,29.25,28.95,81.5,25.5,0.9,,1.61,4.25,,28.95,35.05,35.05,,1002.65,0,0,0,0,0,0,0,0,0,0.22,29.5,69,23.2,33.8,12.35,1.12,0.03,1148,1,83.9,60
06/08/2016,00:00:00,24,Aug-16,Rainy-2016,28.45,28.7,28.45,85,25.7,0.9,,1.61,3.15,,28.45,34.35,34.35,,1002.65,0,0,0,0,0,0,0,0,0,0.21,29.6,69,23.3,33.9,12.35,1.12,0.03,1264,1,92.4,60
06/08/2016,01:00:00,1,Aug-16,Rainy-2016,28.25,28.3,28.2,87,25.9,0.65,,1.21,3.35,,28.25,34.1,34.1,,1002.05,0,0,0,0,0,0,0,0,0,0.21,29.6,69.5,23.4,34,12.45,1.12,0.03,1254,1,91.7,60
06/08/2016,02:00:00,2,Aug-16,Rainy-2016,27.85,28.05,27.85,89,25.9,0.4,,0.8,2,,27.85,33.4,33.4,,1001.65,0,0,0,0,0,0,0,0,0,0.2,29.6,70,23.5,34.1,12.55,1.12,0.03,1282,1,93.7,60
06/08/2016,03:00:00,3,Aug-16,Rainy-2016,27.95,28.1,27.75,87,25.55,0.9,,1.61,4.05,,27.95,33.3,33.3,,1001.3,0,0,0,0,0,0,0,0,0,0.2,29.6,70,23.5,34.1,12.55,1.12,0.03,1248,1,91.25,60
06/08/2016,04:00:00,4,Aug-16,Rainy-2016,27.5,27.8,27.45,90.5,25.8,0.9,,1.61,2.65,,27.5,32.65,32.65,,1001.45,0.6,1.3,0,0,0,0,0,0,0,0.19,29.6,70,23.5,34.1,12.55,1.12,0.03,1137,1,83.15,60
06/08/2016,05:00:00,5,Aug-16,Rainy-2016,27.25,27.3,27.2,92,25.85,0.4,,0.8,1.8,,27.25,32.15,32.15,,1001.65,0,0,0,0,0,0,0,0,0,0.19,29.6,70,23.5,34.1,12.55,1.12,0,502,1,36.7,60
06/08/2016,06:00:00,6,Aug-16,Rainy-2016,27.35,27.35,27.2,91,25.75,0.4,,0.8,2.7,,27.35,32.35,32.35,,1001.95,0,0,4,0.34,8,0,0,0,0,0.19,29.65,69.5,23.5,34.2,12.45,1.12,0,488,1,35.7,60
06/08/2016,07:00:00,7,Aug-16,Rainy-2016,27.2,27.4,27.2,91.5,25.7,0.9,,1.61,3.8,,27.2,31.95,31.95,,1002.45,0,0,23.5,2.02,37,0,0,0,0,0.18,29.6,70,23.5,34.1,12.55,1.12,0.03,844,1,61.7,60
06/08/2016,08:00:00,8,Aug-16,Rainy-2016,27.9,27.9,27.25,89,26,0.9,,1.61,3.35,,27.9,33.6,33.6,,1003.15,0,0,127,10.92,281,0.85,0.14,1.4,0,0.2,29.6,70,23.55,34.15,12.55,1.12,0.1,958,1,70,60
06/08/2016,09:00:00,9,Aug-16,Rainy-2016,28.9,29,28.45,85.5,26.2,0.9,,1.61,4,,28.9,35.6,35.6,,1003.3,0,0,235.5,20.26,439.5,2,0.32,2.85,0,0.22,29.6,70.5,23.7,34.3,12.7,1.12,0.18,1218,1,89.05,60
06/08/2016,10:00:00,10,Aug-16,Rainy-2016,29.5,29.5,29.1,82.5,26.2,0.9,,1.61,3.35,,29.5,36.55,36.55,,1003.4,0,0,260.5,22.41,402.5,2.6,0.42,3.7,0,0.23,29.6,70,23.6,34.2,12.55,1.12,0.18,1320,1,96.5,60
06/08/2016,11:00:00,11,Aug-16,Rainy-2016,30,30.05,29.5,81,26.4,0.9,,1.61,4.25,,30,37.5,37.5,,1003.4,0,0,244,20.99,461.5,3.15,0.51,6.4,0,0.24,29.65,70,23.6,34.3,12.55,1.12,0.2,1348,1,98.55,60
06/08/2016,12:00:00,12,Aug-16,Rainy-2016,30.85,31.2,30.25,80,27.05,0.9,,1.61,4,,30.85,39.75,39.75,,1002.75,0,0,288,24.78,976.5,3.9,0.63,9.35,0,0.26,29.7,70,23.6,34.4,12.55,1.12,0.25,1338,1,96.95,60
06/08/2016,13:00:00,13,Aug-16,Rainy-2016,30,30.95,29.7,82,26.6,0.9,,1.61,3.8,,30,37.8,37.8,,1002.55,0,0,262,22.53,778,3.2,0.52,7.75,0,0.24,29.7,70,23.6,34.4,12.55,1.12,0.23,1360,1,99.25,60
06/08/2016,14:00:00,14,Aug-16,Rainy-2016,31.2,31.45,30.5,72.5,25.65,1.3,,2.41,4.95,,31.2,38.2,38.2,,1001.8,0,0,496,42.66,873,4.9,0.79,7.45,0,0.27,29.7,70,23.65,34.45,12.55,1.12,0.36,1319,1,96.45,60
06/08/2016,15:00:00,15,Aug-16,Rainy-2016,31.05,31.55,30.95,74.5,25.95,1.1,,2.01,5.15,,31.05,38.35,38.35,,1001.1,0,0,389,33.46,509,3.4,0.55,5.1,0,0.26,29.7,70,23.7,34.5,12.55,1.12,0.3,1360,1,99.25,60
06/08/2016,16:00:00,16,Aug-16,Rainy-2016,29.25,30.35,29.2,79.5,25.35,1.1,,2.01,4.7,,29.25,35.4,35.4,,1000.8,0.2,0,180,15.48,435,1.55,0.25,2.9,0,0.23,29.7,70,23.7,34.5,12.55,1.12,0.15,1371,1,99.7,60
06/08/2016,17:00:00,17,Aug-16,Rainy-2016,29.7,29.8,29.4,78.5,25.55,0.9,,1.61,4,,29.7,36.05,36.05,,1000.1,0,0,151.5,13.03,280.5,1.15,0.19,1.4,0,0.24,29.7,70,23.7,34.5,12.55,1.12,0.13,1264,1,92.4,60
06/08/2016,18:00:00,18,Aug-16,Rainy-2016,29.9,30.25,29.65,79.5,25.95,0.9,,1.61,2.65,,29.9,36.8,36.8,,999.95,0,0,113,9.71,176,0.35,0.06,0.65,0,0.24,29.7,70.5,23.75,34.55,12.7,1.12,0.1,1384,1,100,60
06/08/2016,19:00:00,19,Aug-16,Rainy-2016,28.85,29.25,28.85,82.5,25.65,0.9,,1.61,4,,28.85,35.15,35.15,,1000.6,0,0,11.5,0.99,22,0,0,0,0,0.22,29.7,71,23.9,34.7,12.85,1.12,0.03,1348,1,98.55,60
06/08/2016,20:00:00,20,Aug-16,Rainy-2016,28.7,28.75,28.65,82.5,25.4,0.9,,1.61,3.6,,28.7,34.6,34.6,,1001.75,0,0,0,0,0,0,0,0,0,0.22,29.7,71,23.85,34.65,12.85,1.12,0.03,1355,1,99.05,60
06/08/2016,21:00:00,21,Aug-16,Rainy-2016,28.45,28.6,28.45,83.5,25.35,0.4,,0.8,2.9,,28.45,34,34,,1002.55,0,0,0,0,0,0,0,0,0,0.21,29.7,71,23.8,34.6,12.85,1.12,0.03,1378,1,100,60
06/08/2016,22:00:00,22,Aug-16,Rainy-2016,28.25,28.35,28.25,83.5,25.2,0.9,,1.61,3.8,,28.25,33.5,33.5,,1003.1,0,0,0,0,0,0,0,0,0,0.21,29.7,71,23.8,34.6,12.85,1.12,0.03,1125,1,82.25,60
06/08/2016,23:00:00,23,Aug-16,Rainy-2016,28.2,28.25,28.15,85,25.45,0.65,,1.21,2,,28.2,33.6,33.6,,1003.25,0,0,0,0,0,0,0,0,0,0.21,29.7,71,23.85,34.65,12.85,1.12,0.03,1200,1,87.7,60
07/08/2016,00:00:00,24,Aug-16,Rainy-2016,27.85,28.05,27.85,86,25.35,0.4,,0.8,2.25,,27.85,32.95,32.95,,1002.95,0,0,0,0,0,0,0,0,0,0.2,29.7,70.5,23.7,34.5,12.7,1.12,0.03,1132,1,82.75,60
07/08/2016,01:00:00,1,Aug-16,Rainy-2016,27.6,27.75,27.6,88.5,25.5,0.4,,0.8,1.8,,27.6,32.55,32.55,,1003.05,0,0,0,0,0,0,0,0,0,0.19,29.7,70,23.6,34.4,12.55,1.12,0.03,1086,1,79.4,60
07/08/2016,02:00:00,2,Aug-16,Rainy-2016,27.6,27.6,27.55,88.5,25.5,0,,0,1.3,,27.6,32.55,32.55,,1002.65,0,0,0,0,0,0,0,0,0,0.19,29.7,71,23.8,34.6,12.85,1.12,0.03,1109,1,81.05,60
07/08/2016,03:00:00,3,Aug-16,Rainy-2016,27.5,27.6,27.4,90,25.7,0.4,,0.8,2.2,,27.5,32.5,32.5,,1002.2,0,0,0,0,0,0,0,0,0,0.19,29.7,71,23.8,34.6,12.85,1.12,0.03,1131,1,82.65,60
07/08/2016,04:00:00,4,Aug-16,Rainy-2016,27.65,27.65,27.6,90,25.85,0.4,,0.8,2.45,,27.65,32.9,32.9,,1001.95,0,0,0,0,0,0,0,0,0,0.19,29.7,71,23.8,34.6,12.85,1.12,0.03,1091,1,79.75,60
07/08/2016,05:00:00,5,Aug-16,Rainy-2016,27.3,27.55,27.3,91.5,25.8,0.4,,0.8,2.9,,27.3,32.2,32.2,,1002.15,0,0,0,0,0,0,0,0,0,0.19,29.7,71,23.8,34.6,12.85,1.12,0,1207,1,88.25,60
07/08/2016,06:00:00,6,Aug-16,Rainy-2016,27.25,27.3,27.2,92.5,25.95,0.4,,0.8,2,,27.25,32.35,32.35,,1002.25,0,0,0.5,0.04,4.5,0,0,0,0,0.19,29.6,71,23.8,34.4,12.85,1.12,0,1212,1,88.6,60
07/08/2016,07:00:00,7,Aug-16,Rainy-2016,27.75,27.75,27.5,89.5,25.9,0.4,,0.8,3.8,,27.75,33.2,33.2,,1002.75,0,0,45.5,3.91,72.5,0,0,0,0,0.2,29.65,71,23.8,34.5,12.85,1.12,0.03,831,1,60.75,60
07/08/2016,08:00:00,8,Aug-16,Rainy-2016,27.95,28,27.85,88,25.8,0.9,,1.61,3.55,,27.95,33.5,33.5,,1003.5,0,0,53,4.55,85,0.1,0.02,0.35,0,0.2,29.6,71,23.8,34.4,12.85,1.12,0.05,1152,1,84.2,60
07/08/2016,09:00:00,9,Aug-16,Rainy-2016,28.5,28.6,28.15,86,25.95,0.9,,1.61,2.9,,28.5,34.6,34.6,,1003.9,0,0,121.5,10.45,203,0.9,0.15,1.65,0,0.21,29.6,71,23.8,34.4,12.85,1.12,0.08,1180,1,86.3,60
07/08/2016,10:00:00,10,Aug-16,Rainy-2016,29.25,29.45,28.75,83,26.05,0.65,,1.21,2.45,,29.25,36,36,,1003.95,0,0,208,17.89,297,1.9,0.31,2.7,0,0.23,29.65,71,23.8,34.5,12.85,1.12,0.15,1317,1,96.2,60
07/08/2016,11:00:00,11,Aug-16,Rainy-2016,29.95,30,29.2,81.5,26.4,0.65,,1.21,2.45,,29.95,37.5,37.5,,1004,0,0,270,23.22,374,3,0.48,4,0,0.24,29,65.5,21.85,32.25,11.9,1.13,0.2,1298,1,94.9,60
07/08/2016,12:00:00,12,Aug-16,Rainy-2016,30.9,31.3,30.5,78,26.6,0.9,,1.61,3.1,,30.9,39.1,39.1,,1003.3,0,0,448,38.54,963.5,5.4,0.87,9.2,0,0.26,27.45,53,17,27.9,9.59,1.14,0.36,1316,1,96.2,60
07/08/2016,13:00:00,13,Aug-16,Rainy-2016,31.5,31.95,30.75,78.5,27.3,0.9,,1.61,3.8,,31.5,41.5,41.5,,1002.45,0,0,443,38.11,868.5,5.45,0.88,9.8,0,0.27,26.9,51.5,16.05,27.05,9.4,1.14,0.36,1285,1,93.95,60
07/08/2016,14:00:00,14,Aug-16,Rainy-2016,31.55,32.15,31.2,77,27,0.65,,1.21,2.65,,31.55,41.1,41.1,,1001.6,0,0,322,27.69,524,3.7,0.6,7.5,0,0.28,26.5,49.5,15.1,26.55,9.06,1.15,0.25,1245,1,91.05,60
07/08/2016,15:00:00,15,Aug-16,Rainy-2016,31,31.2,30.4,78,26.7,0.9,,1.61,3.35,,31,39.55,39.55,,1001,0,0,168,14.45,476,2.05,0.33,4.05,0,0.26,26.25,47.5,14.2,26.2,8.77,1.15,0.15,1269,1,92.75,60
07/08/2016,16:00:00,16,Aug-16,Rainy-2016,31.9,32.3,31.55,73.5,26.55,1.3,,2.41,5.15,,31.9,41.05,41.05,,1000.65,0,0,499.5,42.97,738.5,3.35,0.54,4.6,0,0.28,26.05,47,13.85,25.95,8.67,1.15,0.36,1351,1,98.7,60
07/08/2016,17:00:00,17,Aug-16,Rainy-2016,30.8,31.3,30.7,76,26.1,0.9,,1.61,3.35,,30.8,38.3,38.3,,1000.65,0,0,139,11.95,185,0.9,0.14,0.95,0,0.26,25.95,47.5,13.95,25.95,8.78,1.15,0.1,1280,1,93.6,60
07/08/2016,18:00:00,18,Aug-16,Rainy-2016,30.5,30.85,30.5,80,26.6,0.65,,1.21,3.8,,30.5,38.55,38.55,,1001.15,0,0,70,6.02,122,0.2,0.03,0.35,0,0.25,27.25,51.5,16.4,27.55,9.38,1.14,0.05,1195,1,87.35,60
07/08/2016,19:00:00,19,Aug-16,Rainy-2016,29.15,29.75,29.15,84,26.15,0.65,,1.21,3.35,,29.15,36,36,,1001.7,0,0,11.5,0.99,19.5,0,0,0,0,0.23,27.9,53.5,17.6,28.65,9.63,1.14,0.03,1395,1,100,60
07/08/2016,20:00:00,20,Aug-16,Rainy-2016,28.8,28.95,28.8,86,26.25,0.4,,0.8,2.9,,28.8,35.6,35.6,,1002.25,0,0,0,0,0,0,0,0,0,0.22,28.15,56.5,18.7,29.3,10.13,1.13,0.03,1398,1,100,60
07/08/2016,21:00:00,21,Aug-16,Rainy-2016,28.75,28.85,28.75,85.5,26.1,0.4,,0.8,2.45,,28.75,35.35,35.35,,1002.8,0,0,0,0,0,0,0,0,0,0.22,28.35,58.5,19.45,29.75,10.45,1.13,0.03,1393,1,100,60
07/08/2016,22:00:00,22,Aug-16,Rainy-2016,28.55,28.7,28.55,86.5,26.05,0.4,,0.8,2,,28.55,34.9,34.9,,1003.3,0,0,0,0,0,0,0,0,0,0.21,28.45,59.5,19.85,30.05,10.65,1.13,0.03,1402,1,100,60
07/08/2016,23:00:00,23,Aug-16,Rainy-2016,28.45,28.55,28.4,86.5,26,0.4,,0.8,1.3,,28.45,34.6,34.6,,1003.55,0,0,0,0,0,0,0,0,0,0.21,28.6,60,20.05,30.35,10.75,1.13,0.03,1397,1,100,60
08/08/2016,00:00:00,24,Aug-16,Rainy-2016,28.45,28.5,28.4,85.5,25.75,0.4,,0.8,1.8,,28.45,34.35,34.35,,1003.65,0,0,0,0,0,0,0,0,0,0.21,28.65,61,20.4,30.65,10.95,1.13,0.03,1404,1,100,60
08/08/2016,01:00:00,1,Aug-16,Rainy-2016,28.2,28.3,28.2,86.5,25.7,0.4,,0.8,1.55,,28.2,33.8,33.8,,1003.1,0,0,0,0,0,0,0,0,0,0.21,28.7,61,20.45,30.75,10.95,1.13,0.03,1401,1,100,60
08/08/2016,02:00:00,2,Aug-16,Rainy-2016,27.75,28.05,27.75,89.5,25.85,0,,0,0.9,,27.75,33.2,33.2,,1002.4,0,0,0,0,0,0,0,0,0,0.2,28.7,62,20.7,30.9,11.08,1.13,0,1404,1,100,60
08/08/2016,03:00:00,3,Aug-16,Rainy-2016,27.65,27.7,27.6,91,26.05,0.2,,0.4,1.55,,27.65,33.2,33.2,,1002.1,0,0,0,0,0,0,0,0,0,0.19,28.8,62,20.8,31.1,11.07,1.13,0,1404,1,100,60
08/08/2016,04:00:00,4,Aug-16,Rainy-2016,27.5,27.65,27.5,91.5,26,0,,0,0.65,,27.5,32.95,32.95,,1001.7,0,0,0,0,0,0,0,0,0,0.19,28.8,62,20.8,31.15,11.07,1.13,0,1401,1,100,60
08/08/2016,05:00:00,5,Aug-16,Rainy-2016,27.3,27.35,27.25,92,25.9,0.2,,0.4,1.1,,27.3,32.35,32.35,,1001.65,0,0,0,0,0,0,0,0,0,0.19,28.8,63,21.1,31.3,11.27,1.13,0,1399,1,100,60
08/08/2016,06:00:00,6,Aug-16,Rainy-2016,27.3,27.35,27.25,92.5,26,0,,0,1.55,,27.3,32.45,32.45,,1001.9,0,0,4.5,0.39,9.5,0,0,0,0,0.19,28.8,63.5,21.2,31.4,11.37,1.13,0,1402,1,100,60
08/08/2016,07:00:00,7,Aug-16,Rainy-2016,28,28,27.6,90.5,26.3,0.4,,0.8,1.8,,28,34.2,34.2,,1002.2,0,0,65,5.59,112,0.05,0.01,0.3,0,0.2,28.9,64,21.4,31.6,11.47,1.13,0.05,1400,1,100,60
08/08/2016,08:00:00,8,Aug-16,Rainy-2016,29.35,29.35,28.55,85,26.55,0.65,,1.21,2,,29.35,36.7,36.7,,1002.5,0,0,247,21.24,336.5,1.3,0.21,1.65,0,0.23,28.9,65,21.7,31.9,11.67,1.13,0.18,1374,1,100,60
08/08/2016,09:00:00,9,Aug-16,Rainy-2016,29.8,30.05,29.3,82.5,26.55,0.9,,1.61,4,,29.8,37.35,37.35,,1002.95,0,0,267.5,23.01,594,2.15,0.35,3.55,0,0.24,28.95,66,22,32.15,11.87,1.13,0.23,1374,1,100,60
08/08/2016,10:00:00,10,Aug-16,Rainy-2016,30.45,30.7,29.85,81,26.75,0.9,,1.61,3.1,,30.45,38.85,38.85,,1002.8,0,0,284.5,24.47,698,3.2,0.52,5.45,0,0.25,28.15,59,19.4,29.75,10.56,1.13,0.25,1051,1,76.8,60
08/08/2016,11:00:00,11,Aug-16,Rainy-2016,31.05,31.5,30.3,78.5,26.85,0.9,,1.61,3.15,,31.05,39.9,39.9,,1002.5,0,0,304.5,26.19,799,3.65,0.59,7.15,0,0.27,26.75,50.5,15.6,26.85,9.2,1.14,0.25,1114,1,81.4,60
08/08/2016,12:00:00,12,Aug-16,Rainy-2016,31.3,31.65,31,77,26.8,0.9,,1.61,2.65,,31.3,39.9,39.9,,1001.85,0,0,343,29.5,483.5,5.2,0.84,8.9,0,0.27,25.85,47.5,13.85,25.8,8.78,1.15,0.3,1129,1,82.55,60
08/08/2016,13:00:00,13,Aug-16,Rainy-2016,32.1,32.25,31.55,74.5,27,0.9,,1.61,2.45,,32.1,42.45,42.45,,1001.15,0,0,453.5,39.01,1039.5,5.55,0.89,8.8,0,0.29,25.6,49,14.1,25.6,8.99,1.15,0.36,1115,1,81.5,60
08/08/2016,14:00:00,14,Aug-16,Rainy-2016,32.85,33.35,32.25,71,26.9,0.9,,1.61,2.7,,32.85,43.6,43.6,,1000.3,0,0,558.5,48.04,939,5.55,0.89,8.35,0,0.3,25.55,50,14.35,25.5,9.17,1.15,0.41,1330,1,96.15,60
08/08/2016,15:00:00,15,Aug-16,Rainy-2016,32.5,33.05,32.25,73,27.05,0.65,,1.21,2.9,,32.5,43.2,43.2,,999.55,0,0,414,35.61,741,3.7,0.6,5.35,0,0.3,25.65,50,14.45,25.65,9.17,1.15,0.3,1394,1,100,60
08/08/2016,16:00:00,16,Aug-16,Rainy-2016,32.4,33.1,32,71,26.45,0.65,,1.21,2.2,,32.4,42,42,,998.8,0,0,262.5,22.58,361,1.9,0.31,2.5,0,0.29,25.65,48.5,14,25.65,8.94,1.15,0.2,1398,1,100,60
08/08/2016,17:00:00,17,Aug-16,Rainy-2016,31.6,31.85,31.5,75,26.6,0.4,,0.8,2,,31.6,40.5,40.5,,998.6,0,0,131,11.27,186,0.85,0.14,1.1,0,0.28,26.5,50,15.25,26.55,9.16,1.14,0.1,1366,1,98.6,60
08/08/2016,18:00:00,18,Aug-16,Rainy-2016,30.7,31.5,30.7,81,27.05,0.2,,0.4,1.3,,30.7,39.45,39.45,,998.75,0.6,4,43.5,3.74,71,0,0,0.25,0,0.26,27.6,53.5,17.3,28.15,9.69,1.13,0.05,1360,1,99.05,60
08/08/2016,19:00:00,19,Aug-16,Rainy-2016,29.4,29.95,29.15,85,26.6,0.65,,1.21,3.35,,29.4,36.85,36.85,,999.2,0,0,6.5,0.56,11.5,0,0,0,0,0.23,27.85,55.5,18.2,28.8,9.95,1.13,0,1404,1,100,60
08/08/2016,20:00:00,20,Aug-16,Rainy-2016,29.7,29.75,29.65,82,26.3,0.4,,0.8,2.9,,29.7,36.9,36.9,,1000.45,0,0,0,0,0,0,0,0,0,0.24,28.15,57.5,18.9,29.3,10.28,1.13,0.03,1403,1,100,60
08/08/2016,21:00:00,21,Aug-16,Rainy-2016,29.45,29.65,29.45,82,26.05,0.65,,1.21,3.35,,29.45,36.2,36.2,,1001.6,0,0,0,0,0,0,0,0,0,0.23,28.25,58.5,19.35,29.6,10.45,1.13,0.03,1403,1,100,60
08/08/2016,22:00:00,22,Aug-16,Rainy-2016,29,29.25,29,83,25.85,0.65,,1.21,2.9,,29,35.5,35.5,,1001.9,0,0,0,0,0,0,0,0,0,0.22,28.35,60,19.85,29.85,10.75,1.13,0.03,1404,1,100,60
08/08/2016,23:00:00,23,Aug-16,Rainy-2016,28.35,28.65,28.35,84.5,25.55,0.4,,0.8,2.65,,28.35,34,34,,1001.6,0,0,0,0,0,0,0,0,0,0.21,28.4,60,19.9,30.1,10.75,1.13,0.03,1403,1,100,60
09/08/2016,00:00:00,24,Aug-16,Rainy-2016,28.15,28.25,28.1,85.5,25.45,0.4,,0.8,2.45,,28.15,33.45,33.45,,1001,0,0,0,0,0,0,0,0,0,0.2,28.5,61,20.2,30.3,10.95,1.13,0.03,1401,1,100,60
09/08/2016,01:00:00,1,Aug-16,Rainy-2016,28.05,28.15,27.9,86.5,25.6,0.4,,0.8,2.45,,28.05,33.5,33.5,,1000.75,0,0,0,0,0,0,0,0,0,0.2,28.6,61,20.35,30.5,10.95,1.13,0.03,1401,1,100,60
09/08/2016,02:00:00,2,Aug-16,Rainy-2016,27.45,27.85,27.45,89,25.5,0.4,,0.8,2.9,,27.45,32.35,32.35,,999.7,0,0,0,0,0,0,0,0,0,0.19,28.65,62,20.65,30.75,11.08,1.13,0.03,1404,1,100,60
09/08/2016,03:00:00,3,Aug-16,Rainy-2016,27.65,27.65,27.5,88.5,25.55,0.4,,0.8,2,,27.65,32.65,32.65,,998.85,0,0,0,0,0,0,0,0,0,0.19,28.7,62.5,20.85,30.95,11.18,1.13,0.03,1403,1,100,60
09/08/2016,04:00:00,4,Aug-16,Rainy-2016,27.65,27.7,27.6,88,25.45,0.2,,0.4,2.25,,27.65,32.55,32.55,,999.45,0,0,0,0,0,0,0,0,0,0.19,28.7,63,21,31.1,11.28,1.13,0.03,1402,1,100,60
09/08/2016,05:00:00,5,Aug-16,Rainy-2016,27.1,27.4,27.1,91,25.5,0.4,,0.8,2.25,,27.1,31.65,31.65,,999.6,0.2,0,0,0,0,0,0,0,0,0.18,28.7,63.5,21.1,31.15,11.38,1.13,0,1403,1,100,60
09/08/2016,06:00:00,6,Aug-16,Rainy-2016,27.2,27.2,27.15,91,25.6,0.4,,0.8,3.35,,27.2,31.85,31.85,,999.6,0,0,4.5,0.39,12.5,0,0,0,0,0.18,28.8,65,21.5,31.5,11.67,1.12,0,1401,1,100,60
09/08/2016,07:00:00,7,Aug-16,Rainy-2016,27.35,27.35,27.25,91,25.75,0.4,,0.8,2,,27.35,32.45,32.45,,1000.2,0,0,27.5,2.37,43,0,0,0,0,0.19,28.8,65.5,21.65,31.65,11.77,1.12,0.03,1402,1,100,60
09/08/2016,08:00:00,8,Aug-16,Rainy-2016,27.9,27.9,27.5,89,25.9,0.9,,1.61,3.15,,27.9,33.45,33.45,,1000.7,0,0,72.5,6.24,133.5,0.45,0.08,1.1,0,0.2,28.8,66,21.8,31.8,11.87,1.12,0.05,1397,1,100,60
09/08/2016,09:00:00,9,Aug-16,Rainy-2016,28.4,28.5,27.9,88.5,26.3,0.65,,1.21,3.15,,28.4,34.85,34.85,,1000.85,0,0,173.5,14.92,286.5,1.5,0.24,3.25,0,0.21,28.85,66,21.85,31.85,11.87,1.12,0.13,1393,1,100,60
09/08/2016,10:00:00,10,Aug-16,Rainy-2016,29.55,29.95,29.15,83.5,26.45,1.1,,2.01,4,,29.55,36.75,36.75,,1000.9,0,0,281,24.17,564.5,3,0.48,5.75,0,0.23,28.9,67,22.15,32.25,12.07,1.12,0.23,1340,1,97.95,60
09/08/2016,11:00:00,11,Aug-16,Rainy-2016,28.65,30.1,28.55,84.5,25.75,1.3,,2.41,4.7,,28.65,34.5,34.5,,1001.05,0.4,0,283,24.34,627.5,2.85,0.46,6.25,0,0.21,28.05,60,19.5,29.7,10.81,1.13,0.2,1353,1,98.9,60
09/08/2016,12:00:00,12,Aug-16,Rainy-2016,27.95,28.2,27.6,87.5,25.65,0.9,,1.61,3.8,,27.95,33.35,33.35,,1001,0.2,0,193.5,16.64,267,2.45,0.4,3.35,0,0.2,26.25,49.5,14.8,26.35,9.11,1.15,0.13,1149,1,84,60
09/08/2016,13:00:00,13,Aug-16,Rainy-2016,28.7,28.85,28.15,85,25.95,0.9,,1.61,3.15,,28.7,35.1,35.1,,1000.4,0,0,281,24.17,550,4.2,0.68,9.05,0,0.22,25.85,45.5,13.15,25.7,8.43,1.15,0.25,1402,1,100,60
09/08/2016,14:00:00,14,Aug-16,Rainy-2016,29.4,29.9,29.15,82,26,0.9,,1.61,3.6,,29.4,36.15,36.15,,999.6,0,0,242,20.81,866,3.45,0.56,7.3,0,0.23,25.6,46,13.1,25.45,8.54,1.15,0.23,1405,1,100,60
09/08/2016,15:00:00,15,Aug-16,Rainy-2016,30.6,30.6,29.45,76.5,25.95,0.9,,1.61,3.15,,30.6,37.8,37.8,,998.65,0,0,393.5,33.84,698.5,3.8,0.61,5.5,0,0.26,25.6,46.5,13.25,25.4,8.59,1.15,0.3,1401,1,100,60
09/08/2016,16:00:00,16,Aug-16,Rainy-2016,30,31.15,30,76,25.3,1.3,,2.41,3.8,,30,36.45,36.45,,998.3,0,0,406,34.92,562.5,2.9,0.47,4.2,0,0.24,25.35,44.5,12.4,25.15,8.3,1.15,0.28,1398,1,100,60
09/08/2016,17:00:00,17,Aug-16,Rainy-2016,29.6,30.35,29.35,78,25.35,1.1,,2.01,4.25,,29.6,35.8,35.8,,998.1,0,0,196.5,16.9,321.5,1,0.16,1.5,0,0.23,26.15,47,13.95,26.05,8.67,1.14,0.15,1401,1,100,60
09/08/2016,18:00:00,18,Aug-16,Rainy-2016,28.75,29.25,28.75,81.5,25.3,0.65,,1.21,2.9,,28.75,34.5,34.5,,998.6,0,0,73.5,6.32,177.5,0.2,0.03,0.4,0,0.22,27.45,53,17,27.9,9.63,1.14,0.05,1378,1,99.55,60
09/08/2016,19:00:00,19,Aug-16,Rainy-2016,27.95,28.25,27.95,82,24.55,0.9,,1.61,4,,27.95,32.3,32.3,,999.25,0,0,2,0.17,11.5,0,0,0,0,0.2,27.75,54.5,17.75,28.5,9.8,1.13,0.03,1384,1,100,60
09/08/2016,20:00:00,20,Aug-16,Rainy-2016,27.5,27.75,27.5,84,24.6,0.65,,1.21,3.6,,27.5,31.6,31.6,,1000.05,0,0,0,0,0,0,0,0,0,0.19,27.9,55.5,18.2,28.8,9.95,1.13,0.03,1402,1,100,60
09/08/2016,21:00:00,21,Aug-16,Rainy-2016,27.1,27.25,27.1,86,24.6,0.4,,0.8,2.9,,27.1,30.95,30.95,,1000.4,0,0,0,0,0,0,0,0,0,0.18,28.05,57,18.7,29.15,10.2,1.13,0.03,1402,1,100,60
09/08/2016,22:00:00,22,Aug-16,Rainy-2016,26.9,27,26.9,87,24.6,0.4,,0.8,3.6,,26.9,30.7,30.7,,1000.6,0,0,0,0,0,0,0,0,0,0.18,28.15,58,19.1,29.35,10.35,1.13,0.03,1405,1,100,60
09/08/2016,23:00:00,23,Aug-16,Rainy-2016,27.05,27.1,26.95,86.5,24.55,0.9,,1.61,3.35,,27.05,30.8,30.8,,1000.6,0,0,0,0,0,0,0,0,0,0.18,28.2,59.5,19.55,29.65,10.65,1.13,0.03,1404,1,100,60
10/08/2016,00:00:00,24,Aug-16,Rainy-2016,26.95,27.05,26.95,87,24.6,0.9,,1.61,3.15,,26.95,30.75,30.75,,1000.05,0,0,0,0,0,0,0,0,0,0.18,28.2,60.5,19.85,29.75,10.85,1.13,0.03,1401,1,100,60
10/08/2016,01:00:00,1,Aug-16,Rainy-2016,26.2,26.8,26.2,91.5,24.75,0.9,,1.61,2.9,,26.2,29.65,29.65,,999.2,1.2,9.2,0,0,0,0,0,0,0,0.16,28.3,61.5,20.2,30,11.02,1.13,0.03,1377,1,99.85,60
10/08/2016,02:00:00,2,Aug-16,Rainy-2016,25.6,25.7,25.6,94.5,24.65,0.9,,1.61,4.5,,25.6,28.6,28.6,,998.55,0.2,0,0,0,0,0,0,0,0,0.15,28.3,63,20.6,30.2,11.29,1.13,0,1320,1,95.9,60
10/08/2016,03:00:00,3,Aug-16,Rainy-2016,25.65,25.7,25.55,95,24.75,0.9,,1.61,3.55,,25.65,28.7,28.7,,997.75,0.8,11.5,0,0,0,0,0,0,0,0.15,28.3,64.5,21,30.45,11.59,1.12,0,881,1,64.4,60
10/08/2016,04:00:00,4,Aug-16,Rainy-2016,25.9,25.95,25.75,93.5,24.75,0.9,,1.61,4.7,,25.9,29.2,29.2,,997.35,0.2,0,0,0,0,0,0,0,0,0.16,28.4,65,21.2,30.6,11.69,1.12,0,1212,1,88.6,60
10/08/2016,05:00:00,5,Aug-16,Rainy-2016,25.75,25.95,25.7,95,24.9,0.9,,1.61,3.6,,25.75,29,29,,997.05,0.4,0.9,0,0,0,0,0,0,0,0.15,28.4,66,21.4,30.8,11.89,1.12,0,1255,1,91.75,60
10/08/2016,06:00:00,6,Aug-16,Rainy-2016,25.65,25.75,25.65,95,24.8,0.9,,1.61,4.45,,25.65,28.75,28.75,,997.15,0.8,1.8,0,0,0,0,0,0,0,0.15,28.4,66.5,21.55,30.85,11.99,1.12,0,1231,1,89.95,60
10/08/2016,07:00:00,7,Aug-16,Rainy-2016,26,26,25.75,93.5,24.8,1.1,,2.01,5.15,,26,29.4,29.4,,997.8,0,0,18,1.55,27.5,0,0,0,0,0.16,28.4,67,21.7,31,12.09,1.12,0.03,1012,1,73.95,60
10/08/2016,08:00:00,8,Aug-16,Rainy-2016,26.3,26.35,25.95,94,25.25,1.3,,2.41,4.5,,26.3,30.15,30.15,,998.3,0.2,0,69,5.93,117,0.45,0.07,0.7,0,0.17,28.4,67.5,21.85,31.1,12.19,1.12,0.05,1236,1,90.35,60
10/08/2016,09:00:00,9,Aug-16,Rainy-2016,26.9,27.2,26.6,92,25.45,1.3,,2.41,4.7,,26.9,31.3,31.3,,998.7,0.2,0,111,9.54,277,0.9,0.14,2.15,0,0.18,28.4,68,22,31.3,12.29,1.12,0.08,1269,1,92.75,60
10/08/2016,10:00:00,10,Aug-16,Rainy-2016,27.4,27.6,27.05,89.5,25.6,1.1,,2.01,5.6,,27.4,32.35,32.35,,999.2,0,0,183,15.74,273.5,2,0.32,3.05,0,0.19,27.55,59,18.7,28.85,10.67,1.13,0.13,1383,1,100,60
10/08/2016,11:00:00,11,Aug-16,Rainy-2016,27.25,27.5,26.85,92.5,25.95,0.9,,1.61,4.25,,27.25,32.3,32.3,,999.2,0.2,0,134,11.53,271.5,1.5,0.25,3.2,0,0.19,25.6,49,14.1,25.55,8.99,1.15,0.1,1404,1,100,60
10/08/2016,12:00:00,12,Aug-16,Rainy-2016,28.65,28.75,28,86.5,26.15,1.1,,2.01,4.05,,28.65,35.25,35.25,,999.1,0,0,250.5,21.54,346,2.9,0.47,4,0,0.22,25.35,46,12.9,25.15,8.55,1.15,0.18,1395,1,100,60
10/08/2016,13:00:00,13,Aug-16,Rainy-2016,27.95,28.6,27.95,90,26.15,1.1,,2.01,3.8,,27.95,33.8,33.8,,998.85,1.2,3.1,108,9.29,166,1.2,0.2,1.95,0,0.2,25.1,43.5,11.75,24.8,8.13,1.15,0.08,1401,1,100,60
10/08/2016,14:00:00,14,Aug-16,Rainy-2016,27.9,28.15,27.45,93,26.6,0.65,,1.21,2.9,,27.9,34.25,34.25,,998.25,2.8,16.5,150.5,12.95,379.5,1.7,0.27,4.4,0,0.2,24.8,43,11.35,24.45,8.05,1.15,0.1,1396,1,100,60
10/08/2016,15:00:00,15,Aug-16,Rainy-2016,27.1,27.8,26.7,92,25.7,0.9,,1.61,3.8,,27.1,31.9,31.9,,997.95,8.6,31.5,76,6.53,143.5,0.65,0.11,1.25,0,0.18,24.6,42,10.8,24.2,7.93,1.15,0.05,1404,1,100,60
10/08/2016,16:00:00,16,Aug-16,Rainy-2016,27.2,27.5,27.2,91.5,25.7,1.3,,2.41,5.35,,27.2,32.1,32.1,,998.05,1,5.5,101,8.68,186.5,0.8,0.13,1.7,0,0.19,24.8,43.5,11.55,24.55,8.14,1.15,0.08,1401,1,100,60
10/08/2016,17:00:00,17,Aug-16,Rainy-2016,26.55,26.85,26.4,94,25.5,0.9,,1.61,3.8,,26.55,30.75,30.75,,998.05,2.4,7.2,47,4.05,75.5,0.1,0.02,0.55,0,0.17,25.25,45,12.45,25,8.35,1.15,0.03,1361,1,98.45,60
10/08/2016,18:00:00,18,Aug-16,Rainy-2016,26.55,26.6,26.45,93,25.3,0.9,,1.61,4,,26.55,30.55,30.55,,998.25,0,0,19,1.64,31,0,0,0,0,0.17,26.45,50,15.15,26.5,9.16,1.14,0.03,1376,1,99.35,60
10/08/2016,19:00:00,19,Aug-16,Rainy-2016,26.7,26.7,26.55,93,25.45,0.9,,1.61,3.8,,26.7,30.95,30.95,,999.05,0.2,0,1,0.09,3.5,0,0,0,0,0.17,26.85,52.5,16.3,27.1,9.55,1.14,0,1272,1,93,60
10/08/2016,20:00:00,20,Aug-16,Rainy-2016,27.15,27.15,26.9,92.5,25.85,0.65,,1.21,4.05,,27.15,32,32,,999.95,0,0,0,0,0,0,0,0,0,0.18,27.05,54.5,17.1,27.5,9.8,1.14,0,960,1,70.15,60
10/08/2016,21:00:00,21,Aug-16,Rainy-2016,27.2,27.3,27.1,92,25.8,0.9,,1.61,3.8,,27.2,32.1,32.1,,1000.7,0,0,0,0,0,0,0,0,0,0.19,27.2,56.5,17.8,27.8,10.11,1.14,0,1024,1,74.85,60
10/08/2016,22:00:00,22,Aug-16,Rainy-2016,27.15,27.4,27.1,93,25.95,0.4,,0.8,2.9,,27.15,32.15,32.15,,1000.9,0.4,0.6,0,0,0,0,0,0,0,0.18,27.3,57.5,18.15,28.1,10.26,1.14,0,978,1,71.5,60
10/08/2016,23:00:00,23,Aug-16,Rainy-2016,27.05,27.05,26.85,94.5,26.05,0.65,,1.21,2.9,,27.05,32,32,,1000.8,0.2,0.8,0,0,0,0,0,0,0,0.18,27.35,58.5,18.5,28.25,10.45,1.14,0,1169,1,85.45,60
11/08/2016,00:00:00,24,Aug-16,Rainy-2016,27.25,27.25,27.2,93,26.05,0.65,,1.21,2.9,,27.25,32.45,32.45,,1000.75,0,0,0,0,0,0,0,0,0,0.19,27.4,60,18.95,28.45,10.75,1.14,0,1107,1,80.9,60
11/08/2016,01:00:00,1,Aug-16,Rainy-2016,27.35,27.4,27.3,93,26.15,0.4,,0.8,2.2,,27.35,32.7,32.7,,1000.7,0.6,4.1,0,0,0,0,0,0,0,0.19,27.45,60,19,28.55,10.75,1.13,0,1289,1,93.4,60
11/08/2016,02:00:00,2,Aug-16,Rainy-2016,27.1,27.25,27.1,92.5,25.8,0.4,,0.8,2.45,,27.1,31.95,31.95,,1000.55,0.4,1.2,0,0,0,0,0,0,0,0.18,27.5,61,19.3,28.7,10.95,1.13,0,1302,1,95.2,60
11/08/2016,03:00:00,3,Aug-16,Rainy-2016,26.55,26.85,26.55,93,25.3,0.4,,0.8,2,,26.55,30.65,30.65,,1000.2,0.4,0.9,0,0,0,0,0,0,0,0.17,27.55,61.5,19.45,28.8,11.04,1.13,0,1158,1,84.65,60
11/08/2016,04:00:00,4,Aug-16,Rainy-2016,26.6,26.6,26.45,95,25.7,0.2,,0.4,1.1,,26.6,30.9,30.9,,1000.3,0,0,0,0,0,0,0,0,0,0.17,27.6,62,19.6,28.9,11.12,1.13,0,1351,1,98.75,60
11/08/2016,05:00:00,5,Aug-16,Rainy-2016,26.7,26.7,26.65,93.5,25.55,0.65,,1.21,2.45,,26.7,30.95,30.95,,1001.05,0,0,0,0,0,0,0,0,0,0.17,27.6,62,19.65,28.9,11.12,1.13,0,1292,1,94.45,60
11/08/2016,06:00:00,6,Aug-16,Rainy-2016,26.5,26.65,26.5,93,25.3,0.4,,0.8,2.45,,26.5,30.6,30.6,,1001.6,0,0,1.5,0.13,4.5,0,0,0,0,0.17,27.6,63,19.9,29.1,11.32,1.13,0,968,1,70.75,60
11/08/2016,07:00:00,7,Aug-16,Rainy-2016,26.65,26.65,26.45,91.5,25.15,0.65,,1.21,2.25,,26.65,30.7,30.7,,1002.4,0,0,43,3.7,70,0.1,0.02,0.3,0,0.17,27.6,63,19.9,29.1,11.32,1.13,0.03,1325,1,95.7,60
11/08/2016,08:00:00,8,Aug-16,Rainy-2016,27.85,27.95,27.35,89,25.9,0.9,,1.61,3.1,,27.85,33.45,33.45,,1002.75,0,0,155,13.33,344.5,0.95,0.15,1.4,0,0.2,27.7,64,20.2,29.3,11.51,1.13,0.1,1391,1,100,60
11/08/2016,09:00:00,9,Aug-16,Rainy-2016,29.35,29.35,28.4,86,26.75,0.9,,1.61,3.8,,29.35,36.9,36.9,,1003.35,0,0,261,22.45,498.5,2.1,0.34,3.35,0,0.23,27.7,64,20.3,29.3,11.51,1.13,0.2,1179,1,86.2,60
11/08/2016,10:00:00,10,Aug-16,Rainy-2016,29.85,30.05,29.3,83,26.7,0.9,,1.61,4.7,,29.85,37.8,37.8,,1003.15,0,0,431,37.07,808,4,0.65,6,0,0.24,26.85,57.5,17.65,27.75,10.45,1.14,0.3,1280,1,92.4,60
11/08/2016,11:00:00,11,Aug-16,Rainy-2016,30.4,30.8,30.1,80.5,26.65,0.9,,1.61,4,,30.4,38.45,38.45,,1003.05,0,0,364,31.31,557,3.7,0.6,5.2,0,0.25,24.4,46.5,12.2,24.3,8.68,1.16,0.25,1400,1,100,60
11/08/2016,12:00:00,12,Aug-16,Rainy-2016,31.75,31.75,30.65,81,28.05,0.9,,1.61,3.15,,31.75,43.7,43.7,,1002.7,0,0,418,35.95,909.5,5.25,0.85,8.9,0,0.28,24.5,47,12.4,24.35,8.73,1.16,0.33,1377,1,99.8,60
11/08/2016,13:00:00,13,Aug-16,Rainy-2016,31.55,32.45,31.35,78.5,27.35,0.65,,1.21,2.65,,31.55,41.65,41.65,,1002.05,0,0,244.5,21.03,528.5,3.55,0.57,8.8,0,0.28,24.8,46.5,12.55,24.6,8.62,1.16,0.23,1396,1,100,60
11/08/2016,14:00:00,14,Aug-16,Rainy-2016,30.9,32.4,30.45,79,26.85,1.1,,2.01,4,,30.9,40.25,40.25,,1001.55,3.2,61.9,250.5,21.54,633,3.05,0.49,6.95,0,0.26,24.7,46,12.3,24.5,8.52,1.16,0.23,1391,1,100,60
11/08/2016,15:00:00,15,Aug-16,Rainy-2016,28.2,28.9,28.15,90.5,26.5,0.65,,1.21,2.2,,28.2,34.6,34.6,,1001.4,0.2,13.8,187,16.09,369,1.8,0.29,2.95,0,0.21,24.55,45,11.85,24.35,8.43,1.16,0.13,1311,1,95.85,60
11/08/2016,16:00:00,16,Aug-16,Rainy-2016,28.65,28.65,28.3,88,26.45,0.65,,1.21,3.1,,28.65,35.45,35.45,,1000.75,0,0,142.5,12.25,152,1.2,0.19,1.3,0,0.22,24.4,44.5,11.55,24.2,8.33,1.16,0.1,1297,1,94.8,60
11/08/2016,17:00:00,17,Aug-16,Rainy-2016,29.05,29.05,28.85,86,26.45,0.4,,0.8,1.8,,29.05,36.2,36.2,,1000.45,0,0,125,10.75,137,0.85,0.14,1,0,0.22,25.6,47.5,13.65,25.55,8.74,1.15,0.1,1374,1,100,60
11/08/2016,18:00:00,18,Aug-16,Rainy-2016,28.85,29,28.85,87.5,26.6,0.4,,0.8,2,,28.85,36.05,36.05,,1001.25,0.2,0,57,4.9,71,0.1,0.02,0.25,0,0.22,26.35,50.5,15.2,26.5,9.26,1.15,0.05,991,1,72.45,60
11/08/2016,19:00:00,19,Aug-16,Rainy-2016,28.5,28.7,28.5,88.5,26.4,0.4,,0.8,2.2,,28.5,35.05,35.05,,1002,0,0,6.5,0.56,14,0,0,0,0,0.21,26.65,52.5,16.1,26.9,9.55,1.14,0,1404,1,100,60
11/08/2016,20:00:00,20,Aug-16,Rainy-2016,28.35,28.4,28.3,91,26.75,0.65,,1.21,2.65,,28.35,35.35,35.35,,1002.45,0,0,0,0,0,0,0,0,0,0.21,26.8,55,17,27.25,9.85,1.14,0.03,1403,1,100,60
11/08/2016,21:00:00,21,Aug-16,Rainy-2016,28.25,28.35,28.25,90.5,26.55,0.4,,0.8,2,,28.25,34.8,34.8,,1003.35,0,0,0,0,0,0,0,0,0,0.21,26.95,56.5,17.6,27.5,10.11,1.14,0.03,1389,1,100,60
11/08/2016,22:00:00,22,Aug-16,Rainy-2016,28.15,28.2,28.1,92,26.7,0.2,,0.4,1.75,,28.15,34.75,34.75,,1003.6,0,0,0,0,0,0,0,0,0,0.2,27.1,58,18.1,27.8,10.35,1.14,0,1396,1,100,60
11/08/2016,23:00:00,23,Aug-16,Rainy-2016,28.25,28.25,28.15,91.5,26.7,0.4,,0.8,2.25,,28.25,34.95,34.95,,1003.95,0,0,0,0,0,0,0,0,0,0.21,27.15,59,18.45,27.95,10.55,1.14,0,1333,1,97.45,60
12/08/2016,00:00:00,24,Aug-16,Rainy-2016,28.25,28.3,28.2,90.5,26.55,0.4,,0.8,2.45,,28.25,34.7,34.7,,1004.1,0,0,0,0,0,0,0,0,0,0.21,27.2,59.5,18.65,28.15,10.65,1.14,0,1172,1,85.7,60
12/08/2016,01:00:00,1,Aug-16,Rainy-2016,28.1,28.15,28.1,91.5,26.6,0.4,,0.8,1.3,,28.1,34.7,34.7,,1003.55,0,0,0,0,0,0,0,0,0,0.2,27.3,60.5,18.95,28.25,10.85,1.14,0,1158,1,84.65,60
12/08/2016,02:00:00,2,Aug-16,Rainy-2016,28,28.1,28,91.5,26.5,0.2,,0.4,2,,28,34.45,34.45,,1002.85,0,0,0,0,0,0,0,0,0,0.2,27.3,61,19.1,28.4,10.95,1.14,0,1329,1,97.15,60
12/08/2016,03:00:00,3,Aug-16,Rainy-2016,27.75,27.85,27.75,92.5,26.4,0.2,,0.4,2,,27.75,33.75,33.75,,1002.5,0,0,0,0,0,0,0,0,0,0.2,27.4,61.5,19.35,28.55,11.04,1.14,0,1320,1,96.5,60
12/08/2016,04:00:00,4,Aug-16,Rainy-2016,27.55,27.65,27.5,92.5,26.2,0.2,,0.4,1.55,,27.55,33.1,33.1,,1002.55,0,0,0,0,0,0,0,0,0,0.19,27.4,62,19.5,28.7,11.12,1.14,0,1357,1,99.2,60
12/08/2016,05:00:00,5,Aug-16,Rainy-2016,27.4,27.55,27.35,92.5,26.1,0.2,,0.4,1.55,,27.4,32.8,32.8,,1002.55,0,0,0,0,0,0,0,0,0,0.19,27.45,62,19.55,28.75,11.12,1.14,0,1340,1,97.95,60
12/08/2016,06:00:00,6,Aug-16,Rainy-2016,27.25,27.3,27.25,94.5,26.25,0,,0,1.55,,27.25,32.5,32.5,,1003.05,0.2,0,2,0.17,7,0,0,0,0,0.19,27.5,63,19.8,28.9,11.32,1.14,0,1348,1,98.15,60
12/08/2016,07:00:00,7,Aug-16,Rainy-2016,27.65,27.65,27.15,93,26.4,0.2,,0.4,1.55,,27.65,33.5,33.5,,1003.7,0,0,70.5,6.06,102,0.15,0.03,0.35,0,0.19,27.6,63,19.9,29,11.32,1.14,0.05,1398,1,100,60
12/08/2016,08:00:00,8,Aug-16,Rainy-2016,28.75,28.8,28.25,89.5,26.85,0.4,,0.8,2.45,,28.75,36,36,,1004.15,0,0,178.5,15.35,397.5,1.05,0.17,1.45,0,0.22,27.6,63.5,20.05,29.15,11.42,1.14,0.13,1385,1,100,60
12/08/2016,09:00:00,9,Aug-16,Rainy-2016,30,30.1,29.25,85.5,27.3,0.65,,1.21,2.45,,30,38.8,38.8,,1004.15,0,0,277,23.83,428,2.4,0.39,3.65,0,0.24,27.65,64,20.2,29.25,11.52,1.14,0.23,1147,1,83.85,60
12/08/2016,10:00:00,10,Aug-16,Rainy-2016,30.2,30.65,29.55,83,26.95,0.65,,1.21,2.65,,30.2,38.6,38.6,,1004,0,0,307.5,26.44,615,3.05,0.49,4.8,0,0.25,27.7,65,20.5,29.4,11.71,1.14,0.23,1398,1,100,60
12/08/2016,11:00:00,11,Aug-16,Rainy-2016,31.65,31.8,31.05,76,26.9,0.9,,1.61,2.9,,31.65,41.2,41.2,,1003.55,0,0,576.5,49.58,994,5.6,0.9,8.1,0,0.28,27.75,65.5,20.65,29.55,11.81,1.13,0.41,1394,1,100,60
12/08/2016,12:00:00,12,Aug-16,Rainy-2016,32.3,32.4,31.7,74.5,27.15,0.9,,1.61,2.9,,32.3,43,43,,1003.05,0,0,536,46.1,805,5.95,0.96,8.45,0,0.29,27.8,66,20.9,29.8,11.91,1.13,0.41,1401,1,100,60
12/08/2016,13:00:00,13,Aug-16,Rainy-2016,32.65,33.1,32.25,74.5,27.5,0.9,,1.61,2.9,,32.65,44.45,44.45,,1002.45,0,0,630.5,54.23,993.5,6.4,1.03,9,0,0.3,27.9,67,21.2,30,12.11,1.13,0.46,1398,1,100,60
12/08/2016,14:00:00,14,Aug-16,Rainy-2016,32.05,32.4,31.8,75.5,27.2,0.4,,0.8,2.7,,32.05,42.65,42.65,,1001.35,0,0,288,24.77,474.5,3.1,0.5,4.7,0,0.29,27.9,67,21.2,30.05,12.11,1.13,0.23,1355,1,98.3,60
12/08/2016,15:00:00,15,Aug-16,Rainy-2016,33,33.25,32.45,69.5,26.7,0.9,,1.61,2.65,,33,43.35,43.35,,1000.75,0,0,559.5,48.12,726,4.25,0.68,5.05,0,0.31,27.95,67.5,21.35,30.2,12.2,1.13,0.41,1366,1,99.1,60
12/08/2016,16:00:00,16,Aug-16,Rainy-2016,33.25,33.5,33.1,71,27.25,0.9,,1.61,3.35,,33.25,45,45,,1000.1,0,0,452,38.87,561.5,2.85,0.46,3.6,0,0.31,28,68,21.5,30.3,12.3,1.13,0.33,1387,1,100,60
12/08/2016,17:00:00,17,Aug-16,Rainy-2016,32.2,32.8,32.2,74,27,0.9,,1.61,3.6,,32.2,42.6,42.6,,1000.05,0,0,225.5,19.4,405.5,1.2,0.19,1.65,0,0.29,28.1,68.5,21.7,30.5,12.38,1.13,0.18,1379,1,99.85,60
12/08/2016,18:00:00,18,Aug-16,Rainy-2016,31.45,32.05,31.45,78,27.15,0.65,,1.21,4.5,,31.45,41.05,41.05,,1000.2,0,0,100,8.6,168,0.2,0.03,0.35,0,0.27,28.1,69,21.85,30.65,12.45,1.13,0.08,1387,1,100,60
12/08/2016,19:00:00,19,Aug-16,Rainy-2016,30.15,30.75,30.15,81,26.55,0.65,,1.21,2.7,,30.15,37.95,37.95,,1000.9,0,0,6.5,0.56,11.5,0,0,0,0,0.25,28.1,69,21.9,30.7,12.45,1.13,0.03,1395,1,100,60
12/08/2016,20:00:00,20,Aug-16,Rainy-2016,29.45,29.75,29.45,84,26.45,0.4,,0.8,3.1,,29.45,36.65,36.65,,1001.95,0,0,0,0,0,0,0,0,0,0.23,28.1,69,21.9,30.7,12.45,1.13,0.03,1386,1,100,60
12/08/2016,21:00:00,21,Aug-16,Rainy-2016,29.2,29.35,29.2,85,26.4,0.4,,0.8,2.65,,29.2,36.25,36.25,,1002.75,0,0,0,0,0,0,0,0,0,0.23,28.2,69,21.9,30.8,12.44,1.13,0.03,1390,1,100,60
12/08/2016,22:00:00,22,Aug-16,Rainy-2016,28.9,29,28.85,87.5,26.65,0.4,,0.8,1.8,,28.9,36.2,36.2,,1003.05,0,0,0,0,0,0,0,0,0,0.22,28.2,69,21.9,30.8,12.44,1.13,0.03,1404,1,100,60
12/08/2016,23:00:00,23,Aug-16,Rainy-2016,29,29,28.9,88.5,26.9,0.4,,0.8,4,,29,36.7,36.7,,1003.05,0,0,0,0,0,0,0,0,0,0.22,28.2,69.5,22.1,31,12.56,1.13,0.03,1399,1,100,60
13/08/2016,00:00:00,24,Aug-16,Rainy-2016,28.95,29.05,28.95,90.5,27.25,0.4,,0.8,2.25,,28.95,37.05,37.05,,1002.6,0,0,0,0,0,0,0,0,0,0.22,28.25,70,22.25,31.15,12.68,1.13,0.03,1400,1,100,60
13/08/2016,01:00:00,1,Aug-16,Rainy-2016,28.9,28.9,28.9,91,27.3,0.4,,0.8,3.35,,28.9,37.1,37.1,,1002.4,0,0,0,0,0,0,0,0,0,0.22,28.3,70,22.3,31.2,12.68,1.13,0,1398,1,100,60
13/08/2016,02:00:00,2,Aug-16,Rainy-2016,28.8,28.85,28.8,91,27.2,0.4,,0.8,2.7,,28.8,36.7,36.7,,1002.15,0,0,0,0,0,0,0,0,0,0.22,28.3,70,22.3,31.3,12.67,1.13,0,1394,1,100,60
13/08/2016,03:00:00,3,Aug-16,Rainy-2016,28.55,28.75,28.55,91,26.95,0.4,,0.8,2,,28.55,35.9,35.9,,1001.7,0,0,0,0,0,0,0,0,0,0.21,28.3,70,22.3,31.3,12.67,1.13,0,1401,1,100,60
13/08/2016,04:00:00,4,Aug-16,Rainy-2016,28.35,28.5,28.35,92,26.95,0.2,,0.4,1.8,,28.35,35.6,35.6,,1001.4,0,0,0,0,0,0,0,0,0,0.21,28.3,70,22.3,31.3,12.67,1.13,0,1402,1,100,60
13/08/2016,05:00:00,5,Aug-16,Rainy-2016,28.25,28.3,28.25,92,26.85,0.4,,0.8,1.55,,28.25,35.25,35.25,,1001.4,0,0,0,0,0,0,0,0,0,0.21,28.4,70,22.4,31.4,12.66,1.13,0,1404,1,100,60
13/08/2016,06:00:00,6,Aug-16,Rainy-2016,28.2,28.2,28.15,93,26.9,0.2,,0.4,1.3,,28.2,35.2,35.2,,1001.75,0,0,3.5,0.3,8,0,0,0,0,0.21,28.4,70,22.4,31.4,12.66,1.13,0,1403,1,100,60
13/08/2016,07:00:00,7,Aug-16,Rainy-2016,28.75,28.75,28.35,91.5,27.25,0.4,,0.8,1.3,,28.75,36.65,36.65,,1002.35,0,0,52.5,4.52,82.5,0.1,0.02,0.25,0,0.22,28.4,70,22.4,31.5,12.66,1.13,0.03,1400,1,100,60
13/08/2016,08:00:00,8,Aug-16,Rainy-2016,29.55,29.7,29.1,87.5,27.25,0.4,,0.8,2.9,,29.55,38.05,38.05,,1002.65,0,0,144.5,12.43,259,1.05,0.17,1.45,0,0.23,28.4,70.5,22.55,31.7,12.79,1.13,0.1,1327,1,97,60
13/08/2016,09:00:00,9,Aug-16,Rainy-2016,30.2,30.3,30,86,27.6,0.65,,1.21,2,,30.2,39.5,39.5,,1002.65,0,0,166,14.27,302.5,1.6,0.26,2.15,0,0.25,28.45,71,22.7,31.85,12.92,1.13,0.13,1315,1,96.1,60
13/08/2016,10:00:00,10,Aug-16,Rainy-2016,30.7,30.8,30.15,83.5,27.55,0.65,,1.21,3.6,,30.7,40.3,40.3,,1002.5,0,0,361,31.05,478.5,3.25,0.53,4.4,0,0.26,28.55,71,22.75,32,12.92,1.13,0.25,1275,1,93.2,60
13/08/2016,11:00:00,11,Aug-16,Rainy-2016,32.15,32.2,31.35,77.5,27.7,0.9,,1.61,3.6,,32.15,43.75,43.75,,1002.3,0,0,512.5,44.08,830,4.95,0.8,6.75,0,0.29,28.6,71,22.8,32.1,12.91,1.13,0.38,1190,1,86.95,60
13/08/2016,12:00:00,12,Aug-16,Rainy-2016,32.3,32.9,32.3,78,28,0.9,,1.61,3.6,,32.3,44.8,44.8,,1001.95,0,0,627.5,53.98,819,5.9,0.95,7.3,0,0.29,28.6,72,23.1,32.4,13.25,1.12,0.43,1193,1,87.2,60
13/08/2016,13:00:00,13,Aug-16,Rainy-2016,32.65,32.9,32.2,77,28.1,0.9,,1.61,3.15,,32.65,45.8,45.8,,1001.35,0,0,567.5,48.81,793,5.85,0.94,7.5,0,0.3,28.7,72,23.1,32.6,13.25,1.12,0.41,1133,1,82.85,60
13/08/2016,14:00:00,14,Aug-16,Rainy-2016,31.7,32.3,31.6,80.5,27.9,0.65,,1.21,2.25,,31.7,43.1,43.1,,1000.75,0,0,246.5,21.2,448,2.25,0.37,4.05,0,0.28,28.7,72,23.15,32.65,13.25,1.12,0.2,984,1,71.9,60
13/08/2016,15:00:00,15,Aug-16,Rainy-2016,28.85,30.75,28.85,82.5,25.6,1.1,,2.01,4.05,,28.85,34.8,34.8,,1000.5,6.2,27.8,135.5,11.66,312.5,1,0.16,1.7,0,0.22,28.7,72,23.2,32.7,13.25,1.12,0.1,1071,1,78.25,60
13/08/2016,16:00:00,16,Aug-16,Rainy-2016,27.6,27.85,27.15,94,26.5,0,,0,1.3,,27.6,33.6,33.6,,999.75,3.4,18.9,75,6.45,106.5,0.75,0.12,1.2,0,0.19,28.7,72,23.1,32.6,13.25,1.12,0.05,1401,1,100,60
13/08/2016,17:00:00,17,Aug-16,Rainy-2016,29,29,28.15,90.5,27.3,0,,0,1.1,,29,37.2,37.2,,999.1,0,0,152.5,13.12,321.5,1.1,0.18,1.4,0,0.22,28.7,72,23.15,32.65,13.25,1.12,0.1,1401,1,100,60
13/08/2016,18:00:00,18,Aug-16,Rainy-2016,29.75,30.1,29.5,87.5,27.45,0,,0,0.9,,29.75,38.55,38.55,,999.35,0,0,87,7.48,124.5,0.2,0.03,0.4,0,0.24,28.7,72,23.2,32.7,13.25,1.12,0.05,1404,1,100,60
13/08/2016,19:00:00,19,Aug-16,Rainy-2016,29.2,29.35,29.1,90.5,27.45,0.2,,0.4,1.35,,29.2,37.6,37.6,,999.9,0,0,7,0.6,15,0,0,0,0,0.23,28.75,72,23.2,32.75,13.25,1.12,0,1403,1,100,60
13/08/2016,20:00:00,20,Aug-16,Rainy-2016,28.85,29.1,28.8,91.5,27.35,0,,0,0.65,,28.85,36.9,36.9,,1000.6,0,0,0,0,0,0,0,0,0,0.22,28.75,72.5,23.3,32.85,13.42,1.12,0,1400,1,100,60
13/08/2016,21:00:00,21,Aug-16,Rainy-2016,28.9,29.1,28.8,89.5,27,0,,0,0.85,,28.9,36.55,36.55,,1001.5,0,0,0,0,0,0,0,0,0,0.22,28.8,73,23.5,33.1,13.57,1.12,0,1403,1,100,60
13/08/2016,22:00:00,22,Aug-16,Rainy-2016,28.4,28.65,28.35,91,26.8,0,,0,0,,28.4,35.35,35.35,,1001.9,0,0,0,0,0,0,0,0,0,0.21,28.8,73,23.5,33.1,13.57,1.12,0,1400,1,100,60
13/08/2016,23:00:00,23,Aug-16,Rainy-2016,28.35,28.4,28.15,90.5,26.65,0,,0,1.55,,28.35,35.05,35.05,,1001.9,0,0,0,0,0,0,0,0,0,0.21,28.8,73,23.5,33.2,13.57,1.12,0,1401,1,100,60
14/08/2016,00:00:00,24,Aug-16,Rainy-2016,28.5,28.5,28.35,91,26.85,0,,0,1.55,,28.5,35.7,35.7,,1002,0,0,0,0,0,0,0,0,0,0.21,28.8,72,23.3,33,13.25,1.12,0,1391,1,100,60
14/08/2016,01:00:00,1,Aug-16,Rainy-2016,28.5,28.55,28.4,92.5,27.2,0.4,,0.8,1.55,,28.5,36.15,36.15,,1001.8,0,0,0,0,0,0,0,0,0,0.21,28.8,73,23.5,33.2,13.57,1.12,0,1384,1,100,60
14/08/2016,02:00:00,2,Aug-16,Rainy-2016,28.6,28.6,28.55,93,27.35,0.4,,0.8,1.55,,28.6,36.5,36.5,,1001.15,0,0,0,0,0,0,0,0,0,0.21,28.8,73,23.5,33.2,13.57,1.12,0,1379,1,100,60
14/08/2016,03:00:00,3,Aug-16,Rainy-2016,28.55,28.6,28.55,93,27.3,0.4,,0.8,2,,28.55,36.35,36.35,,1000.35,0,0,0,0,0,0,0,0,0,0.21,28.85,73,23.55,33.25,13.57,1.12,0,1387,1,100,60
14/08/2016,04:00:00,4,Aug-16,Rainy-2016,28.4,28.45,28.4,94,27.4,0.4,,0.8,1.8,,28.4,36.3,36.3,,1000.25,0,0,0,0,0,0,0,0,0,0.21,28.9,73,23.6,33.3,13.57,1.12,0,1391,1,100,60
14/08/2016,05:00:00,5,Aug-16,Rainy-2016,28.35,28.4,28.3,94,27.35,0.2,,0.4,1.3,,28.35,36.15,36.15,,1000.25,0,0,0,0,0,0,0,0,0,0.21,28.85,73,23.55,33.25,13.57,1.12,0,1393,1,100,60
14/08/2016,06:00:00,6,Aug-16,Rainy-2016,28.25,28.35,28.25,94.5,27.3,0,,0,0.9,,28.25,35.95,35.95,,1000.75,0,0,0,0,0,0,0,0,0,0.21,28.9,73,23.6,33.3,13.57,1.12,0,1404,1,100,60
14/08/2016,07:00:00,7,Aug-16,Rainy-2016,28.25,28.25,28.2,95,27.35,0,,0,0.4,,28.25,35.9,35.9,,1001.55,0,0,5.5,0.48,6,0,0,0,0,0.21,29.1,72.5,23.65,33.6,13.41,1.12,0,1046,1,75.35,60
14/08/2016,08:00:00,8,Aug-16,Rainy-2016,28.35,28.35,28.25,96,27.65,0,,0,0,,28.35,36.65,36.65,,1002.4,1,1,30,2.58,40.5,0,0,0,0,0.21,28.9,73,23.6,33.35,13.57,1.12,0.03,1259,1,92.05,60
14/08/2016,09:00:00,9,Aug-16,Rainy-2016,28.7,28.7,28.5,95,27.85,0,,0,0.9,,28.7,37.45,37.45,,1002.3,0,0,78.5,6.75,89.5,0.55,0.09,0.75,0,0.22,28.9,73,23.6,33.3,13.57,1.12,0.05,1382,1,100,60
14/08/2016,10:00:00,10,Aug-16,Rainy-2016,29.25,29.25,28.95,93,27.95,0.2,,0.4,0.85,,29.25,38.65,38.65,,1002.1,0.2,0,121,10.4,132,1.1,0.18,1.25,0,0.23,28.9,73,23.6,33.35,13.57,1.12,0.08,1397,1,100,60
14/08/2016,11:00:00,11,Aug-16,Rainy-2016,29.55,29.65,29.25,90.5,27.8,0.2,,0.4,1.3,,29.55,38.85,38.85,,1001.75,0,0,146.5,12.6,214.5,1.4,0.23,2.1,0,0.23,28.75,70.5,22.85,32.5,12.93,1.12,0.1,1401,1,100,60
14/08/2016,12:00:00,12,Aug-16,Rainy-2016,30.6,30.65,30.1,83.5,27.5,0,,0,1.55,,30.6,40.35,40.35,,1001.15,0,0,239.5,20.6,295.5,2.3,0.37,2.85,0,0.26,26.8,55.5,17.1,27.3,10,1.14,0.15,1394,1,100,60
14/08/2016,13:00:00,13,Aug-16,Rainy-2016,30.95,31.3,30.45,81.5,27.35,0.4,,0.8,2.9,,30.95,40.55,40.55,,1000.6,0,0,324,27.87,621,3,0.49,5.05,0,0.26,25.95,50,14.75,26.05,9.17,1.15,0.23,1371,1,99.2,60
14/08/2016,14:00:00,14,Aug-16,Rainy-2016,31.2,31.3,30.7,78,26.9,0.65,,1.21,2.9,,31.2,39.95,39.95,,999.6,0,0,460.5,39.61,544,4.25,0.69,4.75,0,0.27,25.6,47.5,13.6,25.45,8.79,1.15,0.33,1220,1,89.2,60
14/08/2016,15:00:00,15,Aug-16,Rainy-2016,32.1,32.2,31.45,76.5,27.4,0.65,,1.21,2.45,,32.1,42.95,42.95,,998.45,0,0,564,48.52,680,4.2,0.68,4.75,0,0.29,25.4,47.5,13.45,25.3,8.79,1.15,0.38,1321,1,95.75,60
14/08/2016,16:00:00,16,Aug-16,Rainy-2016,32.85,33.05,32.3,71.5,27,0.9,,1.61,3.35,,32.85,43.65,43.65,,997.5,0,0,490.5,42.19,586,2.85,0.46,3.55,0,0.3,25.25,46,12.8,25.05,8.5,1.15,0.36,1227,1,89.7,60
14/08/2016,17:00:00,17,Aug-16,Rainy-2016,32.55,33.1,32.5,72.5,26.95,0.4,,0.8,1.8,,32.55,43.1,43.1,,997.25,0,0,238,20.47,341,1.15,0.19,1.65,0,0.3,25.2,45,12.4,24.95,8.41,1.15,0.18,1352,1,98.45,60
14/08/2016,18:00:00,18,Aug-16,Rainy-2016,31.8,32.2,31.8,76,27,0.2,,0.4,1.1,,31.8,41.65,41.65,,997.35,0,0,80,6.88,119.5,0.2,0.03,0.3,0,0.28,26.8,49.5,15.35,26.85,9.05,1.14,0.05,1187,1,86.75,60
14/08/2016,19:00:00,19,Aug-16,Rainy-2016,30.45,31.1,30.45,83.5,27.3,0.2,,0.4,1.35,,30.45,39.55,39.55,,998.3,0,0,4,0.34,9,0,0,0,0,0.25,27.5,53,17.1,28,9.59,1.13,0,1059,1,77.4,60
14/08/2016,20:00:00,20,Aug-16,Rainy-2016,30,30.2,29.95,82,26.55,0,,0,1.3,,30,37.7,37.7,,999.15,0,0,0,0,0,0,0,0,0,0.24,27.75,56,18.2,28.65,10.02,1.13,0.03,608,1,44.45,60
14/08/2016,21:00:00,21,Aug-16,Rainy-2016,29.5,29.8,29.5,87,27.1,0,,0,0,,29.5,37.55,37.55,,999.7,0,0,0,0,0,0,0,0,0,0.23,27.95,57.5,18.8,29.1,10.28,1.13,0.03,1234,1,90.2,60
14/08/2016,22:00:00,22,Aug-16,Rainy-2016,29.25,29.35,29.1,88.5,27.15,0,,0,0.65,,29.25,37.35,37.35,,999.8,0,0,0,0,0,0,0,0,0,0.23,28.15,59.5,19.5,29.45,10.65,1.13,0.03,1083,1,79.15,60
14/08/2016,23:00:00,23,Aug-16,Rainy-2016,29.05,29.35,29.05,89,27.05,0,,0,0.85,,29.05,36.95,36.95,,1000.05,0,0,0,0,0,0,0,0,0,0.22,28.2,60.5,19.85,29.7,10.85,1.13,0.03,1134,1,82.9,60
15/08/2016,00:00:00,24,Aug-16,Rainy-2016,28.4,28.65,28.4,91.5,26.9,0,,0,0.2,,28.4,35.5,35.5,,999.65,0,0,0,0,0,0,0,0,0,0.21,28.3,61.5,20.15,29.95,11.02,1.13,0,1279,1,93.5,60
15/08/2016,01:00:00,1,Aug-16,Rainy-2016,28.3,28.3,28.25,92.5,26.95,0,,0,0,,28.3,35.5,35.5,,999.2,0,0,0,0,0,0,0,0,0,0.21,28.3,62,20.4,30.1,11.09,1.13,0,1340,1,97.95,60
15/08/2016,02:00:00,2,Aug-16,Rainy-2016,28.3,28.35,28.25,92.5,27,0,,0,0,,28.3,35.55,35.55,,999.05,0,0,0,0,0,0,0,0,0,0.21,28.35,63,20.65,30.25,11.29,1.13,0,1361,1,99.5,60
15/08/2016,03:00:00,3,Aug-16,Rainy-2016,28.4,28.4,28.35,93.5,27.3,0,,0,1.1,,28.4,36.2,36.2,,998.75,0,0,0,0,0,0,0,0,0,0.21,28.4,63,20.7,30.5,11.29,1.13,0,1382,1,100,60
15/08/2016,04:00:00,4,Aug-16,Rainy-2016,28.4,28.5,28.4,93,27.15,0.2,,0.4,1.3,,28.4,36,36,,998.35,0,0,0,0,0,0,0,0,0,0.21,28.45,64,21,30.65,11.49,1.13,0,1389,1,100,60
15/08/2016,05:00:00,5,Aug-16,Rainy-2016,28.25,28.35,28.25,93,27,0,,0,0.65,,28.25,35.45,35.45,,997.65,0,0,0,0,0,0,0,0,0,0.21,28.5,64,21,30.7,11.48,1.12,0,1398,1,100,60
15/08/2016,06:00:00,6,Aug-16,Rainy-2016,27.9,28.05,27.85,94.5,26.9,0,,0,0.2,,27.9,34.7,34.7,,997.8,0,0,3.5,0.3,9,0,0,0,0,0.2,28.6,65,21.3,31,11.68,1.12,0,1386,1,100,60
15/08/2016,07:00:00,7,Aug-16,Rainy-2016,28.3,28.3,27.95,94,27.25,0.2,,0.4,0.65,,28.3,35.8,35.8,,998.4,0,0,37.5,3.23,54,0,0,0,0,0.21,28.6,65,21.3,31,11.68,1.12,0.03,1052,1,76.9,60
15/08/2016,08:00:00,8,Aug-16,Rainy-2016,29.5,29.5,28.7,88.5,27.4,0.2,,0.4,2.25,,29.5,38.2,38.2,,999,0,0,116.5,10.02,146,0.7,0.12,1.2,0,0.23,28.6,65.5,21.5,31.25,11.78,1.12,0.05,838,1,61.25,60
15/08/2016,09:00:00,9,Aug-16,Rainy-2016,30.3,30.5,29.8,84,27.3,0.4,,0.8,2,,30.3,39.3,39.3,,999.1,0,0,197.5,16.99,352.5,2,0.32,3.05,0,0.25,28.65,66.5,21.75,31.45,11.98,1.12,0.15,895,1,65.4,60
15/08/2016,10:00:00,10,Aug-16,Rainy-2016,31.45,31.85,31.1,79,27.35,0.9,,1.61,2.9,,31.45,41.45,41.45,,999.05,0,0,281,24.16,281,4.1,0.66,5.65,0,0.27,28.7,67,22,31.8,12.08,1.12,0.46,586,1,42.85,60
15/08/2016,11:00:00,11,Aug-16,Rainy-2016,32,32.1,31.4,76.5,27.35,0.65,,1.21,2.7,,32,42.85,42.85,,998.75,0,0,281,24.16,281,4.2,0.68,6.25,0,0.29,28.8,68,22.3,32.1,12.27,1.12,0.38,550,1,40.2,60
15/08/2016,12:00:00,12,Aug-16,Rainy-2016,32.95,33.15,32.5,72,27.15,0.65,,1.21,2.45,,32.95,44.3,44.3,,998.05,0,0,335,28.81,575.5,6.25,1.01,8.15,0,0.3,28.8,68,22.3,32.15,12.27,1.12,0.36,667,1,48.75,60
15/08/2016,13:00:00,13,Aug-16,Rainy-2016,33.15,33.5,32.9,69.5,26.85,0.4,,0.8,1.55,,33.15,43.85,43.85,,997.4,0,0,226,19.44,232,4.65,0.75,7.35,0,0.31,28.8,69,22.6,32.4,12.39,1.12,0.15,558,1,40.8,60
15/08/2016,14:00:00,14,Aug-16,Rainy-2016,33.2,33.5,32.6,70.5,27.1,0.4,,0.8,1.55,,33.2,44.55,44.55,,996.45,0,0,337,28.99,491.5,3.55,0.57,4.35,0,0.31,28.9,69,22.6,32.6,12.39,1.12,0.3,598,1,43.7,60
15/08/2016,15:00:00,15,Aug-16,Rainy-2016,33.65,34.1,33.1,68,26.95,0.2,,0.4,0.9,,33.65,44.9,44.9,,995.3,0,0,261.5,22.49,698,2.8,0.45,4.3,0,0.32,28.9,69,22.65,32.65,12.39,1.12,0.2,1303,1,94.8,60
15/08/2016,16:00:00,16,Aug-16,Rainy-2016,34.6,34.85,33.75,67,27.6,0.2,,0.4,1.55,,34.6,47.7,47.7,,994.4,0,0,387,33.29,491.5,2.55,0.41,2.95,0,0.34,28.9,69,22.7,32.7,12.39,1.12,0.28,1383,1,100,60
15/08/2016,17:00:00,17,Aug-16,Rainy-2016,33.75,34.3,33.7,67,26.75,0.4,,0.8,1.55,,33.75,44.75,44.75,,994.35,0,0,170.5,14.67,319,1.1,0.18,1.6,0,0.32,28.9,70,22.9,32.8,12.6,1.12,0.13,1400,1,100,60
15/08/2016,18:00:00,18,Aug-16,Rainy-2016,31.95,32.95,31.95,75,26.95,0,,0,0.65,,31.95,41.9,41.9,,994.8,0,0,35,3.01,54.5,0,0,0.3,0,0.28,28.95,70,22.95,32.85,12.6,1.12,0.03,1399,1,100,60
15/08/2016,19:00:00,19,Aug-16,Rainy-2016,31.05,31.45,31.05,79,26.95,0,,0,0.45,,31.05,39.75,39.75,,995.55,0,0,5,0.43,14,0,0,0,0,0.26,29.05,70,23,33,12.6,1.12,0,1352,1,97.8,60
15/08/2016,20:00:00,20,Aug-16,Rainy-2016,30.85,30.95,30.75,80.5,27.15,0.2,,0.4,1.35,,30.85,39.95,39.95,,996.75,0,0,0,0,0,0,0,0,0,0.26,29.05,70,23,33,12.6,1.12,0.03,1349,1,97.95,60
15/08/2016,21:00:00,21,Aug-16,Rainy-2016,30.4,30.8,30.4,80,26.6,0.2,,0.4,0.65,,30.4,38.45,38.45,,997.5,0,0,0,0,0,0,0,0,0,0.25,29.1,70,23,33.1,12.59,1.12,0.03,1401,1,100,60
15/08/2016,22:00:00,22,Aug-16,Rainy-2016,30,30.2,30,80.5,26.25,0.2,,0.4,1.8,,30,37.25,37.25,,997.9,0,0,0,0,0,0,0,0,0,0.24,29.1,70,23.05,33.15,12.59,1.12,0.03,1404,1,100,60
15/08/2016,23:00:00,23,Aug-16,Rainy-2016,29.7,29.85,29.7,84,26.7,0.2,,0.4,1.1,,29.7,37.3,37.3,,997.85,0,0,0,0,0,0,0,0,0,0.24,29.1,70,23.05,33.15,12.59,1.12,0.03,1403,1,100,60
16/08/2016,00:00:00,24,Aug-16,Rainy-2016,29.6,29.65,29.6,86.5,27.1,0.2,,0.4,2,,29.6,37.75,37.75,,997.65,0,0,0,0,0,0,0,0,0,0.23,29.1,70,23.1,33.2,12.59,1.12,0.03,1397,1,100,60
16/08/2016,01:00:00,1,Aug-16,Rainy-2016,29.4,29.55,29.4,87,27,0.4,,0.8,2.25,,29.4,37.4,37.4,,996.8,0,0,0,0,0,0,0,0,0,0.23,29.15,70,23.1,33.25,12.59,1.12,0.03,1400,1,100,60
16/08/2016,02:00:00,2,Aug-16,Rainy-2016,29.05,29.3,29.05,84.5,26.2,0.2,,0.4,2.2,,29.05,36.05,36.05,,996.15,0,0,0,0,0,0,0,0,0,0.22,29.15,71,23.35,33.45,12.87,1.12,0.03,1396,1,100,60
16/08/2016,03:00:00,3,Aug-16,Rainy-2016,28.55,28.85,28.55,85,25.75,0,,0,1.1,,28.55,34.6,34.6,,996.25,0,0,0,0,0,0,0,0,0,0.21,29.2,71,23.4,33.5,12.87,1.12,0.03,1391,1,100,60
16/08/2016,04:00:00,4,Aug-16,Rainy-2016,27.55,28,27.55,93.5,26.35,0,,0,0,,27.55,33.3,33.3,,995.8,0.6,0.4,0,0,0,0,0,0,0,0.19,29.2,71,23.4,33.5,12.87,1.12,0,1293,1,93.55,60
16/08/2016,05:00:00,5,Aug-16,Rainy-2016,27.35,27.5,27.3,95.5,26.6,0,,0,0.45,,27.35,33.15,33.15,,995.8,0,0,0,0,0,0,0,0,0,0.19,29.2,71,23.4,33.5,12.87,1.12,0,1403,1,100,60
16/08/2016,06:00:00,6,Aug-16,Rainy-2016,27.15,27.2,27.1,95.5,26.35,0,,0,0.45,,27.15,32.5,32.5,,995.15,0,0,5.5,0.47,12.5,0,0,0,0,0.18,29.2,71,23.4,33.5,12.87,1.11,0,1400,1,100,60
16/08/2016,07:00:00,7,Aug-16,Rainy-2016,27.8,27.8,27.35,93,26.55,0,,0,0,,27.8,34.05,34.05,,995.25,0,0,67,5.76,103,0.15,0.03,0.35,0,0.2,29.2,71,23.4,33.55,12.87,1.11,0.05,1402,1,100,60
16/08/2016,08:00:00,8,Aug-16,Rainy-2016,29.6,29.65,28.85,87.5,27.3,0.4,,0.8,2,,29.6,38.1,38.1,,996.45,0,0,210,18.07,299,1.15,0.19,1.45,0,0.24,29.2,71,23.4,33.6,12.87,1.12,0.15,1395,1,100,60
16/08/2016,09:00:00,9,Aug-16,Rainy-2016,29.9,30.2,29.2,85,27.1,0.65,,1.21,2.2,,29.9,38.4,38.4,,996.75,0,0,310,26.66,442,2.3,0.37,2.65,0,0.24,29.25,72,23.7,33.85,13.25,1.12,0.2,1386,1,100,60
16/08/2016,10:00:00,10,Aug-16,Rainy-2016,31.45,31.6,30.95,80,27.55,0.9,,1.61,2.9,,31.45,41.9,41.9,,996.85,0,0,604,51.95,694.5,4.55,0.73,5.2,0,0.27,29.3,72,23.75,33.95,13.25,1.12,0.41,1345,1,98.35,60
16/08/2016,11:00:00,11,Aug-16,Rainy-2016,32,32.15,31.5,76.5,27.35,0.9,,1.61,2.45,,32,42.85,42.85,,996.35,0,0,652,56.08,782,5.8,0.93,6.9,0,0.29,27.3,54,17.15,28.05,9.76,1.13,0.46,1372,1,99.95,60
16/08/2016,12:00:00,12,Aug-16,Rainy-2016,32.2,32.3,31.95,75,27.15,0.4,,0.8,2.2,,32.2,42.85,42.85,,996.2,0,0,548.5,47.17,735,5.5,0.89,6.8,0,0.29,25.05,46,12.65,24.9,8.56,1.15,0.38,1395,1,100,60
16/08/2016,13:00:00,13,Aug-16,Rainy-2016,32.75,32.85,32.3,76,27.95,0.65,,1.21,2.45,,32.75,45.65,45.65,,995.45,0,0,545,46.87,616.5,5.2,0.84,5.75,0,0.3,24.75,45.5,12.2,24.55,8.47,1.15,0.38,1395,1,100,60
16/08/2016,14:00:00,14,Aug-16,Rainy-2016,32.3,32.8,31.85,77.5,27.9,0.65,,1.21,2.45,,32.3,44.6,44.6,,994.65,0,0,395,33.98,626,3.55,0.57,5.1,0,0.29,25.25,45.5,12.65,25.05,8.45,1.14,0.28,1401,1,100,60
16/08/2016,15:00:00,15,Aug-16,Rainy-2016,32.5,33.25,32.2,74,27.25,0.4,,0.8,3.6,,32.5,43.6,43.6,,993.4,0,0,307.5,26.45,589,2.75,0.44,4.45,0,0.3,25.55,47.5,13.55,25.4,8.74,1.14,0.25,1402,1,100,60
16/08/2016,16:00:00,16,Aug-16,Rainy-2016,32.85,33.8,32.3,76,28.05,0.65,,1.21,2.9,,32.85,45.95,45.95,,992.8,0,0,320.5,27.57,652,2.3,0.37,3.65,0,0.3,27.4,54,17.3,27.95,9.74,1.13,0.25,1393,1,100,60
16/08/2016,17:00:00,17,Aug-16,Rainy-2016,30.9,31.5,30.9,79.5,26.9,0.2,,0.4,2.45,,30.9,39.65,39.65,,992.7,0,0,127,10.92,196,0.65,0.11,1.05,0,0.26,27.05,52,16.35,27.35,9.49,1.13,0.1,1372,1,99.1,60
16/08/2016,18:00:00,18,Aug-16,Rainy-2016,31.1,31.1,30.75,78.5,26.9,0,,0,0.85,,31.1,39.85,39.85,,993.2,0,0,79.5,6.83,96,0,0,0,0,0.27,27.8,54.5,17.85,28.6,9.8,1.13,0.05,1369,1,98.85,60
16/08/2016,19:00:00,19,Aug-16,Rainy-2016,27.15,29.65,27.15,93,25.9,0.9,,1.61,4.45,,27.15,32.2,32.2,,995.15,21.6,111.5,8,0.69,27,0,0,0,0,0.18,28.15,56.5,18.7,29.3,10.13,1.13,0.03,1380,1,100,60
16/08/2016,20:00:00,20,Aug-16,Rainy-2016,26.25,26.35,26.25,96,25.55,0,,0,1.8,,26.25,30.35,30.35,,996.15,1.2,2.4,0,0,0,0,0,0,0,0.17,28.3,58.5,19.4,29.65,10.45,1.13,0,1400,1,100,60
16/08/2016,21:00:00,21,Aug-16,Rainy-2016,26.25,26.3,26.2,97,25.75,0,,0,0.9,,26.25,30.5,30.5,,997.4,0.8,1.5,0,0,0,0,0,0,0,0.17,28.4,59.5,19.75,29.85,10.65,1.13,0,1402,1,100,60
16/08/2016,22:00:00,22,Aug-16,Rainy-2016,26.3,26.35,26.2,97,25.8,0,,0,0.65,,26.3,30.6,30.6,,997,0.4,1.5,0,0,0,0,0,0,0,0.17,28.45,61,20.2,30.25,10.95,1.12,0,1404,1,100,60
16/08/2016,23:00:00,23,Aug-16,Rainy-2016,26.5,26.5,26.35,97,25.95,0.2,,0.4,1.55,,26.5,31.05,31.05,,997.1,0,0,0,0,0,0,0,0,0,0.17,28.55,62,20.55,30.5,11.08,1.12,0,1404,1,100,60
17/08/2016,00:00:00,24,Aug-16,Rainy-2016,26.65,26.65,26.6,96.5,26,0.4,,0.8,2.45,,26.65,31.25,31.25,,996.95,0,0,0,0,0,0,0,0,0,0.17,28.6,63.5,21,30.9,11.38,1.12,0,1399,1,100,60
17/08/2016,01:00:00,1,Aug-16,Rainy-2016,26.7,26.7,26.7,95,25.9,0.4,,0.8,2.9,,26.7,31.3,31.3,,996.6,0,0,0,0,0,0,0,0,0,0.18,28.65,64.5,21.25,31.15,11.58,1.12,0,1400,1,100,60
17/08/2016,02:00:00,2,Aug-16,Rainy-2016,26.75,26.75,26.7,93,25.55,0.2,,0.4,1.8,,26.75,31.1,31.1,,996.05,0,0,0,0,0,0,0,0,0,0.18,28.7,65.5,21.55,31.35,11.78,1.12,0,1401,1,100,60
17/08/2016,03:00:00,3,Aug-16,Rainy-2016,26.85,26.9,26.8,93,25.65,0.4,,0.8,2,,26.85,31.35,31.35,,995.6,0,0,0,0,0,0,0,0,0,0.18,28.7,66,21.7,31.5,11.88,1.12,0,1400,1,100,60
17/08/2016,04:00:00,4,Aug-16,Rainy-2016,27.15,27.15,26.9,88.5,25.05,0.4,,0.8,2.45,,27.15,31.3,31.3,,995.1,0,0,0,0,0,0,0,0,0,0.18,28.7,66,21.7,31.6,11.88,1.12,0,1376,1,99.5,60
17/08/2016,05:00:00,5,Aug-16,Rainy-2016,27.5,27.55,27.35,86.5,25,0.9,,1.61,3.6,,27.5,32,32,,994.85,0,0,0,0,0,0,0,0,0,0.19,28.7,67,22,31.8,12.08,1.12,0.03,1285,1,93.95,60
17/08/2016,06:00:00,6,Aug-16,Rainy-2016,27.55,27.6,27.4,86,25,0.9,,1.61,4.05,,27.55,32.05,32.05,,995.2,0,0,16,1.38,20,0,0,0,0,0.19,28.8,67,22,31.9,12.07,1.12,0.03,1175,1,85.9,60
17/08/2016,07:00:00,7,Aug-16,Rainy-2016,27.8,27.8,27.65,85.5,25.15,0.9,,1.61,3.15,,27.8,32.6,32.6,,996.1,0,0,63,5.42,71.5,0,0,0,0,0.2,28.8,67,22,31.9,12.07,1.12,0.05,706,1,51.65,60
17/08/2016,08:00:00,8,Aug-16,Rainy-2016,28.45,28.45,28,83.5,25.35,0.9,,1.61,3.15,,28.45,34,34,,996.6,0,0,136.5,11.74,160,1,0.16,1.25,0,0.21,28.8,68,22.3,32.15,12.27,1.12,0.1,574,1,42,60
17/08/2016,09:00:00,9,Aug-16,Rainy-2016,29.4,29.4,28.95,81,25.75,1.1,,2.01,3.8,,29.4,35.95,35.95,,996.95,0.2,0,283.5,24.38,336.5,2.2,0.36,2.55,0,0.23,28.8,68,22.3,32.2,12.27,1.12,0.2,968,1,70.75,60
17/08/2016,10:00:00,10,Aug-16,Rainy-2016,29.6,29.75,29.55,78.5,25.5,1.3,,2.41,5.15,,29.6,35.9,35.9,,997.35,0,0,308,26.49,354,2.9,0.47,3.25,0,0.24,27.9,60,19.35,29.75,10.86,1.13,0.23,1398,1,100,60
17/08/2016,11:00:00,11,Aug-16,Rainy-2016,28.95,29.6,28.85,81.5,25.45,1.3,,2.41,5.6,,28.95,35.1,35.1,,997.95,0,0,247.5,21.28,375.5,2.8,0.45,3.9,0,0.22,25.45,52,14.85,25.5,9.5,1.15,0.18,1395,1,100,60
17/08/2016,12:00:00,12,Aug-16,Rainy-2016,29.35,29.4,28.65,82.5,26.05,1.1,,2.01,4.9,,29.35,36.1,36.1,,997.55,0,0,314,27.01,431.5,3.55,0.57,4.65,0,0.23,26.1,51.5,15.3,26.2,9.42,1.14,0.23,1388,1,100,60
17/08/2016,13:00:00,13,Aug-16,Rainy-2016,30.3,30.6,29.75,79.5,26.35,1.1,,2.01,4.7,,30.3,37.9,37.9,,996.7,0,0,314,27.01,487,3.8,0.61,5.75,0,0.25,27.8,58,18.75,28.8,10.37,1.13,0.23,1357,1,99.2,60
17/08/2016,14:00:00,14,Aug-16,Rainy-2016,30.25,30.75,30.2,81.5,26.65,0.9,,1.61,4.25,,30.25,38.25,38.25,,996.35,0.2,0,233,20.04,426.5,2.7,0.44,4.5,0,0.25,26.7,51.5,15.9,27,9.36,1.14,0.18,1310,1,94.6,60
17/08/2016,15:00:00,15,Aug-16,Rainy-2016,30.8,30.85,30.35,77.5,26.4,0.9,,1.61,4.05,,30.8,38.8,38.8,,995.6,0,0,294,25.28,457,2.7,0.44,3.75,0,0.26,25.7,48,13.85,25.65,8.84,1.14,0.2,1046,1,76.45,60
17/08/2016,16:00:00,16,Aug-16,Rainy-2016,30.75,30.85,30.45,76,26,0.9,,1.61,4,,30.75,38.1,38.1,,994.55,0,0,177.5,15.27,297,1.55,0.25,2.1,0,0.26,25.4,45.5,12.75,25.2,8.45,1.14,0.15,1051,1,76.8,60
17/08/2016,17:00:00,17,Aug-16,Rainy-2016,30,30.5,30,77,25.55,1.1,,2.01,4.7,,30,36.55,36.55,,994.9,0,0,122,10.49,200.5,0.75,0.12,1.15,0,0.24,25.25,45,12.45,25,8.4,1.15,0.1,1197,1,87,60
17/08/2016,18:00:00,18,Aug-16,Rainy-2016,29.45,29.65,29.45,80.5,25.75,0.9,,1.61,5.85,,29.45,35.95,35.95,,995.45,0,0,29,2.5,39.5,0,0,0,0,0.23,26.8,52,16.1,27,9.5,1.14,0.03,1255,1,91.75,60
17/08/2016,19:00:00,19,Aug-16,Rainy-2016,29.25,29.35,29.25,81.5,25.75,0.9,,1.61,3.8,,29.25,35.8,35.8,,996.25,0,0,1,0.09,3.5,0,0,0,0,0.23,27.4,54.5,17.45,28,9.8,1.13,0.03,1105,1,80.8,60
17/08/2016,20:00:00,20,Aug-16,Rainy-2016,29.35,29.35,29.25,81.5,25.85,1.1,,2.01,4,,29.35,35.95,35.95,,997.1,0,0,0,0,0,0,0,0,0,0.23,27.65,56.5,18.2,28.55,10.12,1.13,0.03,1009,1,73.75,60
17/08/2016,21:00:00,21,Aug-16,Rainy-2016,29.3,29.45,29.3,82,25.9,1.1,,2.01,4.05,,29.3,35.9,35.9,,997.9,0,0,0,0,0,0,0,0,0,0.23,27.85,58,18.85,28.95,10.35,1.13,0.03,1254,1,91.7,60
17/08/2016,22:00:00,22,Aug-16,Rainy-2016,28.6,29,28.6,85,25.85,0.9,,1.61,4.5,,28.6,34.75,34.75,,998.6,0,0,0,0,0,0,0,0,0,0.21,27.95,59.5,19.35,29.25,10.65,1.13,0.03,1221,1,89.2,60
17/08/2016,23:00:00,23,Aug-16,Rainy-2016,28.55,28.6,28.45,86,25.95,0.9,,1.61,3.6,,28.55,34.75,34.75,,998.95,0,0,0,0,0,0,0,0,0,0.21,28.05,60.5,19.65,29.45,10.85,1.13,0.03,1370,1,99.95,60
18/08/2016,00:00:00,24,Aug-16,Rainy-2016,28.55,28.6,28.55,86,25.95,0.9,,1.61,4.25,,28.55,34.75,34.75,,998.75,0,0,0,0,0,0,0,0,0,0.21,28.1,62,20.1,29.7,11.1,1.13,0.03,1386,1,100,60
18/08/2016,01:00:00,1,Aug-16,Rainy-2016,28,28.3,28,88,25.85,0.9,,1.61,3.35,,28,33.65,33.65,,998.35,0,0,0,0,0,0,0,0,0,0.2,28.15,63,20.45,29.9,11.3,1.13,0.03,1381,1,100,60
18/08/2016,02:00:00,2,Aug-16,Rainy-2016,28.1,28.1,27.95,87,25.7,0.9,,1.61,4.5,,28.1,33.6,33.6,,998.45,0,0,0,0,0,0,0,0,0,0.2,28.2,63,20.5,30,11.3,1.13,0.03,1388,1,100,60
18/08/2016,03:00:00,3,Aug-16,Rainy-2016,27.85,28.1,27.85,88.5,25.75,0.65,,1.21,2.9,,27.85,33.25,33.25,,998.4,0,0,0,0,0,0,0,0,0,0.2,28.2,64,20.8,30.2,11.49,1.13,0.03,1395,1,100,60
18/08/2016,04:00:00,4,Aug-16,Rainy-2016,27.85,27.85,27.75,89,25.85,0.4,,0.8,2.9,,27.85,33.35,33.35,,998.55,0,0,0,0,0,0,0,0,0,0.2,28.3,64,20.8,30.3,11.49,1.13,0.03,1396,1,100,60
18/08/2016,05:00:00,5,Aug-16,Rainy-2016,27.85,27.9,27.8,89,25.9,0.4,,0.8,3.15,,27.85,33.4,33.4,,998.75,0,0,0,0,0,0,0,0,0,0.2,28.3,65,21.1,30.4,11.69,1.13,0.03,1397,1,100,60
18/08/2016,06:00:00,6,Aug-16,Rainy-2016,27.8,27.85,27.75,89,25.8,0.4,,0.8,2.9,,27.8,33.2,33.2,,999.3,0,0,2.5,0.22,9,0,0,0,0,0.2,28.3,65,21.1,30.5,11.69,1.13,0,1221,1,88.15,60
18/08/2016,07:00:00,7,Aug-16,Rainy-2016,28.05,28.05,27.85,88.5,26,0.65,,1.21,2.9,,28.05,33.9,33.9,,1000.25,0,0,68.5,5.89,94,0.1,0.02,0.25,0,0.2,28.3,65,21.1,30.5,11.69,1.13,0.05,1151,1,84.1,60
18/08/2016,08:00:00,8,Aug-16,Rainy-2016,28.8,28.8,28.25,88,26.6,0.4,,0.8,2.45,,28.8,35.95,35.95,,1000.9,0,0,119,10.23,174.5,0.8,0.13,1.15,0,0.22,28.35,66,21.4,30.75,11.89,1.13,0.08,1368,1,99.25,60
18/08/2016,09:00:00,9,Aug-16,Rainy-2016,28.75,29.25,28.65,89,26.75,0.9,,1.61,2.9,,28.75,36.05,36.05,,1001.4,1.2,10.5,136,11.7,220,1.2,0.19,1.95,0,0.22,28.4,66,21.4,30.8,11.89,1.13,0.1,1260,1,92.1,60
18/08/2016,10:00:00,10,Aug-16,Rainy-2016,27,27.8,26.75,92.5,25.7,0.9,,1.61,4.25,,27,31.6,31.6,,1001.95,9.2,59.5,96,8.26,182,0.85,0.14,1.85,0,0.18,28.15,64.5,20.85,30.2,11.6,1.13,0.08,1230,1,88.65,60
18/08/2016,11:00:00,11,Aug-16,Rainy-2016,28.7,28.8,27.7,84,25.75,0.9,,1.61,4.05,,28.7,34.8,34.8,,1001.6,0,0,273.5,23.52,524,2.85,0.46,4.9,0,0.22,26.3,51,15.35,26.45,9.31,1.15,0.18,1395,1,100,60
18/08/2016,12:00:00,12,Aug-16,Rainy-2016,30.95,31.35,30,79.5,26.95,0.9,,1.61,3.8,,30.95,39.7,39.7,,1001.2,0,0,386.5,33.24,850.5,5.5,0.89,9,0,0.26,25.65,47.5,13.7,25.6,8.79,1.15,0.38,1181,1,86.35,60
18/08/2016,13:00:00,13,Aug-16,Rainy-2016,30.1,31.2,28.7,83.5,26.95,0.65,,1.21,3.35,,30.1,38.8,38.8,,1000.55,0.2,0,397.5,34.19,586,4.15,0.67,5.8,0,0.25,25.25,45,12.45,25,8.4,1.15,0.28,1352,1,97.5,60
18/08/2016,14:00:00,14,Aug-16,Rainy-2016,30.8,31.25,30.75,77.5,26.4,0.65,,1.21,3.55,,30.8,38.7,38.7,,1000.05,0,0,213.5,18.36,640,3,0.49,5.55,0,0.26,25.4,52,14.85,25.5,9.5,1.15,0.2,1398,1,100,60
18/08/2016,15:00:00,15,Aug-16,Rainy-2016,31.75,31.95,31.25,76,27,0.9,,1.61,2.9,,31.75,41.55,41.55,,999.4,0,0,294,25.29,464,2.8,0.45,3.55,0,0.28,25.35,47.5,13.4,25.2,8.8,1.15,0.2,1392,1,100,60
18/08/2016,16:00:00,16,Aug-16,Rainy-2016,32.25,32.5,32.05,72.5,26.65,0.9,,1.61,4.05,,32.25,42,42,,998.9,0,0,343,29.5,415.5,2.25,0.36,2.8,0,0.29,25.4,46,12.95,25.25,8.5,1.15,0.25,1389,1,100,60
18/08/2016,17:00:00,17,Aug-16,Rainy-2016,32.2,32.25,32.15,71.5,26.35,0.9,,1.61,4.05,,32.2,41.4,41.4,,998.85,0,0,223.5,19.22,300.5,1.15,0.18,1.5,0,0.29,26.55,49,14.95,26.55,9.01,1.14,0.18,1399,1,100,60
18/08/2016,18:00:00,18,Aug-16,Rainy-2016,31.25,31.9,31.25,75,26.3,0.9,,1.61,5.15,,31.25,39.35,39.35,,999.2,0,0,90.5,7.78,133.5,0.15,0.03,0.35,0,0.27,27.2,53,16.8,27.55,9.59,1.14,0.08,1400,1,100,60
18/08/2016,19:00:00,19,Aug-16,Rainy-2016,30.3,30.65,30.3,80,26.4,0.65,,1.21,3.15,,30.3,38.05,38.05,,1000.05,0,0,4.5,0.39,9.5,0,0,0,0,0.25,27.4,55.5,17.7,28.1,9.95,1.14,0.03,1400,1,100,60
18/08/2016,20:00:00,20,Aug-16,Rainy-2016,29.8,30.05,29.8,82,26.4,0.4,,0.8,3.8,,29.8,37.1,37.1,,1001,0,0,0,0,0,0,0,0,0,0.24,27.6,57.5,18.45,28.5,10.27,1.14,0.03,1402,1,100,60
18/08/2016,21:00:00,21,Aug-16,Rainy-2016,29.45,29.6,29.45,84.5,26.6,0.4,,0.8,2.25,,29.45,36.85,36.85,,1001.8,0,0,0,0,0,0,0,0,0,0.23,27.7,58.5,18.85,28.75,10.45,1.14,0.03,1400,1,100,60
18/08/2016,22:00:00,22,Aug-16,Rainy-2016,29.2,29.35,29.2,86.5,26.7,0.4,,0.8,1.8,,29.2,36.6,36.6,,1002.1,0,0,0,0,0,0,0,0,0,0.23,27.8,60,19.35,29.05,10.75,1.13,0.03,1399,1,100,60
18/08/2016,23:00:00,23,Aug-16,Rainy-2016,28.9,29,28.9,88,26.75,0.4,,0.8,3.1,,28.9,36.3,36.3,,1002.25,0,0,0,0,0,0,0,0,0,0.22,27.85,60.5,19.55,29.2,10.85,1.13,0.03,1401,1,100,60
19/08/2016,00:00:00,24,Aug-16,Rainy-2016,28.7,28.85,28.7,89,26.7,0.4,,0.8,2.45,,28.7,35.75,35.75,,1001.85,0,0,0,0,0,0,0,0,0,0.22,27.9,61.5,19.85,29.4,11.03,1.13,0.03,1399,1,100,60
19/08/2016,01:00:00,1,Aug-16,Rainy-2016,28.25,28.5,28.2,88.5,26.15,0.2,,0.4,1.55,,28.25,34.4,34.4,,1001.7,0,0,0,0,0,0,0,0,0,0.21,27.9,62,20,29.5,11.1,1.13,0.03,1401,1,100,60
19/08/2016,02:00:00,2,Aug-16,Rainy-2016,27.8,28,27.8,89.5,25.95,0,,0,0,,27.8,33.45,33.45,,1001.7,0,0,0,0,0,0,0,0,0,0.2,28,62,20,29.6,11.1,1.13,0,1400,1,100,60
19/08/2016,03:00:00,3,Aug-16,Rainy-2016,27.75,27.8,27.7,90,25.95,0,,0,0,,27.75,33.3,33.3,,1001.75,0,0,0,0,0,0,0,0,0,0.2,28.05,63,20.35,29.75,11.3,1.13,0,1399,1,100,60
19/08/2016,04:00:00,4,Aug-16,Rainy-2016,27.65,27.7,27.6,92,26.25,0,,0,0,,27.65,33.45,33.45,,1001.75,0,0,0,0,0,0,0,0,0,0.19,28.1,63,20.4,29.8,11.3,1.13,0,1404,1,100,60
19/08/2016,05:00:00,5,Aug-16,Rainy-2016,27.85,27.85,27.75,92,26.45,0,,0,0.65,,27.85,34.05,34.05,,1001.65,0,0,0,0,0,0,0,0,0,0.2,28.1,63,20.4,29.85,11.3,1.13,0,1400,1,100,60
19/08/2016,06:00:00,6,Aug-16,Rainy-2016,27.8,27.9,27.8,91.5,26.3,0,,0,1.1,,27.8,33.75,33.75,,1002.2,0,0,5.5,0.47,9,0,0,0,0,0.2,28.1,63.5,20.55,29.95,11.4,1.13,0,1403,1,100,60
19/08/2016,07:00:00,7,Aug-16,Rainy-2016,28.35,28.35,27.9,90.5,26.65,0,,0,1.1,,28.35,35.15,35.15,,1002.7,0,0,60.5,5.2,100,0.15,0.03,0.3,0,0.21,28.2,64,20.7,30.1,11.5,1.13,0.05,1402,1,100,60
19/08/2016,08:00:00,8,Aug-16,Rainy-2016,29.3,29.35,28.85,86,26.7,0.4,,0.8,3.15,,29.3,36.75,36.75,,1002.8,0,0,172.5,14.84,223.5,1.05,0.17,1.3,0,0.23,28.2,64.5,20.85,30.2,11.6,1.13,0.13,1403,1,100,60
19/08/2016,09:00:00,9,Aug-16,Rainy-2016,29.75,30.05,29.55,82.5,26.45,0.9,,1.61,2.9,,29.75,37.1,37.1,,1003.1,0,0,282.5,24.3,501,2.05,0.33,2.9,0,0.24,28.2,65,21,30.3,11.69,1.13,0.2,1402,1,100,60
19/08/2016,10:00:00,10,Aug-16,Rainy-2016,30.95,31,30.25,79,26.9,0.9,,1.61,3.1,,30.95,39.55,39.55,,1003.25,0,0,492.5,42.36,599.5,3.55,0.57,4.25,0,0.26,28.3,65.5,21.2,30.5,11.79,1.13,0.33,1403,1,100,60
19/08/2016,11:00:00,11,Aug-16,Rainy-2016,32,32.15,31.4,72.5,26.45,0.9,,1.61,3.6,,32,41.2,41.2,,1003.4,0,0,777,66.83,856,6.2,1,6.9,0,0.28,28.3,66,21.4,30.7,11.89,1.13,0.51,1402,1,100,60
19/08/2016,12:00:00,12,Aug-16,Rainy-2016,32.1,32.35,31.75,71.5,26.35,0.9,,1.61,3.6,,32.1,41.2,41.2,,1003,0,0,559.5,48.12,897.5,5.65,0.91,7.45,0,0.29,28.4,66.5,21.55,30.85,11.99,1.13,0.41,1403,1,100,60
19/08/2016,13:00:00,13,Aug-16,Rainy-2016,32.55,32.7,32.25,69,26.15,1.1,,2.01,3.35,,32.55,41.7,41.7,,1002.1,0,0,593,51,883,5.65,0.91,7.35,0,0.3,28.4,67,21.7,31,12.09,1.13,0.41,1401,1,100,60
19/08/2016,14:00:00,14,Aug-16,Rainy-2016,33.4,33.65,32.8,66.5,26.25,0.65,,1.21,3.35,,33.4,43.25,43.25,,1001.15,0,0,638.5,54.91,821.5,5.5,0.89,6.85,0,0.31,28.4,67,21.7,31.1,12.09,1.13,0.46,1401,1,100,60
19/08/2016,15:00:00,15,Aug-16,Rainy-2016,33.8,34.35,33.65,64,26,0.9,,1.61,2.9,,33.8,43.55,43.55,,1000.3,0,0,629.5,54.14,707,4.2,0.68,4.95,0,0.32,28.45,67.5,21.85,31.25,12.19,1.13,0.43,1401,1,100,60
19/08/2016,16:00:00,16,Aug-16,Rainy-2016,34.45,34.6,33.7,62,26.15,0.4,,0.8,2.9,,34.45,44.65,44.65,,999.8,0,0,459,39.48,546,2.7,0.44,3.2,0,0.34,28.55,68,22.05,31.5,12.28,1.12,0.33,1397,1,100,60
19/08/2016,17:00:00,17,Aug-16,Rainy-2016,33.6,34.05,33.5,65.5,26.2,0.9,,1.61,3.35,,33.6,43.55,43.55,,999.45,0,0,278,23.91,334,1.3,0.21,1.6,0,0.32,28.6,68,22.1,31.6,12.28,1.12,0.23,1400,1,100,60
19/08/2016,18:00:00,18,Aug-16,Rainy-2016,32.35,33.1,32.35,71,26.4,0.4,,0.8,2.25,,32.35,41.75,41.75,,999.6,0,0,90,7.74,132.5,0.15,0.03,0.35,0,0.29,28.6,68,22.1,31.6,12.28,1.12,0.08,1402,1,100,60
19/08/2016,19:00:00,19,Aug-16,Rainy-2016,31.05,31.6,31.05,76,26.35,0.4,,0.8,1.8,,31.05,38.95,38.95,,1000.1,0,0,5.5,0.47,11.5,0,0,0,0,0.27,28.6,68.5,22.25,31.75,12.35,1.12,0.03,1403,1,100,60
19/08/2016,20:00:00,20,Aug-16,Rainy-2016,30.6,30.8,30.6,80,26.8,0.4,,0.8,2.25,,30.6,39.1,39.1,,1000.95,0,0,0,0,0,0,0,0,0,0.26,28.6,69,22.4,31.8,12.41,1.13,0.03,1402,1,100,60
19/08/2016,21:00:00,21,Aug-16,Rainy-2016,30.15,30.35,30.15,82.5,26.85,0,,0,1.3,,30.15,38.35,38.35,,1001.8,0,0,0,0,0,0,0,0,0,0.25,28.65,69,22.4,31.9,12.41,1.13,0.03,1400,1,100,60
19/08/2016,22:00:00,22,Aug-16,Rainy-2016,29.7,30.15,29.7,82.5,26.35,0,,0,0.65,,29.7,37,37,,1002.55,0,0,0,0,0,0,0,0,0,0.24,28.7,69,22.4,32,12.41,1.13,0.03,1401,1,100,60
19/08/2016,23:00:00,23,Aug-16,Rainy-2016,29.25,29.35,29.2,85.5,26.55,0,,0,1.1,,29.25,36.6,36.6,,1002.8,0,0,0,0,0,0,0,0,0,0.23,28.7,69,22.5,32.1,12.4,1.13,0.03,1402,1,100,60
20/08/2016,00:00:00,24,Aug-16,Rainy-2016,28.75,29.05,28.75,87.5,26.45,0,,0,0,,28.75,35.75,35.75,,1002.6,0,0,0,0,0,0,0,0,0,0.22,28.7,69,22.5,32.1,12.4,1.13,0.03,1404,1,100,60
20/08/2016,01:00:00,1,Aug-16,Rainy-2016,28.5,28.6,28.5,88.5,26.4,0,,0,0,,28.5,35.05,35.05,,1002.3,0,0,0,0,0,0,0,0,0,0.21,28.75,69,22.5,32.2,12.4,1.13,0.03,1402,1,100,60
20/08/2016,02:00:00,2,Aug-16,Rainy-2016,28.15,28.3,28.1,91.5,26.6,0,,0,0,,28.15,34.75,34.75,,1001.7,0,0,0,0,0,0,0,0,0,0.2,28.8,69,22.5,32.3,12.4,1.12,0,1404,1,100,60
20/08/2016,03:00:00,3,Aug-16,Rainy-2016,28.3,28.3,28.2,91,26.7,0,,0,1.3,,28.3,35,35,,1001.5,0,0,0,0,0,0,0,0,0,0.21,28.8,69,22.55,32.35,12.4,1.12,0,1399,1,100,60
20/08/2016,04:00:00,4,Aug-16,Rainy-2016,28.2,28.3,28.2,91.5,26.7,0,,0,1.3,,28.2,34.9,34.9,,1001.3,0,0,0,0,0,0,0,0,0,0.21,28.8,69,22.6,32.4,12.39,1.12,0,1404,1,100,60
20/08/2016,05:00:00,5,Aug-16,Rainy-2016,27.9,28.05,27.9,92.5,26.6,0,,0,1.1,,27.9,34.3,34.3,,1001.05,0,0,0,0,0,0,0,0,0,0.2,28.8,69,22.6,32.4,12.39,1.12,0,1403,1,100,60
20/08/2016,06:00:00,6,Aug-16,Rainy-2016,27.75,27.85,27.6,94,26.75,0,,0,1.1,,27.75,34.2,34.2,,1001.1,0,0,4,0.34,9,0,0,0,0,0.2,28.85,69,22.6,32.5,12.39,1.12,0,1400,1,100,60
20/08/2016,07:00:00,7,Aug-16,Rainy-2016,28.4,28.45,28.05,92.5,27.05,0,,0,1.3,,28.4,35.75,35.75,,1001.95,0,0,51.5,4.43,75.5,0.1,0.02,0.25,0,0.21,28.9,69,22.6,32.6,12.39,1.12,0.03,1403,1,100,60
20/08/2016,08:00:00,8,Aug-16,Rainy-2016,29.3,29.3,28.95,88.5,27.2,0.2,,0.4,1.55,,29.3,37.4,37.4,,1002.3,0,0,132,11.36,193.5,0.75,0.12,0.95,0,0.23,28.9,69,22.6,32.6,12.39,1.13,0.1,1402,1,100,60
20/08/2016,09:00:00,9,Aug-16,Rainy-2016,30.05,30.2,29.65,85,27.25,0.9,,1.61,2.9,,30.05,38.9,38.9,,1002.2,0,0,307,26.4,482.5,1.95,0.32,2.85,0,0.25,28.9,70,22.9,32.8,12.6,1.12,0.23,1393,1,100,60
20/08/2016,10:00:00,10,Aug-16,Rainy-2016,30.9,31.15,30.4,81.5,27.4,0.9,,1.61,2.9,,30.9,40.4,40.4,,1002.85,0,0,310.5,26.7,635,2.5,0.41,4.15,0,0.26,28.95,70,22.95,32.85,12.6,1.12,0.23,1379,1,99.8,60
20/08/2016,11:00:00,11,Aug-16,Rainy-2016,31.95,31.95,31.2,76.5,27.25,0.65,,1.21,2.9,,31.95,42.4,42.4,,1002.55,0,0,410.5,35.3,678.5,3.85,0.62,5.15,0,0.28,29.05,70,23,33,12.6,1.12,0.3,1385,1,100,60
20/08/2016,12:00:00,12,Aug-16,Rainy-2016,32.55,32.75,32.25,72.5,27,0.9,,1.61,3.6,,32.55,43.2,43.2,,1002.05,0,0,676.5,58.19,726,5.6,0.9,6,0,0.3,29.1,71,23.3,33.35,12.88,1.12,0.48,1396,1,100,60
20/08/2016,13:00:00,13,Aug-16,Rainy-2016,32.7,32.95,32.55,71.5,26.85,0.9,,1.61,3.55,,32.7,43.25,43.25,,1001.2,0,0,529,45.5,673,4.75,0.77,5.8,0,0.3,29.1,71,23.3,33.4,12.87,1.12,0.38,1397,1,100,60
20/08/2016,14:00:00,14,Aug-16,Rainy-2016,32.8,33.25,32.55,72.5,27.2,0.9,,1.61,3.35,,32.8,44.1,44.1,,1000.55,0,0,387.5,33.33,552,3.25,0.52,4.45,0,0.3,29.1,71,23.3,33.4,12.87,1.12,0.28,1402,1,100,60
20/08/2016,15:00:00,15,Aug-16,Rainy-2016,31.6,32.05,31.6,76,26.85,0.65,,1.21,2.65,,31.6,41,41,,999.9,0,0,67,5.77,82,0.4,0.07,0.7,0,0.28,29.1,71,23.3,33.4,12.87,1.12,0.05,1395,1,100,60
20/08/2016,16:00:00,16,Aug-16,Rainy-2016,31.45,31.55,31.35,76.5,26.85,0.9,,1.61,2.9,,31.45,40.5,40.5,,999.4,0,0,69,5.94,85,0.3,0.05,0.6,0,0.27,29.1,71,23.3,33.4,12.87,1.12,0.05,1395,1,100,60
20/08/2016,17:00:00,17,Aug-16,Rainy-2016,31.3,31.35,31.3,78.5,27.1,0,,0,1.1,,31.3,40.45,40.45,,999.5,0,0,49.5,4.26,78,0,0,0.25,0,0.27,29.2,71,23.4,33.5,12.87,1.12,0.05,1404,1,100,60
20/08/2016,18:00:00,18,Aug-16,Rainy-2016,30.9,31.25,30.9,81,27.25,0,,0,1.3,,30.9,40.2,40.2,,999.9,0,0,15.5,1.34,23.5,0,0,0,0,0.26,29.15,71,23.35,33.45,12.87,1.12,0.03,1400,1,100,60
20/08/2016,19:00:00,19,Aug-16,Rainy-2016,30.3,30.5,30.3,84,27.3,0,,0,0,,30.3,39.4,39.4,,1000.25,0,0,0.5,0.04,2.5,0,0,0,0,0.25,29.2,72,23.6,33.7,13.25,1.12,0,1400,1,100,60
20/08/2016,20:00:00,20,Aug-16,Rainy-2016,30.25,30.25,30.15,84,27.25,0,,0,0,,30.25,39.05,39.05,,1000.85,0,0,0,0,0,0,0,0,0,0.25,29.2,72,23.6,33.7,13.25,1.12,0.03,1403,1,100,60
20/08/2016,21:00:00,21,Aug-16,Rainy-2016,30.3,30.35,30.3,84.5,27.4,0,,0,1.3,,30.3,39.55,39.55,,1001.35,0,0,0,0,0,0,0,0,0,0.25,29.2,72,23.7,33.8,13.25,1.12,0.03,1404,1,100,60
20/08/2016,22:00:00,22,Aug-16,Rainy-2016,30.2,30.25,30.2,86,27.6,0.2,,0.4,1.3,,30.2,39.6,39.6,,1001.9,0,0,0,0,0,0,0,0,0,0.25,29.2,72,23.7,33.8,13.25,1.12,0.03,1403,1,100,60
20/08/2016,23:00:00,23,Aug-16,Rainy-2016,29.95,30.1,29.95,87,27.55,0,,0,1.55,,29.95,39.1,39.1,,1001.6,0,0,0,0,0,0,0,0,0,0.24,29.3,72,23.7,33.9,13.25,1.12,0.03,1402,1,100,60
21/08/2016,00:00:00,24,Aug-16,Rainy-2016,29.65,29.8,29.65,88.5,27.5,0,,0,0.9,,29.65,38.5,38.5,,1000.95,0,0,0,0,0,0,0,0,0,0.24,29.3,72,23.7,33.9,13.25,1.12,0.03,1403,1,100,60
21/08/2016,01:00:00,1,Aug-16,Rainy-2016,29.45,29.55,29.35,91,27.85,0,,0,0.45,,29.45,38.6,38.6,,1000.15,0,0,0,0,0,0,0,0,0,0.23,29.3,72,23.7,33.9,13.25,1.12,0,1401,1,100,60
21/08/2016,02:00:00,2,Aug-16,Rainy-2016,29.5,29.5,29.4,91,27.9,0.2,,0.4,1.35,,29.5,38.8,38.8,,999.25,0,0,0,0,0,0,0,0,0,0.23,29.3,72,23.75,33.95,13.25,1.12,0,1403,1,100,60
21/08/2016,03:00:00,3,Aug-16,Rainy-2016,29.45,29.55,29.4,91,27.85,0.65,,1.21,2.25,,29.45,38.7,38.7,,998.4,0,0,0,0,0,0,0,0,0,0.23,29.3,72,23.7,33.9,13.25,1.12,0,1402,1,100,60
21/08/2016,04:00:00,4,Aug-16,Rainy-2016,29.6,29.6,29.55,91,27.9,0.4,,0.8,1.8,,29.6,39.1,39.1,,998,0,0,0,0,0,0,0,0,0,0.23,29.3,72,23.8,34,13.25,1.12,0,1401,1,100,60
21/08/2016,05:00:00,5,Aug-16,Rainy-2016,29.2,29.45,29.2,94,28.1,0.2,,0.4,1.75,,29.2,38.8,38.8,,997.65,1.4,5.1,0,0,0,0,0,0,0,0.23,29.3,72,23.8,34,13.25,1.12,0,1399,1,100,60
21/08/2016,06:00:00,6,Aug-16,Rainy-2016,29,29.1,29,95.5,28.2,0,,0,1.3,,29,38.5,38.5,,998.2,0.4,0.8,0,0,0,0,0,0,0,0.22,29.3,72,23.8,34,13.25,1.12,0,1398,1,100,60
21/08/2016,07:00:00,7,Aug-16,Rainy-2016,28.85,28.9,28.8,96,28.15,0.4,,0.8,1.75,,28.85,38.25,38.25,,998.5,1.2,11.5,2,0.17,4.5,0,0,0,0,0.22,29.3,72,23.8,34,13.25,1.12,0,1397,1,100,60
21/08/2016,08:00:00,8,Aug-16,Rainy-2016,28.9,28.9,28.9,95,28.05,0.4,,0.8,2.2,,28.9,38.2,38.2,,998.8,0.2,0,25,2.15,37,0,0,0,0,0.22,29.4,73,24,34.3,13.55,1.12,0.03,1395,1,100,60
21/08/2016,09:00:00,9,Aug-16,Rainy-2016,28.9,28.9,28.9,95,28.05,0.4,,0.8,2.7,,28.9,38.2,38.2,,998.8,0.2,0,14,1.2,23.5,0,0,0,0,0.22,29.35,73,24,34.25,13.55,1.12,0,1379,1,99.4,60
21/08/2016,10:00:00,10,Aug-16,Rainy-2016,28.95,28.95,28.9,94,27.9,1.1,,2.01,4,,28.95,38.05,38.05,,998.9,0,0,11.5,0.99,20,0,0,0,0,0.22,29.35,73.5,24.15,34.35,13.7,1.12,0.03,1382,1,100,60
21/08/2016,11:00:00,11,Aug-16,Rainy-2016,29.3,29.3,29,92,27.85,1.3,,2.41,4.5,,29.3,38.5,38.5,,998.2,0,0,39,3.36,63.5,0.1,0.02,0.35,0,0.23,28.1,62,20.1,30,11.12,1.13,0.03,1220,1,89.15,60
21/08/2016,12:00:00,12,Aug-16,Rainy-2016,27.65,29.1,27.6,94,26.55,0.9,,1.61,4,,27.65,33.8,33.8,,998.05,11,86,24,2.06,76.5,0.15,0.03,0.7,0,0.19,26.6,52.5,16.05,26.85,9.55,1.14,0.03,1327,1,95.9,60
21/08/2016,13:00:00,13,Aug-16,Rainy-2016,27.25,27.3,26.9,92,25.8,0.9,,1.61,4,,27.25,32.1,32.1,,998.2,0,0,153,13.16,228.5,1.9,0.31,2.7,0,0.19,26.05,50.5,14.95,26.15,9.23,1.14,0.1,1401,1,100,60
21/08/2016,14:00:00,14,Aug-16,Rainy-2016,27.2,27.4,26.75,93,25.9,0.9,,1.61,3.8,,27.2,32.2,32.2,,997.75,0.2,0,142.5,12.26,232,1.65,0.27,2.6,0,0.18,25.7,46.5,13.4,25.55,8.59,1.15,0.1,1213,1,88.7,60
21/08/2016,15:00:00,15,Aug-16,Rainy-2016,28.05,28.2,27.65,87.5,25.75,1.3,,2.41,3.8,,28.05,33.65,33.65,,997.35,0,0,237.5,20.43,431,2.3,0.37,3.25,0,0.2,25.55,45,12.75,25.35,8.39,1.15,0.15,1017,1,74.35,60
21/08/2016,16:00:00,16,Aug-16,Rainy-2016,27.25,27.7,27.2,87,24.9,1.3,,2.41,5.15,,27.25,31.35,31.35,,997,0,0,67.5,5.81,203,0.4,0.07,1.85,0,0.19,25.35,44.5,12.35,25.1,8.3,1.15,0.05,1095,1,80.05,60
21/08/2016,17:00:00,17,Aug-16,Rainy-2016,26.3,27,26.3,90,24.5,1.3,,2.41,6.05,,26.3,29.65,29.65,,996.4,0,0,25,2.15,56,0,0,0.3,0,0.17,25.9,48.5,14.2,25.85,8.93,1.14,0.03,1095,1,80.05,60
21/08/2016,18:00:00,18,Aug-16,Rainy-2016,25.7,25.85,25.6,92,24.3,1.55,,2.82,6.7,,25.7,28.65,28.65,,997.1,0,0,2.5,0.21,8.5,0,0,0,0,0.15,27.25,53,16.85,27.65,9.59,1.13,0,1153,1,84.25,60
21/08/2016,19:00:00,19,Aug-16,Rainy-2016,25.2,25.6,25.2,93,24,2,,3.62,6.9,,25.2,27.8,27.8,,998.3,0.6,1.3,0,0,0,0,0,0,0,0.14,27.65,56,18.05,28.45,10.02,1.13,0,1272,1,93,60
21/08/2016,20:00:00,20,Aug-16,Rainy-2016,25.15,25.2,24.9,90.5,23.55,2.2,,4.02,6.95,,25.15,27.6,27.6,,1000.35,0,0,0,0,0,0,0,0,0,0.14,27.75,58.5,18.9,28.85,10.45,1.13,0.03,1383,1,100,60
21/08/2016,21:00:00,21,Aug-16,Rainy-2016,25.25,25.7,25.15,87,22.9,1.55,,2.82,6.05,,25.25,27.5,27.5,,1002.5,0,0,0,0,0,0,0,0,0,0.14,27.9,60.5,19.55,29.25,10.85,1.13,0.03,1400,1,100,60
21/08/2016,22:00:00,22,Aug-16,Rainy-2016,24.95,25,24.85,86,22.45,0.9,,1.61,4.25,,24.95,27,27,,1003.7,0,0,0,0,0,0,0,0,0,0.14,27.95,61,19.75,29.4,10.95,1.14,0.03,1403,1,100,60
21/08/2016,23:00:00,23,Aug-16,Rainy-2016,25.15,25.15,25.05,86,22.6,0.9,,1.61,4.7,,25.15,27.25,27.25,,1004.35,0,0,0,0,0,0,0,0,0,0.14,28,61.5,19.9,29.5,11.03,1.14,0.03,1404,1,100,60
22/08/2016,00:00:00,24,Aug-16,Rainy-2016,25.5,25.5,25.25,86,22.95,0.4,,0.8,2.65,,25.5,27.85,27.85,,1004.5,0,0,0,0,0,0,0,0,0,0.15,28,62,20,29.6,11.1,1.14,0.03,1402,1,100,60
22/08/2016,01:00:00,1,Aug-16,Rainy-2016,24.1,25,24.1,94.5,23.15,0.45,,0.81,2.7,,24.1,26.2,26.2,,1004.5,1,3.5,0,0,0,0,0,0,0,0.12,28,62.5,20.15,29.65,11.2,1.14,0,1297,1,94.8,60
22/08/2016,02:00:00,2,Aug-16,Rainy-2016,24.15,24.15,23.95,96,23.45,0.2,,0.4,1.3,,24.15,26.3,26.3,,1004.7,0.4,1.1,0,0,0,0,0,0,0,0.12,28.05,63,20.35,29.75,11.3,1.14,0,1395,1,100,60
22/08/2016,03:00:00,3,Aug-16,Rainy-2016,24.55,24.55,24.4,96,23.85,0,,0,0.9,,24.55,26.85,26.85,,1004.4,0,0,0,0,0,0,0,0,0,0.13,28.1,63.5,20.5,29.85,11.4,1.13,0,1392,1,100,60
22/08/2016,04:00:00,4,Aug-16,Rainy-2016,24.85,24.85,24.7,95,24.05,0.2,,0.4,2.2,,24.85,27.3,27.3,,1004.2,0,0,0,0,0,0,0,0,0,0.14,28.05,64,20.6,29.85,11.5,1.13,0,1387,1,100,60
22/08/2016,05:00:00,5,Aug-16,Rainy-2016,24.8,24.85,24.8,91.5,23.35,0.4,,0.8,2.9,,24.8,27,27,,1004.5,0,0,0,0,0,0,0,0,0,0.13,28.1,64,20.6,29.9,11.5,1.13,0,1272,1,93,60
22/08/2016,06:00:00,6,Aug-16,Rainy-2016,25,25.05,24.8,88.5,22.95,0.2,,0.4,1.55,,25,27.15,27.15,,1004.8,0,0,3.5,0.3,8,0,0,0,0,0.14,28.05,64.5,20.75,29.95,11.6,1.13,0,1344,1,98.25,60
22/08/2016,07:00:00,7,Aug-16,Rainy-2016,26.15,26.15,25.35,86.5,23.75,0.4,,0.8,2.45,,26.15,29.05,29.05,,1005.4,0,0,74.5,6.41,125,0.1,0.02,0.35,0,0.16,28.05,65,20.85,30,11.7,1.14,0.05,1400,1,100,60
22/08/2016,08:00:00,8,Aug-16,Rainy-2016,28.6,28.6,27.4,80.5,24.9,0.65,,1.21,2.7,,28.6,33.9,33.9,,1005.85,0,0,277,23.82,409,1.25,0.2,1.65,0,0.21,28.1,65,20.9,30.1,11.7,1.14,0.18,1277,1,93.35,60
22/08/2016,09:00:00,9,Aug-16,Rainy-2016,29.85,29.95,29.4,74.5,24.85,0.9,,1.61,3.35,,29.85,35.75,35.75,,1006.35,0,0,462.5,39.78,525.5,2.7,0.44,3.15,0,0.24,28.1,65,20.9,30.1,11.7,1.14,0.33,1315,1,96.1,60
22/08/2016,10:00:00,10,Aug-16,Rainy-2016,30.9,30.9,30.15,71.5,25.1,1.1,,2.01,4.5,,30.9,37.3,37.3,,1006.65,0,0,641,55.14,717.5,4.55,0.73,5.25,0,0.26,27,57.5,17.8,28.1,10.44,1.14,0.43,1328,1,97.05,60
22/08/2016,11:00:00,11,Aug-16,Rainy-2016,31.55,31.6,31,70.5,25.45,1.1,,2.01,3.35,,31.55,38.7,38.7,,1006.65,0,0,727.5,62.58,863.5,6.25,1.01,7.2,0,0.27,24.55,46,12.2,24.4,8.53,1.16,0.48,1386,1,100,60
22/08/2016,12:00:00,12,Aug-16,Rainy-2016,31.25,32.2,31.2,69,24.85,1.1,,2.01,4.95,,31.25,37.75,37.75,,1006.7,0,0,563,48.42,951.5,5.75,0.93,8.4,0,0.27,24.95,46,12.55,24.75,8.51,1.16,0.38,1311,1,95.85,60
22/08/2016,13:00:00,13,Aug-16,Rainy-2016,30.15,30.6,29.8,73.5,24.9,0.9,,1.61,4.05,,30.15,36.2,36.2,,1006.45,0,0,373,32.08,517.5,4.05,0.66,5.4,0,0.25,24.95,45.5,12.35,24.7,8.46,1.16,0.28,1029,1,75.2,60
22/08/2016,14:00:00,14,Aug-16,Rainy-2016,31.25,31.5,30.65,75,26.25,0.9,,1.61,3.6,,31.25,39.1,39.1,,1005.9,0,0,589.5,50.7,907.5,5.45,0.88,7.75,0,0.27,24.9,45,12.1,24.6,8.41,1.16,0.43,1302,1,95.15,60
22/08/2016,15:00:00,15,Aug-16,Rainy-2016,31,31.35,30.7,73,25.55,1.3,,2.41,5.85,,31,37.85,37.85,,1005.3,0,0,326,28.04,497.5,3.15,0.51,4.5,0,0.26,24.85,45,12.1,24.6,8.42,1.16,0.28,1229,1,88.75,60
22/08/2016,16:00:00,16,Aug-16,Rainy-2016,30.7,30.8,30.5,71,24.8,0.9,,1.61,4.25,,30.7,36.8,36.8,,1004.6,0,0,273.5,23.52,365,2,0.33,2.35,0,0.26,24.7,45,11.95,24.45,8.42,1.16,0.2,1229,1,89.85,60
22/08/2016,17:00:00,17,Aug-16,Rainy-2016,31.35,31.6,30.95,71.5,25.6,0.9,,1.61,3.8,,31.35,38.45,38.45,,1003.9,0,0,256.5,22.06,335,1.2,0.19,1.6,0,0.27,24.85,45,12.05,24.55,8.37,1.16,0.18,954,1,69.75,60
22/08/2016,18:00:00,18,Aug-16,Rainy-2016,30.55,31.15,30.55,72,24.9,0.4,,0.8,1.55,,30.55,36.6,36.6,,1003.8,0,0,70,6.02,108,0.15,0.03,0.35,0,0.25,26,47.5,14,25.95,8.78,1.15,0.05,1239,1,90.55,60
22/08/2016,19:00:00,19,Aug-16,Rainy-2016,28.85,29.6,28.85,79,24.85,0,,0,0.45,,28.85,34.25,34.25,,1003.9,0,0,5,0.43,9.5,0,0,0,0,0.22,26.6,50.5,15.45,26.7,9.26,1.15,0,1279,1,92.85,60
22/08/2016,20:00:00,20,Aug-16,Rainy-2016,28.35,28.55,28.35,79.5,24.45,0,,0,0.9,,28.35,33.05,33.05,,1004.65,0,0,0,0,0,0,0,0,0,0.21,26.85,52.5,16.3,27.1,9.55,1.15,0.03,1338,1,97.8,60
22/08/2016,21:00:00,21,Aug-16,Rainy-2016,27.75,28.05,27.75,84,24.8,0,,0,0.45,,27.75,32.2,32.2,,1005.45,0,0,0,0,0,0,0,0,0,0.2,27.05,54,16.95,27.45,9.75,1.14,0.03,747,1,54.6,60
22/08/2016,22:00:00,22,Aug-16,Rainy-2016,27.15,27.4,27.15,87,24.75,0,,0,0.65,,27.15,31.1,31.1,,1006,0,0,0,0,0,0,0,0,0,0.18,27.1,55,17.3,27.6,9.85,1.14,0.03,1298,1,93.65,60
22/08/2016,23:00:00,23,Aug-16,Rainy-2016,26.9,26.95,26.85,90.5,25.2,0,,0,0.2,,26.9,31,31,,1006.2,0,0,0,0,0,0,0,0,0,0.18,27.2,56,17.65,27.75,10.05,1.14,0,1291,1,94.35,60
23/08/2016,00:00:00,24,Aug-16,Rainy-2016,26.5,26.7,26.5,92.5,25.15,0,,0,0.2,,26.5,30.45,30.45,,1006.2,0,0,0,0,0,0,0,0,0,0.17,27.25,57,18.05,28,10.17,1.14,0,1383,1,100,60
23/08/2016,01:00:00,1,Aug-16,Rainy-2016,26.35,26.4,26.3,92.5,25.05,0,,0,0.4,,26.35,30.05,30.05,,1005.95,0,0,0,0,0,0,0,0,0,0.17,27.3,57.5,18.2,28.15,10.26,1.14,0,1377,1,100,60
23/08/2016,02:00:00,2,Aug-16,Rainy-2016,26.25,26.35,26.25,93,25,0,,0,0,,26.25,29.95,29.95,,1005.65,0,0,0,0,0,0,0,0,0,0.17,27.4,58,18.4,28.25,10.35,1.14,0,1385,1,100,60
23/08/2016,03:00:00,3,Aug-16,Rainy-2016,25.95,26.1,25.95,94.5,25,0,,0,0,,25.95,29.4,29.4,,1005.45,0,0,0,0,0,0,0,0,0,0.16,27.4,59,18.7,28.4,10.55,1.14,0,1385,1,100,60
23/08/2016,04:00:00,4,Aug-16,Rainy-2016,25.75,25.85,25.7,95.5,25,0,,0,0,,25.75,29.05,29.05,,1005.5,0,0,0,0,0,0,0,0,0,0.15,27.5,59.5,18.9,28.55,10.65,1.14,0,1401,1,100,60
23/08/2016,05:00:00,5,Aug-16,Rainy-2016,25.6,25.7,25.6,96,24.9,0,,0,0,,25.6,28.75,28.75,,1005.55,0,0,0,0,0,0,0,0,0,0.15,27.5,60,19,28.6,10.75,1.14,0,1402,1,100,60
23/08/2016,06:00:00,6,Aug-16,Rainy-2016,25.45,25.55,25.4,96,24.8,0,,0,0,,25.45,28.5,28.5,,1006,0,0,3.5,0.3,8,0,0,0,0,0.15,27.6,60,19.1,28.7,10.75,1.14,0,1398,1,100,60
23/08/2016,07:00:00,7,Aug-16,Rainy-2016,26.9,26.9,25.7,93,25.7,0,,0,0.85,,26.9,31.7,31.7,,1006.3,0,0,69,5.93,105.5,0.15,0.03,0.3,0,0.18,27.6,61,19.4,28.8,10.95,1.14,0.05,1403,1,100,60
23/08/2016,08:00:00,8,Aug-16,Rainy-2016,29.4,29.4,28.5,82.5,26.1,0.2,,0.4,0.9,,29.4,36.25,36.25,,1006.55,0,0,266.5,22.92,352.5,1.2,0.19,1.55,0,0.23,27.65,61.5,19.55,28.95,11.03,1.14,0.18,1343,1,97.2,60
23/08/2016,09:00:00,9,Aug-16,Rainy-2016,29.65,30.4,29.4,77,25.25,0.2,,0.4,1.8,,29.65,35.8,35.8,,1006.95,0,0,361.5,31.1,469.5,2.25,0.37,2.65,0,0.24,27.7,62,19.75,29.1,11.11,1.14,0.23,1303,1,95.25,60
23/08/2016,10:00:00,10,Aug-16,Rainy-2016,30.9,31.05,30.3,72,25.25,0.4,,0.8,1.55,,30.9,37.4,37.4,,1006.95,0,0,386,33.2,634.5,3.1,0.5,4.25,0,0.26,27.1,58,18.1,27.95,10.44,1.14,0.28,1037,1,75.8,60
23/08/2016,11:00:00,11,Aug-16,Rainy-2016,32.1,32.25,31.3,69,25.75,0.4,,0.8,2.45,,32.1,40.35,40.35,,1006.45,0,0,686,59.01,780.5,4.95,0.8,5.7,0,0.29,25.5,49.5,14.15,25.45,9.13,1.16,0.46,1312,1,95.9,60
23/08/2016,12:00:00,12,Aug-16,Rainy-2016,32.35,32.8,32.1,66.5,25.3,0.9,,1.61,3.1,,32.35,40.1,40.1,,1005.85,0,0,676,58.15,830.5,5.35,0.86,6.6,0,0.29,25,46,12.6,24.8,8.51,1.16,0.46,1328,1,97.05,60
23/08/2016,13:00:00,13,Aug-16,Rainy-2016,31.8,32.5,31.75,68.5,25.3,0.65,,1.21,2.7,,31.8,39.2,39.2,,1005.15,0,0,269,23.14,575.5,2.65,0.43,4.2,0,0.28,24.85,46,12.45,24.65,8.52,1.16,0.23,1357,1,98.45,60
23/08/2016,14:00:00,14,Aug-16,Rainy-2016,30.95,31.45,30.95,76,26.2,0.4,,0.8,1.1,,30.95,38.55,38.55,,1004.2,0,0,173,14.88,264,1.35,0.22,2.05,0,0.26,24.75,48,13,24.6,8.87,1.16,0.13,1397,1,100,60
23/08/2016,15:00:00,15,Aug-16,Rainy-2016,31.25,31.35,30.7,73,25.8,0.2,,0.4,0.9,,31.25,38.6,38.6,,1003.35,0,0,203,17.46,277,1.6,0.26,2.1,0,0.27,24.65,46.5,12.35,24.45,8.68,1.16,0.15,1401,1,100,60
23/08/2016,16:00:00,16,Aug-16,Rainy-2016,31.35,31.5,31.3,74,26.2,0,,0,0.65,,31.35,39.25,39.25,,1002.8,0,0,152.5,13.11,218,0.95,0.15,1.25,0,0.27,24.4,44.5,11.5,24.15,8.33,1.16,0.1,1254,1,91.65,60
23/08/2016,17:00:00,17,Aug-16,Rainy-2016,31.3,31.4,31.25,74.5,26.25,0,,0,0,,31.3,39.3,39.3,,1002.4,0,0,133,11.44,160.5,0.65,0.11,0.85,0,0.27,24.85,45.5,12.25,24.6,8.47,1.16,0.1,1399,1,100,60
23/08/2016,18:00:00,18,Aug-16,Rainy-2016,30.7,31.15,30.7,77,26.2,0,,0,0,,30.7,38.4,38.4,,1002.35,0,0,53,4.56,64,0,0,0,0,0.26,26.55,51.5,15.7,26.75,9.4,1.14,0.05,460,1,33.6,60
23/08/2016,19:00:00,19,Aug-16,Rainy-2016,29.5,30.15,29.5,79.5,25.6,0,,0,0,,29.5,35.9,35.9,,1002.6,0,0,4,0.34,12.5,0,0,0,0,0.23,26.8,53.5,16.55,27.15,9.7,1.14,0,1027,1,74.2,60
23/08/2016,20:00:00,20,Aug-16,Rainy-2016,28.65,29,28.65,81.5,25.15,0,,0,0,,28.65,34.25,34.25,,1003.25,0,0,0,0,0,0,0,0,0,0.22,26.95,54.5,17,27.35,9.8,1.14,0.03,1398,1,100,60
23/08/2016,21:00:00,21,Aug-16,Rainy-2016,28.15,28.35,28.1,85.5,25.5,0,,0,0,,28.15,33.55,33.55,,1003.85,0,0,0,0,0,0,0,0,0,0.2,27.15,55.5,17.45,27.65,9.95,1.14,0.03,1402,1,100,60
23/08/2016,22:00:00,22,Aug-16,Rainy-2016,27.75,27.95,27.75,87.5,25.55,0,,0,0,,27.75,32.85,32.85,,1004.1,0,0,0,0,0,0,0,0,0,0.2,27.25,56.5,17.8,27.85,10.11,1.14,0.03,1399,1,100,60
23/08/2016,23:00:00,23,Aug-16,Rainy-2016,28,28,27.7,87,25.7,0,,0,0.45,,28,33.45,33.45,,1004.1,0,0,0,0,0,0,0,0,0,0.2,27.3,57.5,18.15,28.1,10.26,1.14,0.03,1398,1,100,60
24/08/2016,00:00:00,24,Aug-16,Rainy-2016,27.9,28.15,27.9,88,25.7,0,,0,0,,27.9,33.3,33.3,,1004.05,0,0,0,0,0,0,0,0,0,0.2,27.4,58,18.4,28.2,10.35,1.14,0.03,966,1,70.65,60
24/08/2016,01:00:00,1,Aug-16,Rainy-2016,27.75,27.8,27.75,89,25.75,0,,0,0,,27.75,33.05,33.05,,1003.6,0,0,0,0,0,0,0,0,0,0.2,27.4,59,18.7,28.4,10.55,1.14,0,542,1,39.65,60
24/08/2016,02:00:00,2,Aug-16,Rainy-2016,,27.7,27.7,,,0,,0,0,,,,,,1003.35,0,0,,,,,,,,,27.65,59,18.95,28.75,10.55,1.14,0,7,1,0.5,60
24/08/2016,03:00:00,3,Aug-16,Rainy-2016,27.65,27.65,27.6,92,26.2,0,,0,0.4,,27.65,33.35,33.35,,1003.3,0,0,0,0,0,0,0,0,0,0.19,27.6,60,19.1,28.7,10.75,1.14,0,666,1,48.7,60
24/08/2016,04:00:00,4,Aug-16,Rainy-2016,27.75,27.85,27.7,91,26.15,0,,0,0,,27.75,33.5,33.5,,1003.25,0,0,0,0,0,0,0,0,0,0.2,27.6,60.5,19.25,28.75,10.85,1.14,0,657,1,48.05,60
24/08/2016,05:00:00,5,Aug-16,Rainy-2016,27.45,27.65,27.45,92.5,26.1,0,,0,0,,27.45,32.85,32.85,,1003.25,0,0,0,0,0,0,0,0,0,0.19,27.65,61,19.45,28.85,10.95,1.14,0,856,1,62.55,60
24/08/2016,06:00:00,6,Aug-16,Rainy-2016,27.25,27.3,27.15,93.5,26.05,0,,0,0.45,,27.25,32.35,32.35,,1003.65,0,0,4.5,0.39,10.5,0,0,0,0,0.19,27.7,61,19.5,28.95,10.95,1.14,0,1197,1,87.45,60
24/08/2016,07:00:00,7,Aug-16,Rainy-2016,28.6,28.6,27.75,87,26.2,0.2,,0.4,1.35,,28.6,35.1,35.1,,1004,0,0,52,4.47,74.5,0.1,0.02,0.25,0,0.21,27.7,62,19.75,29.1,11.11,1.14,0.03,1402,1,100,60
24/08/2016,08:00:00,8,Aug-16,Rainy-2016,30.4,30.4,29.5,78,26.15,0.65,,1.21,2.45,,30.4,37.85,37.85,,1004.4,0,0,159,13.68,318,1.05,0.17,1.4,0,0.25,27.8,62,19.8,29.2,11.11,1.14,0.13,978,1,71.5,60
24/08/2016,09:00:00,9,Aug-16,Rainy-2016,31.35,31.5,31,78,27.05,0.9,,1.61,3.35,,31.35,40.55,40.55,,1004.55,0,0,389.5,33.5,437,2.1,0.34,2.35,0,0.27,27.8,63,20.1,29.4,11.31,1.14,0.28,814,1,59.5,60
24/08/2016,10:00:00,10,Aug-16,Rainy-2016,32.15,32.15,31.55,74,26.85,0.65,,1.21,2.45,,32.15,42.1,42.1,,1004.55,0,0,343.5,29.55,413,2.6,0.42,3.3,0,0.29,27.9,64.5,20.65,29.75,11.6,1.13,0.25,749,1,54.75,60
24/08/2016,11:00:00,11,Aug-16,Rainy-2016,33,33.3,32.6,69.5,26.6,0.65,,1.21,2.9,,33,43.55,43.55,,1004.3,0,0,485.5,41.76,755,4.05,0.65,5.45,0,0.31,26.15,53,15.8,26.4,9.61,1.15,0.36,1206,1,88.15,60
24/08/2016,12:00:00,12,Aug-16,Rainy-2016,33.45,33.9,33.1,68,26.75,0.85,,1.61,3.35,,33.45,44.25,44.25,,1003.55,0,0,530.5,45.63,859,4.65,0.75,6.45,0,0.32,25.85,52,15.25,26,9.48,1.15,0.41,1379,1,99.85,60
24/08/2016,13:00:00,13,Aug-16,Rainy-2016,32,32.95,32,74,26.75,1.1,,2.01,4.25,,32,41.5,41.5,,1002.8,0,0,205.5,17.68,348,1.9,0.31,3.2,0,0.29,25.75,50.5,14.75,25.85,9.27,1.15,0.18,1045,1,76.4,60
24/08/2016,14:00:00,14,Aug-16,Rainy-2016,33.5,33.55,32,69.5,27.15,0.9,,1.61,3.55,,33.5,45,45,,1001.95,0,0,664.5,57.16,805.5,5.05,0.81,5.75,0,0.32,25.05,48.5,13.4,24.9,8.96,1.15,0.46,1263,1,92.35,60
24/08/2016,15:00:00,15,Aug-16,Rainy-2016,33.8,34.25,33.4,65.5,26.4,0.9,,1.61,3.35,,33.8,44.25,44.25,,1000.95,0,0,516.5,44.42,626.5,3.6,0.58,4.25,0,0.32,25.2,48.5,13.55,25.05,8.95,1.15,0.38,1299,1,94.95,60
24/08/2016,16:00:00,16,Aug-16,Rainy-2016,33.8,34,33.35,67,26.8,1.1,,2.01,4.05,,33.8,44.85,44.85,,1000.2,0,0,335,28.82,451.5,1.95,0.31,2.3,0,0.32,24.85,46,12.45,24.65,8.57,1.15,0.25,1298,1,94.9,60
24/08/2016,17:00:00,17,Aug-16,Rainy-2016,33.05,33.9,33.05,70.5,26.95,1.3,,2.41,4.25,,33.05,44,44,,1000,0,0,200,17.2,281,0.65,0.11,1.1,0,0.31,23.75,44,10.8,23.55,8.25,1.16,0.18,1362,1,99.2,60
24/08/2016,18:00:00,18,Aug-16,Rainy-2016,32.2,32.5,32.2,71.5,26.4,0.9,,1.61,2.9,,32.2,41.45,41.45,,1000.35,0,0,14.5,1.25,23,0,0,0,0,0.29,25.7,49.5,14.3,25.7,9.09,1.15,0.03,1387,1,100,60
24/08/2016,19:00:00,19,Aug-16,Rainy-2016,31.4,31.85,31.4,77.5,26.95,0.9,,1.61,2,,31.4,40.65,40.65,,1001.1,0,0,2,0.17,4.5,0,0,0,0,0.27,26.65,52,15.95,26.85,9.5,1.14,0.03,1403,1,100,60
24/08/2016,20:00:00,20,Aug-16,Rainy-2016,31.15,31.2,31.15,77,26.65,0.4,,0.8,1.55,,31.15,39.3,39.3,,1002.1,0,0,0,0,0,0,0,0,0,0.27,27,54,16.9,27.4,9.75,1.14,0.03,1371,1,99.1,60
24/08/2016,21:00:00,21,Aug-16,Rainy-2016,30.2,30.8,30.2,82,26.8,0,,0,0,,30.2,38.45,38.45,,1002.85,0,0,0,0,0,0,0,0,0,0.25,27.25,55.5,17.5,27.8,9.95,1.14,0.03,1366,1,98.6,60
24/08/2016,22:00:00,22,Aug-16,Rainy-2016,29.45,29.75,29.45,86,26.85,0,,0,0,,29.45,37.2,37.2,,1003.05,0,0,0,0,0,0,0,0,0,0.23,27.4,57,18.15,28.2,10.18,1.14,0.03,1402,1,100,60
24/08/2016,23:00:00,23,Aug-16,Rainy-2016,29.15,29.3,29.15,88,26.95,0,,0,0,,29.15,36.95,36.95,,1002.85,0,0,0,0,0,0,0,0,0,0.23,27.55,58.5,18.65,28.5,10.45,1.14,0.03,323,1,23.6,60
25/08/2016,00:00:00,24,Aug-16,Rainy-2016,28.95,29.05,28.95,88.5,26.85,0,,0,0,,28.95,36.5,36.5,,1002.7,0,0,0,0,0,0,0,0,0,0.22,27.75,59,19.05,28.9,10.55,1.14,0,661,1,48.35,60
25/08/2016,01:00:00,1,Aug-16,Rainy-2016,28.8,28.85,28.8,90.5,27.1,0,,0,0,,28.8,36.55,36.55,,1002.7,0,0,0,0,0,0,0,0,0,0.22,27.75,60,19.25,28.95,10.75,1.14,0,1401,1,100,60
25/08/2016,02:00:00,2,Aug-16,Rainy-2016,28.8,28.8,28.8,91.5,27.25,0,,0,0,,28.8,36.75,36.75,,1002.85,0,0,0,0,0,0,0,0,0,0.22,27.85,61,19.65,29.25,10.95,1.13,0,1397,1,100,60
25/08/2016,03:00:00,3,Aug-16,Rainy-2016,28.75,28.8,28.7,93,27.5,0,,0,0,,28.75,37.05,37.05,,1002.9,0,0,0,0,0,0,0,0,0,0.22,27.9,61,19.7,29.35,10.95,1.13,0,1401,1,100,60
25/08/2016,04:00:00,4,Aug-16,Rainy-2016,28.75,28.8,28.7,94.5,27.8,0,,0,0,,28.75,37.45,37.45,,1003.05,0,0,0,0,0,0,0,0,0,0.22,27.95,62,20,29.55,11.1,1.13,0,1399,1,100,60
25/08/2016,05:00:00,5,Aug-16,Rainy-2016,28.8,28.8,28.75,95,27.95,0,,0,0.2,,28.8,37.8,37.8,,1003.4,0,0,0,0,0,0,0,0,0,0.22,28.05,62.5,20.2,29.7,11.2,1.13,0,1399,1,100,60
25/08/2016,06:00:00,6,Aug-16,Rainy-2016,28.95,28.95,28.8,95,28.1,0,,0,0.65,,28.95,38.35,38.35,,1003.85,0,0,3.5,0.3,9,0,0,0,0,0.22,28.1,63,20.4,29.9,11.3,1.13,0,1391,1,100,60
25/08/2016,07:00:00,7,Aug-16,Rainy-2016,29.75,29.75,29.15,92.5,28.35,0.2,,0.4,0.9,,29.75,40.3,40.3,,1004.75,0,0,61,5.25,88.5,0.05,0.01,0.25,0,0.24,28.2,63.5,20.6,30,11.4,1.13,0.05,1401,1,100,60
25/08/2016,08:00:00,8,Aug-16,Rainy-2016,31.3,31.3,30.5,87,28.85,0.4,,0.8,2,,31.3,44.9,44.9,,1004.85,0,0,227,19.53,278.5,1,0.16,1.3,0,0.27,28.25,64,20.8,30.25,11.49,1.13,0.15,1402,1,100,60
25/08/2016,09:00:00,9,Aug-16,Rainy-2016,32.9,32.9,32,80,29,0.4,,0.8,1.55,,32.9,48.8,48.8,,1004.95,0,0,402.5,34.62,487,2.25,0.37,2.75,0,0.3,28.3,65,21.1,30.45,11.69,1.13,0.28,1399,1,100,60
25/08/2016,10:00:00,10,Aug-16,Rainy-2016,34.15,34.35,33.45,72.5,28.45,0.4,,0.8,2.45,,34.15,49.45,49.45,,1005,0,0,480.5,41.32,630,3.2,0.52,3.85,0,0.33,28.4,65.5,21.3,30.7,11.79,1.13,0.33,1396,1,100,60
25/08/2016,11:00:00,11,Aug-16,Rainy-2016,33.85,34.4,33.75,72,28.15,0.4,,0.8,2.45,,33.85,48.05,48.05,,1004.75,0,0,293.5,25.24,629,2.6,0.42,3.9,0,0.32,28.45,66.5,21.65,31.05,11.99,1.13,0.25,1394,1,100,60
25/08/2016,12:00:00,12,Aug-16,Rainy-2016,33.6,33.9,33.35,74.5,28.45,0.2,,0.4,1.75,,33.6,48.75,48.75,,1004,0,0,155,13.33,401,1.45,0.23,2.75,0,0.32,28.55,67,21.8,31.3,12.08,1.13,0.13,1397,1,100,60
25/08/2016,13:00:00,13,Aug-16,Rainy-2016,34.6,35.15,34,70,28.4,0.65,,1.21,2.7,,34.6,49.7,49.7,,1003,0,0,357.5,30.75,706,3,0.48,4.4,0,0.34,28.6,67.5,21.95,31.55,12.18,1.13,0.28,1395,1,100,60
25/08/2016,14:00:00,14,Aug-16,Rainy-2016,35.45,35.55,34.55,67,28.4,0.4,,0.8,1.55,,35.45,50.85,50.85,,1002,0,0,424.5,36.51,699.5,2.85,0.46,4.1,0,0.36,28.65,68,22.15,31.75,12.28,1.13,0.3,1399,1,100,60
25/08/2016,15:00:00,15,Aug-16,Rainy-2016,35.2,35.75,34.8,68,28.45,0.4,,0.8,2.45,,35.2,50.5,50.5,,1001.2,0,0,261,22.45,521,1.55,0.25,2.3,0,0.35,28.7,69,22.45,32.05,12.41,1.12,0.23,1399,1,100,60
25/08/2016,16:00:00,16,Aug-16,Rainy-2016,35.65,36.1,35.3,66,28.3,0.4,,0.8,1.8,,35.65,50.95,50.95,,1000.85,0,0,323,27.78,476.5,1.55,0.25,2,0,0.36,28.75,69,22.5,32.2,12.4,1.12,0.25,1399,1,100,60
25/08/2016,17:00:00,17,Aug-16,Rainy-2016,35.1,35.4,35,68.5,28.4,0.2,,0.4,2.2,,35.1,50.25,50.25,,1000.75,0,0,190,16.35,258,0.7,0.12,0.75,0,0.35,28.8,69.5,22.7,32.5,12.51,1.12,0.15,1310,1,95.75,60
25/08/2016,18:00:00,18,Aug-16,Rainy-2016,33.9,34.5,33.9,71.5,28,0.65,,1.21,3.15,,33.9,47.65,47.65,,1000.6,0,0,75.5,6.5,98.5,0,0,0,0,0.32,28.9,70,22.9,32.7,12.61,1.12,0.08,1279,1,93.5,60
25/08/2016,19:00:00,19,Aug-16,Rainy-2016,32.7,33.3,32.7,75.5,27.8,0,,0,1.55,,32.7,45.15,45.15,,1001.9,0,0,4,0.34,11.5,0,0,0,0,0.3,28.9,70,22.9,32.7,12.61,1.12,0,1391,1,100,60
25/08/2016,20:00:00,20,Aug-16,Rainy-2016,32.15,32.45,32.1,80.5,28.35,0,,0,1.1,,32.15,45.15,45.15,,1003.05,0,0,0,0,0,0,0,0,0,0.29,28.9,70,22.9,32.75,12.61,1.13,0.03,1361,1,98.1,60
25/08/2016,21:00:00,21,Aug-16,Rainy-2016,32,32.15,31.85,80,28.15,0.2,,0.4,1.1,,32,44.4,44.4,,1003.85,0,0,0,0,0,0,0,0,0,0.29,29,71,23.2,33.2,12.88,1.13,0.03,1282,1,92.55,60
25/08/2016,22:00:00,22,Aug-16,Rainy-2016,29.2,32.2,29.15,84,26.15,0.85,,1.61,4.05,,29.2,36.8,36.8,,1006.1,20,112.9,0,0,0,0,0,0,0,0.23,29.1,71,23.3,33.3,12.88,1.13,0.03,1400,1,100,60
25/08/2016,23:00:00,23,Aug-16,Rainy-2016,25.05,25.8,24.6,95.5,24.3,0.65,,1.21,4.25,,25.05,27.7,27.7,,1005,4.4,18.5,0,0,0,0,0,0,0,0.14,29,71,23.2,33.2,12.88,1.13,0,1397,1,100,60
26/08/2016,00:00:00,24,Aug-16,Rainy-2016,25.35,25.45,25.3,95,24.5,0.45,,0.81,1.8,,25.35,28.2,28.2,,1005.25,0.6,0.8,0,0,0,0,0,0,0,0.15,29,71,23.2,33.2,12.88,1.13,0,1399,1,100,60
26/08/2016,01:00:00,1,Aug-16,Rainy-2016,25.7,25.75,25.55,96,25,0,,0,0.9,,25.7,28.9,28.9,,1004.6,0.6,1.4,0,0,0,0,0,0,0,0.15,29.05,70,23,33,12.6,1.13,0,1403,1,100,60
26/08/2016,02:00:00,2,Aug-16,Rainy-2016,25.8,25.85,25.75,97,25.3,0.2,,0.4,1.55,,25.8,29.4,29.4,,1005.05,0.4,0.4,0,0,0,0,0,0,0,0.16,29.1,71,23.3,33.3,12.88,1.13,0,1402,1,100,60
26/08/2016,03:00:00,3,Aug-16,Rainy-2016,25.85,25.9,25.8,96.5,25.25,0,,0,1.1,,25.85,29.4,29.4,,1005.55,0.4,0.4,0,0,0,0,0,0,0,0.16,29.1,71,23.3,33.3,12.88,1.13,0,1404,1,100,60
26/08/2016,04:00:00,4,Aug-16,Rainy-2016,25.4,25.65,25.35,96.5,24.85,0,,0,0.45,,25.4,28.5,28.5,,1005.4,1.8,7.6,0,0,0,0,0,0,0,0.15,29.1,71,23.3,33.3,12.88,1.13,0,1401,1,100,60
26/08/2016,05:00:00,5,Aug-16,Rainy-2016,25.75,25.75,25.55,97,25.25,0,,0,0.65,,25.75,29.3,29.3,,1005.6,0,0,0,0,0,0,0,0,0,0.16,29.1,71,23.3,33.3,12.88,1.13,0,1404,1,100,60
26/08/2016,06:00:00,6,Aug-16,Rainy-2016,25.8,25.8,25.8,97,25.3,0,,0,1.1,,25.8,29.4,29.4,,1006.2,0,0,2,0.17,7,0,0,0,0,0.16,29.1,71,23.3,33.3,12.88,1.13,0,1403,1,100,60
26/08/2016,07:00:00,7,Aug-16,Rainy-2016,26.25,26.25,25.95,96,25.55,0.2,,0.4,1.1,,26.25,30.3,30.3,,1006.8,0,0,45,3.87,66.5,0,0,0.25,0,0.16,29.1,71,23.3,33.3,12.88,1.13,0.03,1403,1,100,60
26/08/2016,08:00:00,8,Aug-16,Rainy-2016,27.1,27.1,26.6,94.5,26.2,0,,0,0,,27.1,32.4,32.4,,1007.65,0,0,112.5,9.67,131,0.7,0.12,0.8,0,0.18,29.1,71,23.3,33.3,12.88,1.13,0.08,1402,1,100,60
26/08/2016,09:00:00,9,Aug-16,Rainy-2016,29.05,29.05,27.85,90.5,27.3,0,,0,1.35,,29.05,37.3,37.3,,1008.25,0,0,221.5,19.05,279.5,1.6,0.26,2,0,0.22,29.1,70.5,23.2,33.25,12.74,1.13,0.15,1397,1,100,60
26/08/2016,10:00:00,10,Aug-16,Rainy-2016,29.95,30.1,29.6,86.5,27.45,0.4,,0.8,1.8,,29.95,39,39,,1007.7,0,0,322,27.69,420,2.85,0.46,3.2,0,0.24,29.1,71,23.3,33.4,12.87,1.13,0.23,1402,1,100,60
26/08/2016,11:00:00,11,Aug-16,Rainy-2016,31.15,31.2,30.45,81.5,27.6,0.2,,0.4,1.35,,31.15,41.4,41.4,,1006.95,0,0,388,33.37,521,3.7,0.6,4.5,0,0.27,29.1,71,23.3,33.4,12.87,1.13,0.25,1402,1,100,60
26/08/2016,12:00:00,12,Aug-16,Rainy-2016,31.65,31.7,31.4,81.5,28.05,0.2,,0.4,1.35,,31.65,43.35,43.35,,1006.6,0,0,366.5,31.53,525.5,3.65,0.59,4.75,0,0.28,29.15,71,23.35,33.45,12.87,1.13,0.25,1403,1,100,60
26/08/2016,13:00:00,13,Aug-16,Rainy-2016,31.45,31.85,31.35,82,27.95,0.2,,0.4,1.1,,31.45,42.75,42.75,,1005.85,0,0,181,15.57,268,1.65,0.27,2.55,0,0.27,29.2,71,23.4,33.5,12.87,1.13,0.13,1405,1,100,60
26/08/2016,14:00:00,14,Aug-16,Rainy-2016,31.3,31.75,31.05,82,27.85,0.65,,1.21,1.75,,31.3,42.15,42.15,,1005.05,0,0,240,20.64,366.5,1.8,0.29,2.75,0,0.27,29.2,71,23.4,33.5,12.87,1.13,0.18,1402,1,100,60
26/08/2016,15:00:00,15,Aug-16,Rainy-2016,32.5,32.5,31.45,76.5,27.8,0.2,,0.4,1.3,,32.5,44.65,44.65,,1004.35,0,0,369,31.74,481.5,2.45,0.4,3.15,0,0.29,29.2,72,23.6,33.7,13.25,1.12,0.25,1376,1,99.85,60
26/08/2016,16:00:00,16,Aug-16,Rainy-2016,32.75,33.2,32.65,77,28.15,0.2,,0.4,1.35,,32.75,46.15,46.15,,1003.55,0,0,288.5,24.81,468.5,1.75,0.28,2.3,0,0.3,29.2,72,23.7,33.8,13.25,1.12,0.2,1398,1,100,60
26/08/2016,17:00:00,17,Aug-16,Rainy-2016,32.8,33,32.45,75,27.8,0,,0,1.55,,32.8,45.35,45.35,,1003.1,0,0,176,15.14,248.5,1,0.16,1.2,0,0.3,29.2,72,23.7,33.8,13.25,1.12,0.13,1401,1,100,60
26/08/2016,18:00:00,18,Aug-16,Rainy-2016,31.75,32.6,31.75,78.5,27.55,0,,0,0.9,,31.75,42.4,42.4,,1002.85,0,0,61,5.25,100,0.05,0.01,0.3,0,0.28,29.2,72,23.7,33.8,13.25,1.12,0.05,1402,1,100,60
26/08/2016,19:00:00,19,Aug-16,Rainy-2016,30,30.65,30,86.5,27.5,0,,0,0,,30,39.15,39.15,,1003.2,0,0,1.5,0.13,5.5,0,0,0,0,0.24,29.2,72,23.7,33.8,13.25,1.12,0,1398,1,100,60
26/08/2016,20:00:00,20,Aug-16,Rainy-2016,29.6,29.7,29.55,87.5,27.25,0,,0,0.45,,29.6,37.95,37.95,,1004.1,0,0,0,0,0,0,0,0,0,0.23,29.2,72,23.7,33.8,13.25,1.12,0.03,1400,1,100,60
26/08/2016,21:00:00,21,Aug-16,Rainy-2016,29.5,29.6,29.4,86.5,27.05,0,,0,0.85,,29.5,37.45,37.45,,1005.1,0,0,0,0,0,0,0,0,0,0.23,29.2,72,23.7,33.8,13.25,1.13,0.03,1402,1,100,60
26/08/2016,22:00:00,22,Aug-16,Rainy-2016,29,29.5,29,88.5,26.9,0,,0,0.65,,29,36.6,36.6,,1005.9,0,0,0,0,0,0,0,0,0,0.22,29.3,72,23.7,33.9,13.25,1.13,0.03,1387,1,100,60
26/08/2016,23:00:00,23,Aug-16,Rainy-2016,28.3,28.55,28.3,91,26.7,0,,0,0,,28.3,35.1,35.1,,1006.4,0,0,0,0,0,0,0,0,0,0.21,29.25,72,23.7,33.85,13.25,1.13,0,1393,1,100,60
27/08/2016,00:00:00,24,Aug-16,Rainy-2016,28.4,28.4,28.15,91.5,26.8,0,,0,0.45,,28.4,35.4,35.4,,1006.85,0,0,0,0,0,0,0,0,0,0.21,29.3,72,23.7,33.9,13.25,1.13,0,1387,1,100,60
27/08/2016,01:00:00,1,Aug-16,Rainy-2016,28.85,28.9,28.45,89,26.85,0,,0,0.65,,28.85,36.25,36.25,,1007.2,0,0,0,0,0,0,0,0,0,0.22,29.3,72,23.7,33.9,13.25,1.13,0,1367,1,99.55,60
27/08/2016,02:00:00,2,Aug-16,Rainy-2016,29.35,29.4,29.25,88.5,27.25,0,,0,1.3,,29.35,37.6,37.6,,1007.4,0,0,0,0,0,0,0,0,0,0.23,29.3,72,23.7,33.9,13.25,1.13,0.03,1387,1,100,60
27/08/2016,03:00:00,3,Aug-16,Rainy-2016,28.85,29.1,28.85,90.5,27.15,0,,0,0.65,,28.85,36.8,36.8,,1007.2,0,0,0,0,0,0,0,0,0,0.22,29.3,72,23.7,33.9,13.25,1.13,0,1401,1,100,60
27/08/2016,04:00:00,4,Aug-16,Rainy-2016,28.35,28.6,28.3,92.5,27,0,,0,0.85,,28.35,35.7,35.7,,1007.15,0,0,0,0,0,0,0,0,0,0.21,29.3,72,23.7,33.9,13.25,1.13,0,1400,1,100,60
27/08/2016,05:00:00,5,Aug-16,Rainy-2016,28.2,28.25,28.2,94,27.15,0,,0,0.4,,28.2,35.5,35.5,,1007.3,0,0,0,0,0,0,0,0,0,0.21,29.3,72.5,23.8,34,13.41,1.13,0,1401,1,100,60
27/08/2016,06:00:00,6,Aug-16,Rainy-2016,27.95,28.1,27.95,95,27.1,0,,0,0.2,,27.95,35.05,35.05,,1007.95,0,0,4,0.34,10.5,0,0,0,0,0.2,29.3,73,23.9,34.1,13.56,1.13,0,1398,1,100,60
27/08/2016,07:00:00,7,Aug-16,Rainy-2016,27.55,27.9,27.5,90.5,25.85,0.2,,0.4,1.55,,27.55,32.85,32.85,,1008.3,0,0,35.5,3.06,47.5,0,0,0,0,0.19,29.3,73,23.9,34.1,13.56,1.13,0.03,1399,1,100,60
27/08/2016,08:00:00,8,Aug-16,Rainy-2016,28,28,27.6,88,25.8,0.4,,0.8,1.3,,28,33.6,33.6,,1007.9,0,0,46,3.96,51,0,0,0,0,0.2,29.3,73,23.9,34.1,13.56,1.13,0.03,1399,1,100,60
27/08/2016,09:00:00,9,Aug-16,Rainy-2016,27.95,28.15,27.95,90,26.15,0.4,,0.8,1.3,,27.95,33.85,33.85,,1009,0.2,0,82.5,7.1,108,0.6,0.1,0.9,0,0.2,29.3,73,23.9,34.1,13.56,1.13,0.05,1146,1,83.75,60
27/08/2016,10:00:00,10,Aug-16,Rainy-2016,28.95,29,28.05,86.5,26.45,0.2,,0.4,1.55,,28.95,35.85,35.85,,1008.85,0,0,279.5,24.05,348.5,2.55,0.41,3.1,0,0.22,29.3,72.5,23.8,34,13.41,1.13,0.18,1328,1,96,60
27/08/2016,11:00:00,11,Aug-16,Rainy-2016,30.75,30.75,29.8,81.5,27.2,0,,0,0,,30.75,39.9,39.9,,1008.1,0,0,393,33.81,460,4,0.65,4.65,0,0.26,29.3,73,23.95,34.15,13.56,1.13,0.28,1156,1,84.5,60
27/08/2016,12:00:00,12,Aug-16,Rainy-2016,32.75,32.85,31.65,68.5,26.2,0.2,,0.4,1.8,,32.75,42.25,42.25,,1007.6,0,0,730.5,62.83,961.5,7.3,1.18,9,0,0.3,29.3,73,24,34.2,13.55,1.13,0.51,1147,1,83.85,60
27/08/2016,13:00:00,13,Aug-16,Rainy-2016,33.85,33.9,33.45,65,26.3,0.9,,1.61,2.45,,33.85,44.1,44.1,,1006.8,0,0,755.5,64.98,836.5,7.65,1.23,8.35,0,0.32,29.35,72.5,23.9,34.15,13.4,1.13,0.53,1355,1,98.45,60
27/08/2016,14:00:00,14,Aug-16,Rainy-2016,34.5,34.65,34.05,60.5,25.7,0.9,,1.61,2.2,,34.5,44.1,44.1,,1005.55,0,0,732,62.96,765.5,6.8,1.09,7.25,0,0.34,29.4,72,23.8,34.1,13.25,1.12,0.53,1308,1,95.6,60
27/08/2016,15:00:00,15,Aug-16,Rainy-2016,35,35.15,34.65,61,26.35,0.65,,1.21,2.45,,35,46,46,,1004.65,0,0,605,52.04,641,4.25,0.69,4.85,0,0.35,29.4,72,23.9,34.2,13.25,1.12,0.46,1266,1,92.55,60
27/08/2016,16:00:00,16,Aug-16,Rainy-2016,35.25,35.35,34.85,57,25.45,0.65,,1.21,2.9,,35.25,44.9,44.9,,1003.95,0,0,414.5,35.65,457,2.25,0.36,2.55,0,0.35,29.45,72,23.9,34.25,13.25,1.12,0.33,963,1,70.4,60
27/08/2016,17:00:00,17,Aug-16,Rainy-2016,34.45,35.1,34.45,63.5,26.5,0.2,,0.4,1.1,,34.45,45.4,45.4,,1003.65,0,0,201.5,17.33,274.5,0.85,0.14,1.15,0,0.34,29.4,72,23.9,34.2,13.25,1.12,0.15,974,1,71.2,60
27/08/2016,18:00:00,18,Aug-16,Rainy-2016,32.9,33.7,32.9,70.5,26.85,0,,0,0,,32.9,43.35,43.35,,1003.95,0,0,62,5.34,95,0,0,0.25,0,0.3,29.4,72,23.9,34.2,13.25,1.12,0.05,1400,1,100,60
27/08/2016,19:00:00,19,Aug-16,Rainy-2016,31.55,32.1,31.5,73,26.1,0,,0,0,,31.55,39.5,39.5,,1004.65,0,0,5,0.43,12.5,0,0,0,0,0.28,29.4,72,23.9,34.2,13.25,1.12,0,1400,1,100,60
27/08/2016,20:00:00,20,Aug-16,Rainy-2016,31.3,31.35,31.2,77.5,26.9,0.2,,0.4,1.55,,31.3,40.25,40.25,,1005.45,0,0,0,0,0,0,0,0,0,0.27,29.4,72,23.9,34.2,13.25,1.12,0.03,1404,1,100,60
27/08/2016,21:00:00,21,Aug-16,Rainy-2016,30.95,31.25,30.95,81.5,27.4,0.2,,0.4,1.3,,30.95,40.5,40.5,,1006.35,0,0,0,0,0,0,0,0,0,0.26,29.5,72.5,24,34.45,13.4,1.12,0.03,1404,1,100,60
27/08/2016,22:00:00,22,Aug-16,Rainy-2016,30.6,30.75,30.6,81,26.95,0.4,,0.8,2,,30.6,39.35,39.35,,1006.75,0,0,0,0,0,0,0,0,0,0.26,29.5,73,24.1,34.6,13.55,1.12,0.03,1400,1,100,60
27/08/2016,23:00:00,23,Aug-16,Rainy-2016,30.2,30.45,30.2,83.5,27.1,0.2,,0.4,2,,30.2,38.7,38.7,,1006.85,0,0,0,0,0,0,0,0,0,0.25,29.55,73,24.15,34.65,13.55,1.12,0.03,1404,1,100,60
28/08/2016,00:00:00,24,Aug-16,Rainy-2016,29.8,29.9,29.8,87.5,27.5,0.2,,0.4,1.3,,29.8,38.75,38.75,,1007.05,0,0,0,0,0,0,0,0,0,0.24,29.55,73,24.15,34.65,13.55,1.13,0.03,1399,1,100,60
28/08/2016,01:00:00,1,Aug-16,Rainy-2016,29.65,29.75,29.65,89.5,27.7,0.2,,0.4,1.3,,29.65,38.75,38.75,,1007.3,0,0,0,0,0,0,0,0,0,0.24,29.6,73,24.2,34.7,13.55,1.13,0.03,1396,1,100,60
28/08/2016,02:00:00,2,Aug-16,Rainy-2016,29.5,29.6,29.45,90.5,27.75,0.2,,0.4,1.55,,29.5,38.65,38.65,,1007.35,0,0,0,0,0,0,0,0,0,0.23,29.6,73,24.2,34.7,13.55,1.13,0,1401,1,100,60
28/08/2016,03:00:00,3,Aug-16,Rainy-2016,29.35,29.4,29.3,91,27.75,0.4,,0.8,2.45,,29.35,38.35,38.35,,1007.15,0,0,0,0,0,0,0,0,0,0.23,29.6,73,24.2,34.7,13.55,1.12,0,1401,1,100,60
28/08/2016,04:00:00,4,Aug-16,Rainy-2016,28.9,29.15,28.9,84.5,26.05,0.9,,1.61,3.35,,28.9,35.6,35.6,,1007.05,0,0,0,0,0,0,0,0,0,0.22,29.6,73,24.2,34.7,13.55,1.12,0.03,1401,1,100,60
28/08/2016,05:00:00,5,Aug-16,Rainy-2016,27.85,28.6,27.85,90,26.1,0.2,,0.4,1.55,,27.85,33.55,33.55,,1007.6,5.2,31.5,0,0,0,0,0,0,0,0.2,29.6,73,24.25,34.75,13.55,1.13,0.03,1377,1,99.4,60
28/08/2016,06:00:00,6,Aug-16,Rainy-2016,27.15,27.25,27.1,94.5,26.2,0.2,,0.4,1.75,,27.15,32.3,32.3,,1007.25,4.4,22.9,0,0,0,0,0,0,0,0.18,29.6,73.5,24.3,34.75,13.7,1.12,0,1405,1,100,60
28/08/2016,07:00:00,7,Aug-16,Rainy-2016,27.55,27.55,27.35,95,26.7,0.2,,0.4,1.1,,27.55,33.7,33.7,,1008.1,0,0,8.5,0.73,12.5,0,0,0,0,0.19,29.6,74,24.45,34.9,13.85,1.13,0,1401,1,100,60
28/08/2016,08:00:00,8,Aug-16,Rainy-2016,27,27.75,27,92.5,25.65,0.2,,0.4,2,,27,31.95,31.95,,1009.2,0,0,7,0.6,13.5,0,0,0,0,0.18,29.6,74,24.5,35,13.84,1.13,0,1310,1,94.6,60
28/08/2016,09:00:00,9,Aug-16,Rainy-2016,25.45,25.95,25.45,94.5,24.5,0.4,,0.8,1.8,,25.45,28.3,28.3,,1009.95,5.8,37.8,8,0.68,11.5,0,0,0,0,0.15,29.6,73.5,24.3,34.75,13.7,1.13,0,1336,1,96.55,60
28/08/2016,10:00:00,10,Aug-16,Rainy-2016,25.5,25.5,25.25,96.5,24.9,0,,0,0.45,,25.5,28.6,28.6,,1010.1,2.4,6.9,21,1.81,30,0,0,0,0,0.15,28.85,66.5,21.85,32.05,12.2,1.14,0.03,1383,1,100,60
28/08/2016,11:00:00,11,Aug-16,Rainy-2016,26.55,26.55,25.85,95.5,25.75,0,,0,1.8,,26.55,30.95,30.95,,1009,1,3.4,122.5,10.54,205,1.15,0.19,2.1,0,0.17,26.75,51.5,15.95,26.95,9.4,1.15,0.08,1400,1,100,60
28/08/2016,12:00:00,12,Aug-16,Rainy-2016,28.6,28.6,27.6,90,26.8,0.4,,0.8,2.25,,28.6,35.75,35.75,,1008.75,0,0,446,38.36,543,4.35,0.7,5,0,0.21,26.05,48.5,14.35,26.1,8.92,1.16,0.28,1403,1,100,60
28/08/2016,13:00:00,13,Aug-16,Rainy-2016,29.95,30.05,29.3,84,26.95,0.4,,0.8,2,,29.95,38.1,38.1,,1007.6,0,0,533.5,45.88,669.5,5,0.81,5.85,0,0.24,25.9,46,13.4,25.8,8.48,1.16,0.36,1385,1,100,60
28/08/2016,14:00:00,14,Aug-16,Rainy-2016,30.65,30.75,30.1,79.5,26.75,0.4,,0.8,2.65,,30.65,39.1,39.1,,1006.1,0,0,458,39.39,647.5,4.4,0.71,5.95,0,0.26,25.75,44.5,12.75,25.5,8.28,1.16,0.33,1384,1,100,60
28/08/2016,15:00:00,15,Aug-16,Rainy-2016,31.65,31.7,31,78.5,27.4,0.9,,1.61,2,,31.65,42.15,42.15,,1005.3,0,0,561.5,48.3,788.5,3.8,0.61,4.95,0,0.28,25.65,44,12.45,25.35,8.19,1.16,0.38,1403,1,100,60
28/08/2016,16:00:00,16,Aug-16,Rainy-2016,31.7,32,31.3,78.5,27.5,0.2,,0.4,1.55,,31.7,42.3,42.3,,1005.1,0,0,232,19.96,394,1.3,0.21,1.6,0,0.28,25.5,43.5,12.15,25.2,8.12,1.16,0.15,1403,1,100,60
28/08/2016,17:00:00,17,Aug-16,Rainy-2016,30.9,31.3,30.85,82,27.4,0.2,,0.4,1.55,,30.9,40.55,40.55,,1004.45,0,0,90.5,7.79,111.5,0.4,0.07,0.7,0,0.26,25.7,45.5,13,25.45,8.44,1.15,0.08,1401,1,100,60
28/08/2016,18:00:00,18,Aug-16,Rainy-2016,30.05,30.45,30.05,83.5,26.95,0.4,,0.8,1.55,,30.05,38.25,38.25,,1004.4,0,0,35.5,3.05,49,0,0,0,0,0.24,27.05,48.5,15.25,27.05,8.89,1.15,0.03,1402,1,100,60
28/08/2016,19:00:00,19,Aug-16,Rainy-2016,29.15,29.55,29.15,85,26.35,0.2,,0.4,1.1,,29.15,36.25,36.25,,1004.8,0,0,1.5,0.13,5.5,0,0,0,0,0.23,27.7,51.5,16.8,28.1,9.37,1.14,0,1349,1,98.6,60
28/08/2016,20:00:00,20,Aug-16,Rainy-2016,28.4,28.8,28.4,87.5,26.1,0,,0,0,,28.4,34.55,34.55,,1005.55,0,0,0,0,0,0,0,0,0,0.21,27.95,53.5,17.6,28.7,9.68,1.14,0.03,1391,1,100,60
28/08/2016,21:00:00,21,Aug-16,Rainy-2016,27.85,28.05,27.85,88,25.65,0,,0,0,,27.85,33.15,33.15,,1006.3,0,0,0,0,0,0,0,0,0,0.2,28.1,55.5,18.35,29.1,9.95,1.14,0.03,1358,1,98.45,60
28/08/2016,22:00:00,22,Aug-16,Rainy-2016,27.5,27.7,27.5,90.5,25.8,0,,0,0,,27.5,32.55,32.55,,1006.3,0,0,0,0,0,0,0,0,0,0.19,28.2,56.5,18.75,29.3,10.13,1.14,0,1390,1,100,60
28/08/2016,23:00:00,23,Aug-16,Rainy-2016,27.3,27.35,27.3,91.5,25.8,0,,0,0,,27.3,32.35,32.35,,1006.2,0,0,0,0,0,0,0,0,0,0.19,28.25,57.5,19.1,29.55,10.28,1.14,0,1396,1,100,60
29/08/2016,00:00:00,24,Aug-16,Rainy-2016,27.65,27.75,27.45,90.5,25.95,0,,0,1.3,,27.65,33.05,33.05,,1006.05,0,0,0,0,0,0,0,0,0,0.19,28.35,58,19.3,29.75,10.35,1.14,0,1272,1,92.05,60
29/08/2016,01:00:00,1,Aug-16,Rainy-2016,27.3,27.45,27.3,93.5,26.15,0,,0,0,,27.3,32.6,32.6,,1006.05,0,0,0,0,0,0,0,0,0,0.19,28.4,59,19.65,29.85,10.55,1.14,0,1175,1,85.9,60
29/08/2016,02:00:00,2,Aug-16,Rainy-2016,27.15,27.25,27.15,94.5,26.2,0,,0,0.45,,27.15,32.35,32.35,,1005.65,0,0,0,0,0,0,0,0,0,0.18,28.45,60,19.95,30.15,10.75,1.14,0,1318,1,96.35,60
29/08/2016,03:00:00,3,Aug-16,Rainy-2016,27.05,27.15,27.05,95,26.15,0,,0,0.45,,27.05,32.2,32.2,,1004.85,0,0,0,0,0,0,0,0,0,0.18,28.5,60.5,20.1,30.25,10.85,1.13,0,1277,1,93.35,60
29/08/2016,04:00:00,4,Aug-16,Rainy-2016,26.95,27,26.9,95,26.05,0,,0,0,,26.95,31.9,31.9,,1004.7,0,0,0,0,0,0,0,0,0,0.18,28.55,61,20.25,30.35,10.95,1.13,0,1306,1,95.45,60
29/08/2016,05:00:00,5,Aug-16,Rainy-2016,26.9,27,26.8,96,26.2,0,,0,0.2,,26.9,32,32,,1004.75,0,0,0,0,0,0,0,0,0,0.18,28.6,62,20.6,30.6,11.08,1.13,0,1362,1,99.6,60
29/08/2016,06:00:00,6,Aug-16,Rainy-2016,26.95,27.05,26.9,96,26.3,0,,0,0,,26.95,32.15,32.15,,1005.25,0,0,2,0.17,4.5,0,0,0,0,0.18,28.6,62.5,20.75,30.7,11.18,1.13,0,1398,1,100,60
29/08/2016,07:00:00,7,Aug-16,Rainy-2016,28.05,28.05,27.2,95,27.2,0,,0,0.9,,28.05,35.25,35.25,,1005.8,0,0,60,5.16,106.5,0.1,0.02,0.3,0,0.2,28.6,63,20.9,30.8,11.28,1.13,0.05,1362,1,98.75,60
29/08/2016,08:00:00,8,Aug-16,Rainy-2016,29.7,29.9,29.15,86.5,27.2,0.2,,0.4,1.55,,29.7,38.05,38.05,,1006.15,0,0,175,15.05,322.5,1,0.16,1.3,0,0.24,28.65,64,21.15,31.05,11.48,1.13,0.13,1315,1,96.1,60
29/08/2016,09:00:00,9,Aug-16,Rainy-2016,31.1,31.15,30.05,80.5,27.35,0.9,,1.61,2.65,,31.1,40.6,40.6,,1006.5,0,0,362.5,31.18,549.5,2.3,0.37,3.2,0,0.27,28.8,64,21.3,31.4,11.48,1.13,0.25,947,1,69.25,60
29/08/2016,10:00:00,10,Aug-16,Rainy-2016,31.45,31.8,31.2,77,26.95,0.9,,1.61,2.45,,31.45,40.65,40.65,,1006.4,0,0,540.5,46.49,713.5,3.85,0.62,4.55,0,0.27,28.7,65,21.5,31.4,11.68,1.13,0.38,1094,1,80,60
29/08/2016,11:00:00,11,Aug-16,Rainy-2016,31.7,32.3,31.4,73,26.3,0.4,,0.8,2.25,,31.7,40.25,40.25,,1005.85,0,0,361,31.05,812.5,3.5,0.56,6,0,0.28,26.9,53.5,16.65,27.3,9.7,1.15,0.25,1401,1,100,60
29/08/2016,12:00:00,12,Aug-16,Rainy-2016,31.8,31.9,31.4,74.5,26.7,0.45,,0.81,2.2,,31.8,41.25,41.25,,1005.1,0,0,217,18.67,330.5,2.55,0.41,3.8,0,0.28,25.85,48.5,14.15,25.85,8.93,1.15,0.18,1404,1,100,60
29/08/2016,13:00:00,13,Aug-16,Rainy-2016,31.45,32.25,31.4,75.5,26.55,0.2,,0.4,2,,31.45,40.25,40.25,,1004.2,0,0,139,11.96,207.5,1.4,0.23,2,0,0.27,25.6,45.5,12.9,25.35,8.44,1.15,0.1,1399,1,100,60
29/08/2016,14:00:00,14,Aug-16,Rainy-2016,31.3,31.95,29.35,77,26.7,0.2,,0.4,1.55,,31.3,40.25,40.25,,1003.1,0,0,331,28.47,480,2.75,0.44,3.8,0,0.27,25.35,44,12.25,25.15,8.2,1.15,0.23,1404,1,100,60
29/08/2016,15:00:00,15,Aug-16,Rainy-2016,33.65,33.85,33.4,69.5,27.25,0.4,,0.8,1.55,,33.65,45.5,45.5,,1001.95,0,0,497.5,42.8,668,3.2,0.52,4.05,0,0.32,25.35,47,13.2,25.25,8.7,1.15,0.36,1402,1,100,60
29/08/2016,16:00:00,16,Aug-16,Rainy-2016,31.5,32.65,31.5,77,26.95,0.4,,0.8,2.25,,31.5,40.95,40.95,,1001.6,0,0,138,11.87,185.5,1,0.16,1.15,0,0.27,25.3,44.5,12.35,25.05,8.3,1.15,0.1,1403,1,100,60
29/08/2016,17:00:00,17,Aug-16,Rainy-2016,31.35,31.6,31.2,77.5,26.9,0.2,,0.4,1.3,,31.35,40.3,40.3,,1001.35,0,0,84,7.23,109,0.5,0.08,0.7,0,0.27,25.5,50.5,14.45,25.55,9.24,1.15,0.08,1325,1,95.85,60
29/08/2016,18:00:00,18,Aug-16,Rainy-2016,30.6,30.95,30.55,81,26.95,0,,0,0.85,,30.6,39.25,39.25,,1001.3,0,0,28.5,2.45,39.5,0,0,0,0,0.26,27,56,17.45,27.5,10.05,1.14,0.03,1330,1,96.4,60
29/08/2016,19:00:00,19,Aug-16,Rainy-2016,30.2,30.4,30.2,83,27,0.45,,0.81,1.1,,30.2,38.8,38.8,,1002,0,0,3,0.13,14,0,0,0,0,0.25,27.6,56,18,28.4,10.05,1.14,0,688,1,50.05,60
29/08/2016,20:00:00,20,Aug-16,Rainy-2016,29.65,29.7,29.6,85,26.85,0,,0,0.45,,29.65,37.4,37.4,,1002.75,0,0,0,0,0,0,0,0,0,0.24,27.8,56.5,18.35,28.7,10.12,1.14,0,722,1,51.55,60
29/08/2016,21:00:00,21,Aug-16,Rainy-2016,29.35,29.5,29.3,88,27.15,0,,0,0.9,,29.35,37.5,37.5,,1003.7,0,0,0,0,0,0,0,0,0,0.23,27.9,58,18.9,29.05,10.35,1.14,0.03,1265,1,92.25,60
29/08/2016,22:00:00,22,Aug-16,Rainy-2016,29.6,29.65,29.45,89,27.55,0.4,,0.8,2.9,,29.6,38.5,38.5,,1004.15,0,0,0,0,0,0,0,0,0,0.23,28.05,59,19.25,29.25,10.55,1.14,0.03,1315,1,96.15,60
29/08/2016,23:00:00,23,Aug-16,Rainy-2016,29.25,29.45,29.25,86,26.65,0.4,,0.8,2,,29.25,36.75,36.75,,1004.15,0,0,0,0,0,0,0,0,0,0.23,28.1,60,19.6,29.45,10.75,1.14,0.03,1226,1,89.65,60
30/08/2016,00:00:00,24,Aug-16,Rainy-2016,28.8,29.05,28.8,88.5,26.75,0.2,,0.4,1.55,,28.8,36.15,36.15,,1004.25,0,0,0,0,0,0,0,0,0,0.22,28.2,61,19.95,29.75,10.95,1.13,0.03,787,1,57.5,60
30/08/2016,01:00:00,1,Aug-16,Rainy-2016,28.65,28.7,28.6,90,26.85,0.2,,0.4,1.55,,28.65,35.85,35.85,,1004.1,0,0,0,0,0,0,0,0,0,0.21,28.2,61.5,20.1,29.85,11.02,1.13,0,782,1,57.2,60
30/08/2016,02:00:00,2,Aug-16,Rainy-2016,28.6,28.65,28.6,91.5,27.05,0.4,,0.8,1.3,,28.6,36.15,36.15,,1003.7,0,0,0,0,0,0,0,0,0,0.21,28.3,62,20.3,30,11.09,1.13,0,810,1,59.2,60
30/08/2016,03:00:00,3,Aug-16,Rainy-2016,28.55,28.6,28.55,92.5,27.2,0.2,,0.4,1.55,,28.55,36.25,36.25,,1003.1,0,0,0,0,0,0,0,0,0,0.21,28.3,62.5,20.45,30.1,11.19,1.13,0,747,1,54.6,60
30/08/2016,04:00:00,4,Aug-16,Rainy-2016,28.35,28.45,28.35,93.5,27.15,0,,0,1.3,,28.35,35.85,35.85,,1003.1,0,0,0,0,0,0,0,0,0,0.21,28.35,63,20.65,30.25,11.29,1.13,0,817,1,59.75,60
30/08/2016,05:00:00,5,Aug-16,Rainy-2016,28.05,28.25,28,94.5,27.1,0,,0,0.85,,28.05,35.25,35.25,,1002.75,0,0,0,0,0,0,0,0,0,0.2,28.4,63,20.7,30.3,11.29,1.13,0,1157,1,84.6,60
30/08/2016,06:00:00,6,Aug-16,Rainy-2016,28.1,28.1,28,95,27.2,0.2,,0.4,1.55,,28.1,35.3,35.3,,1003.2,0,0,2,0.17,8,0,0,0,0,0.2,28.4,64,21,30.6,11.49,1.13,0,1321,1,96.55,60
30/08/2016,07:00:00,7,Aug-16,Rainy-2016,28.55,28.55,28.15,94,27.5,0,,0,0.45,,28.55,36.8,36.8,,1003.8,0,0,61,5.25,99,0.15,0.03,0.3,0,0.21,28.4,64,21,30.6,11.49,1.13,0.05,1390,1,100,60
30/08/2016,08:00:00,8,Aug-16,Rainy-2016,30.2,30.3,29.55,84,27.2,0.2,,0.4,2,,30.2,39,39,,1004.4,0,0,243.5,20.94,327,1.2,0.19,1.5,0,0.25,28.55,64.5,21.15,30.85,11.58,1.13,0.15,1038,1,75.85,60
30/08/2016,09:00:00,9,Aug-16,Rainy-2016,31.4,31.4,30.55,78,27.05,0.65,,1.21,2,,31.4,40.75,40.75,,1005.2,0,0,381.5,32.81,564,2.45,0.4,3.35,0,0.27,28.6,65,21.35,31.1,11.68,1.13,0.28,1099,1,80.35,60
30/08/2016,10:00:00,10,Aug-16,Rainy-2016,32.1,32.45,31.75,75,27.15,0.4,,0.8,2,,32.1,42.65,42.65,,1005.4,0,0,570.5,49.07,680,4.25,0.68,4.9,0,0.29,28.6,65.5,21.5,31.25,11.78,1.13,0.38,1374,1,99.1,60
30/08/2016,11:00:00,11,Aug-16,Rainy-2016,32,32.25,31.75,74.5,26.9,0.4,,0.8,1.55,,32,41.95,41.95,,1005.25,0,0,217.5,18.71,517.5,2.8,0.45,4.85,0,0.28,27.1,56.5,17.7,27.8,10.15,1.14,0.18,1389,1,100,60
30/08/2016,12:00:00,12,Aug-16,Rainy-2016,33.25,33.85,32.45,70,27,0.4,,0.8,2.25,,33.25,44.4,44.4,,1004.4,0,0,527.5,45.37,848,5.2,0.84,7.4,0,0.31,25.95,51,15.05,26.1,9.33,1.15,0.38,1319,1,96.4,60
30/08/2016,13:00:00,13,Aug-16,Rainy-2016,34.1,34.1,33.25,67,27.05,0.65,,1.21,3.1,,34.1,46,46,,1003.2,0,0,606.5,52.17,834.5,6.05,0.97,7.45,0,0.33,25.6,49,14.1,25.55,8.99,1.15,0.46,1196,1,87.45,60
30/08/2016,14:00:00,14,Aug-16,Rainy-2016,34.1,34.65,34,65.5,26.7,0.9,,1.61,3.8,,34.1,45.15,45.15,,1002.3,0,0,648,55.74,836.5,5.45,0.88,6.9,0,0.33,25.4,49,13.9,25.35,9,1.15,0.46,1269,1,92.8,60
30/08/2016,15:00:00,15,Aug-16,Rainy-2016,34.25,34.55,33.65,65,26.75,1.1,,2.01,2.9,,34.25,45.45,45.45,,1001.3,0,0,493,42.41,732,3.3,0.53,4.4,0,0.33,25.2,46.5,12.9,24.95,8.6,1.15,0.36,1361,1,98.25,60
30/08/2016,16:00:00,16,Aug-16,Rainy-2016,34.45,34.95,34.1,62,26.1,0.9,,1.61,3.35,,34.45,44.65,44.65,,1000.9,0,0,406,34.92,528.5,2.35,0.38,2.9,0,0.34,25.55,49,14,25.45,9.04,1.15,0.3,1347,1,98.45,60
30/08/2016,17:00:00,17,Aug-16,Rainy-2016,33.45,34.15,33.15,69.5,27.1,0.9,,1.61,3.35,,33.45,44.8,44.8,,1000.95,0,0,143,12.3,229,0.7,0.11,0.95,0,0.32,25.4,47.5,13.45,25.3,8.8,1.15,0.13,1327,1,97,60
30/08/2016,18:00:00,18,Aug-16,Rainy-2016,31.9,32.45,31.9,75,26.9,0.65,,1.21,3.15,,31.9,41.55,41.55,,1001.5,0,0,44,3.78,60.5,0,0,0.25,0,0.28,26.75,50,15.45,26.85,9.15,1.14,0.05,1318,1,96.35,60
30/08/2016,19:00:00,19,Aug-16,Rainy-2016,31.2,31.45,31.15,77.5,26.75,0.4,,0.8,2,,31.2,39.7,39.7,,1002.65,0,0,1.5,0.13,7,0,0,0,0,0.27,27.4,52.5,16.85,27.85,9.53,1.14,0.03,1314,1,94.8,60
30/08/2016,20:00:00,20,Aug-16,Rainy-2016,30.75,30.95,30.75,81,27.05,0.4,,0.8,2.9,,30.75,39.7,39.7,,1003.7,0,0,0,0,0,0,0,0,0,0.26,27.75,54.5,17.7,28.45,9.8,1.14,0.03,1378,1,99.7,60
30/08/2016,21:00:00,21,Aug-16,Rainy-2016,30.5,30.65,30.5,83,27.25,0.65,,1.21,3.15,,30.5,39.75,39.75,,1004.9,0,0,0,0,0,0,0,0,0,0.25,28,56.5,18.55,29.05,10.13,1.14,0.03,1008,1,73.7,60
30/08/2016,22:00:00,22,Aug-16,Rainy-2016,30.15,30.3,30.15,84.5,27.25,0.4,,0.8,2.25,,30.15,39,39,,1005.5,0,0,0,0,0,0,0,0,0,0.25,28.05,58.5,19.15,29.3,10.45,1.14,0.03,1385,1,100,60
30/08/2016,23:00:00,23,Aug-16,Rainy-2016,29.9,30.05,29.9,85.5,27.2,0.4,,0.8,2.9,,29.9,38.35,38.35,,1005.15,0,0,0,0,0,0,0,0,0,0.24,28.2,59.5,19.55,29.6,10.65,1.14,0.03,1374,1,100,60
31/08/2016,00:00:00,24,Aug-16,Rainy-2016,29.5,29.7,29.5,87.5,27.2,0.65,,1.21,2.45,,29.5,37.7,37.7,,1004.7,0,0,0,0,0,0,0,0,0,0.23,28.25,60.5,19.85,29.8,10.85,1.14,0.03,1390,1,100,60
31/08/2016,01:00:00,1,Aug-16,Rainy-2016,29.15,29.3,29.15,88.5,27.05,0.4,,0.8,1.8,,29.15,37,37,,1004,0,0,0,0,0,0,0,0,0,0.23,28.3,61,20.1,29.9,10.95,1.13,0.03,1349,1,97.6,60
31/08/2016,02:00:00,2,Aug-16,Rainy-2016,28.85,29,28.85,89.5,26.95,0.4,,0.8,2.2,,28.85,36.55,36.55,,1003.3,0,0,0,0,0,0,0,0,0,0.22,28.4,62,20.45,30.25,11.09,1.13,0.03,1400,1,100,60
31/08/2016,03:00:00,3,Aug-16,Rainy-2016,28.65,28.75,28.6,90.5,26.9,0,,0,0.9,,28.65,36,36,,1003.2,0,0,0,0,0,0,0,0,0,0.21,28.45,62,20.5,30.35,11.09,1.13,0,1397,1,100,60
31/08/2016,04:00:00,4,Aug-16,Rainy-2016,28.4,28.55,28.4,91.5,26.9,0,,0,1.55,,28.4,35.55,35.55,,1003.3,0,0,0,0,0,0,0,0,0,0.21,28.55,62.5,20.65,30.55,11.18,1.13,0,1400,1,100,60
31/08/2016,05:00:00,5,Aug-16,Rainy-2016,28.35,28.4,28.3,92,26.95,0.4,,0.8,1.1,,28.35,35.5,35.5,,1003.65,0,0,0,0,0,0,0,0,0,0.21,28.6,63,20.8,30.7,11.28,1.13,0,1397,1,100,60
31/08/2016,06:00:00,6,Aug-16,Rainy-2016,28.35,28.35,28.3,92,26.95,0.2,,0.4,2,,28.35,35.5,35.5,,1004.25,0,0,3,0.26,9,0,0,0,0,0.21,28.6,63,20.9,30.8,11.28,1.13,0,1396,1,100,60
31/08/2016,07:00:00,7,Aug-16,Rainy-2016,28.7,28.7,28.5,91,27.05,0.4,,0.8,2.25,,28.7,36.25,36.25,,1005.1,0,0,42.5,3.66,58,0.05,0.01,0.25,0,0.22,28.7,64,21.2,31.1,11.48,1.13,0.03,1362,1,99.55,60
31/08/2016,08:00:00,8,Aug-16,Rainy-2016,29,29,28.8,89,27,0.2,,0.4,1.35,,29,36.8,36.8,,1005.95,0,0,94,4.04,107,0.6,0.1,0.8,0,0.22,28.85,64,21.35,31.5,11.47,1.13,0,614,1,44.9,60
31/08/2016,09:00:00,9,Aug-16,Rainy-2016,30.3,30.3,30,83,27.1,0.2,,0.4,1.55,,30.3,39,39,,1006.3,0,0,228,9.81,274,2,0.32,2.4,0,0.25,28.85,64.5,21.45,31.6,11.57,1.13,0.1,386,1,28.2,60
31/08/2016,10:00:00,10,Aug-16,Rainy-2016,30.4,30.4,30.25,83,27.2,0.65,,1.21,2.7,,30.4,39.4,39.4,,1006.4,0,0,225.5,19.4,264.5,2.3,0.37,2.5,0,0.25,28.6,63,20.8,30.8,11.31,1.13,0.15,1357,1,99.2,60
31/08/2016,11:00:00,11,Aug-16,Rainy-2016,30.1,30.4,29.85,82.5,26.8,0.9,,1.61,3.8,,30.1,38.25,38.25,,1006.75,0,0,283,24.34,415.5,2.9,0.47,4,0,0.25,26.6,52,16,26.85,9.5,1.15,0.2,1218,1,89.05,60
31/08/2016,12:00:00,12,Aug-16,Rainy-2016,30.2,30.2,29.8,79,26.2,0.9,,1.61,4.05,,30.2,37.6,37.6,,1006.7,0,0,314.5,27.05,336.5,3.35,0.54,3.5,0,0.25,25.9,48.5,14.25,25.9,8.93,1.15,0.23,1300,1,94.25,60
31/08/2016,13:00:00,13,Aug-16,Rainy-2016,31.1,31.15,30.45,77,26.55,0.9,,1.61,3.35,,31.1,39.65,39.65,,1005.55,0,0,382,32.86,418.5,4.05,0.65,4.5,0,0.27,25.75,45.5,13.1,25.6,8.43,1.15,0.28,1389,1,100,60
31/08/2016,14:00:00,14,Aug-16,Rainy-2016,32.45,32.55,31.7,72.5,26.9,1.1,,2.01,4,,32.45,42.9,42.9,,1004.4,0,0,492.5,42.36,919.5,5.15,0.83,7.35,0,0.29,25.55,44.5,12.55,25.3,8.29,1.16,0.38,1369,1,99.55,60
31/08/2016,15:00:00,15,Aug-16,Rainy-2016,32.9,33.3,32.3,71.5,27.05,0.9,,1.61,3.8,,32.9,44,44,,1003.4,0,0,515.5,44.34,755,4.3,0.69,5.55,0,0.3,25.45,44,12.3,25.2,8.19,1.15,0.38,1326,1,95.85,60
31/08/2016,16:00:00,16,Aug-16,Rainy-2016,33,33.45,32.45,70,26.75,0.9,,1.61,3.8,,33,43.45,43.45,,1002.75,0,0,388.5,33.41,543,2.4,0.39,3.05,0,0.31,25.35,43,11.85,25,8.05,1.15,0.28,1352,1,98.75,60
31/08/2016,17:00:00,17,Aug-16,Rainy-2016,32.05,32.7,31.9,74,26.85,0.9,,1.61,3.6,,32.05,41.9,41.9,,1002.5,0,0,186,16,325,0.95,0.15,1.55,0,0.29,25.35,43.5,12,25,8.13,1.15,0.15,1281,1,93.65,60
31/08/2016,18:00:00,18,Aug-16,Rainy-2016,30.55,31.05,30.55,78.5,26.4,0.65,,1.21,3.1,,30.55,38.5,38.5,,1003,0,0,47.5,4.08,82.5,0.1,0.02,0.25,0,0.26,26.9,50,15.55,27,9.14,1.14,0.05,1232,1,90.05,60
31/08/2016,19:00:00,19,Aug-16,Rainy-2016,29.95,30.3,29.95,81.5,26.4,0.9,,1.61,3.55,,29.95,37.35,37.35,,1003.65,0,0,2,0.17,6,0,0,0,0,0.24,27.5,51.5,16.65,27.9,9.37,1.14,0.03,1084,1,79.25,60
31/08/2016,20:00:00,20,Aug-16,Rainy-2016,29.8,29.8,29.8,83.5,26.7,0.4,,0.8,2.7,,29.8,37.45,37.45,,1004.2,0,0,0,0,0,0,0,0,0,0.24,27.8,52.5,17.2,28.4,9.51,1.14,0.03,1397,1,100,60
31/08/2016,21:00:00,21,Aug-16,Rainy-2016,29.75,29.8,29.75,85.5,27.05,0.4,,0.8,2.9,,29.75,37.9,37.9,,1005.25,0,0,0,0,0,0,0,0,0,0.24,27.95,54.5,17.95,28.8,9.8,1.14,0.03,1398,1,100,60
31/08/2016,22:00:00,22,Aug-16,Rainy-2016,29.45,29.6,29.45,87,27.1,0.4,,0.8,2.9,,29.45,37.5,37.5,,1005.95,0,0,0,0,0,0,0,0,0,0.23,28.15,56,18.55,29.2,10.05,1.14,0.03,1390,1,100,60
31/08/2016,23:00:00,23,Aug-16,Rainy-2016,29.2,29.4,29.2,87,26.8,0.4,,0.8,3.35,,29.2,36.8,36.8,,1005.85,0,0,0,0,0,0,0,0,0,0.23,28.25,57.5,19.05,29.5,10.28,1.14,0.03,1395,1,100,60
01/09/2016,00:00:00,24,Sep-16,Rainy-2016,28.8,29,28.8,88.5,26.75,0.2,,0.4,2,,28.8,36.15,36.15,,1005.35,0,0,0,0,0,0,0,0,0,0.22,28.3,58,19.25,29.65,10.35,1.14,0.03,1386,1,100,60
01/09/2016,01:00:00,1,Sep-16,Rainy-2016,28.55,28.65,28.55,90,26.75,0.4,,0.8,2.7,,28.55,35.6,35.6,,1005,0,0,0,0,0,0,0,0,0,0.21,28.35,59,19.6,29.75,10.55,1.14,0.03,1387,1,100,60
01/09/2016,02:00:00,2,Sep-16,Rainy-2016,28.45,28.55,28.45,90,26.65,0.4,,0.8,2.45,,28.45,35.3,35.3,,1004.3,0,0,0,0,0,0,0,0,0,0.21,28.4,59.5,19.75,29.95,10.65,1.13,0.03,1397,1,100,60
01/09/2016,03:00:00,3,Sep-16,Rainy-2016,28.45,28.45,28.4,90,26.65,0.65,,1.21,3.35,,28.45,35.3,35.3,,1004.05,0,0,0,0,0,0,0,0,0,0.21,28.45,60,19.95,30.15,10.75,1.13,0.03,1395,1,100,60
01/09/2016,04:00:00,4,Sep-16,Rainy-2016,28.25,28.4,28.25,91,26.65,0.4,,0.8,1.8,,28.25,34.85,34.85,,1003.5,0,0,0,0,0,0,0,0,0,0.21,28.55,61,20.25,30.35,10.95,1.13,0,1397,1,100,60
01/09/2016,05:00:00,5,Sep-16,Rainy-2016,28.05,28.15,28.05,91,26.4,0.2,,0.4,1.55,,28.05,34.3,34.3,,1003.5,0,0,0,0,0,0,0,0,0,0.2,28.6,61,20.3,30.4,10.95,1.13,0,1402,1,100,60
01/09/2016,06:00:00,6,Sep-16,Rainy-2016,27.8,27.9,27.8,92,26.4,0,,0,0.9,,27.8,33.9,33.9,,1003.9,0,0,0.5,0.04,4.5,0,0,0,0,0.2,28.75,61,20.5,30.85,10.95,1.13,0,980,1,70.3,60
01/09/2016,07:00:00,7,Sep-16,Rainy-2016,28.2,28,27.95,,,0,,0,0.2,,28.2,,,,1004.7,0,0,56,2.41,56,,,,0,0.21,29,61,20.7,31.25,10.95,1.13,0,24,1,1.75,60
01/09/2016,08:00:00,8,Sep-16,Rainy-2016,29.3,29.3,29.2,85,26.5,0.45,,0.81,1.8,,29.3,36.5,36.5,,1005.25,0,0,203,8.73,211,1.3,0.21,1.3,0,0.23,28.8,62,20.8,31.1,11.07,1.13,0.13,132,1,9.65,60
01/09/2016,09:00:00,9,Sep-16,Rainy-2016,29.9,29.95,29.25,83.5,26.85,0.9,,1.61,3.8,,29.9,38.05,38.05,,1005.65,0,0,273,23.48,351.5,2.1,0.34,2.7,0,0.24,28.75,62.5,20.85,31.05,11.18,1.13,0.18,1218,1,89.05,60
01/09/2016,10:00:00,10,Sep-16,Rainy-2016,31.05,31.05,30.4,79.5,27.15,1.3,,2.41,4.05,,31.05,40.3,40.3,,1005.55,0,0,483.5,41.59,738.5,4,0.64,5.8,0,0.27,28.55,60,19.95,30.35,10.74,1.13,0.33,1358,1,99.3,60
01/09/2016,11:00:00,11,Sep-16,Rainy-2016,31.1,31.6,30.75,79,27.05,1.3,,2.41,4.95,,31.1,40.2,40.2,,1005.05,0,0,387.5,33.33,736,4.85,0.78,7.05,0,0.27,27.2,53,16.8,27.55,9.59,1.14,0.33,1216,1,88.9,60
01/09/2016,12:00:00,12,Sep-16,Rainy-2016,31.5,32.15,31.4,77,26.95,0.9,,1.61,3.8,,31.5,40.95,40.95,,1004.2,0,0,415.5,35.74,954,5.35,0.86,8.45,0,0.27,26.15,49,14.65,26.2,9.02,1.15,0.36,1233,1,90.15,60
01/09/2016,13:00:00,13,Sep-16,Rainy-2016,31.65,31.9,31.15,76,26.85,0.9,,1.61,3.8,,31.65,41,41,,1003.3,0,0,300.5,25.85,691,4.5,0.73,7.95,0,0.28,25.65,46.5,13.35,25.5,8.59,1.15,0.25,1233,1,90.15,60
01/09/2016,14:00:00,14,Sep-16,Rainy-2016,33,33.05,32.25,72.5,27.4,1.1,,2.01,3.8,,33,44.8,44.8,,1002.1,0,0,667,57.37,833.5,6.25,1.01,7.75,0,0.31,25.55,47.5,13.55,25.45,8.79,1.15,0.46,1375,1,100,60
01/09/2016,15:00:00,15,Sep-16,Rainy-2016,29.75,32.3,29.75,83.5,26.6,1.1,,2.01,4.7,,29.75,37.5,37.5,,1001.8,0.2,0,93,7.99,515.5,0.9,0.15,3.6,0,0.24,25.75,48.5,14.1,25.75,8.93,1.15,0.08,1225,1,89.55,60
01/09/2016,16:00:00,16,Sep-16,Rainy-2016,27.4,27.8,27.35,92.5,26.1,0.65,,1.21,2.9,,27.4,32.75,32.75,,1001.65,1,8.9,40.5,3.48,68.5,0.15,0.03,0.45,0,0.19,25.45,45.5,12.75,25.2,8.45,1.15,0.03,1365,1,98.9,60
01/09/2016,17:00:00,17,Sep-16,Rainy-2016,27.75,27.75,27.5,94,26.65,0,,0,1.55,,27.75,34,34,,1001.15,0,0,18.5,1.59,19.5,0,0,0,0,0.2,25.2,43.5,11.85,24.85,8.13,1.15,0.03,1354,1,99,60
01/09/2016,18:00:00,18,Sep-16,Rainy-2016,28.1,28.1,27.85,93.5,26.95,0,,0,1.1,,28.1,35.1,35.1,,1001.35,0.2,0,14,1.2,16.5,0,0,0,0,0.2,26.7,47.5,14.65,26.6,8.75,1.14,0,1348,1,97.45,60
01/09/2016,19:00:00,19,Sep-16,Rainy-2016,28.2,28.2,28.1,93,26.9,0,,0,1.3,,28.2,35.2,35.2,,1001.5,0,0,0.5,0.04,3.5,0,0,0,0,0.21,27.4,49.5,15.9,27.55,9.03,1.14,0,1401,1,100,60
01/09/2016,20:00:00,20,Sep-16,Rainy-2016,28.7,28.7,28.35,90,26.9,0.4,,0.8,1.8,,28.7,36.05,36.05,,1002.35,0,0,0,0,0,0,0,0,0,0.22,27.65,52.5,17.1,28.2,9.52,1.14,0,1404,1,100,60
01/09/2016,21:00:00,21,Sep-16,Rainy-2016,28.9,28.9,28.9,89.5,27,0.4,,0.8,2.65,,28.9,36.7,36.7,,1002.85,0,0,0,0,0,0,0,0,0,0.22,27.85,54.5,17.9,28.7,9.8,1.14,0.03,1402,1,100,60
01/09/2016,22:00:00,22,Sep-16,Rainy-2016,28.7,28.85,28.7,90,26.9,0.65,,1.21,3.15,,28.7,35.95,35.95,,1003.65,0,0,0,0,0,0,0,0,0,0.22,28.05,56.5,18.55,29.1,10.13,1.14,0.03,1400,1,100,60
01/09/2016,23:00:00,23,Sep-16,Rainy-2016,28.15,28.4,28.1,90,26.35,0.65,,1.21,2.45,,28.15,34.35,34.35,,1003.95,0,0,0,0,0,0,0,0,0,0.2,28.1,57,18.8,29.2,10.2,1.14,0.03,1402,1,100,60
02/09/2016,00:00:00,24,Sep-16,Rainy-2016,28.15,28.2,28.1,91,26.55,0.4,,0.8,1.55,,28.15,34.65,34.65,,1003.75,0,0,0,0,0,0,0,0,0,0.2,28.15,58,19.1,29.35,10.35,1.14,0,1404,1,100,60
02/09/2016,01:00:00,1,Sep-16,Rainy-2016,28.1,28.2,28.1,92,26.65,0.4,,0.8,3.35,,28.1,34.7,34.7,,1003.15,0,0,0,0,0,0,0,0,0,0.2,28.25,58.5,19.35,29.6,10.45,1.13,0,1402,1,100,60
02/09/2016,02:00:00,2,Sep-16,Rainy-2016,28.1,28.1,28.05,93,26.8,0.4,,0.8,2.45,,28.1,34.8,34.8,,1002.3,0,0,0,0,0,0,0,0,0,0.2,28.3,59.5,19.65,29.75,10.65,1.13,0,1404,1,100,60
02/09/2016,03:00:00,3,Sep-16,Rainy-2016,28,28.1,28,93,26.8,0.4,,0.8,1.8,,28,34.7,34.7,,1001.9,0,0,0,0,0,0,0,0,0,0.2,28.35,60,19.85,29.85,10.75,1.13,0,1403,1,100,60
02/09/2016,04:00:00,4,Sep-16,Rainy-2016,28.1,28.1,28.05,93,26.8,0.2,,0.4,1.8,,28.1,34.8,34.8,,1001.6,0,0,0,0,0,0,0,0,0,0.2,28.4,60,19.9,29.9,10.75,1.13,0,1400,1,100,60
02/09/2016,05:00:00,5,Sep-16,Rainy-2016,27.9,28,27.9,93.5,26.75,0,,0,1.35,,27.9,34.55,34.55,,1001.55,0,0,0,0,0,0,0,0,0,0.2,28.4,61,20.1,30.1,10.95,1.13,0,1403,1,100,60
02/09/2016,06:00:00,6,Sep-16,Rainy-2016,28.05,28.05,27.95,93.5,26.85,0.4,,0.8,2.45,,28.05,34.85,34.85,,1001.9,0,0,2,0.17,7,0,0,0,0,0.2,28.4,61,20.2,30.2,10.95,1.13,0,1404,1,100,60
02/09/2016,07:00:00,7,Sep-16,Rainy-2016,28.35,28.35,28.05,93.5,27.2,0.4,,0.8,1.8,,28.35,35.85,35.85,,1001.85,0,0,60,5.16,119.5,0.1,0.02,0.35,0,0.21,28.45,61.5,20.35,30.3,11.02,1.13,0.05,1399,1,100,60
02/09/2016,08:00:00,8,Sep-16,Rainy-2016,29.3,29.35,28.85,90,27.45,0.65,,1.21,2.9,,29.3,37.9,37.9,,1002.4,0,0,164,14.11,230.5,0.85,0.14,1.05,0,0.23,28.55,62,20.55,30.5,11.08,1.13,0.1,1402,1,100,60
02/09/2016,09:00:00,9,Sep-16,Rainy-2016,29.35,29.5,29.3,89,27.35,0.4,,0.8,2.45,,29.35,37.75,37.75,,1002.7,0,0,130,11.18,190,1.15,0.18,1.6,0,0.23,28.6,63,20.8,30.7,11.28,1.13,0.1,1246,1,90,60
02/09/2016,10:00:00,10,Sep-16,Rainy-2016,30,30.05,29.6,87,27.6,0.4,,0.8,3.1,,30,39.2,39.2,,1003.05,0,0,231.5,19.91,379.5,2.35,0.38,3.25,0,0.24,28.6,63.5,21,30.9,11.38,1.13,0.15,1401,1,100,60
02/09/2016,11:00:00,11,Sep-16,Rainy-2016,29.5,29.85,29.5,88.5,27.4,0.9,,1.61,2.7,,29.5,38.15,38.15,,1002.85,0,0,130.5,11.23,162,1.4,0.23,1.75,0,0.23,28.6,64,21.1,31,11.48,1.13,0.1,1401,1,100,60
02/09/2016,12:00:00,12,Sep-16,Rainy-2016,30.15,30.2,29.6,87,27.75,0.65,,1.21,3.55,,30.15,39.95,39.95,,1002.15,0,0,229.5,19.74,365.5,2.35,0.38,3.65,0,0.25,28.65,64.5,21.25,31.15,11.58,1.13,0.15,1401,1,100,60
02/09/2016,13:00:00,13,Sep-16,Rainy-2016,30.95,31.15,30.45,82.5,27.65,0.9,,1.61,3.1,,30.95,40.9,40.9,,1001.25,0,0,337,28.98,737.5,3.55,0.57,6.4,0,0.26,28.7,65,21.45,31.35,11.68,1.13,0.25,1399,1,100,60
02/09/2016,14:00:00,14,Sep-16,Rainy-2016,32,32.2,31.2,78.5,27.75,0.9,,1.61,3.15,,32,43.45,43.45,,1000,0,0,512,44.04,637.5,4.25,0.69,5.05,0,0.28,28.75,65.5,21.65,31.55,11.78,1.12,0.36,1404,1,100,60
02/09/2016,15:00:00,15,Sep-16,Rainy-2016,31.95,32.3,31.9,76.5,27.3,0.9,,1.61,3.8,,31.95,42.55,42.55,,998.85,0,0,299,25.72,580.5,2.5,0.4,3.55,0,0.28,28.8,66,21.8,31.7,11.87,1.12,0.23,1404,1,100,60
02/09/2016,16:00:00,16,Sep-16,Rainy-2016,31.5,31.7,31.5,79.5,27.55,0.4,,0.8,2.7,,31.5,41.85,41.85,,998.15,0,0,139,11.95,171.5,1.2,0.2,1.35,0,0.27,28.8,66,21.8,31.75,11.87,1.12,0.1,1402,1,100,60
02/09/2016,17:00:00,17,Sep-16,Rainy-2016,31.7,31.75,31.55,77.5,27.3,0.4,,0.8,1.8,,31.7,42.1,42.1,,998.3,0,0,130,11.18,166,0.75,0.12,0.9,0,0.28,28.8,67,22.1,32,12.07,1.12,0.1,1402,1,100,60
02/09/2016,18:00:00,18,Sep-16,Rainy-2016,31.15,31.55,31.15,80.5,27.45,0.4,,0.8,2.45,,31.15,41.05,41.05,,998.6,0,0,54.5,4.68,81,0,0,0,0,0.27,28.9,67,22.1,32.2,12.07,1.12,0.05,1401,1,100,60
02/09/2016,19:00:00,19,Sep-16,Rainy-2016,30.3,30.65,30.3,85,27.5,0.4,,0.8,3.15,,30.3,39.85,39.85,,999.45,0,0,0.5,0.04,3.5,0,0,0,0,0.25,28.85,67,22.1,32.1,12.07,1.12,0,1400,1,100,60
02/09/2016,20:00:00,20,Sep-16,Rainy-2016,30.1,30.15,30.1,86.5,27.6,0.4,,0.8,2.45,,30.1,39.35,39.35,,1000.2,0,0,0,0,0,0,0,0,0,0.24,28.9,67,22.1,32.2,12.07,1.12,0.03,1403,1,100,60
02/09/2016,21:00:00,21,Sep-16,Rainy-2016,29.75,29.95,29.75,88,27.55,0.4,,0.8,3.35,,29.75,38.7,38.7,,1001.1,0,0,0,0,0,0,0,0,0,0.24,28.9,68,22.4,32.4,12.27,1.12,0.03,1404,1,100,60
02/09/2016,22:00:00,22,Sep-16,Rainy-2016,29.5,29.65,29.5,89.5,27.55,0.65,,1.21,4.25,,29.5,38.35,38.35,,1001.65,0,0,0,0,0,0,0,0,0,0.23,28.9,68,22.4,32.4,12.27,1.12,0.03,1404,1,100,60
02/09/2016,23:00:00,23,Sep-16,Rainy-2016,29.25,29.35,29.25,90,27.45,0.9,,1.61,3.35,,29.25,37.65,37.65,,1001.6,0,0,0,0,0,0,0,0,0,0.23,28.9,68,22.4,32.4,12.27,1.12,0.03,1403,1,100,60
03/09/2016,00:00:00,24,Sep-16,Rainy-2016,29.05,29.2,29.05,90,27.25,0.65,,1.21,2.45,,29.05,37.15,37.15,,1001.35,0,0,0,0,0,0,0,0,0,0.22,29,68,22.5,32.6,12.27,1.12,0.03,1403,1,100,60
03/09/2016,01:00:00,1,Sep-16,Rainy-2016,28.9,29,28.9,91,27.3,0.4,,0.8,2.25,,28.9,37.1,37.1,,1000.6,0,0,0,0,0,0,0,0,0,0.22,29,68,22.5,32.6,12.27,1.12,0,1401,1,100,60
03/09/2016,02:00:00,2,Sep-16,Rainy-2016,27.5,28.5,27.5,89.5,25.6,1.1,,2.01,4.25,,27.5,32.45,32.45,,1000.45,0.4,0.4,0,0,0,0,0,0,0,0.19,29,69,22.7,32.8,12.38,1.12,0.03,1402,1,100,60
03/09/2016,03:00:00,3,Sep-16,Rainy-2016,26.55,26.75,26.5,93,25.3,0.65,,1.21,3.8,,26.55,30.55,30.55,,1000.1,0,0,0,0,0,0,0,0,0,0.17,29,69,22.7,32.8,12.38,1.12,0,1395,1,100,60
03/09/2016,04:00:00,4,Sep-16,Rainy-2016,26.35,26.5,26.3,95,25.5,0,,0,0.65,,26.35,30.5,30.5,,1000.1,0.2,0,0,0,0,0,0,0,0,0.17,29,69,22.7,32.8,12.38,1.12,0,1397,1,100,60
03/09/2016,05:00:00,5,Sep-16,Rainy-2016,26.5,26.5,26.4,96,25.8,0,,0,1.1,,26.5,30.9,30.9,,1000.15,0.4,0,0,0,0,0,0,0,0,0.17,29,69.5,22.85,32.85,12.49,1.12,0,1403,1,100,60
03/09/2016,06:00:00,6,Sep-16,Rainy-2016,26.25,26.4,26.25,96,25.55,0.4,,0.8,1.55,,26.25,30.35,30.35,,1000.4,0,0,0,0,0,0,0,0,0,0.17,29,69.5,22.85,32.85,12.49,1.12,0,1390,1,100,60
03/09/2016,07:00:00,7,Sep-16,Rainy-2016,26.3,26.35,26.25,96,25.6,0.4,,0.8,1.8,,26.3,30.5,30.5,,1000.9,1.2,2.9,13.5,1.16,23,0,0,0,0,0.17,29,70,23,32.9,12.6,1.12,0,1399,1,100,60
03/09/2016,08:00:00,8,Sep-16,Rainy-2016,26.55,26.55,26.35,96,25.85,0.4,,0.8,1.55,,26.55,31.1,31.1,,1001.15,0.6,1.6,57.5,4.95,116,0.15,0.03,0.55,0,0.17,29,70,23,32.9,12.6,1.12,0.03,1404,1,100,60
03/09/2016,09:00:00,9,Sep-16,Rainy-2016,27.8,27.85,27.15,94,26.75,0,,0,1.35,,27.8,34.3,34.3,,1002.05,0,0,146,12.55,204,1,0.16,1.2,0,0.2,29,70,23,32.9,12.6,1.12,0.1,1405,1,100,60
03/09/2016,10:00:00,10,Sep-16,Rainy-2016,28.6,28.65,28.1,89.5,26.75,0.2,,0.4,1.55,,28.6,35.7,35.7,,1002.25,0,0,184,15.83,232,1.75,0.28,2.2,0,0.21,29.05,70,23,33,12.6,1.12,0.13,1401,1,100,60
03/09/2016,11:00:00,11,Sep-16,Rainy-2016,30.25,30.25,29.5,84.5,27.35,0.65,,1.21,2.7,,30.25,39.25,39.25,,1002,0,0,409,35.18,668,3.9,0.63,5.55,0,0.25,29.1,70,23,33.1,12.59,1.12,0.28,1402,1,100,60
03/09/2016,12:00:00,12,Sep-16,Rainy-2016,31.25,31.55,30.55,80,27.4,0.4,,0.8,1.8,,31.25,41,41,,1001.65,0,0,462,39.74,840.5,4.65,0.75,6.85,0,0.27,29.1,70,23.1,33.2,12.59,1.12,0.33,1403,1,100,60
03/09/2016,13:00:00,13,Sep-16,Rainy-2016,31.3,31.6,31.05,81.5,27.7,0.4,,0.8,2,,31.3,41.7,41.7,,1000.65,0,0,267.5,23.01,510.5,3.25,0.52,4.8,0,0.27,29.1,70,23.1,33.2,12.59,1.12,0.2,1399,1,100,60
03/09/2016,14:00:00,14,Sep-16,Rainy-2016,30.4,31.35,30.4,82.5,27.05,0.65,,1.21,2,,30.4,38.9,38.9,,999.6,0,0,261.5,22.49,417.5,2.7,0.44,3.9,0,0.25,29.1,70,23.1,33.2,12.59,1.12,0.2,1403,1,100,60
03/09/2016,15:00:00,15,Sep-16,Rainy-2016,30.25,30.65,28.9,87,27.8,0.2,,0.4,1.35,,30.25,40.35,40.35,,998.4,3,29.4,318.5,27.39,471,2.25,0.36,3.05,0,0.25,29.1,70,23.1,33.2,12.59,1.12,0.2,1404,1,100,60
03/09/2016,16:00:00,16,Sep-16,Rainy-2016,31.85,32.15,31.45,82.5,28.5,0.4,,0.8,1.55,,31.85,45.15,45.15,,997.6,0,0,355.5,30.58,487,1.9,0.31,2.25,0,0.28,29.15,70,23.1,33.25,12.59,1.12,0.25,1395,1,100,60
03/09/2016,17:00:00,17,Sep-16,Rainy-2016,31.2,31.55,31.15,79.5,27.2,0.2,,0.4,2.25,,31.2,40.45,40.45,,997.75,0,0,105,9.03,139.5,0.55,0.09,0.75,0,0.27,29.2,71,23.4,33.5,12.87,1.12,0.08,1400,1,100,60
03/09/2016,18:00:00,18,Sep-16,Rainy-2016,30.4,30.9,30.4,81,26.75,0.4,,0.8,2.7,,30.4,38.6,38.6,,998.55,0,0,32.5,2.79,51.5,0,0,0,0,0.25,29.15,71,23.35,33.45,12.87,1.12,0.03,1401,1,100,60
03/09/2016,19:00:00,19,Sep-16,Rainy-2016,29.7,30,29.7,86.5,27.2,0.4,,0.8,1.8,,29.7,38.1,38.1,,999.4,0,0,1,0.09,5.5,0,0,0,0,0.24,29.1,71,23.3,33.4,12.87,1.12,0,1402,1,100,60
03/09/2016,20:00:00,20,Sep-16,Rainy-2016,29.25,29.5,29.25,87,26.9,0.4,,0.8,1.55,,29.25,37,37,,1000.7,0,0,0,0,0,0,0,0,0,0.23,29.2,71,23.4,33.5,12.87,1.12,0.03,1405,1,100,60
03/09/2016,21:00:00,21,Sep-16,Rainy-2016,28.85,29,28.85,87,26.55,0.2,,0.4,2.2,,28.85,36.05,36.05,,1001.6,0,0,0,0,0,0,0,0,0,0.22,29.2,71,23.4,33.5,12.87,1.12,0.03,1403,1,100,60
03/09/2016,22:00:00,22,Sep-16,Rainy-2016,28.65,28.8,28.65,88,26.45,0,,0,1.35,,28.65,35.45,35.45,,1002.2,0,0,0,0,0,0,0,0,0,0.21,29.2,71,23.4,33.5,12.87,1.12,0.03,1403,1,100,60
03/09/2016,23:00:00,23,Sep-16,Rainy-2016,28.65,28.65,28.55,89.5,26.75,0.2,,0.4,1.75,,28.65,35.85,35.85,,1002.15,0,0,0,0,0,0,0,0,0,0.22,29.2,71,23.4,33.5,12.87,1.12,0.03,1399,1,100,60
04/09/2016,00:00:00,24,Sep-16,Rainy-2016,28.6,28.75,28.55,89.5,26.7,0,,0,1.1,,28.6,35.6,35.6,,1001.85,0,0,0,0,0,0,0,0,0,0.21,29.2,71,23.4,33.5,12.87,1.12,0,1401,1,100,60
04/09/2016,01:00:00,1,Sep-16,Rainy-2016,28.4,28.5,28.35,90.5,26.7,0,,0,0.9,,28.4,35.25,35.25,,1001.55,0,0,0,0,0,0,0,0,0,0.21,29.2,71,23.4,33.5,12.87,1.12,0,1399,1,100,60
04/09/2016,02:00:00,2,Sep-16,Rainy-2016,28.3,28.4,28.3,91,26.7,0,,0,1.35,,28.3,35.2,35.2,,1001.25,0,0,0,0,0,0,0,0,0,0.21,29.2,71,23.4,33.5,12.87,1.12,0,1400,1,100,60
04/09/2016,03:00:00,3,Sep-16,Rainy-2016,28.2,28.25,28.15,92.5,26.8,0,,0,0,,28.2,35.05,35.05,,1000.95,0,0,0,0,0,0,0,0,0,0.21,29.2,71,23.4,33.5,12.87,1.12,0,1403,1,100,60
04/09/2016,04:00:00,4,Sep-16,Rainy-2016,27.75,28,27.7,93,26.5,0,,0,0.45,,27.75,33.95,33.95,,1000.7,0,0,0,0,0,0,0,0,0,0.2,29.2,71,23.4,33.5,12.87,1.12,0,1402,1,100,60
04/09/2016,05:00:00,5,Sep-16,Rainy-2016,27.55,27.65,27.45,94.5,26.55,0,,0,0.85,,27.55,33.5,33.5,,1000.9,0,0,0,0,0,0,0,0,0,0.19,29.2,71,23.4,33.5,12.87,1.12,0,1403,1,100,60
04/09/2016,06:00:00,6,Sep-16,Rainy-2016,27.5,27.6,27.45,94,26.45,0.2,,0.4,1.1,,27.5,33.35,33.35,,1001.4,0,0,2.5,0.22,6,0,0,0,0,0.19,29.2,72,23.6,33.7,13.25,1.12,0,1403,1,100,60
04/09/2016,07:00:00,7,Sep-16,Rainy-2016,27.7,27.7,27.45,92.5,26.4,0,,0,1.3,,27.7,33.7,33.7,,1002.05,0,0,51.5,4.43,74.5,0.05,0.01,0.25,0,0.2,29.2,72,23.6,33.7,13.25,1.12,0.03,1402,1,100,60
04/09/2016,08:00:00,8,Sep-16,Rainy-2016,28.95,28.95,28.35,87.5,26.65,0.4,,0.8,2.2,,28.95,36.25,36.25,,1002.5,0,0,142.5,12.26,226,0.75,0.12,1,0,0.22,29.25,71,23.45,33.65,12.87,1.12,0.1,592,1,43.3,60
04/09/2016,09:00:00,9,Sep-16,Rainy-2016,29.45,30,29.1,85.5,26.75,0.65,,1.21,2.65,,29.45,37.05,37.05,,1002.75,0,0,214.5,18.45,450,1.65,0.27,2.3,0,0.23,29.2,72,23.7,33.8,13.25,1.12,0.15,989,1,72.3,60
04/09/2016,10:00:00,10,Sep-16,Rainy-2016,30.55,30.6,29.75,80,26.75,0.65,,1.21,2.45,,30.55,38.8,38.8,,1003.05,0,0,353.5,30.4,723.5,3.45,0.56,5.05,0,0.25,29.2,72,23.7,33.8,13.25,1.12,0.25,1236,1,90.35,60
04/09/2016,11:00:00,11,Sep-16,Rainy-2016,30.6,30.8,30.55,80.5,26.8,0.65,,1.21,1.8,,30.6,39.1,39.1,,1003,0,0,280,24.08,450,3.2,0.52,4.6,0,0.26,28.55,63.5,20.85,31.25,11.55,1.13,0.2,1246,1,91.1,60
04/09/2016,12:00:00,12,Sep-16,Rainy-2016,31.45,31.6,30.65,78.5,27.25,0.4,,0.8,2.9,,31.45,41.1,41.1,,1002.35,0,0,336,28.9,445.5,3.7,0.6,4.8,0,0.27,25.7,47.5,13.65,25.6,8.74,1.15,0.23,1314,1,96.05,60
04/09/2016,13:00:00,13,Sep-16,Rainy-2016,31.3,31.5,30.7,79.5,27.3,0.65,,1.21,2.65,,31.3,41.15,41.15,,1001.6,0,0,346,29.76,625,4.2,0.68,6.5,0,0.27,24.5,44.5,11.65,24.3,8.33,1.16,0.28,1301,1,95.1,60
04/09/2016,14:00:00,14,Sep-16,Rainy-2016,29.7,31.1,28.95,85.5,27,0.65,,1.21,2.65,,29.7,38,38,,1000.85,0.8,7.3,246,21.16,445.5,2.8,0.45,5.15,0,0.24,24,43.5,10.8,23.75,8.15,1.16,0.18,1343,1,96.95,60
04/09/2016,15:00:00,15,Sep-16,Rainy-2016,31.9,32.3,31.15,76,27.2,0.4,,0.8,1.55,,31.9,42.3,42.3,,1000,0,0,422.5,36.34,653,3.45,0.56,4.7,0,0.28,24.3,45,11.6,24.1,8.39,1.16,0.3,1115,1,81.5,60
04/09/2016,16:00:00,16,Sep-16,Rainy-2016,29.6,31.1,29.6,83,26.4,0.4,,0.8,2.7,,29.6,37,37,,999.5,0.8,6.6,145.5,12.52,277,0.95,0.16,1.35,0,0.24,24.85,45,12.05,24.55,8.42,1.15,0.1,1313,1,96,60
04/09/2016,17:00:00,17,Sep-16,Rainy-2016,30.1,30.3,29.35,85,27.3,0.65,,1.21,2,,30.1,39,39,,999.3,0,0,156.5,13.46,271.5,0.95,0.15,1.2,0,0.25,25.05,45.5,12.45,24.8,8.46,1.15,0.1,1399,1,100,60
04/09/2016,18:00:00,18,Sep-16,Rainy-2016,30.15,30.3,30.15,83,26.95,0.4,,0.8,2.45,,30.15,38.55,38.55,,999.6,0,0,61.5,5.29,119,0.05,0.01,0.25,0,0.25,26.4,50,15.15,26.5,9.16,1.14,0.05,1356,1,99.15,60
04/09/2016,19:00:00,19,Sep-16,Rainy-2016,29.65,29.9,29.65,83.5,26.55,0.65,,1.21,2.9,,29.65,37.15,37.15,,1000.7,0,0,0.5,0.04,3.5,0,0,0,0,0.24,27.1,53,16.7,27.45,9.6,1.14,0,1398,1,100,60
04/09/2016,20:00:00,20,Sep-16,Rainy-2016,29.15,29.4,29.15,86,26.55,0.65,,1.21,2.65,,29.15,36.4,36.4,,1001.8,0,0,0,0,0,0,0,0,0,0.23,27.4,55.5,17.7,28.1,9.95,1.14,0.03,1401,1,100,60
04/09/2016,21:00:00,21,Sep-16,Rainy-2016,29.15,29.25,29.1,86,26.55,0.65,,1.21,3.6,,29.15,36.4,36.4,,1002.35,0,0,0,0,0,0,0,0,0,0.23,27.65,57.5,18.5,28.6,10.27,1.14,0.03,1392,1,100,60
04/09/2016,22:00:00,22,Sep-16,Rainy-2016,28.4,28.9,28.4,91,26.75,0.2,,0.4,1.35,,28.4,35.35,35.35,,1002.8,1,5.1,0,0,0,0,0,0,0,0.21,27.75,59,19,28.85,10.55,1.14,0.03,1402,1,100,60
04/09/2016,23:00:00,23,Sep-16,Rainy-2016,27.6,27.9,27.55,93.5,26.5,0,,0,1.55,,27.6,33.55,33.55,,1002.55,0.6,7.3,0,0,0,0,0,0,0,0.19,27.85,60,19.4,29.15,10.75,1.13,0,1400,1,100,60
05/09/2016,00:00:00,24,Sep-16,Rainy-2016,27.75,27.75,27.6,92,26.3,0.4,,0.8,1.8,,27.75,33.6,33.6,,1002.2,0,0,0,0,0,0,0,0,0,0.2,27.9,60.5,19.6,29.35,10.85,1.13,0,1398,1,100,60
05/09/2016,01:00:00,1,Sep-16,Rainy-2016,27.65,27.75,27.65,92.5,26.25,0.4,,0.8,2,,27.65,33.35,33.35,,1002.05,0,0,0,0,0,0,0,0,0,0.19,28,61,19.8,29.4,10.95,1.13,0,1398,1,100,60
05/09/2016,02:00:00,2,Sep-16,Rainy-2016,27.6,27.6,27.5,93,26.3,0.4,,0.8,1.8,,27.6,33.3,33.3,,1001.65,0,0,0,0,0,0,0,0,0,0.19,28.1,62,20.1,29.7,11.1,1.13,0,1401,1,100,60
05/09/2016,03:00:00,3,Sep-16,Rainy-2016,27.3,27.7,27.25,93.5,26.1,0.4,,0.8,2.25,,27.3,32.65,32.65,,1001.45,4,24.8,0,0,0,0,0,0,0,0.19,28.15,62,20.15,29.75,11.1,1.13,0,1400,1,100,60
05/09/2016,04:00:00,4,Sep-16,Rainy-2016,26.5,26.8,26.5,95.5,25.75,0.4,,0.8,1.55,,26.5,30.95,30.95,,1001,3.2,11.8,0,0,0,0,0,0,0,0.17,28.2,63.5,20.65,30.05,11.4,1.13,0,1404,1,100,60
05/09/2016,05:00:00,5,Sep-16,Rainy-2016,26.6,26.6,26.5,96,25.9,0,,0,1.55,,26.6,31.15,31.15,,1000.9,0,0,0,0,0,0,0,0,0,0.17,28.2,64.5,20.9,30.25,11.59,1.13,0,1404,1,100,60
05/09/2016,06:00:00,6,Sep-16,Rainy-2016,26.65,26.7,26.6,95,25.75,0.2,,0.4,1.8,,26.65,31.15,31.15,,1001.3,0,0,1.5,0.13,3.5,0,0,0,0,0.17,28.25,65,21.05,30.35,11.69,1.13,0,1401,1,100,60
05/09/2016,07:00:00,7,Sep-16,Rainy-2016,26.8,26.8,26.65,95,25.95,0,,0,0.9,,26.8,31.55,31.55,,1001.65,0,0,43,3.69,74,0,0,0.25,0,0.18,28.3,65.5,21.2,30.5,11.79,1.13,0.03,1399,1,100,60
05/09/2016,08:00:00,8,Sep-16,Rainy-2016,27.15,27.2,27,93,25.9,0.4,,0.8,2.2,,27.15,32.05,32.05,,1002.1,0,0,76.5,6.58,133.5,0.4,0.06,0.9,0,0.18,28.3,66,21.4,30.7,11.89,1.13,0.05,1404,1,100,60
05/09/2016,09:00:00,9,Sep-16,Rainy-2016,27.85,28,27.35,91,26.25,0.4,,0.8,2,,27.85,33.75,33.75,,1002.6,0,0,135,11.61,302,1.1,0.18,1.8,0,0.2,28.3,66,21.4,30.7,11.89,1.13,0.1,1401,1,100,60
05/09/2016,10:00:00,10,Sep-16,Rainy-2016,29.5,29.9,28.8,85,26.75,0.4,,0.8,2.9,,29.5,37.05,37.05,,1002.7,0,0,236,20.29,539,2.45,0.4,5,0,0.23,27.55,59,18.7,28.85,10.72,1.14,0.18,1401,1,100,60
05/09/2016,11:00:00,11,Sep-16,Rainy-2016,30.15,30.4,29.75,84.5,27.25,0.4,,0.8,2.2,,30.15,38.9,38.9,,1002.4,0,0,307,26.4,632.5,3.3,0.53,5.6,0,0.25,24.8,45.5,12.2,24.55,8.47,1.16,0.23,1401,1,100,60
05/09/2016,12:00:00,12,Sep-16,Rainy-2016,31.55,31.85,30.4,77.5,27.1,0.9,,1.61,3.35,,31.55,41.25,41.25,,1001.9,0,0,518.5,44.59,866.5,5.5,0.88,8.3,0,0.28,25.1,46.5,12.8,24.85,8.61,1.15,0.36,1247,1,91.15,60
05/09/2016,13:00:00,13,Sep-16,Rainy-2016,31.8,32.3,31.3,77,27.2,0.9,,1.61,3.35,,31.8,42.1,42.1,,1001.15,0,0,574.5,49.42,825,5.6,0.9,7.6,0,0.28,25.3,47.5,13.35,25.15,8.8,1.15,0.38,1017,1,74.3,60
05/09/2016,14:00:00,14,Sep-16,Rainy-2016,31.2,32.4,31.15,79.5,27.2,0.9,,1.61,3.35,,31.2,40.9,40.9,,1000.65,1.6,42.7,324,27.87,571.5,3.65,0.59,6.55,0,0.27,25.3,47,13.2,25.15,8.7,1.15,0.25,890,1,65.05,60
05/09/2016,15:00:00,15,Sep-16,Rainy-2016,28.45,29.75,28.25,88.5,26.35,0.9,,1.61,4.25,,28.45,34.9,34.9,,1000.25,0.8,2.7,102.5,8.81,179,1,0.16,1.75,0,0.21,25.1,45.5,12.45,24.8,8.46,1.15,0.08,1024,1,74.85,60
05/09/2016,16:00:00,16,Sep-16,Rainy-2016,27.95,28,27.6,94,26.9,0.4,,0.8,1.8,,27.95,34.7,34.7,,999.55,0.4,0.8,91.5,7.87,160,0.55,0.09,0.9,0,0.2,24.85,44.5,11.9,24.55,8.32,1.15,0.08,846,1,61.85,60
05/09/2016,17:00:00,17,Sep-16,Rainy-2016,29.4,29.4,28.75,89.5,27.5,0.2,,0.4,1.3,,29.4,38,38,,999.1,0,0,203,17.46,261,1,0.16,1.15,0,0.23,24.75,45.5,12.2,24.55,8.47,1.15,0.13,999,1,73.05,60
05/09/2016,18:00:00,18,Sep-16,Rainy-2016,28.65,29.15,28.65,90,26.85,0.65,,1.21,4.05,,28.65,35.95,35.95,,999.4,0.8,5,37.5,3.22,82.5,0.05,0.01,0.3,0,0.21,26.15,50,14.95,26.25,9.17,1.14,0.03,1192,1,86.1,60
05/09/2016,19:00:00,19,Sep-16,Rainy-2016,28.45,28.65,28.45,89.5,26.55,0.4,,0.8,3.35,,28.45,35.05,35.05,,1000.35,0,0,0,0,2.5,0,0,0,0,0.21,26.8,52.5,16.25,27,9.55,1.14,0,1383,1,100,60
05/09/2016,20:00:00,20,Sep-16,Rainy-2016,28.2,28.25,28.2,91,26.6,0.4,,0.8,2,,28.2,34.8,34.8,,1001.4,0,0,0,0,0,0,0,0,0,0.21,27.15,54.5,17.1,27.55,9.8,1.14,0,1379,1,100,60
05/09/2016,21:00:00,21,Sep-16,Rainy-2016,28.3,28.35,28.25,90.5,26.6,0.4,,0.8,2.45,,28.3,35.05,35.05,,1002.15,0,0,0,0,0,0,0,0,0,0.21,27.3,56.5,17.9,28,10.11,1.14,0,1401,1,100,60
05/09/2016,22:00:00,22,Sep-16,Rainy-2016,28.15,28.25,28.1,91,26.55,0.4,,0.8,2,,28.15,34.7,34.7,,1002.15,0,0,0,0,0,0,0,0,0,0.21,27.4,58.5,18.55,28.3,10.45,1.14,0,1402,1,100,60
05/09/2016,23:00:00,23,Sep-16,Rainy-2016,28.15,28.2,28.15,91,26.55,0.4,,0.8,2.45,,28.15,34.7,34.7,,1001.85,0,0,0,0,0,0,0,0,0,0.21,27.55,59.5,18.95,28.6,10.65,1.14,0,1398,1,100,60
06/09/2016,00:00:00,24,Sep-16,Rainy-2016,28.25,28.3,28.15,89,26.25,0.4,,0.8,3.1,,28.25,34.5,34.5,,1001.75,0,0,0,0,0,0,0,0,0,0.21,27.6,60.5,19.25,28.75,10.85,1.14,0.03,1391,1,100,60
06/09/2016,01:00:00,1,Sep-16,Rainy-2016,28.1,28.2,28.1,89.5,26.2,0.4,,0.8,2.65,,28.1,34.2,34.2,,1001.4,0,0,0,0,0,0,0,0,0,0.2,27.7,61.5,19.65,29,11.03,1.13,0.03,1387,1,100,60
06/09/2016,02:00:00,2,Sep-16,Rainy-2016,27.9,28.05,27.9,89,25.95,0.4,,0.8,2.45,,27.9,33.55,33.55,,1001.05,0,0,0,0,0,0,0,0,0,0.2,27.7,62,19.8,29.1,11.11,1.13,0.03,1401,1,100,60
06/09/2016,03:00:00,3,Sep-16,Rainy-2016,27.65,27.75,27.65,89,25.65,0.4,,0.8,2.7,,27.65,32.9,32.9,,1000.7,0,0,0,0,0,0,0,0,0,0.19,27.8,62,19.85,29.25,11.11,1.13,0.03,1396,1,100,60
06/09/2016,04:00:00,4,Sep-16,Rainy-2016,27.5,27.55,27.45,89,25.5,0.4,,0.8,2.9,,27.5,32.4,32.4,,1000.7,0,0,0,0,0,0,0,0,0,0.19,27.8,63,20.1,29.4,11.31,1.13,0.03,1379,1,100,60
06/09/2016,05:00:00,5,Sep-16,Rainy-2016,27.25,27.35,27.25,89,25.25,0.4,,0.8,2,,27.25,31.7,31.7,,1000.8,0,0,0,0,0,0,0,0,0,0.19,27.85,63,20.15,29.45,11.31,1.13,0.03,1391,1,100,60
06/09/2016,06:00:00,6,Sep-16,Rainy-2016,27.2,27.2,27.15,90,25.4,0.65,,1.21,3.35,,27.2,31.75,31.75,,1001,0,0,0,0,0,0,0,0,0,0.18,27.9,64,20.4,29.6,11.51,1.13,0,1369,1,99.55,60
06/09/2016,07:00:00,7,Sep-16,Rainy-2016,27.2,27.2,27.15,90.5,25.5,0.4,,0.8,2.7,,27.2,31.8,31.8,,1001.55,0,0,9,0.78,15,0,0,0,0,0.18,27.9,64,20.5,29.7,11.5,1.13,0,541,1,39.55,60
06/09/2016,08:00:00,8,Sep-16,Rainy-2016,27.6,27.6,27.3,90.5,25.9,0.4,,0.8,2,,27.6,33,33,,1002.1,0,0,60.5,5.21,81,0.3,0.05,0.55,0,0.19,28,64,20.55,29.8,11.5,1.13,0.05,398,1,29.1,60
06/09/2016,09:00:00,9,Sep-16,Rainy-2016,27.95,28.1,27.8,90,26.15,0.65,,1.21,1.75,,27.95,33.85,33.85,,1002.95,0,0,95.5,8.22,149.5,0.85,0.14,1.25,0,0.2,28.05,64.5,20.75,29.95,11.6,1.13,0.05,964,1,70.1,60
06/09/2016,10:00:00,10,Sep-16,Rainy-2016,28.5,28.7,28,90,26.7,0.65,,1.21,2.9,,28.5,35.45,35.45,,1003.1,0,0,145.5,12.51,262,1.35,0.22,2.15,0,0.21,28,65.5,20.95,30,11.8,1.13,0.1,1321,1,96.55,60
06/09/2016,11:00:00,11,Sep-16,Rainy-2016,29.6,29.8,28.85,87,27.2,0.65,,1.21,2.9,,29.6,38,38,,1002.9,0,0,285,24.51,407.5,2.95,0.48,4.35,0,0.24,26.3,54.5,16.4,26.65,9.85,1.15,0.2,1332,1,97,60
06/09/2016,12:00:00,12,Sep-16,Rainy-2016,30.9,31.2,30.2,83.5,27.8,0.9,,1.61,3.6,,30.9,41.2,41.2,,1002.45,0,0,368,31.65,689,4.55,0.73,7.95,0,0.26,25.4,49.5,14.05,25.35,9.1,1.15,0.3,1359,1,98.9,60
06/09/2016,13:00:00,13,Sep-16,Rainy-2016,30.55,31.15,30.45,84.5,27.6,0.9,,1.61,3.55,,30.55,40.5,40.5,,1001.75,0,0,256.5,22.06,594.5,3.4,0.55,6.05,0,0.25,25.05,47.5,13.1,24.85,8.81,1.15,0.2,1394,1,100,60
06/09/2016,14:00:00,14,Sep-16,Rainy-2016,30.35,30.55,30.25,83.5,27.25,0.9,,1.61,3.35,,30.35,39.45,39.45,,1000.95,0,0,200.5,17.24,325.5,2,0.32,3.1,0,0.25,24.9,45.5,12.3,24.65,8.46,1.15,0.15,1392,1,100,60
06/09/2016,15:00:00,15,Sep-16,Rainy-2016,30.5,30.7,29.9,83.5,27.35,0.65,,1.21,2.7,,30.5,39.65,39.65,,1000.2,0,0,235,20.21,382.5,1.9,0.31,3.1,0,0.25,25.15,49.5,13.8,25.05,9.08,1.15,0.15,1350,1,98.7,60
06/09/2016,16:00:00,16,Sep-16,Rainy-2016,31.1,31.15,30.75,79.5,27.1,0.9,,1.61,3.35,,31.1,40,40,,999.65,0,0,158.5,13.63,358.5,1.1,0.18,1.65,0,0.27,25.35,54.5,15.5,25.6,9.88,1.15,0.13,1270,1,92.85,60
06/09/2016,17:00:00,17,Sep-16,Rainy-2016,30.6,31.15,30.6,81.5,27.1,0.65,,1.21,3.15,,30.6,39.6,39.6,,999.6,0.4,10,105,9.03,252.5,0.5,0.08,1.1,0,0.26,25.2,48.5,13.55,25.1,8.95,1.15,0.08,1370,1,99.5,60
06/09/2016,18:00:00,18,Sep-16,Rainy-2016,28.75,29.6,28.7,92,27.25,0.4,,0.8,2,,28.75,36.7,36.7,,999.95,3.4,36.9,33.5,2.88,69.5,0,0,0,0,0.22,26.35,50.5,15.25,26.45,9.26,1.14,0.03,1394,1,100,60
06/09/2016,19:00:00,19,Sep-16,Rainy-2016,28.7,28.75,28.6,90,26.9,0.4,,0.8,2.25,,28.7,36.1,36.1,,1000.8,0,0,0,0,0,0,0,0,0,0.22,26.9,54,16.8,27.25,9.75,1.14,0,1404,1,100,60
06/09/2016,20:00:00,20,Sep-16,Rainy-2016,28.65,28.75,28.65,90,26.85,0.4,,0.8,1.8,,28.65,35.85,35.85,,1001.65,0,0,0,0,0,0,0,0,0,0.21,27.15,55.5,17.5,27.7,9.95,1.14,0,1403,1,100,60
06/09/2016,21:00:00,21,Sep-16,Rainy-2016,28.55,28.6,28.5,89,26.55,0.4,,0.8,1.8,,28.55,35.4,35.4,,1002.25,0,0,0,0,0,0,0,0,0,0.21,27.3,57.5,18.15,28.1,10.26,1.14,0.03,1399,1,100,60
06/09/2016,22:00:00,22,Sep-16,Rainy-2016,28.4,28.45,28.4,88.5,26.35,0.4,,0.8,2.7,,28.4,34.85,34.85,,1002.65,0,0,0,0,0,0,0,0,0,0.21,27.4,58.5,18.55,28.35,10.45,1.14,0.03,1405,1,100,60
06/09/2016,23:00:00,23,Sep-16,Rainy-2016,28.35,28.45,28.35,89.5,26.5,0.2,,0.4,0.65,,28.35,34.9,34.9,,1002.8,0,0,0,0,0,0,0,0,0,0.21,27.55,59.5,18.95,28.6,10.65,1.14,0,1401,1,100,60
07/09/2016,00:00:00,24,Sep-16,Rainy-2016,28.2,28.25,28.15,90.5,26.5,0.4,,0.8,1.55,,28.2,34.6,34.6,,1002.65,0,0,0,0,0,0,0,0,0,0.21,27.6,60,19.1,28.7,10.75,1.14,0,1404,1,100,60
07/09/2016,01:00:00,1,Sep-16,Rainy-2016,28.2,28.2,28.2,90.5,26.5,0.2,,0.4,2,,28.2,34.6,34.6,,1002.5,0,0,0,0,0,0,0,0,0,0.21,27.65,61,19.45,28.85,10.95,1.14,0,1355,1,97.8,60
07/09/2016,02:00:00,2,Sep-16,Rainy-2016,28.2,28.3,28.2,90,26.4,0.2,,0.4,1.55,,28.2,34.5,34.5,,1002.3,0,0,0,0,0,0,0,0,0,0.21,27.7,61.5,19.65,29.05,11.03,1.13,0,1400,1,100,60
07/09/2016,03:00:00,3,Sep-16,Rainy-2016,27.6,28.1,27.6,91.5,26.1,0,,0,1.35,,27.6,33.15,33.15,,1002.3,0.4,1,0,0,0,0,0,0,0,0.19,27.7,62,19.8,29.1,11.11,1.13,0,1397,1,100,60
07/09/2016,04:00:00,4,Sep-16,Rainy-2016,27,27.15,26.9,93.5,25.9,0.2,,0.4,2,,27,31.85,31.85,,1002.15,0.2,0,0,0,0,0,0,0,0,0.18,27.8,62,19.8,29.2,11.11,1.13,0,1395,1,100,60
07/09/2016,05:00:00,5,Sep-16,Rainy-2016,27.15,27.2,27.1,92.5,25.85,0.4,,0.8,1.8,,27.15,32,32,,1002.15,0,0,0,0,0,0,0,0,0,0.18,27.8,63,20.1,29.4,11.31,1.13,0,1404,1,100,60
07/09/2016,06:00:00,6,Sep-16,Rainy-2016,26.65,26.9,26.65,93,25.45,0.2,,0.4,1.75,,26.65,30.9,30.9,,1002.6,0,0,1,0.09,4.5,0,0,0,0,0.17,27.8,63,20.1,29.4,11.31,1.13,0,1388,1,100,60
07/09/2016,07:00:00,7,Sep-16,Rainy-2016,26.85,26.85,26.7,93,25.65,0,,0,1.3,,26.85,31.3,31.3,,1003.2,0,0,19,1.63,32.5,0,0,0,0,0.18,27.85,64,20.4,29.6,11.51,1.13,0.03,1392,1,100,60
07/09/2016,08:00:00,8,Sep-16,Rainy-2016,28.1,28.25,27.4,89.5,26.2,0.4,,0.8,2.2,,28.1,34.15,34.15,,1003.65,0,0,117.5,10.11,183.5,0.7,0.11,1.1,0,0.2,27.9,64,20.4,29.6,11.51,1.13,0.08,1261,1,92.2,60
07/09/2016,09:00:00,9,Sep-16,Rainy-2016,28.35,28.5,28.1,90,26.55,0.2,,0.4,2,,28.35,34.95,34.95,,1003.85,0,0,111,9.54,184.5,0.95,0.15,1.5,0,0.21,27.9,64,20.5,29.7,11.5,1.13,0.08,950,1,69.45,60
07/09/2016,10:00:00,10,Sep-16,Rainy-2016,29.55,29.75,29,86.5,27.05,0.65,,1.21,2.7,,29.55,37.6,37.6,,1004.25,0,0,218,18.75,435.5,1.95,0.32,3.2,0,0.23,27.95,65.5,20.95,29.95,11.8,1.13,0.15,1332,1,96.2,60
07/09/2016,11:00:00,11,Sep-16,Rainy-2016,30.6,30.8,29.85,82.5,27.3,0.9,,1.61,3.35,,30.6,39.95,39.95,,1004.2,0,0,504.5,43.4,800,4.5,0.72,6.65,0,0.26,26.3,54,16.25,26.6,9.77,1.15,0.33,1312,1,95.9,60
07/09/2016,12:00:00,12,Sep-16,Rainy-2016,31.85,31.85,30.75,81.5,28.25,0.65,,1.21,2.2,,31.85,44.25,44.25,,1003.8,0,0,486.5,41.85,818,4.95,0.8,7.15,0,0.28,25.45,50,14.25,25.4,9.18,1.15,0.36,1363,1,99.35,60
07/09/2016,13:00:00,13,Sep-16,Rainy-2016,32.32,32.77,32.02,72,26.6,1.07,,1.31,4.04,,32.32,42.24,42.24,,1003.06,0,0,702,30.19,928,6.7,1.08,8.1,0,0.41,24.89,50,13.81,24.84,9.22,1.15,0,1263,1,92.35,60
07/09/2016,14:00:00,14,Sep-16,Rainy-2016,31.86,32.36,31.31,75,26.86,1.24,,1,4.66,,31.86,41.61,41.61,,1002.37,0,0,,,,,,,,0.51,24.92,49,13.56,24.92,9.01,1.15,,1229,1,89.85,60
07/09/2016,15:00:00,15,Sep-16,Rainy-2016,30.81,31.81,29.75,81.5,27.22,0.62,,0.5,4.66,,30.81,40.19,40.19,,1001.66,1.37,0,,,,,,,,0.47,24.83,46.5,12.78,24.83,8.61,1.15,,1174,1,85.8,60
07/09/2016,16:00:00,16,Sep-16,Rainy-2016,31.5,31.83,31.47,76,26.75,1.24,,1,4.35,,31.5,40.53,40.53,,1001.34,0,0,,,,,,,,0.49,24.75,47,12.86,24.75,8.71,1.15,,1128,1,82.45,60
07/09/2016,17:00:00,17,Sep-16,Rainy-2016,31.03,31.31,30.92,77.5,26.64,0.62,,0.5,2.8,,31.03,39.22,39.22,,1001.15,0,0,,,,,,,,0.48,24.69,47,12.81,24.69,8.71,1.15,,1151,1,84.15,60
07/09/2016,18:00:00,18,Sep-16,Rainy-2016,30.28,30.81,30.28,80,26.44,0.62,,0.5,3.11,,30.28,38.03,38.03,,1001.22,0,0,,,,,,,,0.45,26.11,49,14.56,26.11,9.02,1.15,,1358,1,99,60
07/09/2016,19:00:00,19,Sep-16,Rainy-2016,29.44,29.89,29.44,84,26.44,0.31,,0.25,3.42,,29.44,36.72,36.72,,1001.83,0,0,,,,,,,,0.42,26.97,52.5,16.22,26.97,9.55,1.14,,1396,1,100,60
07/09/2016,20:00:00,20,Sep-16,Rainy-2016,29.11,29.17,29.08,86,26.53,0.62,,0.5,3.73,,29.11,36.39,36.39,,1002.42,0,0,,,,,,,,0.4,27.42,53.5,16.81,27.42,9.7,1.14,,1399,1,100,60
07/09/2016,21:00:00,21,Sep-16,Rainy-2016,29.11,29.25,29.08,84.5,26.22,0.62,,0.5,2.8,,29.11,36.03,36.03,,1003.42,0,0,,,,,,,,0.4,27.75,55.5,17.5,27.75,9.95,1.14,,1395,1,100,60
07/09/2016,22:00:00,22,Sep-16,Rainy-2016,28.69,28.89,28.61,86.5,26.22,0.31,,0.25,2.49,,28.69,35.33,35.33,,1004.03,0,0,,,,,,,,0.39,28.11,57,18.08,28.11,10.18,1.14,,1403,1,100,60
07/09/2016,23:00:00,23,Sep-16,Rainy-2016,28.61,28.78,28.58,87.5,26.33,0.62,,0.5,3.73,,28.61,35.28,35.28,,1004.32,0,0,,,,,,,,0.39,28.33,58,18.44,28.33,10.35,1.14,,1392,1,100,60
08/09/2016,00:00:00,24,Sep-16,Rainy-2016,28.28,28.42,28.28,88.5,26.19,0.62,,0.5,2.18,,28.28,34.44,34.44,,1004.2,0,0,,,,,,,,0.37,28.5,59,18.78,28.5,10.55,1.14,,1391,1,100,60
08/09/2016,01:00:00,1,Sep-16,Rainy-2016,28.14,28.25,28.14,89,26.14,0.31,,0.25,1.86,,28.14,34.17,34.17,,1004.15,0,0,,,,,,,,0.37,28.64,59.5,19,28.64,10.65,1.14,,1398,1,100,60
08/09/2016,02:00:00,2,Sep-16,Rainy-2016,27.97,28.06,27.97,90.5,26.28,0,,0,1.86,,27.97,34.03,34.03,,1003.81,0,0,,,,,,,,0.36,28.72,60,19.17,28.72,10.75,1.14,,1401,1,100,60
08/09/2016,03:00:00,3,Sep-16,Rainy-2016,27.86,27.97,27.83,90.5,26.17,0.31,,0.25,1.86,,27.86,33.72,33.72,,1003.35,0,0,,,,,,,,0.36,28.92,60.5,19.36,28.92,10.85,1.14,,1398,1,100,60
08/09/2016,04:00:00,4,Sep-16,Rainy-2016,27.81,27.81,27.75,91,26.19,0.31,,0.25,2.49,,27.81,33.67,33.67,,1003.52,0,0,,,,,,,,0.36,29,61,19.5,29,10.95,1.14,,1402,1,100,60
08/09/2016,05:00:00,5,Sep-16,Rainy-2016,27.64,27.75,27.64,91,26.03,0.31,,0.25,1.55,,27.64,33.19,33.19,,1003.68,0,0,,,,,,,,0.35,29.22,62,19.83,29.22,11.11,1.14,,1401,1,100,60
08/09/2016,06:00:00,6,Sep-16,Rainy-2016,27.33,27.47,27.28,92,25.94,0,,0,0.62,,27.33,32.44,32.44,,1004.27,0,0,,,,,,,,0.34,29.22,62,19.83,29.22,11.11,1.14,,1402,1,100,60
08/09/2016,07:00:00,7,Sep-16,Rainy-2016,28.03,28.03,27.56,90.5,26.33,0.62,,0.5,2.17,,28.03,34.17,34.17,,1004.79,0,0,,,,,,,,0.36,29.42,62.5,20.03,29.42,11.21,1.14,,1400,1,100,60
08/09/2016,08:00:00,8,Sep-16,Rainy-2016,29.44,29.53,28.67,82.5,26.14,0.93,,0.75,3.73,,29.44,36.36,36.36,,1005.23,0,0,,,,,,,,0.42,29.56,63,20.19,29.56,11.31,1.14,,1394,1,100,60
08/09/2016,09:00:00,9,Sep-16,Rainy-2016,30.36,30.61,30,79,26.31,1.24,,1,4.97,,30.36,38.06,38.06,,1005.76,0,0,,,,,,,,0.45,29.72,64,20.5,29.72,11.5,1.14,,1314,1,95.9,60
08/09/2016,10:00:00,10,Sep-16,Rainy-2016,31.19,31.31,30.69,75,26.25,1.24,,1,4.97,,31.19,38.92,38.92,,1006.13,0,0,,,,,,,,0.48,29.72,64,20.47,29.72,11.51,1.14,,1152,1,84.25,60
08/09/2016,11:00:00,11,Sep-16,Rainy-2016,32.06,32.31,31.39,71.5,26.22,1.55,,1.25,5.59,,32.06,40.97,40.97,,1006.23,0,0,,,,,,,,0.51,26.31,52.5,15.61,26.31,9.56,1.15,,936,1,68.45,60
08/09/2016,12:00:00,12,Sep-16,Rainy-2016,32.44,32.75,32.28,69,26.03,1.55,,1.25,5.9,,32.44,41.36,41.36,,1005.64,0,0,,,,,,,,0.53,25.28,48.5,13.72,25.28,8.95,1.16,,1216,1,88.9,60
08/09/2016,13:00:00,13,Sep-16,Rainy-2016,32.92,33.19,32.42,68.5,26.33,1.55,,1.25,5.59,,32.92,42.64,42.64,,1004.93,0,0,,,,,,,,0.55,25.14,48.5,13.61,25.14,8.95,1.16,,1314,1,95.75,60
08/09/2016,14:00:00,14,Sep-16,Rainy-2016,31.69,32.97,31.5,73.5,26.31,1.24,,1,4.66,,31.69,40.39,40.39,,1004.32,0,0,,,,,,,,0.5,25.11,49.5,13.83,25.11,9.1,1.15,,1255,1,91.75,60
08/09/2016,15:00:00,15,Sep-16,Rainy-2016,30.78,31.08,30.47,80,26.94,0.62,,0.5,2.8,,30.78,39.44,39.44,,1003.46,0,0,,,,,,,,0.47,25.39,53.5,15.11,25.39,9.73,1.15,,1354,1,98.55,60
08/09/2016,16:00:00,16,Sep-16,Rainy-2016,32.78,33.19,31.56,69.5,26.47,0.62,,0.5,2.8,,32.78,42.58,42.58,,1003.1,0,0,,,,,,,,0.54,24.92,49.5,13.75,24.92,9.11,1.15,,1050,1,76.75,60
08/09/2016,17:00:00,17,Sep-16,Rainy-2016,31.14,32.25,31.14,74.5,26.06,1.24,,1,5.9,,31.14,39.08,39.08,,1002.98,0,0,,,,,,,,0.48,25.08,51.5,14.39,25.08,9.43,1.15,,1287,1,94.1,60
08/09/2016,18:00:00,18,Sep-16,Rainy-2016,29.97,30.31,29.94,80,26.14,0.62,,0.5,2.8,,29.97,37.11,37.11,,1003.2,0,0,,,,,,,,0.44,26.58,51.5,15.61,26.58,9.4,1.15,,1294,1,94.55,60
08/09/2016,19:00:00,19,Sep-16,Rainy-2016,29.42,29.69,29.36,80.5,25.69,0.62,,0.5,2.8,,29.42,35.83,35.83,,1003.88,0,0,,,,,,,,0.42,27.42,54,16.92,27.42,9.75,1.14,,893,1,65.25,60
08/09/2016,20:00:00,20,Sep-16,Rainy-2016,29.61,29.67,29.5,82.5,26.31,0.31,,0.25,1.86,,29.61,36.75,36.75,,1005.13,0,0,,,,,,,,0.42,27.86,55.5,17.58,27.86,9.95,1.14,,1310,1,94.75,60
08/09/2016,21:00:00,21,Sep-16,Rainy-2016,29.47,29.64,29.44,83.5,26.39,0.62,,0.5,3.42,,29.47,36.67,36.67,,1005.89,0,0,,,,,,,,0.42,28.28,57,18.19,28.28,10.18,1.14,,1392,1,100,60
08/09/2016,22:00:00,22,Sep-16,Rainy-2016,29.11,29.25,29.11,83.5,26.03,0.62,,0.5,3.73,,29.11,35.81,35.81,,1006.27,0,0,,,,,,,,0.4,28.58,58.5,18.72,28.58,10.45,1.14,,939,1,68.65,60
08/09/2016,23:00:00,23,Sep-16,Rainy-2016,28.78,29,28.78,85,26,0.62,,0.5,3.11,,28.78,35.28,35.28,,1006.33,0,0,,,,,,,,0.39,28.78,59,18.97,28.78,10.55,1.14,,818,1,59.8,60
09/09/2016,00:00:00,24,Sep-16,Rainy-2016,28.36,28.56,28.36,88,26.17,0.31,,0.25,1.55,,28.36,34.61,34.61,,1006.28,0,0,,,,,,,,0.38,28.94,60,19.22,28.94,10.75,1.14,,851,1,62.25,60
09/09/2016,01:00:00,1,Sep-16,Rainy-2016,28.25,28.31,28.22,88.5,26.17,0.31,,0.25,1.55,,28.25,34.39,34.39,,1005.69,0,0,,,,,,,,0.37,29.11,60.5,19.44,29.11,10.85,1.14,,466,1,34.05,60
09/09/2016,02:00:00,2,Sep-16,Rainy-2016,28.03,28.19,28.03,89,26.03,0,,0,2.17,,28.03,33.89,33.89,,1005.28,0,0,,,,,,,,0.36,29.22,61,19.61,29.22,10.95,1.14,,392,1,28.65,60
09/09/2016,03:00:00,3,Sep-16,Rainy-2016,27.83,27.89,27.81,90,26.06,0.31,,0.25,1.55,,27.83,33.56,33.56,,1005.05,0,0,,,,,,,,0.36,29.33,61,19.69,29.33,10.95,1.14,,344,1,25.15,60
09/09/2016,04:00:00,4,Sep-16,Rainy-2016,27.78,27.78,27.75,91,26.17,0.31,,0.25,1.24,,27.78,33.61,33.61,,1004.66,0,0,,,,,,,,0.35,29.56,61.5,19.94,29.56,11.03,1.14,,224,1,16.35,60
09/09/2016,05:00:00,5,Sep-16,Rainy-2016,27.67,27.72,27.67,91,26.06,0,,0,0.93,,27.67,33.28,33.28,,1004.84,0,0,,,,,,,,0.35,30.03,61.5,20.19,30.03,11.03,1.13,,36,1,2.65,60
09/09/2016,06:00:00,6,Sep-16,Rainy-2016,27.72,27.72,27.61,92,26.28,0.31,,0.5,0.93,,27.72,33.61,33.61,,1005.69,0,0,0.35,,,,,,,,29.69,62,20.14,29.69,11.1,1.14,,144,1,10.55,60
09/09/2016,07:00:00,7,Sep-16,Rainy-2016,28.25,28.25,27.86,91,26.64,0.62,,0.5,2.8,,28.25,34.94,34.94,,1006.57,0,0,0.37,,,,,,,,29.78,63,20.33,29.78,11.3,1.14,,910,1,66.5,60
09/09/2016,08:00:00,8,Sep-16,Rainy-2016,29.39,29.47,28.78,85,26.58,0.93,,0.75,4.35,,29.39,36.83,36.83,,1007.37,0,0,0.41,,,,,,,,29.94,63.5,20.53,29.94,11.4,1.14,,1381,1,100,60
09/09/2016,09:00:00,9,Sep-16,Rainy-2016,30.75,30.83,30.14,76,26.03,1.24,,1,3.73,,30.75,38.19,38.19,,1007.76,0,0,0.47,,,,,,,,30.06,64,20.69,30.06,11.5,1.14,,1394,1,100,60
09/09/2016,10:00:00,10,Sep-16,Rainy-2016,31.14,31.78,30.94,75,26.19,1.24,,1,4.04,,31.14,38.75,38.75,,1007.87,0,0,0.48,,,,,,,,30.22,64.5,20.86,30.22,11.6,1.14,,1390,1,100,60
09/09/2016,11:00:00,11,Sep-16,Rainy-2016,31.94,32,31.14,70,25.78,1.24,,1,4.35,,31.94,39.97,39.97,,1007.47,0,0,0.51,,,,,,,,30.33,65,21,30.33,11.69,1.14,,1363,1,98.9,60
09/09/2016,12:00:00,12,Sep-16,Rainy-2016,32.69,32.75,32.22,65.5,25.39,1.24,,1,4.35,,32.69,40.83,40.83,,1006.98,0,0,0.54,,,,,,,,30.39,65,21.06,30.39,11.69,1.14,,1389,1,100,60
09/09/2016,13:00:00,13,Sep-16,Rainy-2016,33.39,33.56,32.86,61,24.83,1.24,,1,4.66,,33.39,41.06,41.06,,1006.08,0,0,0.57,,,,,,,,30.72,66,21.42,30.72,11.89,1.13,,1402,1,100,60
09/09/2016,14:00:00,14,Sep-16,Rainy-2016,33.47,33.61,32.89,62.5,25.33,1.24,,1,4.35,,33.47,41.94,41.94,,1005.06,0,0,0.57,,,,,,,,30.78,66,21.44,30.78,11.89,1.13,,1397,1,100,60
09/09/2016,15:00:00,15,Sep-16,Rainy-2016,33.72,34.17,32.97,63.5,25.81,1.24,,1,4.66,,33.72,43.11,43.11,,1004.17,0,0,0.58,,,,,,,,30.78,66,21.44,30.78,11.89,1.13,,1256,1,91.8,60
09/09/2016,16:00:00,16,Sep-16,Rainy-2016,33.44,33.94,33.39,62,25.17,0.93,,0.75,4.04,,33.44,41.64,41.64,,1003.66,0,0,0.57,,,,,,,,30.94,66,21.5,30.94,11.89,1.13,,1376,1,99.55,60
09/09/2016,17:00:00,17,Sep-16,Rainy-2016,32.42,32.89,32.42,65.5,25.11,1.24,,1,4.35,,32.42,40.03,40.03,,1003.69,0,0,0.53,,,,,,,,31.06,66,21.56,31.06,11.88,1.13,,1400,1,100,60
09/09/2016,18:00:00,18,Sep-16,Rainy-2016,31.47,32.03,31.47,72,25.81,0.62,,0.5,2.17,,31.47,38.97,38.97,,1004.28,0,0,0.49,,,,,,,,31.14,66.5,21.67,31.14,11.98,1.13,,1402,1,100,60
09/09/2016,19:00:00,19,Sep-16,Rainy-2016,30.69,31,30.69,75.5,25.86,0.62,,0.5,2.49,,30.69,37.97,37.97,,1004.98,0,0,0.46,,,,,,,,31.39,67,21.83,31.39,12.08,1.13,,1395,1,100,60
09/09/2016,20:00:00,20,Sep-16,Rainy-2016,30.19,30.56,30.19,80.5,26.47,0.62,,0.5,2.49,,30.19,37.89,37.89,,1005.74,0,0,0.45,,,,,,,,31.39,67,21.83,31.39,12.08,1.13,,1400,1,100,60
09/09/2016,21:00:00,21,Sep-16,Rainy-2016,29.75,29.89,29.72,80.5,26.03,0.62,,0.5,3.11,,29.75,36.64,36.64,,1006.5,0,0,0.43,,,,,,,,31.5,67,21.89,31.5,12.08,1.13,,1402,1,100,60
09/09/2016,22:00:00,22,Sep-16,Rainy-2016,29.5,29.64,29.5,83.5,26.39,0.62,,0.5,3.42,,29.5,36.69,36.69,,1006.81,0,0,0.42,,,,,,,,31.56,67,21.92,31.56,12.08,1.13,,1401,1,100,60
09/09/2016,23:00:00,23,Sep-16,Rainy-2016,29.22,29.36,29.17,85.5,26.53,0.62,,0.5,4.04,,29.22,36.5,36.5,,1006.79,0,0,0.41,,,,,,,,31.72,67.5,22.06,31.72,12.18,1.13,,1401,1,100,60
10/09/2016,00:00:00,24,Sep-16,Rainy-2016,28.89,29.08,28.89,87,26.53,0.62,,0.5,4.04,,28.89,36,36,,1006.67,0,0,0.4,,,,,,,,31.94,68,22.22,31.94,12.28,1.13,,1375,1,99.4,60
10/09/2016,01:00:00,1,Sep-16,Rainy-2016,28.5,28.67,28.5,88.5,26.42,0.62,,0.5,3.73,,28.5,35.14,35.14,,1006.33,0,0,0.38,,,,,,,,31.94,68,22.22,31.94,12.28,1.13,,1338,1,97.8,60
10/09/2016,02:00:00,2,Sep-16,Rainy-2016,28.31,28.42,28.31,89,26.31,0.31,,0.25,2.49,,28.31,34.64,34.64,,1006.08,0,0,0.37,,,,,,,,32,68,22.25,32,12.28,1.13,,1345,1,98.35,60
10/09/2016,03:00:00,3,Sep-16,Rainy-2016,28.14,28.22,28.11,89.5,26.25,0.62,,0.5,2.8,,28.14,34.25,34.25,,1005.74,0,0,0.37,,,,,,,,31.94,68,22.22,31.94,12.28,1.13,,1383,1,100,60
10/09/2016,04:00:00,4,Sep-16,Rainy-2016,27.97,28.06,27.94,90.5,26.28,0,,0,2.49,,27.97,34,34,,1005.66,0,0,0.36,,,,,,,,32.06,68,22.28,32.06,12.27,1.13,,1392,1,100,60
10/09/2016,05:00:00,5,Sep-16,Rainy-2016,27.72,27.83,27.72,91,26.11,0,,0,0.93,,27.72,33.44,33.44,,1005.77,0,0,0.35,,,,,,,,32.14,68,22.31,32.14,12.27,1.13,,1392,1,100,60
10/09/2016,06:00:00,6,Sep-16,Rainy-2016,27.61,27.67,27.58,92,26.17,0,,0,0,,27.61,33.28,33.28,,1006.08,0,0,0.35,,,,,,,,32.22,68,22.33,32.22,12.27,1.13,,1405,1,100,60
10/09/2016,07:00:00,7,Sep-16,Rainy-2016,28.31,28.31,27.67,90.5,26.58,0,,0,0.62,,28.31,35.03,35.03,,1006.33,0,0,0.37,,,,,,,,32.22,68,22.33,32.22,12.27,1.13,,1403,1,100,60
10/09/2016,08:00:00,8,Sep-16,Rainy-2016,30,30,29.17,83.5,26.89,0.62,,0.5,3.42,,30,38.25,38.25,,1006.86,0,0,0.44,,,,,,,,32.28,68,22.36,32.28,12.27,1.13,,1399,1,100,60
10/09/2016,09:00:00,9,Sep-16,Rainy-2016,30.67,30.83,29.92,79.5,26.69,0.62,,0.5,4.35,,30.67,38.89,38.89,,1007.35,0,0,0.46,,,,,,,,32.39,68,22.42,32.39,12.27,1.13,,1400,1,100,60
10/09/2016,10:00:00,10,Sep-16,Rainy-2016,31.78,31.97,30.94,75,26.81,1.24,,1,4.35,,31.78,41.25,41.25,,1007.62,0,0,0.5,,,,,,,,32.67,69,22.67,32.67,12.39,1.13,,1400,1,100,60
10/09/2016,11:00:00,11,Sep-16,Rainy-2016,31.81,32.17,31.5,74.5,26.72,0.93,,0.75,4.66,,31.81,41.17,41.17,,1007.37,0,0,0.51,,,,,,,,32.72,69,22.69,32.72,12.39,1.13,,1401,1,100,60
10/09/2016,12:00:00,12,Sep-16,Rainy-2016,32.19,32.69,31.78,73.5,26.86,1.55,,1.25,6.21,,32.19,42.31,42.31,,1006.55,0,0,0.52,,,,,,,,32.92,69.5,22.86,32.92,12.49,1.13,,1398,1,100,60
10/09/2016,13:00:00,13,Sep-16,Rainy-2016,32.14,32.64,32.08,70.5,26.08,1.86,,1.5,6.21,,32.14,40.92,40.92,,1005.74,0,0,0.52,,,,,,,,33.06,70,23,33.06,12.59,1.13,,1397,1,100,60
10/09/2016,14:00:00,14,Sep-16,Rainy-2016,32.94,33.08,31.92,68,26.25,1.55,,1.25,4.97,,32.94,42.53,42.53,,1004.79,0,0,0.55,,,,,,,,33.17,70,23.06,33.17,12.59,1.13,,1402,1,100,60
10/09/2016,15:00:00,15,Sep-16,Rainy-2016,32.72,33.39,32.61,70,26.53,1.24,,1,4.66,,32.72,42.64,42.64,,1003.62,0,0,0.54,,,,,,,,33.17,70,23.06,33.17,12.59,1.12,,1395,1,100,60
10/09/2016,16:00:00,16,Sep-16,Rainy-2016,33,33.31,32.58,65.5,25.64,1.24,,1,4.97,,33,41.72,41.72,,1003.07,0,0,0.55,,,,,,,,33.28,70,23.11,33.28,12.58,1.12,,1400,1,100,60
10/09/2016,17:00:00,17,Sep-16,Rainy-2016,31.44,32.86,31.44,74.5,26.33,1.55,,1.25,5.9,,31.44,40.11,40.11,,1003.22,0,0,0.49,,,,,,,,33.28,70,23.11,33.28,12.58,1.12,,1399,1,100,60
10/09/2016,18:00:00,18,Sep-16,Rainy-2016,30.06,30.25,30.06,80,26.22,0.62,,0.5,3.11,,30.06,37.33,37.33,,1003.57,0,0,0.44,,,,,,,,33.28,70,23.11,33.28,12.58,1.12,,1400,1,100,60
10/09/2016,19:00:00,19,Sep-16,Rainy-2016,29.75,29.86,29.64,78.5,25.58,0.62,,0.5,3.42,,29.75,36.19,36.19,,1004.28,0,0,0.43,,,,,,,,33.33,70,23.14,33.33,12.58,1.12,,1403,1,100,60
10/09/2016,20:00:00,20,Sep-16,Rainy-2016,29.58,29.75,29.56,79.5,25.64,0.62,,0.5,1.86,,29.58,36.03,36.03,,1005.18,0,0,0.42,,,,,,,,33.39,70,23.17,33.39,12.57,1.13,,1312,1,95.9,60
10/09/2016,21:00:00,21,Sep-16,Rainy-2016,29.58,29.58,29.5,77.5,25.25,0.31,,0.25,3.11,,29.58,35.61,35.61,,1005.94,0,0,0.42,,,,,,,,33.39,70,23.17,33.39,12.57,1.13,,1365,1,99.65,60
10/09/2016,22:00:00,22,Sep-16,Rainy-2016,29.44,29.58,29.44,81.5,25.94,0.31,,0.25,2.8,,29.44,36.11,36.11,,1006.49,0,0,0.42,,,,,,,,33.44,70,23.19,33.44,12.57,1.13,,1171,1,85.6,60
10/09/2016,23:00:00,23,Sep-16,Rainy-2016,29.28,29.39,29.25,85.5,26.58,0.62,,0.5,2.8,,29.28,36.61,36.61,,1006.33,0,0,0.41,,,,,,,,33.5,70,23.22,33.5,12.57,1.13,,997,1,72.9,60
11/09/2016,00:00:00,24,Sep-16,Rainy-2016,28.92,29.11,28.92,87.5,26.64,0.93,,0.75,4.04,,28.92,36.19,36.19,,1006.05,0,0,0.4,,,,,,,,33.61,70,23.28,33.61,12.56,1.13,,976,1,71.3,60
11/09/2016,01:00:00,1,Sep-16,Rainy-2016,28.67,28.78,28.64,88.5,26.58,0.62,,0.5,3.11,,28.67,35.64,35.64,,1005.67,0,0,0.39,,,,,,,,33.61,70,23.28,33.61,12.56,1.13,,1085,1,79.3,60
11/09/2016,02:00:00,2,Sep-16,Rainy-2016,28.36,28.53,28.33,89.5,26.47,0.62,,0.5,2.17,,28.36,34.89,34.89,,1005.13,0,0,0.38,,,,,,,,33.61,70,23.28,33.61,12.56,1.13,,1069,1,78.15,60
11/09/2016,03:00:00,3,Sep-16,Rainy-2016,28.19,28.25,28.17,91,26.58,0.31,,0.25,2.49,,28.19,34.75,34.75,,1005.17,0,0,0.37,,,,,,,,33.67,70,23.31,33.67,12.56,1.13,,1225,1,89.55,60
11/09/2016,04:00:00,4,Sep-16,Rainy-2016,28.08,28.19,28.08,91,26.47,0,,0,2.17,,28.08,34.44,34.44,,1005.1,0,0,0.37,,,,,,,,33.67,70,23.31,33.67,12.56,1.12,,1228,1,89.8,60
11/09/2016,05:00:00,5,Sep-16,Rainy-2016,27.94,27.97,27.92,92,26.5,0,,0,1.86,,27.94,34.28,34.28,,1004.67,0,0,0.36,,,,,,,,33.89,71,23.56,33.89,12.85,1.12,,1335,1,97.6,60
11/09/2016,06:00:00,6,Sep-16,Rainy-2016,27.86,27.92,27.83,92,26.42,0,,0,1.55,,27.86,34.03,34.03,,1004.91,0,0,0.36,,,,,,,,33.89,71,23.56,33.89,12.85,1.12,,1351,1,98.75,60
11/09/2016,07:00:00,7,Sep-16,Rainy-2016,28.42,28.42,28.06,90.5,26.72,0.62,,0.5,2.8,,28.42,35.31,35.31,,1005.77,0,0,0.38,,,,,,,,33.94,71,23.58,33.94,12.85,1.13,,1333,1,96.7,60
11/09/2016,08:00:00,8,Sep-16,Rainy-2016,29.11,29.11,28.75,87.5,26.81,0.62,,0.5,2.49,,29.11,36.69,36.69,,1006.88,0,0,0.4,,,,,,,,33.92,70.5,23.5,33.92,12.7,1.13,,1256,1,91.85,60
11/09/2016,09:00:00,9,Sep-16,Rainy-2016,30.56,30.58,29.61,82.5,27.22,0.62,,0.5,2.49,,30.56,39.39,39.39,,1007.15,0,0,0.46,,,,,,,,34,71,23.61,34,12.85,1.13,,1378,1,99.5,60
11/09/2016,10:00:00,10,Sep-16,Rainy-2016,31.42,31.94,30.86,75,26.44,0.62,,0.5,2.8,,31.42,39.89,39.89,,1007.04,0,0,0.49,,,,,,,,34.17,71,23.67,34.17,12.85,1.13,,1360,1,99.45,60
11/09/2016,11:00:00,11,Sep-16,Rainy-2016,31.86,32.11,31.36,73.5,26.53,0.93,,0.75,4.04,,31.86,41.03,41.03,,1006.28,0,0,0.51,,,,,,,,34.28,71,23.72,34.28,12.85,1.12,,1314,1,96.05,60
11/09/2016,12:00:00,12,Sep-16,Rainy-2016,31,31.72,31,77.5,26.61,0.62,,0.5,3.11,,31,39.47,39.47,,1005.5,0,0,0.48,,,,,,,,34.28,71,23.72,34.28,12.85,1.12,,1080,1,78.95,60
11/09/2016,13:00:00,13,Sep-16,Rainy-2016,28.81,29.69,28.58,84,25.81,0.93,,0.75,3.42,,28.81,35.17,35.17,,1004.91,0,0,0.39,,,,,,,,34.22,71,23.69,34.22,12.85,1.12,,1237,1,90.4,60
11/09/2016,14:00:00,14,Sep-16,Rainy-2016,28.67,28.92,28.67,86,26.08,0.62,,0.5,3.11,,28.67,35.17,35.17,,1004.03,0,0,0.39,,,,,,,,34.17,71,23.67,34.17,12.85,1.12,,1254,1,91.7,60
11/09/2016,15:00:00,15,Sep-16,Rainy-2016,29.25,29.28,28.83,86.5,26.78,0.62,,0.5,1.86,,29.25,36.78,36.78,,1003.51,0,0,0.41,,,,,,,,34.17,71,23.67,34.17,12.85,1.12,,1247,1,91.15,60
11/09/2016,16:00:00,16,Sep-16,Rainy-2016,29.5,29.53,29.31,82,26.11,0.62,,0.5,1.86,,29.5,36.36,36.36,,1003.22,0,0,0.42,,,,,,,,34.28,71,23.72,34.28,12.85,1.12,,1391,1,100,60
11/09/2016,17:00:00,17,Sep-16,Rainy-2016,29.36,29.56,29.36,83,26.17,0.31,,0.25,2.17,,29.36,36.28,36.28,,1003.29,0,0,0.41,,,,,,,,34.22,71,23.69,34.22,12.85,1.12,,1403,1,100,60
11/09/2016,18:00:00,18,Sep-16,Rainy-2016,28.89,29.08,28.89,86,26.33,0,,0,1.24,,28.89,35.81,35.81,,1003.69,0,0,0.4,,,,,,,,34.28,71,23.72,34.28,12.85,1.12,,1403,1,100,60
11/09/2016,19:00:00,19,Sep-16,Rainy-2016,28.56,28.78,28.56,87,26.17,0.31,,0.25,1.86,,28.56,35,35,,1004.47,0,0,0.38,,,,,,,,34.28,71,23.72,34.28,12.85,1.12,,1401,1,100,60
11/09/2016,20:00:00,20,Sep-16,Rainy-2016,27.97,28.25,27.97,89,25.97,0,,0,1.24,,27.97,33.72,33.72,,1005.2,0,0,0.36,,,,,,,,34.28,71,23.72,34.28,12.85,1.12,,1401,1,100,60
11/09/2016,21:00:00,21,Sep-16,Rainy-2016,28.19,28.19,27.94,87,25.83,0,,0,1.55,,28.19,33.94,33.94,,1005.77,0,0,0.37,,,,,,,,34.5,72,23.94,34.5,13.25,1.12,,1401,1,100,60
11/09/2016,22:00:00,22,Sep-16,Rainy-2016,28.22,28.33,28.17,87,25.86,0,,0,0,,28.22,34,34,,1005.94,0,0,0.37,,,,,,,,34.42,72,23.94,34.42,13.25,1.12,,1401,1,100,60
11/09/2016,23:00:00,23,Sep-16,Rainy-2016,27.64,27.94,27.64,90.5,25.94,0,,0,0,,27.64,33.08,33.08,,1005.76,0,0,0.35,,,,,,,,34.5,72,23.94,34.5,13.25,1.12,,1402,1,100,60
12/09/2016,00:00:00,24,Sep-16,Rainy-2016,27.31,27.44,27.28,91,25.69,0,,0,0,,27.31,32.19,32.19,,1005.5,0,0,0.34,,,,,,,,34.5,72,23.94,34.5,13.25,1.12,,1393,1,100,60
12/09/2016,01:00:00,1,Sep-16,Rainy-2016,27.28,27.42,27.22,91.5,25.78,0,,0,0.62,,27.28,32.22,32.22,,1005.22,0,0,0.34,,,,,,,,34.33,72,23.94,34.33,13.25,1.12,,1392,1,100,60
12/09/2016,02:00:00,2,Sep-16,Rainy-2016,27.39,27.39,27.25,93,26.17,0,,0,1.24,,27.39,32.78,32.78,,1004.91,0,0,0.34,,,,,,,,34.33,72,23.94,34.33,13.25,1.12,,1397,1,100,60
12/09/2016,03:00:00,3,Sep-16,Rainy-2016,27.5,27.53,27.44,93,26.28,0,,0,0.62,,27.5,33.11,33.11,,1004.78,0,0,0.34,,,,,,,,34.33,72,23.94,34.33,13.25,1.12,,1401,1,100,60
12/09/2016,04:00:00,4,Sep-16,Rainy-2016,27.44,27.56,27.42,94,26.39,0,,0,0.62,,27.44,33.11,33.11,,1004.61,0.25,0,0.34,,,,,,,,34.33,72,23.94,34.33,13.25,1.12,,1400,1,100,60
12/09/2016,05:00:00,5,Sep-16,Rainy-2016,27.11,27.25,27.11,96,26.44,0,,0,0,,27.11,32.53,32.53,,1004.56,0.97,0,0.33,,,,,,,,34.33,72,23.94,34.33,13.25,1.12,,1401,1,100,60
12/09/2016,06:00:00,6,Sep-16,Rainy-2016,26.94,27.06,26.92,96.5,26.36,0,,0,0,,26.94,32.17,32.17,,1004.79,0.43,0,0.32,,,,,,,,34.33,72,23.94,34.33,13.25,1.12,,1402,1,100,60
12/09/2016,07:00:00,7,Sep-16,Rainy-2016,27.22,27.22,27,97,26.72,0,,0,0,,27.22,33.06,33.06,,1005.54,0,0,0.33,,,,,,,,34.44,72.5,24.06,34.44,13.4,1.12,,1401,1,100,60
12/09/2016,08:00:00,8,Sep-16,Rainy-2016,27.78,27.81,27.53,96.5,27.17,0,,0,0.62,,27.78,34.69,34.69,,1006.37,0,0,0.35,,,,,,,,34.47,73,24.14,34.47,13.55,1.12,,1399,1,100,60
12/09/2016,09:00:00,9,Sep-16,Rainy-2016,29.06,29.31,28.33,88,26.86,0.31,,0.25,1.55,,29.06,36.72,36.72,,1006.93,0,0,0.4,,,,,,,,34.28,72,23.92,34.28,13.25,1.13,,1380,1,100,60
12/09/2016,10:00:00,10,Sep-16,Rainy-2016,28.42,28.78,28.39,90.5,26.69,0,,0,1.86,,28.42,35.33,35.33,,1006.86,0.66,0,0.38,,,,,,,,34.44,72.5,24.06,34.44,13.4,1.13,,1401,1,100,60
12/09/2016,11:00:00,11,Sep-16,Rainy-2016,28.58,29.33,28,89.5,26.67,0.62,,0.5,2.49,,28.58,35.64,35.64,,1006.84,0,0,0.38,,,,,,,,34.22,72,23.89,34.22,13.25,1.13,,1302,1,94.1,60
12/09/2016,12:00:00,12,Sep-16,Rainy-2016,31,31.11,29.17,76,26.25,0.93,,0.75,4.04,,31,39.03,39.03,,1006.13,0,0,0.48,,,,,,,,34.28,72,23.92,34.28,13.25,1.12,,892,1,65.2,60
12/09/2016,13:00:00,13,Sep-16,Rainy-2016,28.33,30.36,28.33,88.5,26.22,0.31,,0.25,3.42,,28.33,34.53,34.53,,1005.74,3.97,0,0.38,,,,,,,,34.33,72,23.94,34.33,13.25,1.12,,1323,1,95.45,60
12/09/2016,14:00:00,14,Sep-16,Rainy-2016,27.89,28.06,27.14,89.5,26,0.31,,0.25,3.42,,27.89,33.56,33.56,,1004.57,1.02,0,0.36,,,,,,,,34.22,72,23.89,34.22,13.25,1.12,,1402,1,100,60
12/09/2016,15:00:00,15,Sep-16,Rainy-2016,29.42,29.89,28.92,87.5,27.11,0,,0,1.55,,29.42,37.53,37.53,,1003.9,0,0,0.42,,,,,,,,34.22,72,23.89,34.22,13.25,1.12,,1403,1,100,60
12/09/2016,16:00:00,16,Sep-16,Rainy-2016,29.14,29.33,29.06,85.5,26.44,0.31,,0.25,1.24,,29.14,36.31,36.31,,1004.2,0,0,0.41,,,,,,,,34.22,72,23.89,34.22,13.25,1.12,,1404,1,100,60
12/09/2016,17:00:00,17,Sep-16,Rainy-2016,28.67,28.92,28.64,88.5,26.58,0,,0,1.24,,28.67,35.64,35.64,,1004.32,0,0,0.39,,,,,,,,34.31,72.5,24,34.31,13.4,1.12,,1401,1,100,60
12/09/2016,18:00:00,18,Sep-16,Rainy-2016,28.14,28.42,28.14,91,26.53,0,,0,0.93,,28.14,34.61,34.61,,1004.86,0,0,0.37,,,,,,,,34.39,73,24.11,34.39,13.55,1.12,,1402,1,100,60
12/09/2016,19:00:00,19,Sep-16,Rainy-2016,27.75,27.94,27.72,91,26.14,0,,0,1.55,,27.75,33.5,33.5,,1005.39,0,0,0.35,,,,,,,,34.39,73,24.11,34.39,13.55,1.12,,1401,1,100,60
12/09/2016,20:00:00,20,Sep-16,Rainy-2016,27.39,27.58,27.39,92.5,26.06,0,,0,0.62,,27.39,32.69,32.69,,1006.21,0,0,0.34,,,,,,,,34.33,73,24.08,34.33,13.55,1.12,,1402,1,100,60
12/09/2016,21:00:00,21,Sep-16,Rainy-2016,27.33,27.36,27.19,94,26.28,0,,0,0,,27.33,32.81,32.81,,1007.13,0,0,0.34,,,,,,,,34.28,73,24.06,34.28,13.55,1.13,,1401,1,100,60
12/09/2016,22:00:00,22,Sep-16,Rainy-2016,27.61,27.64,27.5,93.5,26.47,0,,0,0.93,,27.61,33.58,33.58,,1007.72,0,0,0.35,,,,,,,,34.28,73,24.06,34.28,13.55,1.13,,1400,1,100,60
12/09/2016,23:00:00,23,Sep-16,Rainy-2016,26.22,26.94,26.19,94.5,25.28,0.31,,0.25,1.55,,26.22,30.06,30.06,,1007.91,5.6,0,0.3,,,,,,,,34.22,73,24.03,34.22,13.55,1.13,,1400,1,100,60
13/09/2016,00:00:00,24,Sep-16,Rainy-2016,26.44,26.44,26.19,96.5,25.86,0,,0,0,,26.44,30.89,30.89,,1007.65,0.24,0,0.3,,,,,,,,34.22,73,24.03,34.22,13.55,1.13,,1403,1,100,60
13/09/2016,01:00:00,1,Sep-16,Rainy-2016,26.56,26.67,26.53,97,26.06,0,,0,0,,26.56,31.22,31.22,,1007.08,0.05,0,0.31,,,,,,,,34.17,73,24,34.17,13.55,1.13,,1403,1,100,60
13/09/2016,02:00:00,2,Sep-16,Rainy-2016,26.28,26.39,26.28,96.5,25.69,0,,0,1.86,,26.28,30.47,30.47,,1006.62,0,0,0.3,,,,,,,,34.17,73,24,34.17,13.55,1.13,,1401,1,100,60
13/09/2016,03:00:00,3,Sep-16,Rainy-2016,26.42,26.44,26.28,95,25.53,0.31,,0.25,2.17,,26.42,30.58,30.58,,1006.23,0,0,0.3,,,,,,,,34.11,73,23.97,34.11,13.56,1.13,,1402,1,100,60
13/09/2016,04:00:00,4,Sep-16,Rainy-2016,26.28,26.33,26.22,96,25.61,0,,0,0.31,,26.28,30.39,30.39,,1005.96,0,0,0.3,,,,,,,,34.11,73,23.97,34.11,13.56,1.12,,1401,1,100,60
13/09/2016,05:00:00,5,Sep-16,Rainy-2016,26.36,26.39,26.31,97,25.86,0,,0,0.31,,26.36,30.72,30.72,,1006.18,0,0,0.3,,,,,,,,34.06,73,23.94,34.06,13.56,1.13,,1400,1,100,60
13/09/2016,06:00:00,6,Sep-16,Rainy-2016,26.42,26.47,26.36,97,25.92,0,,0,0,,26.42,30.86,30.86,,1006.69,0,0,0.3,,,,,,,,34,73,23.92,34,13.56,1.13,,1398,1,100,60
13/09/2016,07:00:00,7,Sep-16,Rainy-2016,26.56,26.56,26.47,97,26.06,0,,0,0.62,,26.56,31.22,31.22,,1007.26,0,0,0.31,,,,,,,,33.94,73,23.89,33.94,13.56,1.13,,1399,1,100,60
13/09/2016,08:00:00,8,Sep-16,Rainy-2016,26.22,26.75,26.19,96,25.53,0.31,,0.25,1.55,,26.22,30.31,30.31,,1008.11,0.11,0,0.3,,,,,,,,34.17,74,24.11,34.17,13.86,1.13,,1399,1,100,60
13/09/2016,09:00:00,9,Sep-16,Rainy-2016,25.56,25.72,25.53,96,24.89,0,,0,1.86,,25.56,28.67,28.67,,1008.75,0.54,0,0.27,,,,,,,,33.89,73,23.86,33.89,13.56,1.13,,1401,1,100,60
13/09/2016,10:00:00,10,Sep-16,Rainy-2016,25.58,25.61,25.5,97,25.08,0.31,,0.25,2.8,,25.58,28.86,28.86,,1009.06,0.38,0,0.27,,,,,,,,34.06,74,24.06,34.06,13.86,1.13,,1403,1,100,60
13/09/2016,11:00:00,11,Sep-16,Rainy-2016,25.69,25.72,25.64,97,25.19,0.31,,0.25,1.55,,25.69,29.11,29.11,,1008.42,0.35,0,0.28,,,,,,,,33.94,74,24,33.94,13.86,1.13,,1404,1,100,60
13/09/2016,12:00:00,12,Sep-16,Rainy-2016,25.92,25.92,25.78,97,25.42,0,,0,1.24,,25.92,29.64,29.64,,1007.74,0.29,0,0.28,,,,,,,,33.94,74,24,33.94,13.86,1.13,,1400,1,100,60
13/09/2016,13:00:00,13,Sep-16,Rainy-2016,26.33,26.33,26.03,96.5,25.75,0,,0,0.93,,26.33,30.58,30.58,,1007.03,0,0,0.3,,,,,,,,33.94,74,24,33.94,13.86,1.13,,1402,1,100,60
13/09/2016,14:00:00,14,Sep-16,Rainy-2016,27.39,27.42,26.86,91,25.81,0,,0,0.93,,27.39,32.42,32.42,,1006.27,0,0,0.34,,,,,,,,33.83,74,23.94,33.83,13.86,1.13,,1404,1,100,60
13/09/2016,15:00:00,15,Sep-16,Rainy-2016,27.81,27.83,27.61,91,26.19,0,,0,0,,27.81,33.67,33.67,,1005.45,0,0,0.36,,,,,,,,33.67,73,23.72,33.67,13.56,1.13,,1402,1,100,60
13/09/2016,16:00:00,16,Sep-16,Rainy-2016,28.58,28.64,28.17,88.5,26.5,0,,0,1.55,,28.58,35.36,35.36,,1004.88,0,0,0.38,,,,,,,,33.67,73,23.72,33.67,13.56,1.13,,1403,1,100,60
13/09/2016,17:00:00,17,Sep-16,Rainy-2016,28.86,28.92,28.72,88,26.69,0,,0,0.31,,28.86,36.14,36.14,,1004.86,0,0,0.4,,,,,,,,33.83,74,23.94,33.83,13.86,1.12,,1402,1,100,60
13/09/2016,18:00:00,18,Sep-16,Rainy-2016,27.67,28.5,27.64,92,26.25,0,,0,1.24,,27.67,33.42,33.42,,1005.33,0.32,0,0.35,,,,,,,,33.69,73.5,23.81,33.69,13.72,1.13,,1404,1,100,60
13/09/2016,19:00:00,19,Sep-16,Rainy-2016,26.89,27.08,26.86,95.5,26.11,0,,0,0,,26.89,31.83,31.83,,1006.01,0.09,0,0.32,,,,,,,,33.72,74,23.89,33.72,13.87,1.13,,1401,1,100,60
13/09/2016,20:00:00,20,Sep-16,Rainy-2016,26.69,26.78,26.69,96.5,26.11,0,,0,0,,26.69,31.5,31.5,,1006.96,0,0,0.31,,,,,,,,33.61,74,23.83,33.61,13.87,1.13,,1400,1,100,60
13/09/2016,21:00:00,21,Sep-16,Rainy-2016,26.56,26.67,26.5,97,26.06,0,,0,0,,26.56,31.22,31.22,,1008.16,0,0,0.31,,,,,,,,33.61,74,23.83,33.61,13.87,1.13,,1398,1,100,60
13/09/2016,22:00:00,22,Sep-16,Rainy-2016,26.69,26.75,26.56,97.5,26.28,0,,0,0,,26.69,31.69,31.69,,1008.86,0,0,0.31,,,,,,,,33.56,74,23.81,33.56,13.87,1.13,,1401,1,100,60
13/09/2016,23:00:00,23,Sep-16,Rainy-2016,26.5,26.78,26.5,97,26,0,,0,0,,26.5,31.08,31.08,,1008.7,0,0,0.31,,,,,,,,33.61,74,23.83,33.61,13.87,1.13,,1402,1,100,60
14/09/2016,00:00:00,24,Sep-16,Rainy-2016,26.39,26.42,26.31,97,25.89,0,,0,0,,26.39,30.81,30.81,,1008.35,0,0,0.3,,,,,,,,33.5,74,23.78,33.5,13.87,1.13,,1405,1,100,60
14/09/2016,01:00:00,1,Sep-16,Rainy-2016,26.25,26.44,26.25,97,25.75,0,,0,0,,26.25,30.44,30.44,,1007.72,0,0,0.3,,,,,,,,33.5,74,23.78,33.5,13.87,1.13,,1400,1,100,60
14/09/2016,02:00:00,2,Sep-16,Rainy-2016,26.03,26.11,26,97.5,25.61,0,,0,0,,26.03,29.97,29.97,,1007.48,0,0,0.29,,,,,,,,33.44,74,23.75,33.44,13.87,1.13,,1401,1,100,60
14/09/2016,03:00:00,3,Sep-16,Rainy-2016,26.11,26.17,26.06,98,25.78,0,,0,0,,26.11,30.25,30.25,,1007.37,0,0,0.29,,,,,,,,33.39,74,23.72,33.39,13.87,1.13,,1400,1,100,60
14/09/2016,04:00:00,4,Sep-16,Rainy-2016,26,26.03,25.97,98,25.67,0,,0,0,,26,29.94,29.94,,1007.3,0,0,0.29,,,,,,,,33.39,74,23.72,33.39,13.87,1.13,,1402,1,100,60
14/09/2016,05:00:00,5,Sep-16,Rainy-2016,26.14,26.14,26.06,98,25.81,0,,0,0,,26.14,30.31,30.31,,1007.57,0,0,0.29,,,,,,,,33.31,74,23.69,33.31,13.87,1.13,,1402,1,100,60
14/09/2016,06:00:00,6,Sep-16,Rainy-2016,26.17,26.19,26.11,98,25.83,0,,0,0,,26.17,30.39,30.39,,1007.84,0,0,0.29,,,,,,,,33.22,74,23.67,33.22,13.87,1.13,,1402,1,100,60
14/09/2016,07:00:00,7,Sep-16,Rainy-2016,26.53,26.53,26.25,98,26.19,0,,0,0,,26.53,31.31,31.31,,1008.62,0,0,0.31,,,,,,,,33.22,74,23.67,33.22,13.87,1.13,,1403,1,100,60
14/09/2016,08:00:00,8,Sep-16,Rainy-2016,27.06,27.06,26.81,98,26.72,0,,0,0,,27.06,32.75,32.75,,1009.4,0,0,0.33,,,,,,,,33.22,74,23.67,33.22,13.87,1.13,,1402,1,100,60
14/09/2016,09:00:00,9,Sep-16,Rainy-2016,28.39,28.44,27.47,92,26.94,0,,0,1.24,,28.39,35.58,35.58,,1009.77,0,0,0.38,,,,,,,,33.22,74,23.67,33.22,13.87,1.13,,1402,1,100,60
14/09/2016,10:00:00,10,Sep-16,Rainy-2016,29.61,29.64,29.08,86.5,27.11,0.62,,0.5,2.49,,29.61,37.78,37.78,,1009.62,0,0,0.42,,,,,,,,33.17,74,23.64,33.17,13.88,1.13,,1401,1,100,60
14/09/2016,11:00:00,11,Sep-16,Rainy-2016,30.5,31.06,29.94,85,27.69,0.93,,0.75,3.11,,30.5,40.33,40.33,,1008.99,0,0,0.46,,,,,,,,33.17,74,23.64,33.17,13.88,1.13,,1404,1,100,60
14/09/2016,12:00:00,12,Sep-16,Rainy-2016,31.22,31.33,30.39,79.5,27.25,0.62,,0.5,2.49,,31.22,40.61,40.61,,1007.86,0,0,0.48,,,,,,,,33.22,74,23.67,33.22,13.87,1.13,,1399,1,100,60
14/09/2016,13:00:00,13,Sep-16,Rainy-2016,31.22,31.42,30.72,78.5,27.03,0.62,,0.5,2.8,,31.22,40.47,40.47,,1006.93,0,0,0.48,,,,,,,,33.33,74.5,23.78,33.33,14.07,1.13,,1403,1,100,60
14/09/2016,14:00:00,14,Sep-16,Rainy-2016,31.78,32.47,31.64,76.5,27.11,0.93,,0.75,4.04,,31.78,41.89,41.89,,1005.72,0,0,0.5,,,,,,,,33.44,75,23.89,33.44,14.27,1.13,,1399,1,100,60
14/09/2016,15:00:00,15,Sep-16,Rainy-2016,31.11,31.72,31.08,79,27.06,0.62,,0.5,2.8,,31.11,40.33,40.33,,1005.01,0,0,0.48,,,,,,,,33.5,75,23.92,33.5,14.27,1.13,,1401,1,100,60
14/09/2016,16:00:00,16,Sep-16,Rainy-2016,30.08,30.5,30.08,82,26.67,0.62,,0.5,2.49,,30.08,37.97,37.97,,1004.52,0,0,0.44,,,,,,,,33.44,75,23.89,33.44,14.27,1.13,,1403,1,100,60
14/09/2016,17:00:00,17,Sep-16,Rainy-2016,29.53,29.81,29.53,84,26.53,0.31,,0.25,2.17,,29.53,36.92,36.92,,1004.3,0,0,0.42,,,,,,,,33.44,75,23.89,33.44,14.27,1.12,,1400,1,100,60
14/09/2016,18:00:00,18,Sep-16,Rainy-2016,28.83,29.22,28.83,85,26.06,0,,0,1.55,,28.83,35.39,35.39,,1004.44,0,0,0.39,,,,,,,,33.44,75,23.89,33.44,14.27,1.13,,1404,1,100,60
14/09/2016,19:00:00,19,Sep-16,Rainy-2016,28.08,28.42,28.08,87.5,25.81,0,,0,0.93,,28.08,33.72,33.72,,1005.06,0,0,0.37,,,,,,,,33.44,75,23.89,33.44,14.27,1.13,,1403,1,100,60
14/09/2016,20:00:00,20,Sep-16,Rainy-2016,27.75,27.92,27.72,89.5,25.86,0,,0,0.93,,27.75,33.19,33.19,,1006.1,0,0,0.35,,,,,,,,33.44,75,23.89,33.44,14.27,1.13,,1402,1,100,60
14/09/2016,21:00:00,21,Sep-16,Rainy-2016,27.39,27.58,27.36,91.5,25.89,0,,0,0.93,,27.39,32.53,32.53,,1006.99,0,0,0.34,,,,,,,,33.33,74.5,23.78,33.33,14.07,1.13,,1401,1,100,60
14/09/2016,22:00:00,22,Sep-16,Rainy-2016,27.36,27.44,27.28,91,25.75,0,,0,0.93,,27.36,32.36,32.36,,1007.62,0,0,0.34,,,,,,,,33.44,75,23.89,33.44,14.27,1.13,,1401,1,100,60
14/09/2016,23:00:00,23,Sep-16,Rainy-2016,27.03,27.19,27.03,93.5,25.89,0,,0,0,,27.03,31.86,31.86,,1007.67,0,0,0.33,,,,,,,,33.44,75,23.89,33.44,14.27,1.13,,1404,1,100,60
15/09/2016,00:00:00,24,Sep-16,Rainy-2016,26.97,27,26.92,94.5,26,0,,0,0,,26.97,31.89,31.89,,1007.47,0,0,0.32,,,,,,,,33.44,75,23.89,33.44,14.27,1.13,,1402,1,100,60
15/09/2016,01:00:00,1,Sep-16,Rainy-2016,27.03,27.06,27,95,26.14,0,,0,0,,27.03,32.11,32.11,,1007.01,0,0,0.33,,,,,,,,33.44,75,23.89,33.44,14.27,1.13,,1396,1,100,60
15/09/2016,02:00:00,2,Sep-16,Rainy-2016,27,27.06,26.97,96,26.33,0,,0,0.31,,27,32.22,32.22,,1006.74,0,0,0.33,,,,,,,,33.44,75,23.89,33.44,14.27,1.13,,1400,1,100,60
15/09/2016,03:00:00,3,Sep-16,Rainy-2016,26.83,26.92,26.83,96,26.17,0,,0,0,,26.83,31.78,31.78,,1006.28,0,0,0.32,,,,,,,,33.44,75,23.89,33.44,14.27,1.13,,1404,1,100,60
15/09/2016,04:00:00,4,Sep-16,Rainy-2016,27.11,27.11,26.92,96.5,26.53,0,,0,1.24,,27.11,32.61,32.61,,1006.16,0,0,0.33,,,,,,,,33.44,75,23.89,33.44,14.27,1.13,,1401,1,100,60
15/09/2016,05:00:00,5,Sep-16,Rainy-2016,27.03,27.14,27.03,96,26.36,0,,0,0,,27.03,32.31,32.31,,1006.33,0,0,0.33,,,,,,,,33.28,75,23.83,33.28,14.28,1.13,,1402,1,100,60
15/09/2016,06:00:00,6,Sep-16,Rainy-2016,26.81,26.92,26.78,96.5,26.22,0,,0,0,,26.81,31.78,31.78,,1006.59,0,0,0.32,,,,,,,,33.28,75,23.83,33.28,14.28,1.13,,1401,1,100,60
15/09/2016,07:00:00,7,Sep-16,Rainy-2016,26.94,26.97,26.83,97,26.44,0,,0,0,,26.94,32.25,32.25,,1007.4,0,0,0.32,,,,,,,,33.28,75,23.83,33.28,14.28,1.13,,1403,1,100,60
15/09/2016,08:00:00,8,Sep-16,Rainy-2016,27.89,27.94,27.17,94,26.83,0,,0,0,,27.89,34.44,34.44,,1007.84,0,0,0.36,,,,,,,,33.28,75,23.83,33.28,14.28,1.13,,1401,1,100,60
15/09/2016,09:00:00,9,Sep-16,Rainy-2016,29.44,29.61,28.83,86,26.86,0,,0,1.55,,29.44,37.17,37.17,,1008.16,0,0,0.42,,,,,,,,33.28,75,23.83,33.28,14.28,1.13,,1402,1,100,60
15/09/2016,10:00:00,10,Sep-16,Rainy-2016,30.81,30.86,29.97,80.5,27.06,0.31,,0.25,1.24,,30.81,39.75,39.75,,1008.26,0,0,0.47,,,,,,,,31.22,69,21.92,31.22,12.8,1.14,,1397,1,100,60
15/09/2016,11:00:00,11,Sep-16,Rainy-2016,31.81,31.94,31,74,26.61,0.62,,0.5,3.42,,31.81,40.97,40.97,,1007.89,0,0,0.51,,,,,,,,26.72,55,16.58,26.72,9.91,1.15,,1332,1,96.65,60
15/09/2016,12:00:00,12,Sep-16,Rainy-2016,32.72,32.72,31.75,71.5,26.89,0.62,,0.5,3.11,,32.72,43.36,43.36,,1007.03,0,0,0.54,,,,,,,,26.33,52.5,15.61,26.33,9.56,1.15,,1342,1,98.1,60
15/09/2016,13:00:00,13,Sep-16,Rainy-2016,31.31,32.33,31.28,76,26.53,0.31,,0.25,1.55,,31.31,39.92,39.92,,1006.1,0,0,0.49,,,,,,,,25.53,48.5,13.92,25.53,8.94,1.15,,1158,1,84.65,60
15/09/2016,14:00:00,14,Sep-16,Rainy-2016,32.44,32.64,31.56,71.5,26.61,0.31,,0.25,1.86,,32.44,42.36,42.36,,1004.76,0,0,0.53,,,,,,,,25.19,47,13.25,25.19,8.7,1.15,,1347,1,98.45,60
15/09/2016,15:00:00,15,Sep-16,Rainy-2016,33.61,33.78,32.75,68.5,27,0.31,,0.25,2.17,,33.61,44.89,44.89,,1003.66,0,0,0.57,,,,,,,,25.33,48,13.61,25.33,8.89,1.15,,1337,1,97.75,60
15/09/2016,16:00:00,16,Sep-16,Rainy-2016,33.19,33.83,33.11,68,26.5,0.31,,0.25,0.93,,33.19,43.31,43.31,,1003.3,0,0,0.56,,,,,,,,25.17,47.5,13.36,25.17,8.8,1.15,,1147,1,83.85,60
15/09/2016,17:00:00,17,Sep-16,Rainy-2016,32.86,32.89,32.69,69.5,26.53,0.31,,0.25,1.86,,32.86,42.86,42.86,,1003.39,0,0,0.55,,,,,,,,26.47,50,15.11,26.47,9.16,1.15,,1048,1,76.6,60
15/09/2016,18:00:00,18,Sep-16,Rainy-2016,31.75,32.56,31.75,70.5,25.72,0,,0,2.17,,31.75,39.56,39.56,,1003.66,0,0,0.5,,,,,,,,27.53,53.5,16.89,27.53,9.7,1.14,,1404,1,100,60
15/09/2016,19:00:00,19,Sep-16,Rainy-2016,29.72,30.75,29.72,77,25.25,0,,0,0.31,,29.72,35.92,35.92,,1004.18,0,0,0.43,,,,,,,,28.14,56.5,18,28.14,10.12,1.14,,1400,1,100,60
15/09/2016,20:00:00,20,Sep-16,Rainy-2016,28.47,29,28.47,83,25.31,0,,0,0,,28.47,34.06,34.06,,1004.93,0,0,0.38,,,,,,,,28.53,58,18.58,28.53,10.35,1.14,,1399,1,100,60
15/09/2016,21:00:00,21,Sep-16,Rainy-2016,27.92,28.11,27.89,87,25.56,0,,0,0,,27.92,33.22,33.22,,1005.91,0,0,0.36,,,,,,,,28.83,59.5,19.08,28.83,10.65,1.14,,1404,1,100,60
15/09/2016,22:00:00,22,Sep-16,Rainy-2016,27.81,27.89,27.78,89,25.81,0,,0,0,,27.81,33.28,33.28,,1006.42,0,0,0.36,,,,,,,,29.03,60.5,19.39,29.03,10.85,1.14,,1402,1,100,60
15/09/2016,23:00:00,23,Sep-16,Rainy-2016,28.39,28.44,27.78,86.5,25.89,0.31,,0.25,1.86,,28.39,34.44,34.44,,1006.23,0,0,0.38,,,,,,,,29.28,61.5,19.75,29.28,11.03,1.14,,1403,1,100,60
16/09/2016,00:00:00,24,Sep-16,Rainy-2016,28.78,29.06,28.78,87.5,26.5,0.62,,0.5,3.11,,28.78,35.81,35.81,,1006.32,0,0,0.39,,,,,,,,29.5,62.5,20.08,29.5,11.21,1.14,,1216,1,88.9,60
16/09/2016,01:00:00,1,Sep-16,Rainy-2016,28.47,28.58,28.44,89,26.47,0.62,,0.5,2.17,,28.47,35.14,35.14,,1006.03,0,0,0.38,,,,,,,,29.72,63.5,20.39,29.72,11.4,1.14,,1233,1,90.15,60
16/09/2016,02:00:00,2,Sep-16,Rainy-2016,28.39,28.47,28.36,89,26.39,0.62,,0.5,2.8,,28.39,34.89,34.89,,1005.72,0,0,0.38,,,,,,,,29.83,64,20.56,29.83,11.5,1.14,,1240,1,90.65,60
16/09/2016,03:00:00,3,Sep-16,Rainy-2016,28.14,28.28,28.14,89.5,26.25,0.62,,0.5,2.49,,28.14,34.25,34.25,,1005.44,0,0,0.37,,,,,,,,30.06,65,20.83,30.06,11.7,1.14,,1267,1,92.6,60
16/09/2016,04:00:00,4,Sep-16,Rainy-2016,27.92,28,27.92,91,26.31,0.62,,0.5,2.17,,27.92,33.97,33.97,,1005.1,0,0,0.36,,,,,,,,30.11,65,20.89,30.11,11.7,1.13,,1302,1,95.15,60
16/09/2016,05:00:00,5,Sep-16,Rainy-2016,27.53,27.78,27.53,92.5,26.19,0,,0,1.24,,27.53,33.11,33.11,,1005.33,0,0,0.35,,,,,,,,30.19,65.5,21.03,30.19,11.8,1.13,,1390,1,100,60
16/09/2016,06:00:00,6,Sep-16,Rainy-2016,27.58,27.61,27.47,93.5,26.44,0,,0,2.17,,27.58,33.5,33.5,,1005.84,0,0,0.35,,,,,,,,30.33,66,21.19,30.33,11.9,1.13,,1391,1,100,60
16/09/2016,07:00:00,7,Sep-16,Rainy-2016,27.75,27.75,27.53,93.5,26.61,0,,0,1.24,,27.75,34,34,,1006.25,0,0,0.35,,,,,,,,30.39,66,21.22,30.39,11.9,1.13,,1391,1,100,60
16/09/2016,08:00:00,8,Sep-16,Rainy-2016,29.67,29.67,28.58,88,27.44,0.31,,0.25,3.11,,29.67,38.42,38.42,,1006.84,0,0,0.43,,,,,,,,30.5,66.5,21.36,30.5,12,1.14,,1330,1,96.85,60
16/09/2016,09:00:00,9,Sep-16,Rainy-2016,31,31.11,30.31,81,27.36,0.62,,0.5,2.8,,31,40.64,40.64,,1007.5,0,0,0.48,,,,,,,,30.67,67,21.53,30.67,12.09,1.14,,1400,1,100,60
16/09/2016,10:00:00,10,Sep-16,Rainy-2016,31.69,31.86,31,75,26.72,0.62,,0.5,2.49,,31.69,40.94,40.94,,1007.4,0,0,0.5,,,,,,,,30.94,68,21.83,30.94,12.29,1.13,,1401,1,100,60
16/09/2016,11:00:00,11,Sep-16,Rainy-2016,31.86,32.58,31.53,73.5,26.53,0.93,,0.75,3.11,,31.86,41,41,,1006.89,0,0,0.51,,,,,,,,31,68,21.83,31,12.29,1.13,,1402,1,100,60
16/09/2016,12:00:00,12,Sep-16,Rainy-2016,32.5,32.97,32.11,72.5,26.89,0.62,,0.5,2.8,,32.5,42.86,42.86,,1006.11,0,0,0.53,,,,,,,,31.28,69,22.17,31.28,12.43,1.13,,1398,1,100,60
16/09/2016,13:00:00,13,Sep-16,Rainy-2016,31.25,31.81,31.25,77,26.75,0.62,,0.5,2.49,,31.25,40,40,,1005.03,0,0,0.48,,,,,,,,31.28,69,22.17,31.28,12.43,1.13,,1397,1,100,60
16/09/2016,14:00:00,14,Sep-16,Rainy-2016,30.14,30.58,30,83,26.92,0.31,,0.25,1.86,,30.14,38.44,38.44,,1003.9,0,0,0.44,,,,,,,,31.28,69,22.17,31.28,12.43,1.13,,1397,1,100,60
16/09/2016,15:00:00,15,Sep-16,Rainy-2016,32.72,32.94,31.25,70,26.5,0.93,,0.75,3.11,,32.72,42.64,42.64,,1003.23,0,0,0.54,,,,,,,,31.53,69.5,22.33,31.53,12.54,1.13,,1402,1,100,60
16/09/2016,16:00:00,16,Sep-16,Rainy-2016,32.19,32.72,32.19,71,26.25,0.31,,0.25,2.17,,32.19,41.28,41.28,,1002.86,0,0,0.52,,,,,,,,31.78,70,22.5,31.78,12.65,1.13,,1392,1,100,60
16/09/2016,17:00:00,17,Sep-16,Rainy-2016,32.25,32.28,31.97,69.5,25.94,0.31,,0.25,2.17,,32.25,40.94,40.94,,1002.95,0,0,0.52,,,,,,,,31.78,70,22.5,31.78,12.65,1.13,,1401,1,100,60
16/09/2016,18:00:00,18,Sep-16,Rainy-2016,31.11,32.03,31.11,76,26.36,0,,0,0,,31.11,39.44,39.44,,1002.91,0,0,0.48,,,,,,,,31.83,70,22.53,31.83,12.65,1.13,,1401,1,100,60
16/09/2016,19:00:00,19,Sep-16,Rainy-2016,29.44,30.14,29.44,82.5,26.14,0,,0,0,,29.44,36.36,36.36,,1003.29,0,0,0.42,,,,,,,,31.89,70,22.56,31.89,12.65,1.13,,1400,1,100,60
16/09/2016,20:00:00,20,Sep-16,Rainy-2016,28.75,28.97,28.67,86.5,26.28,0,,0,0,,28.75,35.5,35.5,,1004.1,0,0,0.39,,,,,,,,31.89,70,22.56,31.89,12.65,1.13,,1402,1,100,60
16/09/2016,21:00:00,21,Sep-16,Rainy-2016,28.81,28.97,28.69,86.5,26.33,0,,0,0,,28.81,35.64,35.64,,1005.2,0,0,0.39,,,,,,,,31.89,70,22.56,31.89,12.65,1.13,,1398,1,100,60
16/09/2016,22:00:00,22,Sep-16,Rainy-2016,28.22,28.5,28.19,90,26.42,0,,0,0,,28.22,34.61,34.61,,1005.84,0,0,0.37,,,,,,,,31.97,70,22.58,31.97,12.65,1.13,,1399,1,100,60
16/09/2016,23:00:00,23,Sep-16,Rainy-2016,28.14,28.28,28.08,90.5,26.44,0,,0,0,,28.14,34.5,34.5,,1006.03,0,0,0.37,,,,,,,,32.22,71,22.83,32.22,12.91,1.13,,1404,1,100,60
17/09/2016,00:00:00,24,Sep-16,Rainy-2016,28.08,28.11,28.06,91,26.47,0,,0,0,,28.08,34.47,34.47,,1005.81,0,0,0.37,,,,,,,,32.22,71,22.83,32.22,12.91,1.13,,1403,1,100,60
17/09/2016,01:00:00,1,Sep-16,Rainy-2016,28.22,28.31,28.08,90.5,26.53,0,,0,0,,28.22,34.72,34.72,,1005.32,0,0,0.37,,,,,,,,32.22,71,22.83,32.22,12.91,1.13,,1401,1,100,60
17/09/2016,02:00:00,2,Sep-16,Rainy-2016,27.81,28.14,27.81,91.5,26.28,0,,0,0,,27.81,33.75,33.75,,1004.81,0,0,0.36,,,,,,,,32.22,71,22.83,32.22,12.91,1.13,,1404,1,100,60
17/09/2016,03:00:00,3,Sep-16,Rainy-2016,27.64,27.69,27.56,93,26.42,0,,0,0,,27.64,33.58,33.58,,1004.34,0,0,0.35,,,,,,,,32.31,71,22.86,32.31,12.91,1.13,,1403,1,100,60
17/09/2016,04:00:00,4,Sep-16,Rainy-2016,27.56,27.61,27.53,94,26.5,0,,0,0,,27.56,33.5,33.5,,1004,0,0,0.35,,,,,,,,32.39,71,22.89,32.39,12.91,1.13,,1403,1,100,60
17/09/2016,05:00:00,5,Sep-16,Rainy-2016,27.31,27.44,27.31,95,26.42,0,,0,0,,27.31,32.86,32.86,,1004.15,0,0,0.34,,,,,,,,32.39,71,22.89,32.39,12.91,1.13,,1401,1,100,60
17/09/2016,06:00:00,6,Sep-16,Rainy-2016,27.44,27.44,27.25,94.5,26.47,0,,0,0.93,,27.44,33.22,33.22,,1005.2,0,0,0.34,,,,,,,,32.56,72,23.11,32.56,13.25,1.13,,1401,1,100,60
17/09/2016,07:00:00,7,Sep-16,Rainy-2016,28.22,28.22,27.67,93,26.97,0,,0,0.62,,28.22,35.33,35.33,,1005.84,0,0,0.37,,,,,,,,32.56,72,23.11,32.56,13.25,1.13,,1402,1,100,60
17/09/2016,08:00:00,8,Sep-16,Rainy-2016,29.83,29.83,29.22,86,27.25,0.31,,0.25,1.86,,29.83,38.31,38.31,,1006.52,0,0,0.43,,,,,,,,32.72,72,23.17,32.72,13.25,1.13,,1399,1,100,60
17/09/2016,09:00:00,9,Sep-16,Rainy-2016,30.28,30.33,30.03,83,27.06,0.62,,0.5,2.8,,30.28,38.97,38.97,,1006.71,0,0,0.45,,,,,,,,32.72,72,23.17,32.72,13.25,1.13,,1401,1,100,60
17/09/2016,10:00:00,10,Sep-16,Rainy-2016,31.53,31.78,30.64,76,26.78,0.62,,0.5,2.8,,31.53,40.69,40.69,,1006.84,0,0,0.5,,,,,,,,32.83,72,23.22,32.83,13.25,1.13,,1401,1,100,60
17/09/2016,11:00:00,11,Sep-16,Rainy-2016,32.64,32.81,32.14,69.5,26.33,0.62,,0.5,2.8,,32.64,42.17,42.17,,1006.23,0,0,0.54,,,,,,,,32.92,72,23.25,32.92,13.25,1.13,,1400,1,100,60
17/09/2016,12:00:00,12,Sep-16,Rainy-2016,33.36,33.83,32.89,65.5,26,0.93,,0.75,3.73,,33.36,42.83,42.83,,1005.5,0,0,0.56,,,,,,,,33,72,23.28,33,13.25,1.13,,1400,1,100,60
17/09/2016,13:00:00,13,Sep-16,Rainy-2016,31.11,33.69,31.03,76.5,26.39,0.93,,0.75,5.28,,31.11,39.83,39.83,,1004.79,5.49,0,0.48,,,,,,,,33.17,73,23.5,33.17,13.57,1.13,,1394,1,100,60
17/09/2016,14:00:00,14,Sep-16,Rainy-2016,28.06,28.64,27.47,90.5,26.33,1.86,,1.5,6.52,,28.06,34.25,34.25,,1004.2,2.81,0,0.36,,,,,,,,33.17,73,23.5,33.17,13.57,1.13,,1395,1,100,60
17/09/2016,15:00:00,15,Sep-16,Rainy-2016,30.03,30.06,28.86,84.5,27.14,0.31,,0.25,2.17,,30.03,38.42,38.42,,1003.39,0,0,0.44,,,,,,,,33.17,73,23.5,33.17,13.57,1.12,,1382,1,100,60
17/09/2016,16:00:00,16,Sep-16,Rainy-2016,28.83,29.58,28.56,90.5,27.11,0.31,,0.25,2.17,,28.83,36.64,36.64,,1002.73,3.37,0,0.39,,,,,,,,33.17,73,23.5,33.17,13.57,1.12,,1392,1,100,60
17/09/2016,17:00:00,17,Sep-16,Rainy-2016,29.86,29.94,29.42,84.5,26.97,0.62,,0.5,4.66,,29.86,38,38,,1002.98,0,0,0.43,,,,,,,,33.17,73,23.5,33.17,13.57,1.12,,1379,1,100,60
17/09/2016,18:00:00,18,Sep-16,Rainy-2016,29.86,29.94,29.75,84,26.86,0.31,,0.25,2.8,,29.86,37.81,37.81,,1003.56,0,0,0.43,,,,,,,,33.25,73,23.53,33.25,13.57,1.12,,1318,1,96.35,60
17/09/2016,19:00:00,19,Sep-16,Rainy-2016,29.56,29.72,29.47,85,26.78,0.62,,0.5,3.42,,29.56,37.19,37.19,,1004.76,0,0,0.42,,,,,,,,33.33,73,23.56,33.33,13.57,1.13,,1370,1,99.25,60
17/09/2016,20:00:00,20,Sep-16,Rainy-2016,29,29.28,28.94,87,26.61,0.31,,0.25,1.86,,29,36.33,36.33,,1005.59,0,0,0.4,,,,,,,,33.33,73,23.56,33.33,13.57,1.13,,1402,1,100,60
17/09/2016,21:00:00,21,Sep-16,Rainy-2016,28.75,28.86,28.72,87.5,26.47,0.62,,0.5,2.49,,28.75,35.72,35.72,,1006.5,0,0,0.39,,,,,,,,33.33,73,23.56,33.33,13.57,1.13,,959,1,70.1,60
17/09/2016,22:00:00,22,Sep-16,Rainy-2016,28.39,28.61,28.39,89,26.42,0.31,,0.25,1.55,,28.39,34.92,34.92,,1006.62,0,0,0.38,,,,,,,,33.33,73,23.56,33.33,13.57,1.13,,1399,1,100,60
17/09/2016,23:00:00,23,Sep-16,Rainy-2016,27.72,28.03,27.72,92.5,26.39,0,,0,0,,27.72,33.72,33.72,,1006.44,0,0,0.35,,,,,,,,33.42,73.5,23.67,33.42,13.72,1.13,,1401,1,100,60
18/09/2016,00:00:00,24,Sep-16,Rainy-2016,27.53,27.61,27.53,94,26.47,0,,0,0,,27.53,33.42,33.42,,1006.72,0,0,0.35,,,,,,,,33.56,74,23.81,33.56,13.87,1.13,,1392,1,100,60
18/09/2016,01:00:00,1,Sep-16,Rainy-2016,27.42,27.5,27.39,95,26.53,0,,0,0,,27.42,33.22,33.22,,1006.45,0,0,0.34,,,,,,,,33.5,74,23.78,33.5,13.87,1.13,,1391,1,100,60
18/09/2016,02:00:00,2,Sep-16,Rainy-2016,27.33,27.36,27.31,95,26.44,0,,0,0,,27.33,32.94,32.94,,1006.15,0,0,0.34,,,,,,,,33.5,74,23.78,33.5,13.87,1.13,,1401,1,100,60
18/09/2016,03:00:00,3,Sep-16,Rainy-2016,27.08,27.25,27.06,95,26.19,0,,0,0,,27.08,32.25,32.25,,1005.77,0,0,0.33,,,,,,,,33.5,74,23.78,33.5,13.87,1.13,,1402,1,100,60
18/09/2016,04:00:00,4,Sep-16,Rainy-2016,27.08,27.08,27.03,95,26.19,0,,0,0,,27.08,32.25,32.25,,1005.69,0,0,0.33,,,,,,,,33.56,74,23.81,33.56,13.87,1.13,,1401,1,100,60
18/09/2016,05:00:00,5,Sep-16,Rainy-2016,27.17,27.22,27.08,94,26.11,0,,0,0,,27.17,32.31,32.31,,1006.06,0,0,0.33,,,,,,,,33.5,74,23.78,33.5,13.87,1.13,,1401,1,100,60
18/09/2016,06:00:00,6,Sep-16,Rainy-2016,26.94,27.06,26.94,95.5,26.17,0,,0,0,,26.94,32,32,,1006.54,0,0,0.32,,,,,,,,33.5,74,23.78,33.5,13.87,1.13,,1399,1,100,60
18/09/2016,07:00:00,7,Sep-16,Rainy-2016,27.53,27.53,27.06,95.5,26.75,0,,0,0,,27.53,33.69,33.69,,1007.01,0,0,0.34,,,,,,,,33.5,74,23.78,33.5,13.87,1.13,,1400,1,100,60
18/09/2016,08:00:00,8,Sep-16,Rainy-2016,29.25,29.31,28.33,88.5,27.14,0.62,,0.5,1.86,,29.25,37.31,37.31,,1007.79,0,0,0.41,,,,,,,,33.5,74,23.78,33.5,13.87,1.13,,919,1,67.2,60
18/09/2016,09:00:00,9,Sep-16,Rainy-2016,30.28,30.36,29.72,84,27.28,0.62,,0.5,2.17,,30.28,39.39,39.39,,1008.11,0,0,0.45,,,,,,,,33.61,74,23.83,33.61,13.87,1.13,,1317,1,96.3,60
18/09/2016,10:00:00,10,Sep-16,Rainy-2016,31.44,31.56,30.58,78.5,27.25,0.62,,0.5,3.11,,31.44,41.22,41.22,,1008.09,0,0,0.49,,,,,,,,28.92,61,19.36,28.92,10.93,1.14,,1295,1,94.65,60
18/09/2016,11:00:00,11,Sep-16,Rainy-2016,31.11,31.61,31.08,78.5,26.94,0.62,,0.5,2.49,,31.11,39.81,39.81,,1007.98,0,0,0.48,,,,,,,,26.5,53,15.92,26.5,9.62,1.15,,1363,1,98.75,60
18/09/2016,12:00:00,12,Sep-16,Rainy-2016,32.61,32.67,31.67,73,27.11,0.93,,0.75,3.42,,32.61,43.72,43.72,,1007.26,0,0,0.54,,,,,,,,26.08,50.5,14.89,26.08,9.26,1.15,,1402,1,100,60
18/09/2016,13:00:00,13,Sep-16,Rainy-2016,32.64,33.56,32.42,72.5,27,0.62,,0.5,3.11,,32.64,43.28,43.28,,1006.21,0,0,0.54,,,,,,,,25.61,48.5,13.97,25.61,8.94,1.16,,1398,1,100,60
18/09/2016,14:00:00,14,Sep-16,Rainy-2016,31.67,32,31.61,78,27.36,0,,0,1.24,,31.67,42,42,,1005.08,0,0,0.5,,,,,,,,25.33,48,13.61,25.33,8.89,1.15,,1400,1,100,60
18/09/2016,15:00:00,15,Sep-16,Rainy-2016,31.33,31.47,31.25,77.5,26.94,0.62,,0.5,2.17,,31.33,40.39,40.39,,1004.17,0,0,0.49,,,,,,,,25.47,47.5,13.58,25.47,8.79,1.15,,1366,1,98.85,60
18/09/2016,16:00:00,16,Sep-16,Rainy-2016,31.31,31.58,31.28,78,27.03,0.62,,0.5,1.86,,31.31,40.44,40.44,,1003.73,0,0,0.49,,,,,,,,25.39,46.5,13.22,25.39,8.59,1.15,,1385,1,100,60
18/09/2016,17:00:00,17,Sep-16,Rainy-2016,30.92,31.08,30.83,80,27.08,0,,0,0.31,,30.92,39.78,39.78,,1003.54,0,0,0.47,,,,,,,,25.5,47,13.5,25.5,8.69,1.15,,1396,1,100,60
18/09/2016,18:00:00,18,Sep-16,Rainy-2016,30.08,30.72,30.08,82,26.67,0,,0,1.55,,30.08,38.06,38.06,,1003.88,0,0,0.44,,,,,,,,27.08,51,15.92,27.08,9.29,1.15,,1371,1,99.1,60
18/09/2016,19:00:00,19,Sep-16,Rainy-2016,28.94,29.39,28.94,87,26.58,0,,0,0.31,,28.94,36.14,36.14,,1004.64,0,0,0.4,,,,,,,,27.83,53.5,17.08,27.83,9.69,1.14,,1399,1,100,60
18/09/2016,20:00:00,20,Sep-16,Rainy-2016,28.58,28.72,28.58,90,26.81,0,,0,0,,28.58,35.69,35.69,,1005.69,0,0,0.38,,,,,,,,28.39,55.5,17.94,28.39,9.95,1.14,,1401,1,100,60
18/09/2016,21:00:00,21,Sep-16,Rainy-2016,28.5,28.53,28.42,92,27.08,0,,0,0,,28.5,36,36,,1006.94,0,0,0.38,,,,,,,,28.78,57.5,18.64,28.78,10.27,1.14,,1403,1,100,60
18/09/2016,22:00:00,22,Sep-16,Rainy-2016,28.78,28.78,28.61,92,27.33,0,,0,0,,28.78,36.86,36.86,,1007.08,0,0,0.39,,,,,,,,29.14,59.5,19.28,29.14,10.65,1.14,,1403,1,100,60
18/09/2016,23:00:00,23,Sep-16,Rainy-2016,28.67,28.78,28.67,92,27.22,0,,0,0.62,,28.67,36.5,36.5,,1006.99,0,0,0.39,,,,,,,,29.36,60.5,19.61,29.36,10.85,1.14,,1402,1,100,60
19/09/2016,00:00:00,24,Sep-16,Rainy-2016,28.33,28.53,28.33,92.5,27,0,,0,0,,28.33,35.58,35.58,,1006.67,0,0,0.38,,,,,,,,29.56,61.5,19.94,29.56,11.03,1.14,,1401,1,100,60
19/09/2016,01:00:00,1,Sep-16,Rainy-2016,28,28.14,28,94,26.94,0,,0,0,,28,34.92,34.92,,1006.3,0,0,0.36,,,,,,,,29.81,62.5,20.28,29.81,11.2,1.14,,1400,1,100,60
19/09/2016,02:00:00,2,Sep-16,Rainy-2016,28,28.11,27.92,94,26.94,0,,0,0,,28,34.92,34.92,,1005.57,0,0,0.36,,,,,,,,29.94,63,20.44,29.94,11.3,1.14,,1402,1,100,60
19/09/2016,03:00:00,3,Sep-16,Rainy-2016,27.58,27.78,27.56,95,26.69,0,,0,0,,27.58,33.78,33.78,,1005.18,0,0,0.35,,,,,,,,30.14,64,20.75,30.14,11.5,1.13,,1398,1,100,60
19/09/2016,04:00:00,4,Sep-16,Rainy-2016,27.39,27.47,27.39,95,26.5,0,,0,0,,27.39,33.14,33.14,,1004.98,0,0,0.34,,,,,,,,30.17,64,20.78,30.17,11.49,1.13,,1400,1,100,60
19/09/2016,05:00:00,5,Sep-16,Rainy-2016,27.19,27.33,27.17,95.5,26.42,0,,0,0,,27.19,32.64,32.64,,1005.27,0,0,0.33,,,,,,,,30.33,64.5,20.94,30.33,11.59,1.13,,1398,1,100,60
19/09/2016,06:00:00,6,Sep-16,Rainy-2016,27.08,27.14,27.08,96,26.42,0,,0,0,,27.08,32.44,32.44,,1005.99,0,0,0.33,,,,,,,,30.44,65,21.08,30.44,11.69,1.13,,1403,1,100,60
19/09/2016,07:00:00,7,Sep-16,Rainy-2016,27.75,27.75,27.28,97,27.25,0,,0,0,,27.75,34.72,34.72,,1006.27,0,0,0.35,,,,,,,,30.5,65,21.11,30.5,11.69,1.13,,1404,1,100,60
19/09/2016,08:00:00,8,Sep-16,Rainy-2016,28.36,28.69,28.11,92,26.94,0.62,,0.5,3.42,,28.36,35.53,35.53,,1006.6,0,0,0.38,,,,,,,,30.78,66,21.44,30.78,11.89,1.13,,1402,1,100,60
19/09/2016,09:00:00,9,Sep-16,Rainy-2016,27.39,27.86,27.33,93.5,26.25,0.62,,0.5,3.11,,27.39,32.86,32.86,,1006.91,0.8,0,0.34,,,,,,,,30.86,66.5,21.56,30.86,11.99,1.13,,1402,1,100,60
19/09/2016,10:00:00,10,Sep-16,Rainy-2016,27.36,27.44,27.14,92.5,26.03,0,,0,1.55,,27.36,32.61,32.61,,1007.06,0,0,0.34,,,,,,,,27.64,56.5,17.58,27.64,10.2,1.15,,1399,1,100,60
19/09/2016,11:00:00,11,Sep-16,Rainy-2016,27.64,27.67,27.53,91,26.03,0.31,,0.25,2.17,,27.64,33.17,33.17,,1006.59,0,0,0.35,,,,,,,,25.81,49.5,14.39,25.81,9.08,1.15,,1387,1,100,60
19/09/2016,12:00:00,12,Sep-16,Rainy-2016,28.72,28.72,27.81,88,26.53,0,,0,1.24,,28.72,35.58,35.58,,1006.01,0,0,0.39,,,,,,,,25.22,46.5,13.11,25.22,8.6,1.16,,1178,1,86.1,60
19/09/2016,13:00:00,13,Sep-16,Rainy-2016,29.22,29.36,29.03,86,26.64,0.31,,0.25,1.86,,29.22,36.64,36.64,,1005.37,0,0,0.41,,,,,,,,24.83,44.5,12.19,24.83,8.31,1.16,,901,1,65.85,60
19/09/2016,14:00:00,14,Sep-16,Rainy-2016,29.31,29.33,29.14,86,26.69,0.62,,0.5,1.55,,29.31,36.83,36.83,,1004.17,0,0,0.41,,,,,,,,24.61,43.5,11.67,24.61,8.13,1.16,,1054,1,77.05,60
19/09/2016,15:00:00,15,Sep-16,Rainy-2016,29.53,29.61,29.39,85.5,26.83,0.31,,0.25,1.55,,29.53,37.31,37.31,,1003.34,0,0,0.42,,,,,,,,24.78,44,11.97,24.78,8.21,1.16,,997,1,72.9,60
19/09/2016,16:00:00,16,Sep-16,Rainy-2016,29.5,29.53,29.44,85.5,26.81,0,,0,0,,29.5,37.19,37.19,,1002.85,0,0,0.42,,,,,,,,24.64,44,11.83,24.64,8.21,1.16,,1081,1,79,60
19/09/2016,17:00:00,17,Sep-16,Rainy-2016,29.19,29.53,29.19,86.5,26.72,0,,0,1.24,,29.19,36.64,36.64,,1002.91,0,0,0.41,,,,,,,,24.61,44.5,11.94,24.61,8.32,1.16,,1194,1,87.3,60
19/09/2016,18:00:00,18,Sep-16,Rainy-2016,28.25,28.69,28.25,90.5,26.56,0,,0,0.62,,28.25,34.81,34.81,,1003.05,0,0,0.37,,,,,,,,26.03,46.5,13.78,26.03,8.57,1.15,,1395,1,100,60
19/09/2016,19:00:00,19,Sep-16,Rainy-2016,27.67,27.89,27.64,91.5,26.14,0,,0,0.31,,27.67,33.36,33.36,,1003.29,0,0,0.35,,,,,,,,26.78,49.5,15.31,26.78,9.05,1.15,,1400,1,100,60
19/09/2016,20:00:00,20,Sep-16,Rainy-2016,27.61,27.67,27.61,93,26.39,0,,0,1.24,,27.61,33.5,33.5,,1004.06,0,0,0.35,,,,,,,,27.19,51.5,16.14,27.19,9.39,1.14,,1402,1,100,60
19/09/2016,21:00:00,21,Sep-16,Rainy-2016,27.58,27.64,27.56,93,26.36,0,,0,1.24,,27.58,33.39,33.39,,1004.93,0,0,0.35,,,,,,,,27.58,53.5,16.94,27.58,9.69,1.14,,1399,1,100,60
19/09/2016,22:00:00,22,Sep-16,Rainy-2016,27.58,27.64,27.56,94.5,26.61,0,,0,0.62,,27.58,33.67,33.67,,1005.5,0,0,0.35,,,,,,,,27.92,55.5,17.61,27.92,9.95,1.14,,1403,1,100,60
19/09/2016,23:00:00,23,Sep-16,Rainy-2016,27.64,27.64,27.56,95.5,26.83,0,,0,0.93,,27.64,34.03,34.03,,1005.45,0,0,0.35,,,,,,,,28.08,56.5,17.94,28.08,10.12,1.14,,1400,1,100,60
20/09/2016,00:00:00,24,Sep-16,Rainy-2016,27.5,27.61,27.5,96,26.78,0,,0,0,,27.5,33.69,33.69,,1005.69,0,0,0.34,,,,,,,,28.28,57.5,18.31,28.28,10.27,1.14,,975,1,71.25,60
20/09/2016,01:00:00,1,Sep-16,Rainy-2016,27.19,27.39,27.19,95,26.31,0,,0,0,,27.19,32.53,32.53,,1005.44,0,0,0.33,,,,,,,,28.5,59,18.78,28.5,10.55,1.14,,635,1,46.4,60
20/09/2016,02:00:00,2,Sep-16,Rainy-2016,27.03,27.11,27.03,95,26.14,0,,0,0,,27.03,32.11,32.11,,1005.17,0,0,0.33,,,,,,,,28.61,59.5,18.97,28.61,10.65,1.14,,638,1,46.65,60
20/09/2016,03:00:00,3,Sep-16,Rainy-2016,27,27.06,27,96,26.33,0,,0,0,,27,32.22,32.22,,1005.05,0,0,0.33,,,,,,,,28.72,60,19.17,28.72,10.75,1.14,,717,1,52.4,60
20/09/2016,04:00:00,4,Sep-16,Rainy-2016,27.06,27.08,27.03,96,26.39,0,,0,0,,27.06,32.39,32.39,,1004.59,0,0,0.33,,,,,,,,28.89,61,19.42,28.89,10.95,1.14,,859,1,62.75,60
20/09/2016,05:00:00,5,Sep-16,Rainy-2016,27.28,27.28,27.14,96,26.61,0,,0,0,,27.28,33,33,,1004.5,0,0,0.34,,,,,,,,28.94,61,19.44,28.94,10.95,1.14,,939,1,68.65,60
20/09/2016,06:00:00,6,Sep-16,Rainy-2016,27.39,27.42,27.28,96.5,26.81,0,,0,0,,27.39,33.44,33.44,,1005.08,0,0,0.34,,,,,,,,29.11,62,19.78,29.11,11.11,1.14,,1223,1,89.4,60
20/09/2016,07:00:00,7,Sep-16,Rainy-2016,28.11,28.11,27.58,96,27.42,0,,0,0.31,,28.11,35.72,35.72,,1005.61,0,0,0.37,,,,,,,,29.22,62.5,19.94,29.22,11.21,1.14,,853,1,62.35,60
20/09/2016,08:00:00,8,Sep-16,Rainy-2016,27.53,28.64,27.53,87.5,25.28,1.86,,1.5,8.08,,27.53,32.25,32.25,,1006.76,0,0,0.34,,,,,,,,29.44,63.5,20.25,29.44,11.41,1.14,,1167,1,85.3,60
20/09/2016,09:00:00,9,Sep-16,Rainy-2016,26.39,26.83,26.33,94,25.33,1.86,,1.5,7.46,,26.39,30.39,30.39,,1007.45,0,0,0.3,,,,,,,,29.56,64,20.39,29.56,11.51,1.14,,1332,1,97.4,60
20/09/2016,10:00:00,10,Sep-16,Rainy-2016,26.36,26.47,26.31,94.5,25.39,0.62,,0.5,3.42,,26.36,30.39,30.39,,1007.84,0,0,0.3,,,,,,,,28.14,59.5,18.47,28.14,10.74,1.15,,1235,1,89.7,60
20/09/2016,11:00:00,11,Sep-16,Rainy-2016,26.33,26.42,26.31,94,25.28,0.31,,0.25,2.17,,26.33,30.25,30.25,,1007.69,0,0,0.3,,,,,,,,25.31,48,13.61,25.31,8.85,1.16,,1170,1,85.5,60
20/09/2016,12:00:00,12,Sep-16,Rainy-2016,26.92,26.92,26.39,92.5,25.58,0.31,,0.25,2.49,,26.92,31.47,31.47,,1006.89,0,0,0.32,,,,,,,,24.58,44.5,11.94,24.58,8.32,1.16,,990,1,72.4,60
20/09/2016,13:00:00,13,Sep-16,Rainy-2016,28.64,28.67,27.89,86.5,26.14,0.31,,0.25,2.17,,28.64,35.17,35.17,,1005.37,0,0,0.39,,,,,,,,25,45,12.47,25,8.4,1.16,,1330,1,97.2,60
20/09/2016,14:00:00,14,Sep-16,Rainy-2016,29.75,29.75,29.11,83,26.56,0.31,,0.25,1.86,,29.75,37.28,37.28,,1004.05,0,0,0.43,,,,,,,,24.53,44.5,11.89,24.53,8.32,1.16,,1184,1,86.55,60
20/09/2016,15:00:00,15,Sep-16,Rainy-2016,30.53,30.67,30.25,78,26.25,0.62,,0.5,1.86,,30.53,38.28,38.28,,1003.13,0,0,0.46,,,,,,,,24.53,44,11.72,24.53,8.22,1.16,,1171,1,85.6,60
20/09/2016,16:00:00,16,Sep-16,Rainy-2016,30.5,30.67,30.42,81.5,26.97,0.62,,0.5,2.17,,30.5,39.31,39.31,,1003.18,0,0,0.46,,,,,,,,24.39,44,11.61,24.39,8.22,1.16,,1161,1,83.7,60
20/09/2016,17:00:00,17,Sep-16,Rainy-2016,29.83,30.17,29.81,83.5,26.72,0.62,,0.5,2.8,,29.83,37.58,37.58,,1003.49,0,0,0.43,,,,,,,,24.39,44.5,11.75,24.39,8.33,1.16,,1166,1,85.25,60
20/09/2016,18:00:00,18,Sep-16,Rainy-2016,28.64,29.36,28.64,87.5,26.36,0.31,,0.25,1.55,,28.64,35.33,35.33,,1004.28,0,0,0.39,,,,,,,,25.81,48,13.97,25.81,8.83,1.15,,1396,1,100,60
20/09/2016,19:00:00,19,Sep-16,Rainy-2016,27.78,28.11,27.75,91,26.17,0,,0,1.55,,27.78,33.58,33.58,,1004.88,0,0,0.35,,,,,,,,26.47,50.5,15.25,26.47,9.26,1.15,,1404,1,100,60
20/09/2016,20:00:00,20,Sep-16,Rainy-2016,27.47,27.56,27.44,91,25.86,0,,0,2.17,,27.47,32.69,32.69,,1005.62,0,0,0.34,,,,,,,,26.86,52.5,16.11,26.86,9.55,1.15,,1202,1,87.85,60
20/09/2016,21:00:00,21,Sep-16,Rainy-2016,27.36,27.44,27.36,92.5,26.06,0,,0,2.17,,27.36,32.61,32.61,,1006.59,0,0,0.34,,,,,,,,27.17,54.5,16.86,27.17,9.8,1.15,,1395,1,100,60
20/09/2016,22:00:00,22,Sep-16,Rainy-2016,27.19,27.31,27.17,93.5,26.06,0,,0,0.62,,27.19,32.31,32.31,,1007.38,0,0,0.33,,,,,,,,27.39,56,17.39,27.39,10.05,1.15,,1402,1,100,60
20/09/2016,23:00:00,23,Sep-16,Rainy-2016,27.08,27.14,27.06,94,26.03,0,,0,0,,27.08,32.08,32.08,,1007.35,0,0,0.33,,,,,,,,27.58,57,17.75,27.58,10.16,1.15,,1388,1,100,60
21/09/2016,00:00:00,24,Sep-16,Rainy-2016,26.97,27.08,26.97,95,26.08,0,,0,0.62,,26.97,31.94,31.94,,1007.35,0,0,0.32,,,,,,,,27.81,58,18.08,27.81,10.35,1.15,,1392,1,100,60
21/09/2016,01:00:00,1,Sep-16,Rainy-2016,26.75,26.86,26.75,96,26.08,0,,0,0.31,,26.75,31.56,31.56,,1007.15,0,0,0.32,,,,,,,,27.94,59,18.39,27.94,10.55,1.15,,1358,1,97.95,60
21/09/2016,02:00:00,2,Sep-16,Rainy-2016,26.56,26.67,26.53,96.5,25.97,0,,0,0,,26.56,31.14,31.14,,1006.91,0,0,0.31,,,,,,,,28.06,59.5,18.58,28.06,10.65,1.14,,1403,1,100,60
21/09/2016,03:00:00,3,Sep-16,Rainy-2016,26.5,26.53,26.47,97,26,0,,0,0,,26.5,31.06,31.06,,1006.32,0,0,0.31,,,,,,,,28.17,60,18.78,28.17,10.75,1.14,,1404,1,100,60
21/09/2016,04:00:00,4,Sep-16,Rainy-2016,26.56,26.56,26.53,97,26.06,0,,0,0.62,,26.56,31.22,31.22,,1006.11,0,0,0.31,,,,,,,,28.33,61,19.11,28.33,10.95,1.14,,1403,1,100,60
21/09/2016,05:00:00,5,Sep-16,Rainy-2016,26.56,26.56,26.53,97,26.06,0,,0,0.62,,26.56,31.22,31.22,,1006.77,0,0,0.31,,,,,,,,28.39,61,19.14,28.39,10.95,1.14,,1404,1,100,60
21/09/2016,06:00:00,6,Sep-16,Rainy-2016,26.67,26.67,26.58,98,26.33,0,,0,0,,26.67,31.67,31.67,,1007.55,0,0,0.31,,,,,,,,28.5,62,19.39,28.5,11.13,1.14,,1148,1,82.8,60
21/09/2016,07:00:00,7,Sep-16,Rainy-2016,26.97,27,26.81,97.5,26.56,0,,0,0,,26.97,32.42,32.42,,1008.69,0,0,0.32,,,,,,,,28.75,62,19.53,28.75,11.12,1.14,,459,1,33.55,60
21/09/2016,08:00:00,8,Sep-16,Rainy-2016,28.97,28.97,27.69,91,27.33,0,,0,0.62,,28.97,37.08,37.08,,1009.4,0,0,0.4,,,,,,,,28.75,62.5,19.64,28.75,11.22,1.14,,270,1,19.7,60
21/09/2016,09:00:00,9,Sep-16,Rainy-2016,31.14,31.14,30.28,83,27.89,0.31,,0.25,2.17,,31.14,42.06,42.06,,1009.64,0,0,0.48,,,,,,,,28.94,63,19.86,28.94,11.32,1.14,,1095,1,80.05,60
21/09/2016,10:00:00,10,Sep-16,Rainy-2016,30.53,31.17,30.53,81.5,26.97,0.62,,0.5,2.49,,30.53,39.17,39.17,,1009.89,0,0,0.46,,,,,,,,26.5,54.5,16.28,26.5,9.82,1.15,,1383,1,99.95,60
21/09/2016,11:00:00,11,Sep-16,Rainy-2016,31.31,31.42,29.94,79.5,27.31,0.31,,0.25,3.11,,31.31,41.25,41.25,,1009.53,0.16,0,0.49,,,,,,,,25.03,48,13.39,25.03,8.86,1.16,,1053,1,76.95,60
21/09/2016,12:00:00,12,Sep-16,Rainy-2016,29.92,31.06,29.92,84.5,27,0.31,,0.25,3.73,,29.92,38.25,38.25,,1009.06,0,0,0.43,,,,,,,,24.58,45.5,12.25,24.58,8.47,1.16,,1137,1,83.15,60
21/09/2016,13:00:00,13,Sep-16,Rainy-2016,30.39,30.78,29.78,83.5,27.28,0.31,,0.25,1.86,,30.39,39.39,39.39,,1008.26,0.53,0,0.45,,,,,,,,24.33,45,11.83,24.33,8.43,1.16,,1165,1,85.2,60
21/09/2016,14:00:00,14,Sep-16,Rainy-2016,28.17,29.22,28.08,91.5,26.67,0.31,,0.25,2.49,,28.17,34.78,34.78,,1007.72,3.31,0,0.37,,,,,,,,24.28,45,11.81,24.28,8.38,1.16,,1230,1,89.95,60
21/09/2016,15:00:00,15,Sep-16,Rainy-2016,28.03,28.19,27.81,95,27.14,0,,0,0,,28.03,35.22,35.22,,1006.79,0,0,0.36,,,,,,,,24.53,48.5,13.03,24.53,8.94,1.16,,1403,1,100,60
21/09/2016,16:00:00,16,Sep-16,Rainy-2016,28.25,28.36,27.97,93.5,27.08,0,,0,0,,28.25,35.58,35.58,,1006.81,0,0,0.37,,,,,,,,24.22,45,11.72,24.22,8.43,1.16,,1404,1,100,60
21/09/2016,17:00:00,17,Sep-16,Rainy-2016,28.53,28.83,28.39,92,27.11,0,,0,0,,28.53,36.08,36.08,,1006.84,0,0,0.38,,,,,,,,24.72,46,12.5,24.72,8.56,1.16,,1400,1,100,60
21/09/2016,18:00:00,18,Sep-16,Rainy-2016,28,28.19,28,93.5,26.86,0,,0,0,,28,34.81,34.81,,1007.35,0,0,0.36,,,,,,,,26.06,49,14.5,26.06,9.03,1.15,,1403,1,100,60
21/09/2016,19:00:00,19,Sep-16,Rainy-2016,27.86,27.94,27.83,93,26.64,0,,0,0,,27.86,34.25,34.25,,1008.38,0,0,0.36,,,,,,,,26.61,51.5,15.64,26.61,9.41,1.15,,1401,1,100,60
21/09/2016,20:00:00,20,Sep-16,Rainy-2016,27.67,27.78,27.64,93.5,26.53,0,,0,0,,27.67,33.75,33.75,,1009.64,0,0,0.35,,,,,,,,26.94,53.5,16.42,26.94,9.7,1.15,,1401,1,100,60
21/09/2016,21:00:00,21,Sep-16,Rainy-2016,27.5,27.58,27.5,95,26.61,0,,0,0,,27.5,33.5,33.5,,1010.52,0,0,0.34,,,,,,,,27.25,55.5,17.17,27.25,9.95,1.15,,1403,1,100,60
21/09/2016,22:00:00,22,Sep-16,Rainy-2016,27.39,27.5,27.36,95.5,26.61,0,,0,0,,27.39,33.25,33.25,,1010.62,0,0,0.34,,,,,,,,27.42,56.5,17.5,27.42,10.11,1.15,,1400,1,100,60
21/09/2016,23:00:00,23,Sep-16,Rainy-2016,27,27.19,27,96,26.33,0,,0,0,,27,32.22,32.22,,1010.14,0,0,0.33,,,,,,,,27.64,57.5,17.89,27.64,10.26,1.15,,1403,1,100,60
22/09/2016,00:00:00,24,Sep-16,Rainy-2016,26.89,26.97,26.81,97,26.39,0,,0,0,,26.89,32.11,32.11,,1009.91,0,0,0.32,,,,,,,,27.78,58.5,18.19,27.78,10.45,1.15,,1404,1,100,60
22/09/2016,01:00:00,1,Sep-16,Rainy-2016,27,27.08,26.94,97,26.5,0,,0,0,,27,32.42,32.42,,1009.48,0,0,0.33,,,,,,,,27.89,59,18.36,27.89,10.55,1.15,,1399,1,100,60
22/09/2016,02:00:00,2,Sep-16,Rainy-2016,26.81,26.94,26.81,97.5,26.39,0,,0,0,,26.81,31.97,31.97,,1009.26,0,0,0.32,,,,,,,,28.06,60,18.69,28.06,10.75,1.15,,1399,1,100,60
22/09/2016,03:00:00,3,Sep-16,Rainy-2016,26.83,26.89,26.75,98,26.5,0,,0,0,,26.83,32.11,32.11,,1008.82,0,0,0.32,,,,,,,,28.14,60,18.75,28.14,10.75,1.15,,1403,1,100,60
22/09/2016,04:00:00,4,Sep-16,Rainy-2016,27,27.03,26.89,98,26.67,0,,0,0.93,,27,32.61,32.61,,1008.67,0,0,0.33,,,,,,,,28.31,61,19.08,28.31,10.95,1.15,,1400,1,100,60
22/09/2016,05:00:00,5,Sep-16,Rainy-2016,26.97,27,26.94,98,26.64,0,,0,0.62,,26.97,32.53,32.53,,1008.69,0,0,0.32,,,,,,,,28.33,61,19.11,28.33,10.95,1.15,,1401,1,100,60
22/09/2016,06:00:00,6,Sep-16,Rainy-2016,26.94,26.97,26.89,98,26.61,0,,0,0.31,,26.94,32.44,32.44,,1008.72,0,0,0.32,,,,,,,,28.47,62,19.36,28.47,11.13,1.14,,1400,1,100,60
22/09/2016,07:00:00,7,Sep-16,Rainy-2016,26.86,26.94,26.81,98,26.53,0,,0,1.24,,26.86,32.19,32.19,,1009.26,0,0,0.32,,,,,,,,28.5,62,19.39,28.5,11.13,1.14,,1399,1,100,60
22/09/2016,08:00:00,8,Sep-16,Rainy-2016,28.03,28.03,27.06,94,26.97,0,,0,0.93,,28.03,34.89,34.89,,1009.99,0,0,0.36,,,,,,,,28.72,63,19.72,28.72,11.32,1.15,,1401,1,100,60
22/09/2016,09:00:00,9,Sep-16,Rainy-2016,29.61,29.86,29,88,27.42,0.62,,0.5,2.49,,29.61,38.25,38.25,,1010.23,0,0,0.42,,,,,,,,28.83,63.5,19.92,28.83,11.42,1.14,,1401,1,100,60
22/09/2016,10:00:00,10,Sep-16,Rainy-2016,30.33,30.86,29.44,84,27.28,0.62,,0.5,1.86,,30.33,39.25,39.25,,1010.31,0,0,0.45,,,,,,,,26.69,55.5,16.64,26.69,10.02,1.15,,1394,1,100,60
22/09/2016,11:00:00,11,Sep-16,Rainy-2016,31.67,31.78,31.25,80.5,27.89,0.62,,0.5,2.49,,31.67,43.19,43.19,,1009.99,0,0,0.5,,,,,,,,25,48,13.36,25,8.86,1.16,,1383,1,99.8,60
22/09/2016,12:00:00,12,Sep-16,Rainy-2016,31.83,32.17,31.61,73,26.39,0.31,,0.25,1.86,,31.83,40.78,40.78,,1009.13,0,0,0.51,,,,,,,,24.56,45.5,12.22,24.56,8.47,1.16,,1400,1,100,60
22/09/2016,13:00:00,13,Sep-16,Rainy-2016,31.97,32.42,31.69,77,27.42,0.31,,0.25,2.17,,31.97,43.11,43.11,,1008.03,0,0,0.51,,,,,,,,24.5,46.5,12.42,24.5,8.67,1.16,,1376,1,99.4,60
22/09/2016,14:00:00,14,Sep-16,Rainy-2016,30.53,31.47,30.53,79,26.44,0.62,,0.5,2.8,,30.53,38.39,38.39,,1006.96,0,0,0.46,,,,,,,,24.5,46.5,12.47,24.5,8.62,1.16,,1389,1,100,60
22/09/2016,15:00:00,15,Sep-16,Rainy-2016,28.61,29.39,28.61,83,25.44,1.24,,1,4.66,,28.61,34.44,34.44,,1006.18,0,0,0.39,,,,,,,,25.69,49,14.17,25.69,9.04,1.15,,1398,1,100,60
22/09/2016,16:00:00,16,Sep-16,Rainy-2016,27.83,28.19,27.83,87.5,25.56,1.24,,1,4.04,,27.83,33.06,33.06,,1006.1,0,0,0.36,,,,,,,,26.64,52,15.78,26.64,9.5,1.15,,1369,1,98.75,60
22/09/2016,17:00:00,17,Sep-16,Rainy-2016,27.5,27.67,27.47,93,26.25,0,,0,0,,27.5,33.14,33.14,,1006.03,0,0,0.34,,,,,,,,26.97,53.5,16.44,26.97,9.7,1.15,,1213,1,88.65,60
22/09/2016,18:00:00,18,Sep-16,Rainy-2016,27.36,27.42,27.28,95,26.47,0,,0,0,,27.36,33.06,33.06,,1006.76,0,0,0.34,,,,,,,,27.28,55,17.06,27.28,9.85,1.15,,1402,1,100,60
22/09/2016,19:00:00,19,Sep-16,Rainy-2016,27.25,27.36,27.17,94.5,26.28,0,,0,0,,27.25,32.61,32.61,,1007.16,0,0,0.33,,,,,,,,27.5,56,17.47,27.5,10.05,1.15,,1404,1,100,60
22/09/2016,20:00:00,20,Sep-16,Rainy-2016,27.31,27.39,27.25,92.5,26,0,,0,0.93,,27.31,32.44,32.44,,1007.76,0,0,0.34,,,,,,,,27.69,57.5,17.92,27.69,10.26,1.15,,1397,1,100,60
22/09/2016,21:00:00,21,Sep-16,Rainy-2016,26.72,27.08,26.72,93,25.5,0,,0,0,,26.72,31.03,31.03,,1008.09,0,0,0.31,,,,,,,,27.83,58,18.11,27.83,10.35,1.15,,1404,1,100,60
22/09/2016,22:00:00,22,Sep-16,Rainy-2016,26.33,26.44,26.31,93.5,25.19,0,,0,0,,26.33,30.19,30.19,,1008.26,0,0,0.3,,,,,,,,28,59,18.44,28,10.55,1.15,,1398,1,100,60
22/09/2016,23:00:00,23,Sep-16,Rainy-2016,26.31,26.36,26.31,95,25.42,0,,0,0,,26.31,30.33,30.33,,1008.08,0,0,0.3,,,,,,,,28.06,59,18.5,28.06,10.55,1.15,,1401,1,100,60
23/09/2016,00:00:00,24,Sep-16,Rainy-2016,26.08,26.22,26.08,96,25.42,0,,0,0,,26.08,29.92,29.92,,1007.82,0,0,0.29,,,,,,,,28.19,60,18.81,28.19,10.75,1.14,,1403,1,100,60
23/09/2016,01:00:00,1,Sep-16,Rainy-2016,26.14,26.17,26.06,96,25.47,0,,0,0,,26.14,30.06,30.06,,1007.5,0,0,0.29,,,,,,,,28.28,60,18.86,28.28,10.75,1.14,,1399,1,100,60
23/09/2016,02:00:00,2,Sep-16,Rainy-2016,26.17,26.22,26.11,96,25.5,0,,0,0.93,,26.17,30.14,30.14,,1007.15,0,0,0.29,,,,,,,,28.44,61,19.17,28.44,10.95,1.14,,1403,1,100,60
23/09/2016,03:00:00,3,Sep-16,Rainy-2016,26.08,26.22,26.08,96,25.42,0,,0,0,,26.08,29.92,29.92,,1006.66,0,0,0.29,,,,,,,,28.47,61,19.19,28.47,10.95,1.14,,1402,1,100,60
23/09/2016,04:00:00,4,Sep-16,Rainy-2016,25.83,25.94,25.81,96,25.17,0,,0,0,,25.83,29.33,29.33,,1006.23,0,0,0.28,,,,,,,,28.56,61.5,19.33,28.56,11.04,1.14,,1401,1,100,60
23/09/2016,05:00:00,5,Sep-16,Rainy-2016,25.75,25.78,25.72,97,25.25,0,,0,0,,25.75,29.25,29.25,,1006.27,0,0,0.28,,,,,,,,28.72,62,19.5,28.72,11.12,1.14,,1404,1,100,60
23/09/2016,06:00:00,6,Sep-16,Rainy-2016,25.97,25.97,25.81,97,25.47,0,,0,0,,25.97,29.78,29.78,,1006.82,0,0,0.29,,,,,,,,28.75,62.5,19.64,28.75,11.22,1.14,,1399,1,100,60
23/09/2016,07:00:00,7,Sep-16,Rainy-2016,26.69,26.72,26.22,98,26.36,0,,0,0,,26.69,31.78,31.78,,1007.32,0,0,0.31,,,,,,,,28.78,63,19.78,28.78,11.32,1.14,,1401,1,100,60
23/09/2016,08:00:00,8,Sep-16,Rainy-2016,29.47,29.47,27.89,86,26.86,0,,0,1.55,,29.47,37.33,37.33,,1007.77,0,0,0.42,,,,,,,,28.89,63,19.83,28.89,11.32,1.14,,1399,1,100,60
23/09/2016,09:00:00,9,Sep-16,Rainy-2016,30.94,31.06,30.03,81,27.28,0.31,,0.25,2.17,,30.94,40.56,40.56,,1008.23,0,0,0.47,,,,,,,,29.03,63.5,20,29.03,11.42,1.14,,1402,1,100,60
23/09/2016,10:00:00,10,Sep-16,Rainy-2016,31.19,31.56,30.64,75.5,26.33,0.62,,0.5,2.49,,31.19,39.36,39.36,,1007.89,0,0,0.48,,,,,,,,29.22,64.5,20.31,29.22,11.62,1.14,,1403,1,100,60
23/09/2016,11:00:00,11,Sep-16,Rainy-2016,32.33,32.5,31.83,74,27.11,0.93,,0.75,4.97,,32.33,43.08,43.08,,1007.25,0,0,0.53,,,,,,,,29.33,65,20.47,29.33,11.72,1.14,,1403,1,100,60
23/09/2016,12:00:00,12,Sep-16,Rainy-2016,32.19,32.53,31.97,70.5,26.14,0.93,,0.75,4.97,,32.19,41.08,41.08,,1006.38,0,0,0.52,,,,,,,,29.5,66,20.72,29.5,11.91,1.14,,1398,1,100,60
23/09/2016,13:00:00,13,Sep-16,Rainy-2016,32.92,32.94,32.08,67.5,26.08,1.24,,1,4.66,,32.92,42.22,42.22,,1005.25,0,0,0.55,,,,,,,,29.56,66,20.78,29.56,11.91,1.14,,1402,1,100,60
23/09/2016,14:00:00,14,Sep-16,Rainy-2016,32.42,33.11,32.25,68.5,25.86,0.93,,0.75,4.66,,32.42,41.08,41.08,,1004.22,0,0,0.53,,,,,,,,29.72,67,21.06,29.72,12.11,1.13,,1403,1,100,60
23/09/2016,15:00:00,15,Sep-16,Rainy-2016,31.83,32.86,31.78,73,26.39,1.55,,1.25,6.52,,31.83,40.5,40.5,,1003.84,0,0,0.51,,,,,,,,29.78,67,21.11,29.78,12.11,1.13,,1403,1,100,60
23/09/2016,16:00:00,16,Sep-16,Rainy-2016,32.83,33.03,31.78,70,26.64,0.93,,0.75,4.04,,32.83,43.11,43.11,,1003.34,0,0,0.54,,,,,,,,30.06,68,21.39,30.06,12.31,1.13,,1404,1,100,60
23/09/2016,17:00:00,17,Sep-16,Rainy-2016,31.67,32.47,31.67,71,25.75,1.24,,1,4.04,,31.67,39.36,39.36,,1003.52,0,0,0.5,,,,,,,,30.08,68,21.42,30.08,12.31,1.13,,1399,1,100,60
23/09/2016,18:00:00,18,Sep-16,Rainy-2016,29.69,30.58,29.69,81,26.08,1.24,,1,5.59,,29.69,36.61,36.61,,1004.3,0,0,0.43,,,,,,,,30.11,68,21.44,30.11,12.31,1.13,,1402,1,100,60
23/09/2016,19:00:00,19,Sep-16,Rainy-2016,29.36,29.5,29.31,78.5,25.22,0.62,,0.5,3.11,,29.36,35.31,35.31,,1004.95,0,0,0.41,,,,,,,,30.17,68,21.47,30.17,12.31,1.13,,1403,1,100,60
23/09/2016,20:00:00,20,Sep-16,Rainy-2016,28.83,29.17,28.83,81,25.25,0.62,,0.5,3.42,,28.83,34.72,34.72,,1005.62,0,0,0.39,,,,,,,,30.17,68,21.47,30.17,12.31,1.13,,1403,1,100,60
23/09/2016,21:00:00,21,Sep-16,Rainy-2016,28.56,28.67,28.53,84,25.61,0.62,,0.5,2.49,,28.56,34.44,34.44,,1006.42,0,0,0.38,,,,,,,,30.22,68,21.5,30.22,12.3,1.14,,1402,1,100,60
23/09/2016,22:00:00,22,Sep-16,Rainy-2016,28.39,28.53,28.39,85.5,25.72,0.31,,0.25,2.8,,28.39,34.22,34.22,,1006.6,0,0,0.38,,,,,,,,30.22,68,21.5,30.22,12.3,1.14,,1403,1,100,60
23/09/2016,23:00:00,23,Sep-16,Rainy-2016,28.33,28.44,28.22,85,25.56,0.62,,0.5,3.73,,28.33,33.97,33.97,,1006.16,0,0,0.38,,,,,,,,30.33,68,21.56,30.33,12.3,1.13,,1405,1,100,60
24/09/2016,00:00:00,24,Sep-16,Rainy-2016,28.11,28.19,28.11,87,25.72,0.62,,0.5,3.42,,28.11,33.72,33.72,,1005.66,0,0,0.37,,,,,,,,30.5,69,21.78,30.5,12.45,1.13,,1401,1,100,60
24/09/2016,01:00:00,1,Sep-16,Rainy-2016,27.94,28.06,27.94,87.5,25.67,0.62,,0.5,2.8,,27.94,33.36,33.36,,1005.39,0,0,0.36,,,,,,,,30.5,69,21.78,30.5,12.45,1.13,,1403,1,100,60
24/09/2016,02:00:00,2,Sep-16,Rainy-2016,27.86,27.97,27.83,86.5,25.39,0.31,,0.25,2.17,,27.86,32.97,32.97,,1005.08,0,0,0.36,,,,,,,,30.61,69,21.83,30.61,12.45,1.13,,1404,1,100,60
24/09/2016,03:00:00,3,Sep-16,Rainy-2016,27.39,27.58,27.36,89.5,25.5,0,,0,1.55,,27.39,32.19,32.19,,1005.01,0,0,0.34,,,,,,,,30.61,69,21.83,30.61,12.45,1.13,,1402,1,100,60
24/09/2016,04:00:00,4,Sep-16,Rainy-2016,27.39,27.47,27.33,90.5,25.69,0.31,,0.25,1.24,,27.39,32.36,32.36,,1004.95,0,0,0.34,,,,,,,,30.67,69,21.86,30.67,12.45,1.13,,1399,1,100,60
24/09/2016,05:00:00,5,Sep-16,Rainy-2016,26.97,27.17,26.97,93.5,25.83,0,,0,0,,26.97,31.72,31.72,,1004.95,0,0,0.32,,,,,,,,30.72,69,21.89,30.72,12.45,1.13,,1401,1,100,60
24/09/2016,06:00:00,6,Sep-16,Rainy-2016,27.11,27.14,26.97,94.5,26.14,0,,0,1.24,,27.11,32.22,32.22,,1005.32,0,0,0.33,,,,,,,,30.72,69,21.89,30.72,12.45,1.13,,1402,1,100,60
24/09/2016,07:00:00,7,Sep-16,Rainy-2016,27.28,27.28,27.14,94,26.22,0.31,,0.25,1.55,,27.28,32.61,32.61,,1005.98,0,0,0.34,,,,,,,,30.72,69,21.89,30.72,12.45,1.13,,1402,1,100,60
24/09/2016,08:00:00,8,Sep-16,Rainy-2016,29.03,29.08,27.83,88.5,26.92,0.62,,0.5,2.8,,29.03,36.56,36.56,,1006.79,0,0,0.4,,,,,,,,30.78,69,21.92,30.78,12.45,1.13,,1395,1,100,60
24/09/2016,09:00:00,9,Sep-16,Rainy-2016,30.56,30.58,29.56,82,27.14,0.62,,0.5,3.11,,30.56,39.44,39.44,,1006.82,0,0,0.46,,,,,,,,31,70,22.17,31,12.69,1.13,,1404,1,100,60
24/09/2016,10:00:00,10,Sep-16,Rainy-2016,30.86,31.08,30.36,80.5,27.14,1.24,,1,4.04,,30.86,39.83,39.83,,1006.74,0,0,0.47,,,,,,,,29.56,65.5,20.56,29.56,11.82,1.14,,1292,1,93.15,60
24/09/2016,11:00:00,11,Sep-16,Rainy-2016,31.81,31.83,31,73.5,26.47,1.24,,1,4.04,,31.81,40.83,40.83,,1006.4,0,0,0.51,,,,,,,,26.08,53.5,15.67,26.08,9.69,1.15,,1178,1,86.1,60
24/09/2016,12:00:00,12,Sep-16,Rainy-2016,28.47,31.44,28.44,85,25.56,0.93,,0.75,5.59,,28.47,33.97,33.97,,1006.23,8.6,0,0.38,,,,,,,,25.19,48,13.5,25.19,8.85,1.16,,1234,1,90.2,60
24/09/2016,13:00:00,13,Sep-16,Rainy-2016,27.69,28,26.67,92.5,26.36,0.31,,0.25,5.28,,27.69,33.58,33.58,,1005.39,0.16,0,0.35,,,,,,,,24.58,45,12.11,24.58,8.42,1.16,,1247,1,91.15,60
24/09/2016,14:00:00,14,Sep-16,Rainy-2016,28.33,28.5,27.25,91,26.69,0.62,,0.5,2.8,,28.33,35.19,35.19,,1004.12,1.17,0,0.38,,,,,,,,24.39,44,11.64,24.39,8.24,1.16,,1390,1,100,60
24/09/2016,15:00:00,15,Sep-16,Rainy-2016,28.61,28.86,28.58,89,26.64,0.62,,0.5,2.8,,28.61,35.58,35.58,,1003.32,0,0,0.39,,,,,,,,24.47,45,12,24.47,8.42,1.16,,1316,1,95.3,60
24/09/2016,16:00:00,16,Sep-16,Rainy-2016,28.36,28.5,28.33,88,26.17,0.62,,0.5,4.04,,28.36,34.61,34.61,,1002.57,0,0,0.38,,,,,,,,24.22,44,11.44,24.22,8.23,1.16,,1168,1,85.35,60
24/09/2016,17:00:00,17,Sep-16,Rainy-2016,28.33,28.39,28.33,88.5,26.25,0.62,,0.5,2.17,,28.33,34.61,34.61,,1003.01,0,0,0.38,,,,,,,,24.5,44.5,11.86,24.5,8.32,1.16,,1124,1,82.2,60
24/09/2016,18:00:00,18,Sep-16,Rainy-2016,28,28.25,28,89.5,26.11,0,,0,1.86,,28,33.89,33.89,,1002.69,0,0,0.36,,,,,,,,26.03,47.5,14.06,26.03,8.77,1.15,,1374,1,99.2,60
24/09/2016,19:00:00,19,Sep-16,Rainy-2016,27.75,27.92,27.72,91.5,26.22,0,,0,1.24,,27.75,33.58,33.58,,1003.52,0,0,0.35,,,,,,,,26.67,50,15.31,26.67,9.16,1.15,,1399,1,100,60
24/09/2016,20:00:00,20,Sep-16,Rainy-2016,27.42,27.56,27.42,93.5,26.28,0,,0,0.31,,27.42,32.94,32.94,,1004.67,0,0,0.34,,,,,,,,27.14,52.5,16.36,27.14,9.54,1.15,,1404,1,100,60
24/09/2016,21:00:00,21,Sep-16,Rainy-2016,27.5,27.56,27.42,94,26.44,0,,0,1.24,,27.5,33.33,33.33,,1005.5,0,0,0.34,,,,,,,,27.42,54,16.92,27.42,9.75,1.15,,1402,1,100,60
24/09/2016,22:00:00,22,Sep-16,Rainy-2016,27.53,27.61,27.44,93.5,26.39,0,,0,1.24,,27.53,33.31,33.31,,1005.59,0,0,0.35,,,,,,,,27.67,55.5,17.44,27.67,9.95,1.14,,1404,1,100,60
24/09/2016,23:00:00,23,Sep-16,Rainy-2016,27.69,27.72,27.53,91,26.08,0,,0,1.55,,27.69,33.36,33.36,,1005.54,0,0,0.35,,,,,,,,27.94,57,17.97,27.94,10.17,1.14,,1402,1,100,60
25/09/2016,00:00:00,24,Sep-16,Rainy-2016,27.44,27.61,27.44,92,26.03,0,,0,1.86,,27.44,32.78,32.78,,1005.42,0,0,0.34,,,,,,,,28.11,58,18.31,28.11,10.35,1.14,,1401,1,100,60
25/09/2016,01:00:00,1,Sep-16,Rainy-2016,27.33,27.44,27.28,92.5,26.03,0,,0,1.86,,27.33,32.53,32.53,,1005.32,0,0,0.34,,,,,,,,28.28,59,18.64,28.28,10.55,1.14,,1391,1,100,60
25/09/2016,02:00:00,2,Sep-16,Rainy-2016,26.94,27.11,26.94,94.5,25.97,0,,0,0.93,,26.94,31.81,31.81,,1004.98,0,0,0.32,,,,,,,,28.42,59.5,18.83,28.42,10.65,1.14,,1397,1,100,60
25/09/2016,03:00:00,3,Sep-16,Rainy-2016,26.72,26.83,26.72,95.5,25.94,0,,0,0.93,,26.72,31.39,31.39,,1004.66,0,0,0.32,,,,,,,,28.5,60,19,28.5,10.75,1.14,,1398,1,100,60
25/09/2016,04:00:00,4,Sep-16,Rainy-2016,26.58,26.64,26.56,96,25.92,0,,0,0.93,,26.58,31.14,31.14,,1004.34,0,0,0.31,,,,,,,,28.67,61,19.33,28.67,10.95,1.14,,1401,1,100,60
25/09/2016,05:00:00,5,Sep-16,Rainy-2016,26.67,26.69,26.61,96.5,26.08,0,,0,0.31,,26.67,31.44,31.44,,1004.44,0,0,0.31,,,,,,,,28.72,61,19.33,28.72,10.95,1.14,,1404,1,100,60
25/09/2016,06:00:00,6,Sep-16,Rainy-2016,26.69,26.72,26.64,97,26.19,0,,0,0,,26.69,31.58,31.58,,1005.33,0,0,0.31,,,,,,,,28.89,62,19.61,28.89,11.12,1.14,,1283,1,92.7,60
25/09/2016,07:00:00,7,Sep-16,Rainy-2016,27.06,27.06,26.78,97,26.56,0,,0,0.93,,27.06,32.56,32.56,,1006.01,0,0,0.33,,,,,,,,28.92,62,19.64,28.92,11.12,1.14,,1379,1,99.65,60
25/09/2016,08:00:00,8,Sep-16,Rainy-2016,29.28,29.56,28.08,88.5,27.17,0.31,,0.25,2.49,,29.28,37.39,37.39,,1006.89,0,0,0.41,,,,,,,,29.06,62.5,19.83,29.06,11.22,1.14,,1092,1,79.8,60
25/09/2016,09:00:00,9,Sep-16,Rainy-2016,30.67,30.72,29.61,81,27.03,0.93,,0.75,4.35,,30.67,39.56,39.56,,1007.35,0,0,0.46,,,,,,,,29.17,63,20,29.17,11.31,1.14,,1364,1,98.75,60
25/09/2016,10:00:00,10,Sep-16,Rainy-2016,31.42,31.72,30.78,76.5,26.78,1.24,,1,4.04,,31.42,40.31,40.31,,1007.23,0,0,0.49,,,,,,,,29.33,64,20.28,29.33,11.51,1.14,,1008,1,73.65,60
25/09/2016,11:00:00,11,Sep-16,Rainy-2016,31.5,31.67,30.86,76,26.75,0.31,,0.25,3.11,,31.5,40.53,40.53,,1006.88,0,0,0.49,,,,,,,,27.67,59,18.14,27.67,10.61,1.15,,1363,1,99.5,60
25/09/2016,12:00:00,12,Sep-16,Rainy-2016,32.69,32.97,31.92,69,26.25,1.24,,1,4.66,,32.69,42.14,42.14,,1006.16,0,0,0.54,,,,,,,,25.47,50.5,14.42,25.47,9.25,1.16,,1349,1,98.65,60
25/09/2016,13:00:00,13,Sep-16,Rainy-2016,32.92,33.31,32.08,70.5,26.83,0.93,,0.75,3.73,,32.92,43.47,43.47,,1005.13,0,0,0.55,,,,,,,,24.89,46.5,12.81,24.89,8.61,1.16,,1250,1,91.35,60
25/09/2016,14:00:00,14,Sep-16,Rainy-2016,33.39,33.64,32.64,67,26.42,1.24,,1,4.66,,33.39,43.56,43.56,,1004.05,0,0,0.56,,,,,,,,24.61,46,12.44,24.61,8.57,1.16,,1268,1,92.65,60
25/09/2016,15:00:00,15,Sep-16,Rainy-2016,33.67,33.75,33.08,64.5,26.03,1.24,,1,4.97,,33.67,43.39,43.39,,1002.88,0,0,0.58,,,,,,,,24.53,45,12.08,24.53,8.42,1.16,,1237,1,90.45,60
25/09/2016,16:00:00,16,Sep-16,Rainy-2016,32.5,33.86,32.42,69.5,26.14,1.24,,1,6.52,,32.5,41.25,41.25,,1003.17,0,0,0.53,,,,,,,,24.5,46.5,12.44,24.5,8.62,1.16,,930,1,68,60
25/09/2016,17:00:00,17,Sep-16,Rainy-2016,28.44,29.83,28.39,85.5,25.78,1.24,,1,5.28,,28.44,34.36,34.36,,1003.54,0,0,0.38,,,,,,,,24.53,47.5,12.78,24.53,8.77,1.16,,1297,1,94.65,60
25/09/2016,18:00:00,18,Sep-16,Rainy-2016,28.78,28.81,28.53,82,25.39,0.62,,0.5,3.42,,28.78,34.75,34.75,,1004.13,0,0,0.39,,,,,,,,26.14,49.5,14.67,26.14,9.07,1.15,,1362,1,99.35,60
25/09/2016,19:00:00,19,Sep-16,Rainy-2016,28.72,28.92,28.67,84,25.75,0.62,,0.5,2.49,,28.72,34.94,34.94,,1005.15,0,0,0.39,,,,,,,,26.86,51.5,15.89,26.86,9.4,1.15,,1404,1,100,60
25/09/2016,20:00:00,20,Sep-16,Rainy-2016,28.83,28.89,28.72,85,26.06,0.62,,0.5,2.8,,28.83,35.44,35.44,,1006.38,0,0,0.39,,,,,,,,27.31,53.5,16.72,27.31,9.7,1.15,,1402,1,100,60
25/09/2016,21:00:00,21,Sep-16,Rainy-2016,28.75,28.86,28.64,85.5,26.08,0,,0,2.8,,28.75,35.31,35.31,,1007.01,0,0,0.39,,,,,,,,27.64,55,17.31,27.64,9.85,1.15,,1401,1,100,60
25/09/2016,22:00:00,22,Sep-16,Rainy-2016,28.19,28.58,28.19,88,26,0,,0,0.31,,28.19,34.14,34.14,,1007.4,0,0,0.37,,,,,,,,27.92,56.5,17.83,27.92,10.11,1.15,,1403,1,100,60
25/09/2016,23:00:00,23,Sep-16,Rainy-2016,28.03,28.06,27.94,89.5,26.14,0,,0,0.93,,28.03,33.94,33.94,,1007.6,0,0,0.36,,,,,,,,28.11,57,18.08,28.11,10.18,1.14,,1400,1,100,60
26/09/2016,00:00:00,24,Sep-16,Rainy-2016,27.78,28.03,27.78,90.5,26.08,0.31,,0.25,1.86,,27.78,33.47,33.47,,1007.26,0,0,0.35,,,,,,,,28.31,58.5,18.56,28.31,10.45,1.14,,1400,1,100,60
26/09/2016,01:00:00,1,Sep-16,Rainy-2016,27.33,27.56,27.33,92,25.94,0,,0,1.24,,27.33,32.44,32.44,,1006.82,0,0,0.34,,,,,,,,28.44,59,18.75,28.44,10.55,1.14,,1400,1,100,60
26/09/2016,02:00:00,2,Sep-16,Rainy-2016,27.08,27.31,27.03,93.5,25.94,0,,0,0.93,,27.08,32.03,32.03,,1006.21,0,0,0.33,,,,,,,,28.61,60,19.08,28.61,10.75,1.14,,1403,1,100,60
26/09/2016,03:00:00,3,Sep-16,Rainy-2016,26.5,26.72,26.5,95.5,25.72,0,,0,0,,26.5,30.83,30.83,,1005.76,0.05,0,0.31,,,,,,,,28.69,60,19.14,28.69,10.75,1.14,,1399,1,100,60
26/09/2016,04:00:00,4,Sep-16,Rainy-2016,26,26.28,25.89,96,25.33,0,,0,0,,26,29.75,29.75,,1005.84,0,0,0.29,,,,,,,,28.78,60.5,19.28,28.78,10.85,1.14,,1401,1,100,60
26/09/2016,05:00:00,5,Sep-16,Rainy-2016,26.31,26.33,26.17,97,25.81,0,,0,0,,26.31,30.61,30.61,,1005.84,0,0,0.3,,,,,,,,28.89,61,19.42,28.89,10.95,1.14,,1403,1,100,60
26/09/2016,06:00:00,6,Sep-16,Rainy-2016,25.94,26.11,25.86,97,25.44,0,,0,0,,25.94,29.72,29.72,,1006.44,0,0,0.29,,,,,,,,29,61.5,19.58,29,11.03,1.14,,1404,1,100,60
26/09/2016,07:00:00,7,Sep-16,Rainy-2016,26.44,26.44,26.11,97.5,26.03,0,,0,0,,26.44,31.03,31.03,,1007.03,0,0,0.3,,,,,,,,29.11,62,19.78,29.11,11.11,1.14,,1402,1,100,60
26/09/2016,08:00:00,8,Sep-16,Rainy-2016,27.14,27.14,26.67,96.5,26.53,0,,0,0,,27.14,32.75,32.75,,1007.77,0,0,0.33,,,,,,,,29.17,62,19.81,29.17,11.11,1.14,,1403,1,100,60
26/09/2016,09:00:00,9,Sep-16,Rainy-2016,29.83,29.86,28.56,87,27.44,0.31,,0.25,2.17,,29.83,38.64,38.64,,1008.04,0,0,0.43,,,,,,,,29.33,62.5,20,29.33,11.21,1.14,,1401,1,100,60
26/09/2016,10:00:00,10,Sep-16,Rainy-2016,30.64,30.78,30,80.5,26.89,0,,0,1.24,,30.64,39.06,39.06,,1008.04,0,0,0.46,,,,,,,,27.94,58.5,18.17,27.94,10.54,1.15,,1379,1,99.5,60
26/09/2016,11:00:00,11,Sep-16,Rainy-2016,31.75,32.19,31.36,74,26.53,0.62,,0.5,2.17,,31.75,40.72,40.72,,1007.62,0,0,0.5,,,,,,,,25.44,49,13.97,25.44,9.05,1.16,,1374,1,99.4,60
26/09/2016,12:00:00,12,Sep-16,Rainy-2016,31.42,31.75,30.67,77,26.89,0.62,,0.5,2.8,,31.42,40.75,40.75,,1006.99,0,0,0.49,,,,,,,,24.97,47.5,13.19,24.97,8.81,1.16,,1351,1,98.75,60
26/09/2016,13:00:00,13,Sep-16,Rainy-2016,31.94,32.53,31.67,75.5,27.08,0.62,,0.5,2.49,,31.94,42.11,42.11,,1006.06,0,0,0.51,,,,,,,,24.61,44.5,11.94,24.61,8.32,1.16,,1158,1,84.65,60
26/09/2016,14:00:00,14,Sep-16,Rainy-2016,31.25,32.28,30.83,77,26.72,0.62,,0.5,2.8,,31.25,40.31,40.31,,1005.2,0,0,0.48,,,,,,,,24.53,44,11.72,24.53,8.22,1.16,,1318,1,95.55,60
26/09/2016,15:00:00,15,Sep-16,Rainy-2016,29.94,31.58,29.22,81,26.31,1.24,,1,4.66,,29.94,37.53,37.53,,1005.32,0,0,0.44,,,,,,,,24.58,45.5,12.28,24.58,8.47,1.16,,1296,1,93.65,60
26/09/2016,16:00:00,16,Sep-16,Rainy-2016,26.03,27.28,25.94,94.5,25.06,1.24,,1,5.28,,26.03,29.61,29.61,,1005.62,8.43,0,0.29,,,,,,,,24.39,44,11.61,24.39,8.22,1.16,,1367,1,98.75,60
26/09/2016,17:00:00,17,Sep-16,Rainy-2016,26.31,26.31,26.06,96,25.64,0.31,,0.25,1.55,,26.31,30.47,30.47,,1004.88,0.53,0,0.3,,,,,,,,24.97,45.5,12.56,24.97,8.46,1.16,,1379,1,100,60
26/09/2016,18:00:00,18,Sep-16,Rainy-2016,26.39,26.47,26.33,96,25.72,0,,0,0.31,,26.39,30.67,30.67,,1005.1,0,0,0.3,,,,,,,,26.22,47.5,14.22,26.22,8.77,1.15,,1402,1,100,60
26/09/2016,19:00:00,19,Sep-16,Rainy-2016,26.11,26.25,26.11,96,25.44,0,,0,0.62,,26.11,30,30,,1005.61,0,0,0.29,,,,,,,,26.72,50,15.36,26.72,9.15,1.15,,1405,1,100,60
26/09/2016,20:00:00,20,Sep-16,Rainy-2016,26.08,26.08,26,97,25.58,0,,0,0.62,,26.08,30.06,30.06,,1006.82,0,0,0.29,,,,,,,,27.06,52,16.17,27.06,9.45,1.15,,1403,1,100,60
26/09/2016,21:00:00,21,Sep-16,Rainy-2016,26.25,26.28,26.14,97,25.75,0,,0,0,,26.25,30.44,30.44,,1007.79,0,0,0.3,,,,,,,,27.31,53.5,16.72,27.31,9.7,1.15,,1402,1,100,60
26/09/2016,22:00:00,22,Sep-16,Rainy-2016,26.47,26.5,26.39,97,25.97,0,,0,0.31,,26.47,31,31,,1008.08,0,0,0.31,,,,,,,,27.53,54.5,17.11,27.53,9.8,1.15,,1400,1,100,60
26/09/2016,23:00:00,23,Sep-16,Rainy-2016,26.42,26.44,26.39,97,25.92,0,,0,0,,26.42,30.86,30.86,,1007.84,0,0,0.3,,,,,,,,27.69,55.5,17.47,27.69,9.95,1.15,,1404,1,100,60
27/09/2016,00:00:00,24,Sep-16,Rainy-2016,26.25,26.33,26.22,97.5,25.83,0,,0,0,,26.25,30.53,30.53,,1007.48,0,0,0.3,,,,,,,,27.86,56.5,17.81,27.86,10.11,1.15,,1396,1,100,60
27/09/2016,01:00:00,1,Sep-16,Rainy-2016,26.25,26.25,26.17,98,25.92,0,,0,0,,26.25,30.58,30.58,,1007.25,0,0,0.3,,,,,,,,28.08,57.5,18.17,28.08,10.26,1.14,,1400,1,100,60
27/09/2016,02:00:00,2,Sep-16,Rainy-2016,26.33,26.39,26.28,98,26,0,,0,0,,26.33,30.81,30.81,,1006.88,0,0,0.3,,,,,,,,28.17,58,18.33,28.17,10.35,1.14,,1403,1,100,60
27/09/2016,03:00:00,3,Sep-16,Rainy-2016,26.22,26.33,26.19,98,25.89,0,,0,0,,26.22,30.5,30.5,,1006.6,0,0,0.3,,,,,,,,28.25,58.5,18.5,28.25,10.45,1.14,,1403,1,100,60
27/09/2016,04:00:00,4,Sep-16,Rainy-2016,26.14,26.22,26.11,98,25.81,0,,0,0,,26.14,30.31,30.31,,1006.54,0,0,0.29,,,,,,,,28.36,59,18.69,28.36,10.55,1.14,,1404,1,100,60
27/09/2016,05:00:00,5,Sep-16,Rainy-2016,26.03,26.14,26.03,98,25.69,0,,0,0,,26.03,30.03,30.03,,1006.74,0,0,0.29,,,,,,,,28.44,59.5,18.86,28.44,10.65,1.14,,1403,1,100,60
27/09/2016,06:00:00,6,Sep-16,Rainy-2016,25.89,25.94,25.81,98,25.56,0,,0,0,,25.89,29.69,29.69,,1007.26,0,0,0.28,,,,,,,,28.5,60,19,28.5,10.75,1.14,,1401,1,100,60
27/09/2016,07:00:00,7,Sep-16,Rainy-2016,26.33,26.33,26.03,98,26,0,,0,0,,26.33,30.81,30.81,,1007.87,0,0,0.3,,,,,,,,28.67,61,19.33,28.67,10.95,1.14,,1403,1,100,60
27/09/2016,08:00:00,8,Sep-16,Rainy-2016,28.11,28.11,26.94,94,27.03,0,,0,0.93,,28.11,35.11,35.11,,1008.38,0,0,0.37,,,,,,,,28.67,61,19.33,28.67,10.95,1.14,,1399,1,100,60
27/09/2016,09:00:00,9,Sep-16,Rainy-2016,30.22,30.42,29.56,82,26.81,0.31,,0.25,1.86,,30.22,38.44,38.44,,1008.55,0,0,0.45,,,,,,,,28.86,61.5,19.5,28.86,11.04,1.14,,1401,1,100,60
27/09/2016,10:00:00,10,Sep-16,Rainy-2016,31,31.39,30.47,77,26.5,0.93,,0.75,2.17,,31,39.22,39.22,,1008.26,0,0,0.48,,,,,,,,28.39,60,18.89,28.39,10.74,1.14,,1360,1,99.45,60
27/09/2016,11:00:00,11,Sep-16,Rainy-2016,31.83,31.94,31.06,74,26.64,0.62,,0.5,2.49,,31.83,41.03,41.03,,1008.04,0,0,0.51,,,,,,,,25.64,50.5,14.53,25.64,9.24,1.16,,1379,1,100,60
27/09/2016,12:00:00,12,Sep-16,Rainy-2016,32.25,32.86,32.11,73,26.78,0.31,,0.25,2.17,,32.25,42.25,42.25,,1007.3,0,0,0.52,,,,,,,,24.89,47,12.97,24.89,8.71,1.16,,1159,1,84.7,60
27/09/2016,13:00:00,13,Sep-16,Rainy-2016,32.39,32.61,31.83,69,25.97,0,,0,0,,32.39,41.11,41.11,,1006.28,0,0,0.53,,,,,,,,24.44,44.5,11.81,24.44,8.32,1.16,,862,1,63,60
27/09/2016,14:00:00,14,Sep-16,Rainy-2016,33.25,33.56,32,68,26.53,0,,0,1.24,,33.25,43.5,43.5,,1005,0,0,0.56,,,,,,,,24.33,44.5,11.69,24.33,8.33,1.16,,1214,1,88.75,60
27/09/2016,15:00:00,15,Sep-16,Rainy-2016,32.61,33.53,32.14,72.5,27.03,0.93,,0.75,3.73,,32.61,43.31,43.31,,1003.95,0,0,0.54,,,,,,,,25.5,48,13.75,25.5,8.84,1.15,,1381,1,100,60
27/09/2016,16:00:00,16,Sep-16,Rainy-2016,31.97,32.53,31.83,73,26.53,0.93,,0.75,2.49,,31.97,41.28,41.28,,1003.57,0,0,0.51,,,,,,,,26.78,52.5,16.03,26.78,9.56,1.15,,1369,1,99.8,60
27/09/2016,17:00:00,17,Sep-16,Rainy-2016,32.39,32.56,32.14,74,27.14,0.62,,0.5,2.49,,32.39,43.22,43.22,,1003.69,0,0,0.53,,,,,,,,27.31,54.5,16.94,27.31,9.8,1.14,,1312,1,94.8,60
27/09/2016,18:00:00,18,Sep-16,Rainy-2016,31.06,31.81,31.06,79,27,0.31,,0.25,1.24,,31.06,40,40,,1004.32,0,0,0.48,,,,,,,,27.69,56,17.58,27.69,10.05,1.14,,1401,1,100,60
27/09/2016,19:00:00,19,Sep-16,Rainy-2016,29.81,30.47,29.81,85.5,27.11,0,,0,0,,29.81,38.14,38.14,,1005.11,0,0,0.43,,,,,,,,27.97,57,18,27.97,10.17,1.14,,1403,1,100,60
27/09/2016,20:00:00,20,Sep-16,Rainy-2016,28.94,29.25,28.92,89,26.94,0,,0,0,,28.94,36.58,36.58,,1006.06,0,0,0.4,,,,,,,,28.19,58,18.36,28.19,10.35,1.14,,1401,1,100,60
27/09/2016,21:00:00,21,Sep-16,Rainy-2016,28.67,28.81,28.64,92.5,27.33,0,,0,0,,28.67,36.67,36.67,,1006.54,0,0,0.39,,,,,,,,28.5,59,18.78,28.5,10.55,1.14,,1402,1,100,60
27/09/2016,22:00:00,22,Sep-16,Rainy-2016,28.39,28.5,28.33,93.5,27.25,0,,0,0,,28.39,36.03,36.03,,1006.94,0,0,0.38,,,,,,,,28.61,59.5,18.97,28.61,10.65,1.14,,1403,1,100,60
27/09/2016,23:00:00,23,Sep-16,Rainy-2016,28.64,28.67,28.5,92,27.19,0,,0,0.93,,28.64,36.42,36.42,,1006.94,0,0,0.39,,,,,,,,28.78,60.5,19.28,28.78,10.85,1.14,,1405,1,100,60
28/09/2016,00:00:00,24,Sep-16,Rainy-2016,28.72,28.75,28.53,92,27.28,0,,0,1.24,,28.72,36.69,36.69,,1006.59,0,0,0.39,,,,,,,,28.94,61,19.44,28.94,10.95,1.14,,1398,1,100,60
28/09/2016,01:00:00,1,Sep-16,Rainy-2016,28.89,28.89,28.83,90.5,27.17,0.31,,0.25,1.86,,28.89,36.81,36.81,,1006.03,0,0,0.4,,,,,,,,29.11,62,19.78,29.11,11.11,1.14,,1401,1,100,60
28/09/2016,02:00:00,2,Sep-16,Rainy-2016,28.61,28.83,28.58,91.5,27.08,0.31,,0.25,2.17,,28.61,36.19,36.19,,1005.22,0,0,0.39,,,,,,,,29.22,62,19.83,29.22,11.11,1.14,,1400,1,100,60
28/09/2016,03:00:00,3,Sep-16,Rainy-2016,28.67,28.69,28.58,92.5,27.33,0.62,,0.5,2.49,,28.67,36.64,36.64,,1005,0,0,0.39,,,,,,,,29.39,63,20.14,29.39,11.31,1.14,,1401,1,100,60
28/09/2016,04:00:00,4,Sep-16,Rainy-2016,28.39,28.58,28.39,90.5,26.69,1.24,,1,4.66,,28.39,35.19,35.19,,1005.3,0,0,0.38,,,,,,,,29.53,63.5,20.31,29.53,11.41,1.14,,1403,1,100,60
28/09/2016,05:00:00,5,Sep-16,Rainy-2016,28.22,28.33,28.22,90,26.44,0.93,,0.75,3.11,,28.22,34.58,34.58,,1005.83,0,0,0.37,,,,,,,,29.61,64,20.44,29.61,11.51,1.14,,1398,1,100,60
28/09/2016,06:00:00,6,Sep-16,Rainy-2016,27.83,28.03,27.69,92,26.39,0.31,,0.25,2.17,,27.83,33.94,33.94,,1006.01,0,0,0.36,,,,,,,,29.61,64,20.44,29.61,11.51,1.14,,1401,1,100,60
28/09/2016,07:00:00,7,Sep-16,Rainy-2016,28,28.06,27.92,91,26.39,0.62,,0.5,2.17,,28,34.22,34.22,,1006.69,0,0,0.36,,,,,,,,29.72,64,20.5,29.72,11.5,1.14,,1346,1,98.4,60
28/09/2016,08:00:00,8,Sep-16,Rainy-2016,28.08,28.17,28.03,91.5,26.56,0,,0,0,,28.08,34.58,34.58,,1007.91,0,0,0.37,,,,,,,,29.72,64,20.5,29.72,11.5,1.14,,1353,1,97.6,60
28/09/2016,09:00:00,9,Sep-16,Rainy-2016,28.06,28.11,28,91.5,26.53,0.31,,0.25,1.24,,28.06,34.5,34.5,,1008.64,0,0,0.37,,,,,,,,29.78,64,20.53,29.78,11.5,1.14,,1402,1,100,60
28/09/2016,10:00:00,10,Sep-16,Rainy-2016,27.06,27.64,27.06,92.5,25.75,0.31,,0.25,2.17,,27.06,31.78,31.78,,1008.55,0,0,0.33,,,,,,,,27.81,58,17.94,27.81,10.48,1.15,,1052,1,76.9,60
28/09/2016,11:00:00,11,Sep-16,Rainy-2016,27.11,27.14,26.89,92,25.72,0.62,,0.5,1.86,,27.11,31.86,31.86,,1007.64,0,0,0.33,,,,,,,,25.36,47,13.36,25.36,8.7,1.16,,966,1,70.6,60
28/09/2016,12:00:00,12,Sep-16,Rainy-2016,28.44,28.47,27.67,89.5,26.56,0.31,,0.25,1.24,,28.44,35.22,35.22,,1006.38,0,0,0.38,,,,,,,,24.72,44,11.92,24.72,8.21,1.16,,878,1,64.2,60
28/09/2016,13:00:00,13,Sep-16,Rainy-2016,29.53,29.64,29.19,86.5,27.03,0.31,,0.25,1.55,,29.53,37.56,37.56,,1005.15,0,0,0.42,,,,,,,,24.5,43,11.39,24.5,8.05,1.16,,1298,1,94.85,60
28/09/2016,14:00:00,14,Sep-16,Rainy-2016,29.69,30,29.39,86.5,27.19,0.93,,0.75,2.8,,29.69,38,38,,1004.34,0,0,0.43,,,,,,,,24.25,42.5,11,24.25,7.99,1.16,,1088,1,79.55,60
28/09/2016,15:00:00,15,Sep-16,Rainy-2016,29.47,29.61,29.36,87.5,27.17,0.62,,0.5,2.17,,29.47,37.67,37.67,,1003.64,0,0,0.42,,,,,,,,24.47,43.5,11.53,24.47,8.14,1.16,,1033,1,75.55,60
28/09/2016,16:00:00,16,Sep-16,Rainy-2016,29.83,30.06,29.58,86,27.22,1.24,,1,3.42,,29.83,38.33,38.33,,1003.37,0,0,0.43,,,,,,,,24.36,43.5,11.42,24.36,8.14,1.16,,684,1,50,60
28/09/2016,17:00:00,17,Sep-16,Rainy-2016,29.56,29.69,29.53,87.5,27.25,0.93,,0.75,2.8,,29.56,37.94,37.94,,1003.37,0,0,0.42,,,,,,,,24.19,43,11.14,24.19,8.05,1.16,,1102,1,80.55,60
28/09/2016,18:00:00,18,Sep-16,Rainy-2016,29.14,29.42,29.14,88.5,27.03,0.31,,0.25,1.55,,29.14,37.03,37.03,,1003.64,0,0,0.41,,,,,,,,24.14,44,11.36,24.14,8.24,1.16,,1400,1,100,60
28/09/2016,19:00:00,19,Sep-16,Rainy-2016,28.42,28.81,28.42,92,27,0,,0,0,,28.42,35.72,35.72,,1003.84,0,0,0.38,,,,,,,,24.22,44.5,11.58,24.22,8.33,1.16,,1401,1,100,60
28/09/2016,20:00:00,20,Sep-16,Rainy-2016,28.28,28.33,28.19,91.5,26.75,0,,0,1.24,,28.28,35.14,35.14,,1004.78,0,0,0.37,,,,,,,,24.31,46,12.08,24.31,8.53,1.16,,1403,1,100,60
28/09/2016,21:00:00,21,Sep-16,Rainy-2016,28.08,28.22,28.08,92.5,26.75,0.31,,0.25,2.49,,28.08,34.81,34.81,,1005.57,0,0,0.37,,,,,,,,24.42,46,12.25,24.42,8.52,1.16,,1400,1,100,60
28/09/2016,22:00:00,22,Sep-16,Rainy-2016,27.64,27.89,27.64,94,26.58,0,,0,0.31,,27.64,33.75,33.75,,1005.99,0,0,0.35,,,,,,,,24.44,46.5,12.42,24.44,8.62,1.16,,1403,1,100,60
28/09/2016,23:00:00,23,Sep-16,Rainy-2016,27.31,27.42,27.28,95.5,26.53,0,,0,0.31,,27.31,32.97,32.97,,1005.77,0,0,0.34,,,,,,,,24.47,47,12.58,24.47,8.72,1.16,,1401,1,100,60
29/09/2016,00:00:00,24,Sep-16,Rainy-2016,27.42,27.42,27.33,96,26.69,0,,0,1.24,,27.42,33.42,33.42,,1005.62,0,0,0.34,,,,,,,,24.53,47.5,12.78,24.53,8.82,1.16,,1401,1,100,60
29/09/2016,01:00:00,1,Sep-16,Rainy-2016,27.5,27.53,27.47,95,26.61,0,,0,0.62,,27.5,33.5,33.5,,1005.57,0,0,0.34,,,,,,,,24.5,47,12.61,24.5,8.72,1.16,,1398,1,100,60
29/09/2016,02:00:00,2,Sep-16,Rainy-2016,27.5,27.61,27.44,95,26.61,0,,0,1.24,,27.5,33.5,33.5,,1005.23,0,0,0.34,,,,,,,,24.58,48,12.94,24.58,8.92,1.16,,1401,1,100,60
29/09/2016,03:00:00,3,Sep-16,Rainy-2016,27.22,27.33,27.14,95,26.33,0,,0,0.93,,27.22,32.61,32.61,,1004.96,0,0,0.33,,,,,,,,24.61,48,12.94,24.61,8.92,1.16,,1402,1,100,60
29/09/2016,04:00:00,4,Sep-16,Rainy-2016,27.33,27.44,27.28,95,26.44,0,,0,1.24,,27.33,32.97,32.97,,1004.76,0,0,0.34,,,,,,,,24.58,48.5,13.11,24.58,8.97,1.16,,1398,1,100,60
29/09/2016,05:00:00,5,Sep-16,Rainy-2016,27.14,27.25,27.03,96,26.47,0,,0,1.24,,27.14,32.61,32.61,,1004.96,0,0,0.33,,,,,,,,24.64,49,13.31,24.64,9.02,1.16,,1402,1,100,60
29/09/2016,06:00:00,6,Sep-16,Rainy-2016,26.83,27.08,26.83,96,26.17,0,,0,0.31,,26.83,31.78,31.78,,1005.27,0,0,0.32,,,,,,,,24.67,49,13.33,24.67,9.02,1.16,,1400,1,100,60
29/09/2016,07:00:00,7,Sep-16,Rainy-2016,27.06,27.08,26.81,97,26.56,0,,0,0,,27.06,32.56,32.56,,1005.59,0,0,0.33,,,,,,,,24.67,49.5,13.47,24.67,9.12,1.16,,1399,1,100,60
29/09/2016,08:00:00,8,Sep-16,Rainy-2016,28.75,28.78,27.67,89,26.75,0,,0,0.62,,28.75,35.92,35.92,,1006.21,0,0,0.39,,,,,,,,24.61,49,13.28,24.61,9.02,1.16,,1400,1,100,60
29/09/2016,09:00:00,9,Sep-16,Rainy-2016,30.28,30.31,29.53,87.5,27.97,0.62,,0.5,1.86,,30.28,40.69,40.69,,1006.67,0,0,0.45,,,,,,,,24.39,47.5,12.61,24.39,8.83,1.16,,1404,1,100,60
29/09/2016,10:00:00,10,Sep-16,Rainy-2016,31.72,31.81,30.78,79,27.61,0.93,,0.75,3.73,,31.72,42.78,42.78,,1006.91,0,0,0.5,,,,,,,,23.94,46,11.72,23.94,8.6,1.16,,1315,1,95.55,60
29/09/2016,11:00:00,11,Sep-16,Rainy-2016,31.31,32.28,31.31,78.5,27.14,0.62,,0.5,3.11,,31.31,40.64,40.64,,1006.71,0,0,0.49,,,,,,,,23.67,45.5,11.36,23.67,8.5,1.17,,1379,1,99.8,60
29/09/2016,12:00:00,12,Sep-16,Rainy-2016,32.25,32.97,31.53,76,27.47,0.93,,0.75,3.42,,32.25,43.56,43.56,,1005.93,0,0,0.52,,,,,,,,24.17,48,12.5,24.17,8.94,1.16,,1262,1,92.25,60
29/09/2016,13:00:00,13,Sep-16,Rainy-2016,32.31,32.69,31.39,77,27.75,0.62,,0.5,3.42,,32.31,44.22,44.22,,1004.71,0,0,0.52,,,,,,,,23.58,46,11.44,23.58,8.6,1.16,,1388,1,100,60
29/09/2016,14:00:00,14,Sep-16,Rainy-2016,33.36,33.44,32.28,71,27.36,0.62,,0.5,3.73,,33.36,45.25,45.25,,1003.42,0,0,0.56,,,,,,,,23.33,44,10.67,23.33,8.26,1.16,,1390,1,100,60
29/09/2016,15:00:00,15,Sep-16,Rainy-2016,33.19,33.94,33.08,70.5,27.08,0.93,,0.75,3.11,,33.19,44.5,44.5,,1002.69,0,0,0.56,,,,,,,,23.25,43,10.25,23.25,8.07,1.16,,1395,1,100,60
29/09/2016,16:00:00,16,Sep-16,Rainy-2016,30.19,31.75,30.03,87,27.78,0.93,,0.75,4.35,,30.19,40.06,40.06,,1002.59,1,0,0.45,,,,,,,,23.39,43.5,10.53,23.39,8.16,1.16,,1200,1,87.7,60
29/09/2016,17:00:00,17,Sep-16,Rainy-2016,31.39,31.53,30.72,79.5,27.42,0,,0,1.24,,31.39,41.44,41.44,,1002.41,0,0,0.49,,,,,,,,24.06,44.5,11.42,24.06,8.34,1.16,,1296,1,94.75,60
29/09/2016,18:00:00,18,Sep-16,Rainy-2016,30.19,31,30.17,82.5,26.89,0.31,,0.25,2.8,,30.19,38.53,38.53,,1002.59,0,0,0.44,,,,,,,,25.44,48.5,13.86,25.44,8.95,1.15,,1189,1,86.95,60
29/09/2016,19:00:00,19,Sep-16,Rainy-2016,29.61,29.78,29.58,84.5,26.72,0,,0,2.49,,29.61,37.22,37.22,,1003.23,0,0,0.42,,,,,,,,26.08,50.5,14.89,26.08,9.27,1.15,,1365,1,98.75,60
29/09/2016,20:00:00,20,Sep-16,Rainy-2016,29.28,29.5,29.19,86.5,26.78,0,,0,2.17,,29.28,36.89,36.89,,1004.66,0,0,0.41,,,,,,,,26.44,52.5,15.75,26.44,9.56,1.15,,1402,1,100,60
29/09/2016,21:00:00,21,Sep-16,Rainy-2016,28.97,29.22,28.94,88,26.81,0,,0,1.55,,28.97,36.44,36.44,,1005.79,0,0,0.4,,,,,,,,26.72,54,16.36,26.72,9.76,1.15,,1401,1,100,60
29/09/2016,22:00:00,22,Sep-16,Rainy-2016,28.72,28.83,28.67,89,26.72,0.31,,0.25,2.49,,28.72,35.94,35.94,,1006.21,0,0,0.39,,,,,,,,26.97,55.5,16.92,26.97,9.96,1.15,,1400,1,100,60
29/09/2016,23:00:00,23,Sep-16,Rainy-2016,28.75,28.86,28.72,89.5,26.86,0.62,,0.5,4.04,,28.75,36.11,36.11,,1006.54,0,0,0.39,,,,,,,,27.19,56.5,17.33,27.19,10.1,1.15,,1401,1,100,60
30/09/2016,00:00:00,24,Sep-16,Rainy-2016,28.36,28.58,28.36,91.5,26.83,0.31,,0.25,1.86,,28.36,35.42,35.42,,1006.44,0,0,0.38,,,,,,,,27.42,57.5,17.72,27.42,10.25,1.15,,1402,1,100,60
30/09/2016,01:00:00,1,Sep-16,Rainy-2016,27.97,28.17,27.97,93.5,26.83,0,,0,1.86,,27.97,34.69,34.69,,1005.83,0,0,0.36,,,,,,,,27.53,58,17.92,27.53,10.35,1.14,,1399,1,100,60
30/09/2016,02:00:00,2,Sep-16,Rainy-2016,27.75,27.89,27.75,94,26.69,0,,0,2.17,,27.75,34.11,34.11,,1005.47,0,0,0.35,,,,,,,,27.67,58.5,18.14,27.67,10.45,1.14,,1400,1,100,60
30/09/2016,03:00:00,3,Sep-16,Rainy-2016,27.36,27.61,27.36,93.5,26.22,0,,0,0.93,,27.36,32.78,32.78,,1005.32,0,0,0.34,,,,,,,,27.78,59,18.28,27.78,10.55,1.14,,1401,1,100,60
30/09/2016,04:00:00,4,Sep-16,Rainy-2016,26.89,27.11,26.89,95.5,26.11,0,,0,0.31,,26.89,31.83,31.83,,1004.93,0,0,0.32,,,,,,,,27.81,59,18.31,27.81,10.55,1.14,,1403,1,100,60
30/09/2016,05:00:00,5,Sep-16,Rainy-2016,26.53,26.69,26.53,96,25.86,0,,0,0,,26.53,31,31,,1005.18,0,0,0.31,,,,,,,,28,60,18.67,28,10.75,1.14,,1403,1,100,60
30/09/2016,06:00:00,6,Sep-16,Rainy-2016,26.28,26.42,26.28,96,25.61,0,,0,0,,26.28,30.39,30.39,,1005.64,0,0,0.3,,,,,,,,28.11,60,18.72,28.11,10.75,1.14,,1402,1,100,60
30/09/2016,07:00:00,7,Sep-16,Rainy-2016,26.72,26.72,26.31,97,26.22,0,,0,0,,26.72,31.67,31.67,,1006.54,0,0,0.31,,,,,,,,28.14,60,18.75,28.14,10.75,1.14,,1400,1,100,60
30/09/2016,08:00:00,8,Sep-16,Rainy-2016,29.36,29.56,28.03,87,26.97,0,,0,1.24,,29.36,37.22,37.22,,1006.82,0,0,0.41,,,,,,,,28.25,60.5,18.94,28.25,10.85,1.14,,1403,1,100,60
30/09/2016,09:00:00,9,Sep-16,Rainy-2016,30.53,30.78,29.67,83,27.31,0.31,,0.25,2.17,,30.53,39.78,39.78,,1006.94,0,0,0.46,,,,,,,,28.44,61,19.17,28.44,10.95,1.14,,1400,1,100,60
30/09/2016,10:00:00,10,Sep-16,Rainy-2016,32,32.22,31.11,73.5,26.64,0.62,,0.5,2.49,,32,41.53,41.53,,1006.71,0,0,0.51,,,,,,,,28.69,62.5,19.61,28.69,11.22,1.14,,1377,1,99.5,60
30/09/2016,11:00:00,11,Sep-16,Rainy-2016,32.64,33.22,32.17,69,26.19,0.93,,0.75,4.04,,32.64,41.94,41.94,,1006.35,0,0,0.54,,,,,,,,28.89,63.5,19.92,28.89,11.42,1.14,,1019,1,74.45,60
30/09/2016,12:00:00,12,Sep-16,Rainy-2016,33.17,33.61,32.36,70,26.94,0.62,,0.5,3.11,,33.17,44.19,44.19,,1005.52,0,0,0.56,,,,,,,,29.08,64.5,20.22,29.08,11.62,1.14,,1072,1,78.35,60
30/09/2016,13:00:00,13,Sep-16,Rainy-2016,33.5,33.78,33.03,67.5,26.64,0.62,,0.5,3.42,,33.5,44.11,44.11,,1004.62,0,0,0.57,,,,,,,,29.33,65,20.47,29.33,11.72,1.14,,738,1,53.95,60
30/09/2016,14:00:00,14,Sep-16,Rainy-2016,33.56,34.14,32.72,69,27.08,0.31,,0.25,2.49,,33.56,44.97,44.97,,1003.64,0,0,0.57,,,,,,,,29.44,65.5,20.61,29.44,11.81,1.13,,1400,1,100,60
30/09/2016,15:00:00,15,Sep-16,Rainy-2016,32.36,33.39,32.33,70.5,26.28,0.31,,0.25,1.86,,32.36,41.69,41.69,,1002.96,0,0,0.53,,,,,,,,29.56,66,20.78,29.56,11.91,1.13,,1394,1,100,60
30/09/2016,16:00:00,16,Sep-16,Rainy-2016,33.69,33.75,32.78,66,26.44,0.31,,0.25,0.93,,33.69,44.06,44.06,,1002.39,0,0,0.58,,,,,,,,29.83,65.5,20.83,29.83,11.81,1.13,,863,1,61.85,60
30/09/2016,17:00:00,17,Sep-16,Rainy-2016,33.31,33.69,33.25,66.5,26.22,0.93,,0.75,2.8,,33.31,43.08,43.08,,1002.61,0,0,0.56,,,,,,,,30.08,66,21.06,30.08,11.91,1.13,,530,1,38.75,60
30/09/2016,18:00:00,18,Sep-16,Rainy-2016,31.58,32.36,31.58,75.5,26.72,0,,0,1.55,,31.58,40.61,40.61,,1003.05,0,0,0.5,,,,,,,,29.78,66,20.89,29.78,11.91,1.13,,1367,1,98.75,60
30/09/2016,19:00:00,19,Sep-16,Rainy-2016,30.42,31.06,30.42,79,26.36,0,,0,0.62,,30.42,38,38,,1003.76,0,0,0.45,,,,,,,,29.94,67,21.17,29.94,12.11,1.13,,1405,1,100,60
30/09/2016,20:00:00,20,Sep-16,Rainy-2016,29.14,29.64,29.14,84.5,26.28,0,,0,0,,29.14,36.08,36.08,,1004.98,0,0,0.41,,,,,,,,30,67,21.17,30,12.11,1.13,,1401,1,100,60
30/09/2016,21:00:00,21,Sep-16,Rainy-2016,28.5,28.78,28.5,88,26.31,0,,0,0,,28.5,35.03,35.03,,1005.98,0,0,0.38,,,,,,,,30.11,67,21.22,30.11,12.1,1.14,,1400,1,100,60
30/09/2016,22:00:00,22,Sep-16,Rainy-2016,28.31,28.36,28.28,90.5,26.61,0,,0,0,,28.31,34.94,34.94,,1006.82,0,0,0.37,,,,,,,,30.17,67,21.25,30.17,12.1,1.14,,1403,1,100,60
30/09/2016,23:00:00,23,Sep-16,Rainy-2016,28.17,28.22,28.14,90.5,26.47,0,,0,0.31,,28.17,34.56,34.56,,1007.23,0,0,0.37,,,,,,,,30.22,67,21.28,30.22,12.1,1.14,,1401,1,100,60
01/10/2016,00:00:00,24,Oct-16,Winter-2016,28.61,28.61,28.33,89.5,26.72,0,,0,1.55,,28.61,35.69,35.69,,1006.91,0,0,0.39,,,,,,,,30.28,67,21.31,30.28,12.1,1.14,,1401,1,100,60
01/10/2016,01:00:00,1,Oct-16,Winter-2016,29.06,29.11,28.86,89,27.06,0.62,,0.5,2.8,,29.06,36.92,36.92,,1006.66,0,0,0.4,,,,,,,,30.33,67,21.33,30.33,12.1,1.14,,1401,1,100,60
01/10/2016,02:00:00,2,Oct-16,Winter-2016,28.58,28.92,28.58,90.5,26.86,0.31,,0.25,1.86,,28.58,35.83,35.83,,1006.62,0,0,0.38,,,,,,,,30.56,68,21.67,30.56,12.3,1.13,,1403,1,100,60
01/10/2016,03:00:00,3,Oct-16,Winter-2016,28.56,28.61,28.44,90,26.78,0.62,,0.5,1.86,,28.56,35.61,35.61,,1006.57,0,0,0.38,,,,,,,,30.61,68,21.69,30.61,12.3,1.13,,1400,1,100,60
01/10/2016,04:00:00,4,Oct-16,Winter-2016,28.56,28.61,28.56,91,26.94,0.62,,0.5,2.49,,28.56,35.89,35.89,,1006.74,0,0,0.38,,,,,,,,30.67,68,21.72,30.67,12.3,1.13,,1402,1,100,60
01/10/2016,05:00:00,5,Oct-16,Winter-2016,28.14,28.42,28.14,92.5,26.81,0,,0,0.62,,28.14,34.97,34.97,,1006.94,0,0,0.37,,,,,,,,30.67,68,21.72,30.67,12.3,1.13,,1400,1,100,60
01/10/2016,06:00:00,6,Oct-16,Winter-2016,27.39,27.78,27.39,88.5,25.31,0.31,,0.25,2.17,,27.39,32,32,,1007.42,0,0,0.34,,,,,,,,30.78,68,21.78,30.78,12.29,1.13,,1403,1,100,60
01/10/2016,07:00:00,7,Oct-16,Winter-2016,26.31,26.92,26.31,92,24.89,0,,0,1.55,,26.31,29.92,29.92,,1008.21,0,0,0.3,,,,,,,,30.78,68,21.78,30.78,12.29,1.14,,1402,1,100,60
01/10/2016,08:00:00,8,Oct-16,Winter-2016,26.11,26.17,25.92,95,25.22,0,,0,0,,26.11,29.89,29.89,,1008.4,0,0,0.29,,,,,,,,30.78,68,21.78,30.78,12.29,1.14,,1403,1,100,60
01/10/2016,09:00:00,9,Oct-16,Winter-2016,28.11,28.11,26.72,92,26.67,0,,0,0,,28.11,34.69,34.69,,1008.84,0,0,0.37,,,,,,,,30.78,68,21.78,30.78,12.29,1.14,,1402,1,100,60
01/10/2016,10:00:00,10,Oct-16,Winter-2016,30.44,30.44,29.64,87,28.03,0.62,,0.5,2.17,,30.44,41.22,41.22,,1009.06,0,0,0.45,,,,,,,,30.97,68.5,21.94,30.97,12.36,1.14,,1403,1,100,60
01/10/2016,11:00:00,11,Oct-16,Winter-2016,30.94,31.08,30.5,78.5,26.78,0.62,,0.5,2.8,,30.94,39.58,39.58,,1008.91,0,0,0.47,,,,,,,,31.17,69,22.11,31.17,12.43,1.14,,1402,1,100,60
01/10/2016,12:00:00,12,Oct-16,Winter-2016,32.78,32.78,31.86,73,27.31,0.62,,0.5,2.8,,32.78,44.14,44.14,,1008.28,0,0,0.54,,,,,,,,31.22,69,22.14,31.22,12.43,1.13,,1402,1,100,60
01/10/2016,13:00:00,13,Oct-16,Winter-2016,33.31,33.5,32.72,69.5,26.97,0.31,,0.25,2.49,,33.31,44.33,44.33,,1007.23,0,0,0.56,,,,,,,,31.28,69,22.17,31.28,12.43,1.13,,1401,1,100,60
01/10/2016,14:00:00,14,Oct-16,Winter-2016,32.06,33.11,32.06,75,27.06,0.62,,0.5,2.8,,32.06,42.25,42.25,,1006.38,0,0,0.51,,,,,,,,31.36,69,22.19,31.36,12.43,1.13,,1403,1,100,60
01/10/2016,15:00:00,15,Oct-16,Winter-2016,30.61,31.19,30.61,79.5,26.67,0.31,,0.25,2.49,,30.61,38.81,38.81,,1005.74,0,0,0.46,,,,,,,,31.53,69.5,22.33,31.53,12.54,1.13,,1401,1,100,60
01/10/2016,16:00:00,16,Oct-16,Winter-2016,30.19,30.28,30.11,79,26.14,0.62,,0.5,2.8,,30.19,37.53,37.53,,1005.35,0,0,0.45,,,,,,,,31.53,70,22.42,31.53,12.66,1.13,,1401,1,100,60
01/10/2016,17:00:00,17,Oct-16,Winter-2016,30.31,30.42,30.22,79.5,26.36,0,,0,1.24,,30.31,38.06,38.06,,1005.32,0,0,0.45,,,,,,,,31.61,70,22.44,31.61,12.66,1.13,,1402,1,100,60
01/10/2016,18:00:00,18,Oct-16,Winter-2016,29.72,30.17,29.72,82,26.33,0,,0,0,,29.72,36.94,36.94,,1005.76,0,0,0.43,,,,,,,,31.61,70,22.44,31.61,12.66,1.13,,1402,1,100,60
01/10/2016,19:00:00,19,Oct-16,Winter-2016,28.64,29.14,28.64,88,26.44,0,,0,0,,28.64,35.47,35.47,,1006.79,0,0,0.39,,,,,,,,31.61,70,22.44,31.61,12.66,1.13,,1402,1,100,60
01/10/2016,20:00:00,20,Oct-16,Winter-2016,28.11,28.31,28.11,89.5,26.22,0,,0,0,,28.11,34.17,34.17,,1007.69,0,0,0.37,,,,,,,,31.78,70,22.5,31.78,12.65,1.13,,1398,1,100,60
01/10/2016,21:00:00,21,Oct-16,Winter-2016,28,28.08,27.92,92,26.56,0,,0,0,,28,34.44,34.44,,1008.48,0,0,0.36,,,,,,,,31.78,70,22.5,31.78,12.65,1.13,,1402,1,100,60
01/10/2016,22:00:00,22,Oct-16,Winter-2016,28.14,28.19,28.08,93,26.92,0,,0,0,,28.14,35.14,35.14,,1008.74,0,0,0.37,,,,,,,,31.78,70,22.5,31.78,12.65,1.13,,1400,1,100,60
01/10/2016,23:00:00,23,Oct-16,Winter-2016,28.36,28.44,27.94,91.5,26.86,0.31,,0.25,0.93,,28.36,35.42,35.42,,1009.03,0,0,0.38,,,,,,,,31.78,70,22.5,31.78,12.65,1.13,,1403,1,100,60
02/10/2016,00:00:00,24,Oct-16,Winter-2016,29.08,29.19,28.89,89.5,27.17,0.62,,0.5,2.8,,29.08,37.11,37.11,,1009.08,0,0,0.4,,,,,,,,31.89,70,22.56,31.89,12.65,1.13,,1403,1,100,60
02/10/2016,01:00:00,1,Oct-16,Winter-2016,28.75,28.92,28.75,91,27.14,0.31,,0.25,1.86,,28.75,36.5,36.5,,1008.84,0,0,0.39,,,,,,,,31.89,70,22.56,31.89,12.65,1.13,,1401,1,100,60
02/10/2016,02:00:00,2,Oct-16,Winter-2016,28.5,28.64,28.47,92.5,27.17,0,,0,1.86,,28.5,36.11,36.11,,1008.86,0,0,0.38,,,,,,,,31.89,70,22.56,31.89,12.65,1.13,,1402,1,100,60
02/10/2016,03:00:00,3,Oct-16,Winter-2016,28.33,28.44,28.33,93,27.11,0.31,,0.25,1.86,,28.33,35.72,35.72,,1008.97,0,0,0.38,,,,,,,,31.89,70,22.56,31.89,12.65,1.13,,1401,1,100,60
02/10/2016,04:00:00,4,Oct-16,Winter-2016,28.14,28.22,28.08,94,27.08,0.31,,0.25,1.86,,28.14,35.36,35.36,,1008.65,0,0,0.37,,,,,,,,31.89,70,22.56,31.89,12.65,1.13,,1400,1,100,60
02/10/2016,05:00:00,5,Oct-16,Winter-2016,27.64,27.94,27.64,95,26.75,0,,0,0.31,,27.64,33.94,33.94,,1009.16,0,0,0.35,,,,,,,,32.06,70,22.61,32.06,12.64,1.13,,1399,1,100,60
02/10/2016,06:00:00,6,Oct-16,Winter-2016,27.39,27.44,27.33,96,26.67,0,,0,0,,27.39,33.33,33.33,,1010.01,0,0,0.34,,,,,,,,31.97,70,22.58,31.97,12.65,1.13,,1399,1,100,60
02/10/2016,07:00:00,7,Oct-16,Winter-2016,27.67,27.69,27.44,95,26.78,0,,0,1.24,,27.67,34.03,34.03,,1010.52,0,0,0.35,,,,,,,,32.14,70.5,22.72,32.14,12.78,1.14,,1405,1,100,60
02/10/2016,08:00:00,8,Oct-16,Winter-2016,28.72,28.72,28.08,92,27.31,0,,0,0.93,,28.72,36.67,36.67,,1011.21,0,0,0.39,,,,,,,,32.22,71,22.83,32.22,12.91,1.14,,1393,1,100,60
02/10/2016,09:00:00,9,Oct-16,Winter-2016,29.53,29.75,29.22,87.5,27.22,0.62,,0.5,2.49,,29.53,37.83,37.83,,1011.41,0,0,0.42,,,,,,,,32.22,71,22.83,32.22,12.91,1.14,,1397,1,100,60
02/10/2016,10:00:00,10,Oct-16,Winter-2016,30.06,30.11,29.47,84,27.06,0.62,,0.5,2.17,,30.06,38.53,38.53,,1011.58,0,0,0.44,,,,,,,,32.22,71,22.83,32.22,12.91,1.14,,1398,1,100,60
02/10/2016,11:00:00,11,Oct-16,Winter-2016,30.14,30.58,30.14,83,26.92,0,,0,2.17,,30.14,38.53,38.53,,1011.46,0,0,0.44,,,,,,,,30.67,66,21.17,30.67,11.93,1.14,,1310,1,95.75,60
02/10/2016,12:00:00,12,Oct-16,Winter-2016,29.03,29.53,29.03,86,26.44,0.62,,0.5,2.17,,29.03,36.14,36.14,,1010.82,0,0,0.4,,,,,,,,26.56,53.5,16.08,26.56,9.67,1.15,,1197,1,87.5,60
02/10/2016,13:00:00,13,Oct-16,Winter-2016,29.69,29.69,29,85,26.89,0,,0,1.55,,29.69,37.75,37.75,,1009.53,0,0,0.43,,,,,,,,25.69,49,14.19,25.69,8.99,1.16,,925,1,67.6,60
02/10/2016,14:00:00,14,Oct-16,Winter-2016,31.28,31.28,30.53,79.5,27.31,0.31,,0.25,2.49,,31.28,40.86,40.86,,1008.37,0,0,0.49,,,,,,,,25.31,46.5,13.17,25.31,8.6,1.16,,1246,1,91.1,60
02/10/2016,15:00:00,15,Oct-16,Winter-2016,31.81,31.92,31.39,75.5,26.94,0.31,,0.25,2.17,,31.81,41.53,41.53,,1007.32,0,0,0.51,,,,,,,,25.11,45.5,12.72,25.11,8.45,1.16,,1344,1,97.9,60
02/10/2016,16:00:00,16,Oct-16,Winter-2016,31.64,32.03,31.5,79.5,27.64,0.62,,0.5,2.17,,31.64,42.56,42.56,,1006.33,0,0,0.5,,,,,,,,25.17,46,12.92,25.17,8.5,1.16,,1385,1,100,60
02/10/2016,17:00:00,17,Oct-16,Winter-2016,30.89,31.5,30.89,81.5,27.33,0,,0,0,,30.89,40.5,40.5,,1006.33,0,0,0.47,,,,,,,,25.72,48,13.94,25.72,8.84,1.15,,1363,1,99.5,60
02/10/2016,18:00:00,18,Oct-16,Winter-2016,29.92,30.25,29.89,82.5,26.61,0.31,,0.25,0.93,,29.92,37.56,37.56,,1006.64,0,0,0.43,,,,,,,,27.14,51.5,16.08,27.14,9.39,1.15,,1387,1,100,60
02/10/2016,19:00:00,19,Oct-16,Winter-2016,29.67,29.89,29.67,86,27.08,0.62,,0.5,2.49,,29.67,37.81,37.81,,1006.88,0,0,0.43,,,,,,,,27.83,53.5,17.08,27.83,9.69,1.15,,1404,1,100,60
02/10/2016,20:00:00,20,Oct-16,Winter-2016,28.86,29.31,28.83,90,27.06,0,,0,1.24,,28.86,36.58,36.58,,1007.48,0,0,0.39,,,,,,,,28.31,55.5,17.89,28.31,9.95,1.14,,1405,1,100,60
02/10/2016,21:00:00,21,Oct-16,Winter-2016,28.69,28.83,28.56,92,27.28,0,,0,0.62,,28.69,36.61,36.61,,1008.15,0,0,0.39,,,,,,,,28.61,57,18.42,28.61,10.19,1.14,,1402,1,100,60
02/10/2016,22:00:00,22,Oct-16,Winter-2016,28.19,28.42,28.17,94.5,27.22,0,,0,0,,28.19,35.67,35.67,,1008.38,0,0,0.37,,,,,,,,28.92,58.5,18.94,28.92,10.45,1.14,,1403,1,100,60
02/10/2016,23:00:00,23,Oct-16,Winter-2016,27.97,28.14,27.83,93,26.72,0,,0,0.93,,27.97,34.58,34.58,,1008.43,0,0,0.36,,,,,,,,29.08,59.5,19.25,29.08,10.65,1.14,,1403,1,100,60
03/10/2016,00:00:00,24,Oct-16,Winter-2016,28.44,28.47,28.22,91,26.83,0.31,,0.25,1.86,,28.44,35.53,35.53,,1008.09,0,0,0.38,,,,,,,,29.28,60,19.44,29.28,10.75,1.14,,1402,1,100,60
03/10/2016,01:00:00,1,Oct-16,Winter-2016,28.44,28.5,28.39,90,26.64,0,,0,1.24,,28.44,35.28,35.28,,1007.81,0,0,0.38,,,,,,,,29.44,61,19.78,29.44,10.95,1.14,,1402,1,100,60
03/10/2016,02:00:00,2,Oct-16,Winter-2016,27.69,28.19,27.69,91,26.11,0,,0,0.31,,27.69,33.31,33.31,,1007.62,0,0,0.35,,,,,,,,29.5,61.5,19.92,29.5,11.03,1.14,,1402,1,100,60
03/10/2016,03:00:00,3,Oct-16,Winter-2016,27,27.25,26.97,93,25.78,0,,0,0,,27,31.69,31.69,,1007.38,0,0,0.33,,,,,,,,29.67,62,20.11,29.67,11.1,1.14,,1402,1,100,60
03/10/2016,04:00:00,4,Oct-16,Winter-2016,27.58,27.61,27,90.5,25.89,0.31,,0.25,2.17,,27.58,32.89,32.89,,1007.26,0,0,0.35,,,,,,,,29.81,62.5,20.28,29.81,11.2,1.14,,1404,1,100,60
03/10/2016,05:00:00,5,Oct-16,Winter-2016,28.14,28.17,28.06,89.5,26.25,0.31,,0.25,2.17,,28.14,34.25,34.25,,1007.35,0,0,0.37,,,,,,,,29.89,63,20.39,29.89,11.3,1.14,,1402,1,100,60
03/10/2016,06:00:00,6,Oct-16,Winter-2016,27.92,28.08,27.78,91.5,26.39,0.31,,0.25,2.8,,27.92,34.08,34.08,,1007.84,0,0,0.36,,,,,,,,29.94,63.5,20.53,29.94,11.4,1.14,,1400,1,100,60
03/10/2016,07:00:00,7,Oct-16,Winter-2016,28.44,28.44,28.11,90.5,26.75,0.62,,0.5,2.17,,28.44,35.39,35.39,,1008.59,0,0,0.38,,,,,,,,30.11,64,20.72,30.11,11.5,1.14,,1403,1,100,60
03/10/2016,08:00:00,8,Oct-16,Winter-2016,29.89,29.92,29.08,84.5,26.97,1.24,,1,3.42,,29.89,38.11,38.11,,1009.23,0,0,0.43,,,,,,,,30.33,65,21,30.33,11.69,1.14,,1396,1,100,60
03/10/2016,09:00:00,9,Oct-16,Winter-2016,30.67,30.72,30.28,81.5,27.14,1.55,,1.25,5.59,,30.67,39.75,39.75,,1009.58,0,0,0.46,,,,,,,,30.44,65.5,21.17,30.44,11.79,1.14,,1398,1,100,60
03/10/2016,10:00:00,10,Oct-16,Winter-2016,31.75,31.75,31.06,80.5,27.97,1.24,,1,4.04,,31.75,43.53,43.53,,1009.52,0,0,0.5,,,,,,,,29.28,62.5,19.83,29.28,11.22,1.14,,1343,1,98.2,60
03/10/2016,11:00:00,11,Oct-16,Winter-2016,31.89,32.11,31.58,77,27.33,0.93,,0.75,3.42,,31.89,42.56,42.56,,1008.87,0,0,0.51,,,,,,,,26.22,53,15.67,26.22,9.63,1.15,,1380,1,100,60
03/10/2016,12:00:00,12,Oct-16,Winter-2016,33.56,33.72,32.56,72,27.81,0.62,,0.5,2.8,,33.56,46.64,46.64,,1007.87,0,0,0.57,,,,,,,,25.44,49.5,14.14,25.44,9.09,1.16,,1398,1,100,60
03/10/2016,13:00:00,13,Oct-16,Winter-2016,33.14,33.61,32.89,72,27.39,0.62,,0.5,2.8,,33.14,45.08,45.08,,1006.49,0,0,0.56,,,,,,,,25.5,49,14.03,25.5,9.04,1.16,,1365,1,98.75,60
03/10/2016,14:00:00,14,Oct-16,Winter-2016,32.58,33.08,32.58,70,26.39,0.62,,0.5,3.42,,32.58,42.17,42.17,,1005.42,0,0,0.53,,,,,,,,27.08,52.5,16.31,27.08,9.55,1.15,,1274,1,93.1,60
03/10/2016,15:00:00,15,Oct-16,Winter-2016,31.86,32.28,31.5,74,26.64,0.93,,0.75,3.42,,31.86,41.22,41.22,,1004.54,0,0,0.51,,,,,,,,25.47,48.5,13.86,25.47,8.95,1.15,,1254,1,91.65,60
03/10/2016,16:00:00,16,Oct-16,Winter-2016,30.83,31.17,30.83,76.5,26.22,0.93,,0.75,3.73,,30.83,38.5,38.5,,1003.64,0,0,0.47,,,,,,,,25,47.5,13.22,25,8.8,1.15,,914,1,66.8,60
03/10/2016,17:00:00,17,Oct-16,Winter-2016,31.11,31.25,30.92,74,25.92,0.62,,0.5,2.8,,31.11,38.33,38.33,,1003.13,0,0,0.48,,,,,,,,25,46,12.78,25,8.55,1.15,,1019,1,74.5,60
03/10/2016,18:00:00,18,Oct-16,Winter-2016,30.14,30.86,30.14,80,26.28,0.31,,0.25,1.86,,30.14,37.64,37.64,,1003.34,0,0,0.44,,,,,,,,26.78,50.5,15.53,26.78,9.25,1.15,,1102,1,80.55,60
03/10/2016,19:00:00,19,Oct-16,Winter-2016,30.14,30.19,29.78,80.5,26.42,0.62,,0.5,2.8,,30.14,37.69,37.69,,1004.2,0,0,0.44,,,,,,,,27.53,52.5,16.61,27.53,9.53,1.14,,1327,1,97,60
03/10/2016,20:00:00,20,Oct-16,Winter-2016,,30.33,30.31,,,0.62,,0.5,1.55,,,,,,1005.44,0,,,,,,,,,,28.33,53.5,17.42,28.33,9.68,1.14,,245,1,17.9,60
03/10/2016,21:00:00,21,Oct-16,Winter-2016,,,,,,0,,0,0,,,,,,1005.91,0,,,,,,,,,,28.53,55.5,18,28.53,9.95,1.14,,0,1,0,60
03/10/2016,22:00:00,22,Oct-16,Winter-2016,29.83,29.83,29.78,85,27.06,0.31,,0.25,0.62,,29.83,38,38,,1006.16,0,0,0.43,,,,,,,,28.94,56.5,18.5,28.94,10.12,1.14,,25,1,1.85,60
03/10/2016,23:00:00,23,Oct-16,Winter-2016,28.75,29.14,28.72,90,26.94,0,,0,0,,28.75,36.25,36.25,,1005.93,0,0,0.39,,,,,,,,28.94,58.5,18.97,28.94,10.45,1.14,,939,1,67.7,60
04/10/2016,00:00:00,24,Oct-16,Winter-2016,28.5,28.61,28.47,91.5,26.97,0,,0,1.24,,28.5,35.83,35.83,,1005.96,0,0,0.38,,,,,,,,29.08,59.5,19.25,29.08,10.65,1.14,,1397,1,100,60
04/10/2016,01:00:00,1,Oct-16,Winter-2016,28.39,28.47,28.28,93,27.17,0,,0,0.93,,28.39,35.89,35.89,,1005.49,0,0,0.38,,,,,,,,29.22,60,19.42,29.22,10.75,1.14,,1400,1,100,60
04/10/2016,02:00:00,2,Oct-16,Winter-2016,28.75,28.92,28.53,92,27.31,0.31,,0.25,1.86,,28.75,36.78,36.78,,1005.08,0,0,0.39,,,,,,,,29.42,61,19.75,29.42,10.95,1.14,,1399,1,100,60
04/10/2016,03:00:00,3,Oct-16,Winter-2016,28,28.42,28,94,26.94,0,,0,0,,28,34.89,34.89,,1005.06,0,0,0.36,,,,,,,,29.5,61.5,19.92,29.5,11.03,1.14,,1397,1,100,60
04/10/2016,04:00:00,4,Oct-16,Winter-2016,27.67,27.75,27.58,95.5,26.86,0,,0,0,,27.67,34.14,34.14,,1005.03,0,0,0.35,,,,,,,,29.67,62,20.11,29.67,11.1,1.14,,1402,1,100,60
04/10/2016,05:00:00,5,Oct-16,Winter-2016,27.97,28,27.78,94.5,27,0,,0,2.17,,27.97,34.94,34.94,,1004.79,0,0,0.36,,,,,,,,29.72,62,20.17,29.72,11.1,1.14,,1400,1,100,60
04/10/2016,06:00:00,6,Oct-16,Winter-2016,27.61,27.86,27.61,95.5,26.81,0,,0,0.31,,27.61,33.97,33.97,,1005.62,0,0,0.35,,,,,,,,29.92,63,20.42,29.92,11.3,1.14,,1398,1,100,60
04/10/2016,07:00:00,7,Oct-16,Winter-2016,27.75,27.75,27.5,96.5,27.14,0,,0,0,,27.75,34.64,34.64,,1006.2,0,0,0.35,,,,,,,,29.94,63,20.44,29.94,11.3,1.14,,1299,1,93.85,60
04/10/2016,08:00:00,8,Oct-16,Winter-2016,30.03,30.11,28.69,89,27.97,0,,0,1.24,,30.03,40.14,40.14,,1006.94,0,0,0.44,,,,,,,,30,63,20.47,30,11.3,1.14,,1088,1,79.55,60
04/10/2016,09:00:00,9,Oct-16,Winter-2016,31.5,31.5,30.81,81.5,27.94,0.62,,0.5,2.49,,31.5,42.75,42.75,,1007.25,0,0,0.49,,,,,,,,30.22,64,20.81,30.22,11.49,1.14,,1379,1,99.65,60
04/10/2016,10:00:00,10,Oct-16,Winter-2016,32.72,33,31.94,74.5,27.58,0.93,,0.75,3.42,,32.72,44.75,44.75,,1007.28,0,0,0.54,,,,,,,,30.44,65,21.08,30.44,11.69,1.14,,1379,1,99.8,60
04/10/2016,11:00:00,11,Oct-16,Winter-2016,31.97,32.53,31.97,77,27.42,1.24,,1,3.11,,31.97,42.86,42.86,,1006.93,0,0,0.51,,,,,,,,29.03,61,19.39,29.03,10.97,1.14,,1403,1,100,60
04/10/2016,12:00:00,12,Oct-16,Winter-2016,33.58,33.67,32.39,69,27.11,1.24,,1,3.11,,33.58,45.03,45.03,,1005.93,0,0,0.57,,,,,,,,26.11,52.5,15.44,26.11,9.56,1.15,,1401,1,100,60
04/10/2016,13:00:00,13,Oct-16,Winter-2016,34.31,34.67,33.47,66,27.03,1.24,,1,4.97,,34.31,46.08,46.08,,1004.71,0,0,0.6,,,,,,,,25.28,48.5,13.72,25.28,8.95,1.15,,1391,1,100,60
04/10/2016,14:00:00,14,Oct-16,Winter-2016,34.64,34.78,34.39,64,26.81,1.55,,1.25,4.97,,34.64,46.25,46.25,,1003.52,0,0,0.61,,,,,,,,25.03,47,13.08,25.03,8.7,1.15,,1394,1,100,60
04/10/2016,15:00:00,15,Oct-16,Winter-2016,34.67,34.94,34.42,61,26.03,1.55,,1.25,5.9,,34.67,44.89,44.89,,1002.76,0,0,0.61,,,,,,,,25.03,49.5,13.81,25.03,9.11,1.15,,1393,1,100,60
04/10/2016,16:00:00,16,Oct-16,Winter-2016,34.47,34.83,34.42,61.5,26,1.55,,1.25,5.9,,34.47,44.5,44.5,,1002.08,0,0,0.61,,,,,,,,25.06,47.5,13.28,25.06,8.8,1.15,,1401,1,100,60
04/10/2016,17:00:00,17,Oct-16,Winter-2016,33.97,34.39,33.97,65.5,26.58,1.24,,1,4.04,,33.97,44.75,44.75,,1002.12,0,0,0.59,,,,,,,,25.5,47,13.44,25.5,8.69,1.15,,1397,1,100,60
04/10/2016,18:00:00,18,Oct-16,Winter-2016,32.61,33.28,32.61,71,26.67,0.93,,0.75,3.42,,32.61,42.69,42.69,,1002.39,0,0,0.54,,,,,,,,27.14,51,15.97,27.14,9.29,1.14,,1393,1,100,60
04/10/2016,19:00:00,19,Oct-16,Winter-2016,31.5,32.03,31.5,75.5,26.64,0,,0,1.55,,31.5,40.31,40.31,,1003.07,0,0,0.49,,,,,,,,27.89,53.5,17.14,27.89,9.69,1.14,,1404,1,100,60
04/10/2016,20:00:00,20,Oct-16,Winter-2016,31.19,31.58,31.06,80,27.31,0.31,,0.25,1.86,,31.19,40.97,40.97,,1004.05,0,0,0.48,,,,,,,,28.42,55.5,17.97,28.42,9.95,1.14,,1402,1,100,60
04/10/2016,21:00:00,21,Oct-16,Winter-2016,30.78,30.89,30.67,82.5,27.44,0.93,,0.75,3.11,,30.78,40.47,40.47,,1005.2,0,0,0.47,,,,,,,,28.75,56.5,18.39,28.75,10.12,1.14,,1400,1,100,60
04/10/2016,22:00:00,22,Oct-16,Winter-2016,30.28,30.56,30.28,83.5,27.17,0.62,,0.5,3.11,,30.28,39.11,39.11,,1005.37,0,0,0.45,,,,,,,,29.06,58,18.89,29.06,10.35,1.14,,1402,1,100,60
04/10/2016,23:00:00,23,Oct-16,Winter-2016,29.81,30.06,29.81,84.5,26.92,0.31,,0.25,2.17,,29.81,37.78,37.78,,1004.84,0,0,0.43,,,,,,,,29.28,59,19.25,29.28,10.55,1.14,,1404,1,100,60
05/10/2016,00:00:00,24,Oct-16,Winter-2016,29.25,29.61,29.25,87,26.86,0,,0,0.93,,29.25,36.94,36.94,,1004.96,0,0,0.41,,,,,,,,29.5,60,19.61,29.5,10.75,1.14,,1402,1,100,60
05/10/2016,01:00:00,1,Oct-16,Winter-2016,29.11,29.33,28.97,88,26.92,0.31,,0.25,2.49,,29.11,36.81,36.81,,1005.11,0,0,0.4,,,,,,,,29.67,60.5,19.83,29.67,10.85,1.14,,1399,1,100,60
05/10/2016,02:00:00,2,Oct-16,Winter-2016,28.86,29,28.75,88.5,26.78,0,,0,1.55,,28.86,36.25,36.25,,1004.59,0,0,0.4,,,,,,,,29.78,61,20,29.78,10.95,1.13,,1403,1,100,60
05/10/2016,03:00:00,3,Oct-16,Winter-2016,28.72,28.78,28.64,88.5,26.64,0.31,,0.25,2.17,,28.72,35.83,35.83,,1004.56,0,0,0.39,,,,,,,,30.06,62,20.31,30.06,11.09,1.13,,1402,1,100,60
05/10/2016,04:00:00,4,Oct-16,Winter-2016,28.42,28.72,28.42,90,26.61,0,,0,1.24,,28.42,35.19,35.19,,1004.49,0,0,0.38,,,,,,,,30.11,62,20.33,30.11,11.09,1.13,,1404,1,100,60
05/10/2016,05:00:00,5,Oct-16,Winter-2016,27.81,28.25,27.78,89.5,25.92,0.62,,0.5,3.73,,27.81,33.42,33.42,,1005.5,0,0,0.36,,,,,,,,30.28,62.5,20.53,30.28,11.19,1.13,,1401,1,100,60
05/10/2016,06:00:00,6,Oct-16,Winter-2016,27.14,27.39,27.14,88,24.97,0,,0,0.93,,27.14,31.28,31.28,,1005.49,0,0,0.33,,,,,,,,30.42,63,20.69,30.42,11.29,1.13,,1404,1,100,60
05/10/2016,07:00:00,7,Oct-16,Winter-2016,26.89,26.94,26.86,89,24.94,0,,0,0,,26.89,30.83,30.83,,1005.99,0,0,0.32,,,,,,,,30.42,63,20.69,30.42,11.29,1.13,,1403,1,100,60
05/10/2016,08:00:00,8,Oct-16,Winter-2016,26.97,27,26.89,89,25.03,0,,0,0,,26.97,31.03,31.03,,1006.86,0,0,0.32,,,,,,,,30.56,63,20.75,30.56,11.29,1.14,,1398,1,100,60
05/10/2016,09:00:00,9,Oct-16,Winter-2016,26.89,26.97,26.78,90.5,25.19,0,,0,0,,26.89,31.06,31.06,,1007.35,0,0,0.32,,,,,,,,30.61,63.5,20.86,30.61,11.39,1.14,,1396,1,100,60
05/10/2016,10:00:00,10,Oct-16,Winter-2016,28.44,28.44,27.53,84.5,25.58,0.31,,0.25,0.93,,28.44,34.22,34.22,,1006.99,0,0,0.38,,,,,,,,30.72,64,21,30.72,11.48,1.13,,1362,1,98.45,60
05/10/2016,11:00:00,11,Oct-16,Winter-2016,29.64,29.67,28.94,78.5,25.5,0.62,,0.5,1.86,,29.64,35.94,35.94,,1006.3,0,0,0.42,,,,,,,,28.08,55.5,17.61,28.08,10.05,1.14,,979,1,71.6,60
05/10/2016,12:00:00,12,Oct-16,Winter-2016,30.42,30.42,29.97,77,25.92,0.62,,0.5,1.86,,30.42,37.69,37.69,,1005.83,0,0,0.45,,,,,,,,25.83,48,14,25.83,8.83,1.15,,1128,1,82.45,60
05/10/2016,13:00:00,13,Oct-16,Winter-2016,30.89,30.92,30.39,76,26.17,0.62,,0.5,2.49,,30.89,38.67,38.67,,1004.69,0,0,0.47,,,,,,,,25.28,45,12.69,25.28,8.39,1.15,,1213,1,88.65,60
05/10/2016,14:00:00,14,Oct-16,Winter-2016,31.69,32.08,31.33,71.5,25.89,0.62,,0.5,3.42,,31.69,39.64,39.64,,1003.17,0,0,0.5,,,,,,,,25.11,44.5,12.39,25.11,8.3,1.15,,1169,1,85.45,60
05/10/2016,15:00:00,15,Oct-16,Winter-2016,32.39,32.86,31.61,68.5,25.83,0.62,,0.5,3.11,,32.39,40.94,40.94,,1002.35,0,0,0.53,,,,,,,,24.86,43.5,11.89,24.86,8.13,1.15,,935,1,68.35,60
05/10/2016,16:00:00,16,Oct-16,Winter-2016,32.08,32.61,31.69,72.5,26.5,0.62,,0.5,2.17,,32.08,41.39,41.39,,1002.2,0,0,0.52,,,,,,,,24.72,43,11.61,24.72,8.05,1.15,,840,1,61.4,60
05/10/2016,17:00:00,17,Oct-16,Winter-2016,30.94,31.5,30.86,75.5,26.08,0.31,,0.25,0.93,,30.94,38.69,38.69,,1002.41,0,0,0.47,,,,,,,,25.03,43.5,12.03,25.03,8.12,1.15,,1102,1,80.6,60
05/10/2016,18:00:00,18,Oct-16,Winter-2016,29.5,30.08,29.5,79.5,25.56,0,,0,0,,29.5,35.83,35.83,,1002.49,0,0,0.42,,,,,,,,26.64,46.5,14.36,26.64,8.55,1.15,,1395,1,100,60
05/10/2016,19:00:00,19,Oct-16,Winter-2016,29.11,29.28,29.11,83,25.92,0,,0,0,,29.11,35.72,35.72,,1003.07,0,0,0.4,,,,,,,,27.36,48.5,15.5,27.36,8.88,1.14,,1381,1,100,60
05/10/2016,20:00:00,20,Oct-16,Winter-2016,29,29.08,28.86,84.5,26.11,0,,0,0,,29,35.78,35.78,,1004.18,0,0,0.4,,,,,,,,27.94,51.5,16.67,27.94,9.37,1.14,,1253,1,91.55,60
05/10/2016,21:00:00,21,Oct-16,Winter-2016,29.08,29.25,29.03,84.5,26.19,0,,0,0,,29.08,35.94,35.94,,1005.06,0,0,0.4,,,,,,,,28.19,52.5,17.11,28.19,9.51,1.14,,869,1,63.55,60
05/10/2016,22:00:00,22,Oct-16,Winter-2016,28.94,29.08,28.86,86,26.36,0.31,,0.25,1.55,,28.94,35.94,35.94,,1005.5,0,0,0.4,,,,,,,,28.5,54,17.64,28.5,9.75,1.14,,1280,1,93.55,60
05/10/2016,23:00:00,23,Oct-16,Winter-2016,28.39,28.64,28.39,89,26.42,0,,0,1.55,,28.39,34.86,34.86,,1005.86,0,0,0.38,,,,,,,,28.72,55,18,28.72,9.85,1.14,,909,1,66.45,60
06/10/2016,00:00:00,24,Oct-16,Winter-2016,28.19,28.36,28.17,90.5,26.5,0.31,,0.25,1.24,,28.19,34.64,34.64,,1006.06,0,0,0.37,,,,,,,,28.94,56,18.36,28.94,10.05,1.14,,1031,1,75.4,60
06/10/2016,01:00:00,1,Oct-16,Winter-2016,27.64,27.92,27.64,92,26.19,0,,0,0,,27.64,33.36,33.36,,1005.57,0,0,0.35,,,,,,,,29.11,57,18.69,29.11,10.2,1.14,,981,1,71.75,60
06/10/2016,02:00:00,2,Oct-16,Winter-2016,27.22,27.39,27.22,93,26,0,,0,0,,27.22,32.28,32.28,,1005.17,0,0,0.33,,,,,,,,29.28,58,19.03,29.28,10.35,1.14,,1021,1,74.65,60
06/10/2016,03:00:00,3,Oct-16,Winter-2016,26.81,27.03,26.81,93.5,25.67,0,,0,0,,26.81,31.31,31.31,,1004.81,0,0,0.32,,,,,,,,29.33,58,19.06,29.33,10.35,1.14,,1032,1,75.45,60
06/10/2016,04:00:00,4,Oct-16,Winter-2016,26.78,26.78,26.69,94.5,25.81,0,,0,0,,26.78,31.39,31.39,,1004.95,0,0,0.32,,,,,,,,29.5,59,19.39,29.5,10.55,1.14,,1005,1,73.45,60
06/10/2016,05:00:00,5,Oct-16,Winter-2016,27.06,27.08,26.92,94.5,26.08,0,,0,0,,27.06,32.08,32.08,,1005.11,0,0,0.33,,,,,,,,29.53,59,19.42,29.53,10.55,1.14,,1117,1,81.65,60
06/10/2016,06:00:00,6,Oct-16,Winter-2016,27.08,27.11,26.97,93.5,25.94,0,,0,0,,27.08,32,32,,1005.69,0,0,0.33,,,,,,,,29.67,60,19.72,29.67,10.75,1.14,,1280,1,92.9,60
06/10/2016,07:00:00,7,Oct-16,Winter-2016,27.58,27.58,27.28,93.5,26.44,0,,0,1.24,,27.58,33.47,33.47,,1006.62,0,0,0.35,,,,,,,,29.78,60,19.78,29.78,10.75,1.14,,1398,1,100,60
06/10/2016,08:00:00,8,Oct-16,Winter-2016,28.36,28.42,28.03,90,26.56,0.62,,0.5,2.17,,28.36,35.03,35.03,,1007.64,0,0,0.38,,,,,,,,29.86,60.5,19.94,29.86,10.85,1.14,,1397,1,100,60
06/10/2016,09:00:00,9,Oct-16,Winter-2016,26.44,27.58,26.44,93.5,25.31,0.93,,0.75,3.42,,26.44,30.47,30.47,,1008.31,2.16,0,0.3,,,,,,,,29.94,61,20.11,29.94,10.95,1.14,,1397,1,100,60
06/10/2016,10:00:00,10,Oct-16,Winter-2016,26.89,26.94,26.28,91,25.28,0,,0,1.55,,26.89,31.19,31.19,,1008.35,0,0,0.32,,,,,,,,28.81,57.5,18.56,28.81,10.36,1.14,,1233,1,90.15,60
06/10/2016,11:00:00,11,Oct-16,Winter-2016,28.25,28.33,27.75,86.5,25.78,0.31,,0.25,2.49,,28.25,34,34,,1008.57,0,0,0.37,,,,,,,,26.22,48.5,14.5,26.22,8.92,1.15,,1380,1,100,60
06/10/2016,12:00:00,12,Oct-16,Winter-2016,27.11,27.89,27.11,89,25.14,1.24,,1,2.8,,27.11,31.42,31.42,,1007.86,0,0,0.33,,,,,,,,25.61,46.5,13.42,25.61,8.59,1.16,,1315,1,96.1,60
06/10/2016,13:00:00,13,Oct-16,Winter-2016,27.14,27.28,26.89,90,25.33,0.62,,0.5,2.49,,27.14,31.58,31.58,,1006.93,0.1,0,0.33,,,,,,,,25.19,44.5,12.44,25.19,8.3,1.16,,1287,1,94.1,60
06/10/2016,14:00:00,14,Oct-16,Winter-2016,27.75,27.75,27.31,93,26.5,0,,0,0.93,,27.75,33.89,33.89,,1005.76,0.12,0,0.35,,,,,,,,25.86,45.5,13.36,25.86,8.43,1.15,,1369,1,99,60
06/10/2016,15:00:00,15,Oct-16,Winter-2016,29.11,29.14,28.36,85.5,26.42,0,,0,0.62,,29.11,36.17,36.17,,1004.66,0,0,0.4,,,,,,,,27.06,48.5,15.25,27.06,8.89,1.15,,1399,1,100,60
06/10/2016,16:00:00,16,Oct-16,Winter-2016,30.08,30.25,29.72,84.5,27.19,0,,0,0.62,,30.08,38.64,38.64,,1004.12,0,0,0.44,,,,,,,,27.61,50.5,16.19,27.61,9.23,1.14,,1394,1,100,60
06/10/2016,17:00:00,17,Oct-16,Winter-2016,29.58,29.83,29.53,86.5,27.08,0.62,,0.5,2.17,,29.58,37.72,37.72,,1004.06,0,0,0.42,,,,,,,,28.14,53.5,17.28,28.14,9.69,1.14,,1389,1,100,60
06/10/2016,18:00:00,18,Oct-16,Winter-2016,28.78,29.33,28.78,89.5,26.89,0,,0,0.62,,28.78,36.14,36.14,,1004.35,0,0,0.39,,,,,,,,28.39,54.5,17.67,28.39,9.8,1.14,,1403,1,100,60
06/10/2016,19:00:00,19,Oct-16,Winter-2016,27.86,28.19,27.86,93,26.61,0,,0,0,,27.86,34.22,34.22,,1004.89,0,0,0.36,,,,,,,,28.67,56,18.22,28.67,10.05,1.14,,1405,1,100,60
06/10/2016,20:00:00,20,Oct-16,Winter-2016,27.53,27.69,27.53,94.5,26.56,0,,0,0,,27.53,33.5,33.5,,1005.83,0,0,0.35,,,,,,,,28.78,56.5,18.39,28.78,10.12,1.14,,1402,1,100,60
06/10/2016,21:00:00,21,Oct-16,Winter-2016,27.28,27.39,27.25,95.5,26.5,0,,0,0,,27.28,32.89,32.89,,1005.99,0,0,0.34,,,,,,,,28.89,57,18.56,28.89,10.19,1.14,,1399,1,100,60
06/10/2016,22:00:00,22,Oct-16,Winter-2016,27,27.14,27,96,26.33,0,,0,0,,27,32.22,32.22,,1006.05,0,0,0.33,,,,,,,,29.06,58,18.89,29.06,10.35,1.14,,1403,1,100,60
06/10/2016,23:00:00,23,Oct-16,Winter-2016,26.75,26.86,26.72,96,26.08,0,,0,0,,26.75,31.56,31.56,,1006.57,0,0,0.32,,,,,,,,29.14,58.5,19.06,29.14,10.45,1.14,,1399,1,100,60
07/10/2016,00:00:00,24,Oct-16,Winter-2016,26.72,26.86,26.72,96,26.06,0,,0,0,,26.72,31.47,31.47,,1006.82,0,0,0.32,,,,,,,,29.22,59,19.22,29.22,10.55,1.14,,1401,1,100,60
07/10/2016,01:00:00,1,Oct-16,Winter-2016,26.75,26.78,26.67,97,26.25,0,,0,0,,26.75,31.72,31.72,,1006.44,0,0,0.32,,,,,,,,29.33,59,19.28,29.33,10.55,1.14,,1401,1,100,60
07/10/2016,02:00:00,2,Oct-16,Winter-2016,26.58,26.67,26.58,97,26.08,0,,0,0,,26.58,31.31,31.31,,1006.33,0,0,0.31,,,,,,,,29.39,60,19.56,29.39,10.75,1.14,,1401,1,100,60
07/10/2016,03:00:00,3,Oct-16,Winter-2016,26.58,26.64,26.53,97,26.08,0,,0,0,,26.58,31.31,31.31,,1005.89,0,0,0.31,,,,,,,,29.44,60,19.58,29.44,10.75,1.14,,1404,1,100,60
07/10/2016,04:00:00,4,Oct-16,Winter-2016,26.61,26.61,26.5,97,26.11,0,,0,0,,26.61,31.36,31.36,,1005.79,0,0,0.31,,,,,,,,29.56,60.5,19.75,29.56,10.85,1.14,,1399,1,100,60
07/10/2016,05:00:00,5,Oct-16,Winter-2016,26.78,26.83,26.72,97,26.28,0,,0,0,,26.78,31.78,31.78,,1006.35,0,0,0.32,,,,,,,,29.61,61,19.89,29.61,10.95,1.14,,1404,1,100,60
07/10/2016,06:00:00,6,Oct-16,Winter-2016,26.86,26.94,26.81,97,26.36,0,,0,0,,26.86,32.03,32.03,,1007.08,0,0,0.32,,,,,,,,29.61,61,19.89,29.61,10.95,1.14,,1400,1,100,60
07/10/2016,07:00:00,7,Oct-16,Winter-2016,26.81,26.92,26.75,96.5,26.22,0,,0,2.17,,26.81,31.78,31.78,,1007.82,0,0,0.32,,,,,,,,29.72,62,20.17,29.72,11.1,1.14,,1403,1,100,60
07/10/2016,08:00:00,8,Oct-16,Winter-2016,26.72,26.78,26.61,93.5,25.58,0.31,,0.25,1.55,,26.72,31.08,31.08,,1008.87,0,0,0.32,,,,,,,,29.78,62,20.19,29.78,11.1,1.14,,1404,1,100,60
07/10/2016,09:00:00,9,Oct-16,Winter-2016,27.22,27.25,26.83,91.5,25.72,0.62,,0.5,2.17,,27.22,32.11,32.11,,1009.36,0,0,0.33,,,,,,,,29.92,63,20.42,29.92,11.3,1.14,,1399,1,100,60
07/10/2016,10:00:00,10,Oct-16,Winter-2016,27.36,27.47,27.28,90,25.58,0.62,,0.5,2.8,,27.36,32.19,32.19,,1009.4,0,0,0.34,,,,,,,,30.03,63.5,20.58,30.03,11.4,1.14,,1399,1,100,60
07/10/2016,11:00:00,11,Oct-16,Winter-2016,28.5,28.5,27.75,88.5,26.42,0.62,,0.5,3.11,,28.5,35.17,35.17,,1008.79,0,0,0.38,,,,,,,,30.14,64,20.75,30.14,11.5,1.14,,1390,1,100,60
07/10/2016,12:00:00,12,Oct-16,Winter-2016,29.94,29.94,29.19,82,26.56,1.24,,1,3.11,,29.94,37.56,37.56,,1007.57,0,0,0.44,,,,,,,,30.33,65,21,30.33,11.69,1.14,,1387,1,100,60
07/10/2016,13:00:00,13,Oct-16,Winter-2016,30.06,30.33,29.94,81,26.42,0.62,,0.5,2.49,,30.06,37.64,37.64,,1006.33,0,0,0.44,,,,,,,,30.44,66,21.28,30.44,11.89,1.13,,1390,1,100,60
07/10/2016,14:00:00,14,Oct-16,Winter-2016,31.31,31.33,30.28,75.5,26.44,0.62,,0.5,4.04,,31.31,39.89,39.89,,1005.59,0,0,0.49,,,,,,,,30.56,66,21.33,30.56,11.89,1.13,,1399,1,100,60
07/10/2016,15:00:00,15,Oct-16,Winter-2016,31.14,31.89,31.03,78,26.86,0.93,,0.75,3.11,,31.14,39.83,39.83,,1005.18,0,0,0.48,,,,,,,,30.78,67,21.58,30.78,12.09,1.13,,1394,1,100,60
07/10/2016,16:00:00,16,Oct-16,Winter-2016,30.36,30.72,30.36,81.5,26.83,0.62,,0.5,2.49,,30.36,38.81,38.81,,1004.74,0,0,0.45,,,,,,,,30.83,67,21.61,30.83,12.09,1.13,,1400,1,100,60
07/10/2016,17:00:00,17,Oct-16,Winter-2016,30,30.22,29.97,83,26.78,0,,0,1.86,,30,38,38,,1004.54,0,0,0.44,,,,,,,,30.83,67,21.61,30.83,12.09,1.13,,1402,1,100,60
07/10/2016,18:00:00,18,Oct-16,Winter-2016,29.06,29.58,29.06,85,26.28,0.31,,0.25,1.55,,29.06,35.94,35.94,,1005.11,0,0,0.4,,,,,,,,30.92,67.5,21.72,30.92,12.19,1.13,,1402,1,100,60
07/10/2016,19:00:00,19,Oct-16,Winter-2016,28.5,28.69,28.5,86.5,26.03,0,,0,1.24,,28.5,34.75,34.75,,1006.06,0,0,0.38,,,,,,,,30.92,67.5,21.72,30.92,12.19,1.13,,1404,1,100,60
07/10/2016,20:00:00,20,Oct-16,Winter-2016,28.11,28.31,28.11,88.5,26.03,0,,0,1.24,,28.11,34,34,,1007.08,0,0,0.37,,,,,,,,30.83,67,21.61,30.83,12.09,1.13,,1399,1,100,60
07/10/2016,21:00:00,21,Oct-16,Winter-2016,27.83,28,27.83,90,26.03,0,,0,0,,27.83,33.56,33.56,,1007.94,0,0,0.36,,,,,,,,30.83,67,21.61,30.83,12.09,1.14,,1403,1,100,60
07/10/2016,22:00:00,22,Oct-16,Winter-2016,27.53,27.69,27.53,92,26.11,0,,0,0.62,,27.53,33.03,33.03,,1008.21,0,0,0.35,,,,,,,,30.83,67,21.61,30.83,12.09,1.14,,1405,1,100,60
07/10/2016,23:00:00,23,Oct-16,Winter-2016,27.25,27.36,27.25,93.5,26.11,0,,0,0.31,,27.25,32.44,32.44,,1008.28,0,0,0.33,,,,,,,,30.83,67,21.61,30.83,12.09,1.14,,1404,1,100,60
08/10/2016,00:00:00,24,Oct-16,Winter-2016,27.14,27.19,27.08,94,26.08,0,,0,0.62,,27.14,32.22,32.22,,1008.43,0,0,0.33,,,,,,,,30.94,67,21.67,30.94,12.09,1.14,,1105,1,80.8,60
08/10/2016,01:00:00,1,Oct-16,Winter-2016,27.14,27.22,27.08,95,26.25,0,,0,0,,27.14,32.39,32.39,,1008.3,0,0,0.33,,,,,,,,30.89,67,21.64,30.89,12.09,1.14,,1089,1,79.6,60
08/10/2016,02:00:00,2,Oct-16,Winter-2016,26.92,27,26.89,95,26.03,0,,0,0.31,,26.92,31.81,31.81,,1007.82,0,0,0.32,,,,,,,,31.03,67.5,21.78,31.03,12.19,1.13,,1207,1,88.2,60
08/10/2016,03:00:00,3,Oct-16,Winter-2016,26.86,26.94,26.86,96,26.19,0,,0,0,,26.86,31.86,31.86,,1007.5,0,0,0.32,,,,,,,,31.11,68,21.89,31.11,12.29,1.13,,1323,1,96.7,60
08/10/2016,04:00:00,4,Oct-16,Winter-2016,26.72,26.81,26.72,96,26.06,0,,0,0.31,,26.72,31.47,31.47,,1007.01,0,0,0.32,,,,,,,,31.11,68,21.89,31.11,12.29,1.13,,1387,1,100,60
08/10/2016,05:00:00,5,Oct-16,Winter-2016,26.58,26.69,26.5,96.5,26,0,,0,0,,26.58,31.22,31.22,,1006.98,0,0,0.31,,,,,,,,31.11,68,21.89,31.11,12.29,1.13,,1399,1,100,60
08/10/2016,06:00:00,6,Oct-16,Winter-2016,26.72,26.72,26.64,97,26.22,0,,0,0.31,,26.72,31.67,31.67,,1007.55,0,0,0.32,,,,,,,,31.11,68,21.89,31.11,12.29,1.13,,1400,1,100,60
08/10/2016,07:00:00,7,Oct-16,Winter-2016,27.11,27.11,26.81,97.5,26.69,0,,0,0.62,,27.11,32.83,32.83,,1008.35,0,0,0.33,,,,,,,,31.28,69,22.17,31.28,12.43,1.13,,1404,1,100,60
08/10/2016,08:00:00,8,Oct-16,Winter-2016,27.97,27.97,27.44,95,27.11,0,,0,1.86,,27.97,35,35,,1009.35,0,0,0.36,,,,,,,,31.28,69,22.17,31.28,12.43,1.14,,1398,1,100,60
08/10/2016,09:00:00,9,Oct-16,Winter-2016,29.83,30.28,29.08,86.5,27.33,0.62,,0.5,2.17,,29.83,38.5,38.5,,1009.67,0,0,0.43,,,,,,,,31.44,69,22.22,31.44,12.42,1.14,,1392,1,100,60
08/10/2016,10:00:00,10,Oct-16,Winter-2016,29.61,29.86,29.33,86.5,27.11,0,,0,1.24,,29.61,37.78,37.78,,1009.25,0,0,0.42,,,,,,,,31.44,69,22.22,31.44,12.42,1.14,,1397,1,100,60
08/10/2016,11:00:00,11,Oct-16,Winter-2016,30.75,31.06,30.19,80,26.92,0.62,,0.5,2.49,,30.75,39.42,39.42,,1008.64,0,0,0.47,,,,,,,,31.44,69,22.22,31.44,12.42,1.13,,1385,1,100,60
08/10/2016,12:00:00,12,Oct-16,Winter-2016,31.25,31.25,30.61,79,27.14,0.31,,0.25,2.8,,31.25,40.81,40.81,,1007.55,0,0,0.48,,,,,,,,31.78,70,22.5,31.78,12.65,1.13,,1373,1,99.5,60
08/10/2016,13:00:00,13,Oct-16,Winter-2016,31.78,32.53,31.67,75,26.78,0.93,,0.75,3.11,,31.78,41.28,41.28,,1006.54,0,0,0.5,,,,,,,,31.78,70,22.5,31.78,12.65,1.13,,1388,1,100,60
08/10/2016,14:00:00,14,Oct-16,Winter-2016,31.58,32.08,31.5,71.5,25.78,0.62,,0.5,2.8,,31.58,39.25,39.25,,1005.61,0,0,0.5,,,,,,,,31.83,70,22.53,31.83,12.65,1.13,,1380,1,100,60
08/10/2016,15:00:00,15,Oct-16,Winter-2016,30.44,30.94,30.44,77.5,26.06,0.31,,0.25,3.42,,30.44,37.89,37.89,,1005.05,0,0,0.45,,,,,,,,31.78,70,22.5,31.78,12.65,1.13,,1351,1,97.9,60
08/10/2016,16:00:00,16,Oct-16,Winter-2016,30.25,30.33,30.19,77.5,25.86,0.93,,0.75,3.73,,30.25,37.36,37.36,,1004.98,0,0,0.45,,,,,,,,31.83,70,22.53,31.83,12.65,1.13,,1353,1,98.9,60
08/10/2016,17:00:00,17,Oct-16,Winter-2016,29.86,30.08,29.86,81,26.25,0.62,,0.5,2.8,,29.86,37.03,37.03,,1005.71,0,0,0.43,,,,,,,,31.83,70,22.53,31.83,12.65,1.13,,1381,1,99.7,60
08/10/2016,18:00:00,18,Oct-16,Winter-2016,29.22,29.58,29.22,83.5,26.14,0,,0,1.24,,29.22,36.06,36.06,,1006.05,0,0,0.41,,,,,,,,31.89,70,22.56,31.89,12.65,1.13,,1405,1,100,60
08/10/2016,19:00:00,19,Oct-16,Winter-2016,28.72,28.92,28.69,86,26.17,0.31,,0.25,1.86,,28.72,35.33,35.33,,1006.4,0,0,0.39,,,,,,,,31.89,70,22.56,31.89,12.65,1.13,,1402,1,100,60
08/10/2016,20:00:00,20,Oct-16,Winter-2016,28.61,28.69,28.61,86.5,26.14,0.62,,0.5,4.35,,28.61,35.08,35.08,,1007.04,0,0,0.39,,,,,,,,31.89,70,22.56,31.89,12.65,1.13,,1402,1,100,60
08/10/2016,21:00:00,21,Oct-16,Winter-2016,28.36,28.5,28.36,87,25.97,0,,0,1.55,,28.36,34.42,34.42,,1007.81,0,0,0.38,,,,,,,,31.89,70,22.56,31.89,12.65,1.13,,1380,1,100,60
08/10/2016,22:00:00,22,Oct-16,Winter-2016,28.14,28.25,28.14,88.5,26.06,0,,0,0,,28.14,34.08,34.08,,1008.23,0,0,0.37,,,,,,,,31.89,70,22.56,31.89,12.65,1.13,,1355,1,98.45,60
08/10/2016,23:00:00,23,Oct-16,Winter-2016,27.81,27.97,27.81,90.5,26.11,0,,0,1.86,,27.81,33.58,33.58,,1008.21,0,0,0.36,,,,,,,,31.89,70,22.56,31.89,12.65,1.13,,1389,1,100,60
09/10/2016,00:00:00,24,Oct-16,Winter-2016,27.97,28,27.86,91,26.36,0.62,,0.5,1.86,,27.97,34.14,34.14,,1007.98,0,0,0.36,,,,,,,,31.89,70,22.56,31.89,12.65,1.13,,1397,1,100,60
09/10/2016,01:00:00,1,Oct-16,Winter-2016,27.72,27.86,27.72,92,26.28,0.31,,0.25,2.17,,27.72,33.61,33.61,,1007.23,0,0,0.35,,,,,,,,31.89,70,22.56,31.89,12.65,1.13,,1395,1,100,60
09/10/2016,02:00:00,2,Oct-16,Winter-2016,27.44,27.61,27.44,92.5,26.11,0.31,,0.25,1.86,,27.44,32.86,32.86,,1006.52,0,0,0.34,,,,,,,,32.06,71,22.78,32.06,12.91,1.13,,1399,1,100,60
09/10/2016,03:00:00,3,Oct-16,Winter-2016,27.03,27.22,27.03,93.5,25.89,0,,0,0,,27.03,31.86,31.86,,1006.37,0,0,0.33,,,,,,,,32.06,71,22.78,32.06,12.91,1.13,,1401,1,100,60
09/10/2016,04:00:00,4,Oct-16,Winter-2016,26.86,26.92,26.83,95,25.97,0,,0,0,,26.86,31.67,31.67,,1006.42,0,0,0.32,,,,,,,,32.06,71,22.78,32.06,12.91,1.13,,1403,1,100,60
09/10/2016,05:00:00,5,Oct-16,Winter-2016,26.75,26.86,26.75,95,25.86,0,,0,0,,26.75,31.39,31.39,,1006.23,0,0,0.32,,,,,,,,32.14,71,22.81,32.14,12.91,1.13,,1398,1,100,60
09/10/2016,06:00:00,6,Oct-16,Winter-2016,26.56,26.67,26.53,95.5,25.78,0,,0,0,,26.56,31,31,,1006.32,0,0,0.31,,,,,,,,32.06,71,22.78,32.06,12.91,1.13,,1335,1,96.5,60
09/10/2016,07:00:00,7,Oct-16,Winter-2016,27,27,26.56,96,26.33,0,,0,0.62,,27,32.25,32.25,,1006.96,0,0,0.33,,,,,,,,32.06,71,22.78,32.06,12.91,1.13,,1220,1,89.2,60
09/10/2016,08:00:00,8,Oct-16,Winter-2016,28.17,28.19,27.69,91,26.56,0,,0,1.55,,28.17,34.67,34.67,,1007.48,0,0,0.37,,,,,,,,32.06,71,22.78,32.06,12.91,1.13,,1024,1,74.85,60
09/10/2016,09:00:00,9,Oct-16,Winter-2016,30,30.19,28.53,83,26.78,0.62,,0.5,2.49,,30,38.19,38.19,,1008.03,0,0,0.44,,,,,,,,32.06,71,22.78,32.06,12.91,1.13,,1397,1,100,60
09/10/2016,10:00:00,10,Oct-16,Winter-2016,30.42,30.89,30.28,79.5,26.47,0.62,,0.5,3.11,,30.42,38.36,38.36,,1007.98,0,0,0.45,,,,,,,,30.36,64.5,20.69,30.36,11.63,1.14,,1390,1,100,60
09/10/2016,11:00:00,11,Oct-16,Winter-2016,29.97,30.92,29.06,81,26.33,1.24,,1,4.35,,29.97,37.44,37.44,,1007.65,0,0,0.44,,,,,,,,26.36,51.5,15.42,26.36,9.42,1.15,,1159,1,84.7,60
09/10/2016,12:00:00,12,Oct-16,Winter-2016,29.78,30.72,29.72,81.5,26.25,0.62,,0.5,3.42,,29.78,37.14,37.14,,1006.84,0,0,0.43,,,,,,,,25.58,48.5,13.97,25.58,8.94,1.16,,1076,1,78.7,60
09/10/2016,13:00:00,13,Oct-16,Winter-2016,30.11,30.14,29.14,82.5,26.81,0.62,,0.5,2.17,,30.11,38.17,38.17,,1005.45,0,0,0.44,,,,,,,,25.11,45.5,12.72,25.11,8.45,1.16,,1214,1,88.75,60
09/10/2016,14:00:00,14,Oct-16,Winter-2016,31.33,31.53,30.69,76.5,26.69,0.62,,0.5,2.8,,31.33,40.31,40.31,,1004.05,0,0,0.49,,,,,,,,25,45,12.47,25,8.4,1.16,,1380,1,100,60
09/10/2016,15:00:00,15,Oct-16,Winter-2016,32.69,32.86,32,69,26.28,1.24,,1,4.35,,32.69,42.11,42.11,,1003.1,0,0,0.54,,,,,,,,25.08,45,12.53,25.08,8.4,1.15,,1394,1,100,60
09/10/2016,16:00:00,16,Oct-16,Winter-2016,32.58,33.19,32.25,69.5,26.25,0.93,,0.75,3.42,,32.58,41.94,41.94,,1003.18,0,0,0.53,,,,,,,,24.86,44.5,12.19,24.86,8.31,1.16,,1393,1,100,60
09/10/2016,17:00:00,17,Oct-16,Winter-2016,30.25,31.36,30.25,79,26.19,1.24,,1,4.35,,30.25,37.64,37.64,,1003.66,0,0,0.45,,,,,,,,24.92,44.5,12.25,24.92,8.31,1.16,,1385,1,100,60
09/10/2016,18:00:00,18,Oct-16,Winter-2016,28.67,29.33,28.64,83.5,25.61,0.93,,0.75,3.73,,28.67,34.69,34.69,,1003.83,0,0,0.39,,,,,,,,26.42,48,14.53,26.42,8.81,1.15,,1348,1,98.25,60
09/10/2016,19:00:00,19,Oct-16,Winter-2016,28.67,28.69,28.56,85,25.89,0.31,,0.25,2.17,,28.67,34.94,34.94,,1004.57,0,0,0.39,,,,,,,,27.11,50.5,15.86,27.11,9.24,1.15,,1395,1,100,60
09/10/2016,20:00:00,20,Oct-16,Winter-2016,28.81,28.83,28.72,83,25.61,0.31,,0.25,1.55,,28.81,35.03,35.03,,1005.49,0,0,0.39,,,,,,,,27.61,52.5,16.69,27.61,9.53,1.14,,1389,1,100,60
09/10/2016,21:00:00,21,Oct-16,Winter-2016,28.56,28.72,28.53,86,25.97,0,,0,0,,28.56,34.81,34.81,,1005.84,0,0,0.38,,,,,,,,27.94,54,17.31,27.94,9.75,1.14,,1402,1,100,60
09/10/2016,22:00:00,22,Oct-16,Winter-2016,28.25,28.39,28.22,90,26.47,0,,0,1.86,,28.25,34.67,34.67,,1005.83,0,0,0.37,,,,,,,,28.28,55.5,17.86,28.28,9.95,1.14,,1402,1,100,60
09/10/2016,23:00:00,23,Oct-16,Winter-2016,28.36,28.36,28.25,89,26.36,0.62,,0.5,3.73,,28.36,34.81,34.81,,1005.62,0,0,0.38,,,,,,,,28.47,56.5,18.22,28.47,10.12,1.14,,1400,1,100,60
10/10/2016,00:00:00,24,Oct-16,Winter-2016,28.22,28.33,28.19,90.5,26.53,0.62,,0.5,3.73,,28.22,34.69,34.69,,1005.22,0,0,0.37,,,,,,,,28.78,58.5,18.86,28.78,10.45,1.14,,1403,1,100,60
10/10/2016,01:00:00,1,Oct-16,Winter-2016,27.94,28.08,27.92,91,26.33,0.62,,0.5,2.17,,27.94,34.06,34.06,,1005.18,0,0,0.36,,,,,,,,28.89,59,19.06,28.89,10.55,1.14,,1399,1,100,60
10/10/2016,02:00:00,2,Oct-16,Winter-2016,27.5,27.78,27.5,92,26.08,0,,0,1.24,,27.5,32.94,32.94,,1004.42,0,0,0.34,,,,,,,,29.06,60,19.33,29.06,10.75,1.14,,1405,1,100,60
10/10/2016,03:00:00,3,Oct-16,Winter-2016,26.97,27.22,26.94,93.5,25.83,0,,0,0.62,,26.97,31.72,31.72,,1003.9,0,0,0.32,,,,,,,,29.17,60,19.39,29.17,10.75,1.14,,1399,1,100,60
10/10/2016,04:00:00,4,Oct-16,Winter-2016,26.75,26.81,26.72,95,25.86,0,,0,0.62,,26.75,31.39,31.39,,1003.84,0,0,0.32,,,,,,,,29.28,60.5,19.56,29.28,10.85,1.14,,1404,1,100,60
10/10/2016,05:00:00,5,Oct-16,Winter-2016,26.81,26.81,26.69,95.5,26.03,0,,0,0,,26.81,31.61,31.61,,1004.06,0,0,0.32,,,,,,,,29.39,61,19.72,29.39,10.95,1.14,,1402,1,100,60
10/10/2016,06:00:00,6,Oct-16,Winter-2016,26.92,26.97,26.86,96,26.25,0,,0,0.31,,26.92,32,32,,1004.67,0,0,0.32,,,,,,,,29.42,61,19.75,29.42,10.95,1.14,,1399,1,100,60
10/10/2016,07:00:00,7,Oct-16,Winter-2016,27.19,27.19,26.97,97,26.69,0,,0,0.62,,27.19,32.94,32.94,,1005.3,0,0,0.33,,,,,,,,29.56,62,20.06,29.56,11.1,1.14,,1402,1,100,60
10/10/2016,08:00:00,8,Oct-16,Winter-2016,28.19,28.19,27.56,93,26.94,0.31,,0.25,2.17,,28.19,35.28,35.28,,1005.81,0,0,0.37,,,,,,,,29.72,62.5,20.22,29.72,11.2,1.14,,1402,1,100,60
10/10/2016,09:00:00,9,Oct-16,Winter-2016,30.19,30.19,29,84.5,27.28,0.62,,0.5,2.8,,30.19,39.14,39.14,,1006.23,0,0,0.45,,,,,,,,29.83,63,20.36,29.83,11.3,1.14,,1404,1,100,60
10/10/2016,10:00:00,10,Oct-16,Winter-2016,30.64,30.89,30.33,80,26.81,0.93,,0.75,4.97,,30.64,39.11,39.11,,1006.64,0,0,0.46,,,,,,,,27.08,54,16.56,27.08,9.76,1.15,,936,1,68.45,60
10/10/2016,11:00:00,11,Oct-16,Winter-2016,32.47,32.69,31.5,74,27.25,1.24,,1,4.66,,32.47,43.69,43.69,,1006.06,0,0,0.53,,,,,,,,25.39,48,13.69,25.39,8.85,1.16,,616,1,45.05,60
10/10/2016,12:00:00,12,Oct-16,Winter-2016,32.28,33.33,32.03,69.5,25.94,1.24,,1,4.35,,32.28,40.86,40.86,,1004.71,0,0,0.52,,,,,,,,24.92,45.5,12.56,24.92,8.46,1.16,,676,1,49.45,60
10/10/2016,13:00:00,13,Oct-16,Winter-2016,32.33,32.47,31.42,72,26.61,1.24,,1,3.11,,32.33,42.19,42.19,,1003.86,0,0,0.53,,,,,,,,24.64,44,11.83,24.64,8.21,1.16,,924,1,67.55,60
10/10/2016,14:00:00,14,Oct-16,Winter-2016,31.03,32.08,30.92,76,26.28,0.93,,0.75,4.97,,31.03,39.17,39.17,,1003.05,0,0,0.48,,,,,,,,24.53,43.5,11.56,24.53,8.14,1.16,,1237,1,90.45,60
10/10/2016,15:00:00,15,Oct-16,Winter-2016,30.25,30.33,30.11,78.5,26.08,0.93,,0.75,4.66,,30.25,37.58,37.58,,1002.49,0,0,0.45,,,,,,,,24.5,43.5,11.53,24.5,8.13,1.16,,866,1,63.3,60
10/10/2016,16:00:00,16,Oct-16,Winter-2016,29.75,30.14,29.75,80,25.92,1.24,,1,4.97,,29.75,36.5,36.5,,1002.9,0,0,0.43,,,,,,,,24.56,43.5,11.58,24.56,8.14,1.16,,1057,1,77.25,60
10/10/2016,17:00:00,17,Oct-16,Winter-2016,29.08,29.36,29.08,82.5,25.81,1.24,,1,4.66,,29.08,35.58,35.58,,1003.1,0,0,0.4,,,,,,,,25.36,50,14.19,25.36,9.2,1.15,,1196,1,87.45,60
10/10/2016,18:00:00,18,Oct-16,Winter-2016,28.44,28.81,28.44,83.5,25.39,0.93,,0.75,5.59,,28.44,34.03,34.03,,1003.78,0,0,0.38,,,,,,,,26.69,51.5,15.72,26.69,9.4,1.15,,1400,1,100,60
10/10/2016,19:00:00,19,Oct-16,Winter-2016,28.08,28.25,28.08,85,25.31,1.24,,1,6.21,,28.08,33.28,33.28,,1004.35,0,0,0.37,,,,,,,,27.25,53.5,16.67,27.25,9.7,1.14,,1401,1,100,60
10/10/2016,20:00:00,20,Oct-16,Winter-2016,27.97,28.03,27.86,86.5,25.5,0.93,,0.75,5.28,,27.97,33.25,33.25,,1005.5,0,0,0.36,,,,,,,,27.64,55,17.31,27.64,9.85,1.14,,1399,1,100,60
10/10/2016,21:00:00,21,Oct-16,Winter-2016,28,28.06,28,86.5,25.53,1.24,,1,5.59,,28,33.33,33.33,,1006.2,0,0,0.36,,,,,,,,27.97,56.5,17.89,27.97,10.11,1.14,,1398,1,100,60
10/10/2016,22:00:00,22,Oct-16,Winter-2016,27.86,27.97,27.86,87.5,25.58,0.62,,0.5,4.97,,27.86,33.14,33.14,,1006.13,0,0,0.36,,,,,,,,28.25,57.5,18.28,28.25,10.27,1.14,,1400,1,100,60
10/10/2016,23:00:00,23,Oct-16,Winter-2016,27.81,27.83,27.78,89,25.81,0.62,,0.5,2.49,,27.81,33.28,33.28,,1006.5,0,0,0.36,,,,,,,,28.42,58.5,18.61,28.42,10.45,1.14,,1401,1,100,60
11/10/2016,00:00:00,24,Oct-16,Winter-2016,27.61,27.78,27.61,86,25.06,1.24,,1,5.59,,27.61,32.19,32.19,,1006.16,0,0,0.35,,,,,,,,28.61,59,18.86,28.61,10.55,1.14,,1404,1,100,60
11/10/2016,01:00:00,1,Oct-16,Winter-2016,26.75,27.22,26.75,86.5,24.31,1.24,,1,7.46,,26.75,30.19,30.19,,1005.5,0,0,0.32,,,,,,,,28.78,60.5,19.28,28.78,10.85,1.14,,1401,1,100,60
11/10/2016,02:00:00,2,Oct-16,Winter-2016,26.36,26.5,26.36,88,24.19,1.24,,1,4.97,,26.36,29.56,29.56,,1004.67,0,0,0.3,,,,,,,,28.94,61,19.44,28.94,10.95,1.14,,1405,1,100,60
11/10/2016,03:00:00,3,Oct-16,Winter-2016,26.03,26.17,26,87.5,23.78,0.62,,0.5,3.73,,26.03,28.83,28.83,,1004.17,0,0,0.29,,,,,,,,28.97,61,19.47,28.97,10.95,1.14,,1402,1,100,60
11/10/2016,04:00:00,4,Oct-16,Winter-2016,26.03,26.03,25.94,88.5,23.97,0.62,,0.5,2.8,,26.03,28.94,28.94,,1003.39,0,0,0.29,,,,,,,,29.11,62,19.78,29.11,11.11,1.14,,1401,1,100,60
11/10/2016,05:00:00,5,Oct-16,Winter-2016,26.06,26.14,26.06,88,23.89,0.62,,0.5,2.49,,26.06,28.94,28.94,,1003.57,0,0,0.29,,,,,,,,29.17,62,19.81,29.17,11.11,1.14,,1403,1,100,60
11/10/2016,06:00:00,6,Oct-16,Winter-2016,26.11,26.11,26.06,88.5,24.06,0.62,,0.5,3.11,,26.11,29.11,29.11,,1004.52,0,0,0.29,,,,,,,,29.22,62,19.83,29.22,11.11,1.14,,1402,1,100,60
11/10/2016,07:00:00,7,Oct-16,Winter-2016,26.33,26.33,26.22,89.5,24.47,0.62,,0.5,4.35,,26.33,29.69,29.69,,1005.59,0,0,0.3,,,,,,,,29.44,63,20.17,29.44,11.31,1.14,,1403,1,100,60
11/10/2016,08:00:00,8,Oct-16,Winter-2016,26.17,26.33,26.14,92,24.78,0.62,,0.5,2.8,,26.17,29.67,29.67,,1006.28,0,0,0.29,,,,,,,,29.44,63,20.17,29.44,11.31,1.14,,1394,1,100,60
11/10/2016,09:00:00,9,Oct-16,Winter-2016,27.03,27.03,26.36,90.5,25.33,0.62,,0.5,3.42,,27.03,31.44,31.44,,1006.62,0,0,0.33,,,,,,,,29.56,63.5,20.31,29.56,11.41,1.14,,1396,1,100,60
11/10/2016,10:00:00,10,Oct-16,Winter-2016,28.31,28.53,27.86,84.5,25.44,1.24,,1,4.97,,28.31,33.81,33.81,,1006.74,0,0,0.37,,,,,,,,29.67,64,20.47,29.67,11.51,1.14,,1402,1,100,60
11/10/2016,11:00:00,11,Oct-16,Winter-2016,28.36,28.5,28.31,83,25.19,1.24,,1,4.66,,28.36,33.69,33.69,,1006.28,0,0,0.38,,,,,,,,29.78,64.5,20.64,29.78,11.6,1.14,,1403,1,100,60
11/10/2016,12:00:00,12,Oct-16,Winter-2016,28.92,29.06,28.53,81.5,25.42,1.24,,1,4.04,,28.92,35,35,,1005.27,0,0,0.4,,,,,,,,29.83,65,20.78,29.83,11.7,1.14,,1398,1,100,60
11/10/2016,13:00:00,13,Oct-16,Winter-2016,29.17,29.28,28.89,80,25.36,0.93,,0.75,4.97,,29.17,35.25,35.25,,1004.28,0,0,0.41,,,,,,,,29.94,65,20.78,29.94,11.7,1.13,,1403,1,100,60
11/10/2016,14:00:00,14,Oct-16,Winter-2016,29.47,29.81,29.19,80,25.64,1.24,,1,6.84,,29.47,35.86,35.86,,1003.42,0,0,0.42,,,,,,,,29.94,65,20.78,29.94,11.7,1.13,,1399,1,100,60
11/10/2016,15:00:00,15,Oct-16,Winter-2016,29,29.42,28.97,79.5,25.08,1.55,,1.25,7.46,,29,34.72,34.72,,1002.76,0,0,0.4,,,,,,,,30.17,66,21.11,30.17,11.9,1.13,,1402,1,100,60
11/10/2016,16:00:00,16,Oct-16,Winter-2016,27.86,28.33,27.83,84.5,25,1.55,,1.25,5.28,,27.86,32.58,32.58,,1002.46,0,0,0.36,,,,,,,,30.17,66,21.11,30.17,11.9,1.13,,1401,1,100,60
11/10/2016,17:00:00,17,Oct-16,Winter-2016,27.56,27.75,27.56,84,24.61,1.24,,1,5.59,,27.56,31.69,31.69,,1003.1,0,0,0.35,,,,,,,,30.31,66.5,21.25,30.31,12,1.13,,1405,1,100,60
11/10/2016,18:00:00,18,Oct-16,Winter-2016,27.14,27.36,27.06,86,24.58,1.55,,1.25,6.21,,27.14,30.97,30.97,,1003.81,0,0,0.33,,,,,,,,30.33,67,21.33,30.33,12.1,1.13,,1400,1,100,60
11/10/2016,19:00:00,19,Oct-16,Winter-2016,26.61,27.11,26.61,86.5,24.17,1.55,,1.25,6.52,,26.61,29.89,29.89,,1004.32,0,0,0.31,,,,,,,,30.33,67,21.33,30.33,12.1,1.13,,1403,1,100,60
11/10/2016,20:00:00,20,Oct-16,Winter-2016,25.89,26.17,25.89,90,24.14,1.55,,1.25,6.21,,25.89,28.83,28.83,,1005.05,0,0,0.28,,,,,,,,30.44,68,21.61,30.44,12.3,1.13,,1393,1,100,60
11/10/2016,21:00:00,21,Oct-16,Winter-2016,25,25.39,24.92,92,23.61,1.24,,1,6.21,,25,27.36,27.36,,1005.5,0,0,0.25,,,,,,,,30.5,68,21.64,30.5,12.3,1.13,,1396,1,100,60
11/10/2016,22:00:00,22,Oct-16,Winter-2016,25.31,25.31,25.11,91,23.75,1.24,,1,4.35,,25.31,27.83,27.83,,1005.47,0,0,0.26,,,,,,,,30.5,68,21.64,30.5,12.3,1.13,,1399,1,100,60
11/10/2016,23:00:00,23,Oct-16,Winter-2016,25.25,25.47,25.22,93,24.03,0.93,,0.75,3.11,,25.25,27.86,27.86,,1005.25,0.09,0,0.26,,,,,,,,30.44,68,21.61,30.44,12.3,1.13,,1400,1,100,60
12/10/2016,00:00:00,24,Oct-16,Winter-2016,25.31,25.33,25.22,93,24.08,0.62,,0.5,3.42,,25.31,27.94,27.94,,1004.89,0,0,0.26,,,,,,,,30.5,68,21.64,30.5,12.3,1.13,,1398,1,100,60
12/10/2016,01:00:00,1,Oct-16,Winter-2016,25.11,25.28,25.11,94.5,24.17,0.62,,0.5,3.73,,25.11,27.69,27.69,,1004.3,0.07,0,0.25,,,,,,,,30.44,68,21.61,30.44,12.3,1.13,,1399,1,100,60
12/10/2016,02:00:00,2,Oct-16,Winter-2016,25.14,25.14,25.08,94.5,24.19,0.62,,0.5,2.8,,25.14,27.75,27.75,,1003.59,0,0,0.26,,,,,,,,30.5,68,21.64,30.5,12.3,1.13,,1401,1,100,60
12/10/2016,03:00:00,3,Oct-16,Winter-2016,25.11,25.25,25.08,94,24.06,0.31,,0.25,3.42,,25.11,27.67,27.67,,1003.25,0,0,0.25,,,,,,,,30.5,68,21.64,30.5,12.3,1.13,,1402,1,100,60
12/10/2016,04:00:00,4,Oct-16,Winter-2016,24.64,24.83,24.61,93,23.42,0.62,,0.5,3.42,,24.64,26.86,26.86,,1002.9,0,0,0.24,,,,,,,,30.44,68,21.61,30.44,12.3,1.13,,1405,1,100,60
12/10/2016,05:00:00,5,Oct-16,Winter-2016,24.5,24.56,24.47,93,23.28,0,,0,1.86,,24.5,26.61,26.61,,1002.83,0,0,0.23,,,,,,,,30.44,68,21.61,30.44,12.3,1.13,,1404,1,100,60
12/10/2016,06:00:00,6,Oct-16,Winter-2016,24.44,24.47,24.42,93,23.22,0,,0,0.62,,24.44,26.56,26.56,,1003.42,0,0,0.23,,,,,,,,30.44,68,21.61,30.44,12.3,1.13,,1401,1,100,60
12/10/2016,07:00:00,7,Oct-16,Winter-2016,24.64,24.67,24.5,94.5,23.69,0,,0,0,,24.64,26.94,26.94,,1004.23,0,0,0.24,,,,,,,,30.44,68,21.61,30.44,12.3,1.13,,1401,1,100,60
12/10/2016,08:00:00,8,Oct-16,Winter-2016,25.58,25.58,25.03,91.5,24.11,0.31,,0.25,2.17,,25.58,28.39,28.39,,1004.81,0,0,0.27,,,,,,,,30.39,68,21.58,30.39,12.3,1.13,,1401,1,100,60
12/10/2016,09:00:00,9,Oct-16,Winter-2016,26.22,26.22,25.86,91.5,24.75,0.62,,0.5,2.49,,26.22,29.72,29.72,,1005.28,0,0,0.3,,,,,,,,30.39,68,21.58,30.39,12.3,1.13,,1403,1,100,60
12/10/2016,10:00:00,10,Oct-16,Winter-2016,27.53,27.64,26.92,89.5,25.64,0.93,,0.75,4.66,,27.53,32.56,32.56,,1005.1,0,0,0.35,,,,,,,,30.33,68,21.56,30.33,12.3,1.13,,1401,1,100,60
12/10/2016,11:00:00,11,Oct-16,Winter-2016,27.44,27.86,27.31,89.5,25.56,0.93,,0.75,3.73,,27.44,32.33,32.33,,1005,0.11,0,0.34,,,,,,,,30.44,68,21.61,30.44,12.3,1.13,,1398,1,100,60
12/10/2016,12:00:00,12,Oct-16,Winter-2016,28.72,28.89,27.81,86.5,26.25,0.93,,0.75,4.35,,28.72,35.36,35.36,,1004.47,0,0,0.39,,,,,,,,30.44,68,21.61,30.44,12.3,1.13,,1400,1,100,60
12/10/2016,13:00:00,13,Oct-16,Winter-2016,29.25,29.75,28.97,83.5,26.17,1.86,,1.5,5.59,,29.25,36.14,36.14,,1004.06,0,0,0.41,,,,,,,,30.61,69,21.83,30.61,12.45,1.13,,1340,1,97.95,60
12/10/2016,14:00:00,14,Oct-16,Winter-2016,30.22,30.42,29.42,77,25.75,1.86,,1.5,6.21,,30.22,37.11,37.11,,1003.46,0,0,0.45,,,,,,,,30.72,69,21.89,30.72,12.45,1.13,,1402,1,100,60
12/10/2016,15:00:00,15,Oct-16,Winter-2016,30.75,30.89,30.47,72.5,25.25,1.86,,1.5,5.28,,30.75,37.28,37.28,,1002.98,0,0,0.47,,,,,,,,30.72,69,21.89,30.72,12.45,1.13,,1389,1,100,60
12/10/2016,16:00:00,16,Oct-16,Winter-2016,30.89,31.17,30.56,73,25.5,1.55,,1.25,5.59,,30.89,37.64,37.64,,1003.18,0,0,0.47,,,,,,,,30.72,69,21.89,30.72,12.45,1.13,,1401,1,100,60
12/10/2016,17:00:00,17,Oct-16,Winter-2016,30.42,30.83,30.42,76.5,25.81,0.93,,0.75,2.8,,30.42,37.5,37.5,,1003.57,0,0,0.45,,,,,,,,30.78,69,21.92,30.78,12.45,1.13,,1402,1,100,60
12/10/2016,18:00:00,18,Oct-16,Winter-2016,28.97,29.72,28.94,82,25.56,0,,0,1.86,,28.97,35.11,35.11,,1003.93,0,0,0.4,,,,,,,,30.72,69,21.89,30.72,12.45,1.13,,1400,1,100,60
12/10/2016,19:00:00,19,Oct-16,Winter-2016,28.08,28.47,28.08,87.5,25.81,0,,0,0.93,,28.08,33.75,33.75,,1004.81,0,0,0.37,,,,,,,,30.72,69,21.89,30.72,12.45,1.13,,1402,1,100,60
12/10/2016,20:00:00,20,Oct-16,Winter-2016,27.53,27.86,27.53,86.5,25.08,0,,0,0.62,,27.53,32.03,32.03,,1005.86,0,0,0.35,,,,,,,,30.72,69,21.89,30.72,12.45,1.13,,1400,1,100,60
12/10/2016,21:00:00,21,Oct-16,Winter-2016,26.78,27.22,26.78,87,24.42,0,,0,1.55,,26.78,30.31,30.31,,1006.69,0,0,0.32,,,,,,,,30.72,69,21.89,30.72,12.45,1.13,,1404,1,100,60
12/10/2016,22:00:00,22,Oct-16,Winter-2016,27.03,27.03,26.78,89,25.08,0,,0,1.86,,27.03,31.14,31.14,,1006.96,0,0,0.33,,,,,,,,30.72,69,21.89,30.72,12.45,1.13,,1403,1,100,60
12/10/2016,23:00:00,23,Oct-16,Winter-2016,26.61,27.08,26.61,93.5,25.47,0.31,,0.25,1.86,,26.61,30.83,30.83,,1007.04,3.43,0,0.31,,,,,,,,30.72,69,21.89,30.72,12.45,1.13,,1401,1,100,60
13/10/2016,00:00:00,24,Oct-16,Winter-2016,25.89,26.25,25.89,94,24.83,0,,0,1.24,,25.89,29.25,29.25,,1006.82,0,0,0.28,,,,,,,,30.89,70,22.11,30.89,12.69,1.13,,1400,1,100,60
13/10/2016,01:00:00,1,Oct-16,Winter-2016,25.25,25.5,25.22,94.5,24.31,0,,0,2.49,,25.25,27.94,27.94,,1006.3,0,0,0.26,,,,,,,,30.89,70,22.11,30.89,12.69,1.13,,1400,1,100,60
13/10/2016,02:00:00,2,Oct-16,Winter-2016,24.97,25.14,24.94,93.5,23.83,0,,0,0.62,,24.97,27.39,27.39,,1006.1,0,0,0.25,,,,,,,,30.89,70,22.11,30.89,12.69,1.13,,1402,1,100,60
13/10/2016,03:00:00,3,Oct-16,Winter-2016,25.06,25.06,24.94,94.5,24.11,0,,0,0,,25.06,27.58,27.58,,1006.08,0,0,0.25,,,,,,,,30.89,70,22.11,30.89,12.69,1.13,,1400,1,100,60
13/10/2016,04:00:00,4,Oct-16,Winter-2016,24.89,25.06,24.89,94.5,23.94,0,,0,0,,24.89,27.31,27.31,,1006.25,0,0,0.25,,,,,,,,30.89,70,22.11,30.89,12.69,1.13,,1402,1,100,60
13/10/2016,05:00:00,5,Oct-16,Winter-2016,24.47,24.67,24.47,95,23.64,0,,0,0.31,,24.47,26.72,26.72,,1006.66,0,0,0.23,,,,,,,,30.89,70,22.11,30.89,12.69,1.13,,1403,1,100,60
13/10/2016,06:00:00,6,Oct-16,Winter-2016,24.28,24.36,24.22,96,23.61,0,,0,0.31,,24.28,26.5,26.5,,1007.42,0,0,0.22,,,,,,,,30.89,70,22.11,30.89,12.69,1.13,,1402,1,100,60
13/10/2016,07:00:00,7,Oct-16,Winter-2016,24.47,24.47,24.25,96.5,23.89,0,,0,0.31,,24.47,26.81,26.81,,1008.42,0,0,0.23,,,,,,,,30.78,70,22.06,30.78,12.7,1.14,,1398,1,100,60
13/10/2016,08:00:00,8,Oct-16,Winter-2016,27.25,27.28,25.53,84,24.28,0,,0,0.31,,27.25,31.14,31.14,,1009.36,0,0,0.33,,,,,,,,30.83,70,22.08,30.83,12.7,1.14,,1403,1,100,60
13/10/2016,09:00:00,9,Oct-16,Winter-2016,28.81,28.94,28.31,82,25.44,0.62,,0.5,2.17,,28.81,34.75,34.75,,1009.84,0,0,0.39,,,,,,,,30.89,70,22.11,30.89,12.69,1.14,,1400,1,100,60
13/10/2016,10:00:00,10,Oct-16,Winter-2016,29.39,29.81,29.22,81.5,25.89,0.62,,0.5,2.8,,29.39,36,36,,1010.01,0,0,0.42,,,,,,,,28.75,62.5,19.47,28.75,11.23,1.15,,1374,1,99.8,60
13/10/2016,11:00:00,11,Oct-16,Winter-2016,30.78,30.97,29.92,73,25.33,0.62,,0.5,3.11,,30.78,37.39,37.39,,1009.57,0,0,0.47,,,,,,,,26.22,53.5,15.78,26.22,9.71,1.16,,1284,1,93.9,60
13/10/2016,12:00:00,12,Oct-16,Winter-2016,31.97,32.11,31.11,63.5,24.17,0.93,,0.75,3.73,,31.97,37.97,37.97,,1008.64,0,0,0.51,,,,,,,,25.31,48.5,13.75,25.31,8.95,1.16,,1362,1,99.25,60
13/10/2016,13:00:00,13,Oct-16,Winter-2016,32.14,32.58,31.53,64.5,24.58,0.62,,0.5,3.11,,32.14,38.81,38.81,,1007.55,0,0,0.52,,,,,,,,24.83,46,12.61,24.83,8.51,1.16,,1352,1,98.3,60
13/10/2016,14:00:00,14,Oct-16,Winter-2016,32.19,32.53,31.89,66,25.06,0.93,,0.75,2.8,,32.19,39.56,39.56,,1006.69,0,0,0.52,,,,,,,,24.56,44.5,11.92,24.56,8.32,1.16,,1361,1,99.4,60
13/10/2016,15:00:00,15,Oct-16,Winter-2016,32.11,32.33,32.08,66.5,25.08,0.31,,0.25,2.49,,32.11,39.47,39.47,,1005.98,0,0,0.52,,,,,,,,24.44,44.5,11.81,24.44,8.32,1.16,,938,1,68.55,60
13/10/2016,16:00:00,16,Oct-16,Winter-2016,30.39,32.19,30.36,73.5,25.08,0.62,,0.5,3.73,,30.39,37.03,37.03,,1006.03,0.2,0,0.45,,,,,,,,24.25,43.5,11.33,24.25,8.14,1.16,,1089,1,79.65,60
13/10/2016,17:00:00,17,Oct-16,Winter-2016,26.5,27.78,26.44,88,24.33,0.31,,0.25,1.24,,26.5,29.83,29.83,,1006.03,1.79,0,0.31,,,,,,,,24.64,44,11.83,24.64,8.23,1.16,,1029,1,75.25,60
13/10/2016,18:00:00,18,Oct-16,Winter-2016,26.44,26.75,26.19,94,25.39,0,,0,0.62,,26.44,30.53,30.53,,1006.5,0,0,0.3,,,,,,,,26.08,46.5,13.83,26.08,8.57,1.15,,1400,1,100,60
13/10/2016,19:00:00,19,Oct-16,Winter-2016,26.92,26.94,26.44,94.5,25.94,0,,0,1.24,,26.92,31.75,31.75,,1007.2,0,0,0.32,,,,,,,,26.67,48.5,14.94,26.67,8.9,1.15,,1402,1,100,60
13/10/2016,20:00:00,20,Oct-16,Winter-2016,27.19,27.28,27.08,93,25.97,0,,0,1.24,,27.19,32.22,32.22,,1007.98,0,0,0.33,,,,,,,,27.14,51.5,16.08,27.14,9.39,1.15,,1403,1,100,60
13/10/2016,21:00:00,21,Oct-16,Winter-2016,26.89,27,26.81,93.5,25.75,0,,0,0.31,,26.89,31.5,31.5,,1008.89,0,0,0.32,,,,,,,,27.44,53.5,16.83,27.44,9.7,1.15,,1401,1,100,60
13/10/2016,22:00:00,22,Oct-16,Winter-2016,26.5,26.81,26.47,94,25.44,0,,0,0.31,,26.5,30.64,30.64,,1009.18,0,0,0.31,,,,,,,,27.64,54.5,17.22,27.64,9.8,1.15,,1403,1,100,60
13/10/2016,23:00:00,23,Oct-16,Winter-2016,25.97,26.22,25.97,94.5,25,0,,0,0,,25.97,29.5,29.5,,1009.09,0,0,0.29,,,,,,,,27.86,56,17.69,27.86,10.05,1.15,,1405,1,100,60
14/10/2016,00:00:00,24,Oct-16,Winter-2016,25.75,25.89,25.75,95,24.86,0,,0,0,,25.75,29.03,29.03,,1008.99,0,0,0.28,,,,,,,,28.06,57,18.06,28.06,10.17,1.15,,1401,1,100,60
14/10/2016,01:00:00,1,Oct-16,Winter-2016,25.47,25.61,25.47,95.5,24.72,0,,0,0,,25.47,28.44,28.44,,1008.55,0,0,0.27,,,,,,,,28.19,57.5,18.25,28.19,10.27,1.15,,1396,1,100,60
14/10/2016,02:00:00,2,Oct-16,Winter-2016,25.39,25.47,25.31,96.5,24.81,0,,0,0,,25.39,28.39,28.39,,1008.15,0,0,0.26,,,,,,,,28.31,58.5,18.56,28.31,10.45,1.14,,1404,1,100,60
14/10/2016,03:00:00,3,Oct-16,Winter-2016,25.22,25.36,25.14,97,24.72,0,,0,0,,25.22,28.11,28.11,,1007.79,0,0,0.26,,,,,,,,28.44,59.5,18.86,28.44,10.65,1.14,,1402,1,100,60
14/10/2016,04:00:00,4,Oct-16,Winter-2016,25.47,25.5,25.33,97,24.97,0,,0,0,,25.47,28.61,28.61,,1007.69,0,0,0.27,,,,,,,,28.56,60,19.06,28.56,10.75,1.14,,1402,1,100,60
14/10/2016,05:00:00,5,Oct-16,Winter-2016,25.5,25.56,25.47,97,25,0,,0,0.93,,25.5,28.67,28.67,,1007.98,0,0,0.27,,,,,,,,28.67,61,19.33,28.67,10.95,1.14,,1400,1,100,60
14/10/2016,06:00:00,6,Oct-16,Winter-2016,25.31,25.39,25.25,97,24.81,0,,0,1.24,,25.31,28.28,28.28,,1008.5,0,0,0.26,,,,,,,,28.83,61.5,19.47,28.83,11.04,1.14,,1398,1,100,60
14/10/2016,07:00:00,7,Oct-16,Winter-2016,25.53,25.53,25.33,96.5,24.94,0,,0,2.8,,25.53,28.69,28.69,,1009.35,0,0,0.27,,,,,,,,28.89,62,19.61,28.89,11.12,1.14,,1403,1,100,60
14/10/2016,08:00:00,8,Oct-16,Winter-2016,26.5,26.5,25.92,93,25.28,0.62,,0.5,2.17,,26.5,30.5,30.5,,1009.94,0,0,0.31,,,,,,,,28.94,62,19.67,28.94,11.12,1.14,,1400,1,100,60
14/10/2016,09:00:00,9,Oct-16,Winter-2016,28.44,28.44,27.33,86,25.89,0.62,,0.5,3.73,,28.44,34.53,34.53,,1010.45,0,0,0.38,,,,,,,,29.06,63,19.94,29.06,11.32,1.14,,1397,1,100,60
14/10/2016,10:00:00,10,Oct-16,Winter-2016,29.44,29.56,29,79,25.42,1.24,,1,5.28,,29.44,35.64,35.64,,1010.67,0,0,0.42,,,,,,,,29.22,63.5,20.11,29.22,11.41,1.14,,1393,1,100,60
14/10/2016,11:00:00,11,Oct-16,Winter-2016,30.64,30.89,30.03,69,24.28,1.24,,1,4.04,,30.64,36.25,36.25,,1010.04,0,0,0.46,,,,,,,,29.33,64,20.28,29.33,11.51,1.14,,1388,1,100,60
14/10/2016,12:00:00,12,Oct-16,Winter-2016,31.44,31.47,30.75,61.5,23.14,1.24,,1,6.21,,31.44,36.11,36.11,,1009.21,0,0,0.49,,,,,,,,29.33,64,20.28,29.33,11.51,1.14,,1383,1,100,60
14/10/2016,13:00:00,13,Oct-16,Winter-2016,31.78,31.94,31.42,63,23.86,1.24,,1,5.28,,31.78,37.44,37.44,,1008.16,0,0,0.5,,,,,,,,29.39,64,20.31,29.39,11.51,1.14,,1399,1,100,60
14/10/2016,14:00:00,14,Oct-16,Winter-2016,32,32.28,31.81,64.5,24.44,1.24,,1,3.73,,32,38.47,38.47,,1007.23,0,0,0.51,,,,,,,,29.5,64.5,20.47,29.5,11.61,1.14,,1393,1,100,60
14/10/2016,15:00:00,15,Oct-16,Winter-2016,31.81,32.33,31.44,65,24.42,0.93,,0.75,3.42,,31.81,38.06,38.06,,1006.54,0,0,0.51,,,,,,,,29.61,65,20.64,29.61,11.71,1.14,,1401,1,100,60
14/10/2016,16:00:00,16,Oct-16,Winter-2016,31.61,31.94,31.28,66,24.47,0.62,,0.5,2.8,,31.61,37.72,37.72,,1006.25,0,0,0.5,,,,,,,,29.67,65,20.67,29.67,11.71,1.14,,1400,1,100,60
14/10/2016,17:00:00,17,Oct-16,Winter-2016,30.75,31.5,30.75,68,24.17,0.93,,0.75,3.11,,30.75,36.19,36.19,,1006.47,0,0,0.47,,,,,,,,29.67,65,20.67,29.67,11.71,1.14,,1400,1,100,60
14/10/2016,18:00:00,18,Oct-16,Winter-2016,29.89,30.25,29.89,68,23.33,0.62,,0.5,2.49,,29.89,34.5,34.5,,1006.89,0,0,0.43,,,,,,,,29.72,65,20.72,29.72,11.71,1.14,,1398,1,100,60
14/10/2016,19:00:00,19,Oct-16,Winter-2016,29.22,29.56,29.19,69.5,23.08,0.62,,0.5,2.17,,29.22,33.31,33.31,,1007.4,0,0,0.41,,,,,,,,29.72,65,20.72,29.72,11.71,1.14,,1402,1,100,60
14/10/2016,20:00:00,20,Oct-16,Winter-2016,28.61,28.92,28.44,70,22.58,0,,0,1.55,,28.61,32.03,32.03,,1008.28,0,0,0.39,,,,,,,,29.78,65,20.75,29.78,11.71,1.14,,1400,1,100,60
14/10/2016,21:00:00,21,Oct-16,Winter-2016,28.61,28.75,28.58,71,22.83,0,,0,1.24,,28.61,32.22,32.22,,1009.06,0,0,0.39,,,,,,,,29.83,65,20.78,29.83,11.7,1.14,,1404,1,100,60
14/10/2016,22:00:00,22,Oct-16,Winter-2016,28.11,28.53,28.11,73,22.81,0,,0,1.86,,28.11,31.31,31.31,,1009.21,0,0,0.37,,,,,,,,29.83,65,20.78,29.83,11.7,1.14,,1401,1,100,60
14/10/2016,23:00:00,23,Oct-16,Winter-2016,27.53,27.67,27.39,76,22.92,0,,0,0,,27.53,30.44,30.44,,1009.33,0,0,0.35,,,,,,,,29.83,65,20.78,29.83,11.7,1.14,,1402,1,100,60
15/10/2016,00:00:00,24,Oct-16,Winter-2016,27,27.36,26.81,82.5,23.78,0.31,,0.25,1.24,,27,30.19,30.19,,1009.2,0,0,0.33,,,,,,,,29.89,65,20.78,29.89,11.7,1.14,,1404,1,100,60
15/10/2016,01:00:00,1,Oct-16,Winter-2016,26.5,26.94,26.5,78,22.33,0,,0,0.62,,26.5,28.69,28.69,,1008.94,0,0,0.31,,,,,,,,29.94,65,20.78,29.94,11.7,1.14,,1399,1,100,60
15/10/2016,02:00:00,2,Oct-16,Winter-2016,26.19,26.31,26.11,77.5,21.94,0,,0,1.24,,26.19,28.11,28.11,,1008.6,0,0,0.3,,,,,,,,29.94,65,20.78,29.94,11.7,1.14,,1398,1,100,60
15/10/2016,03:00:00,3,Oct-16,Winter-2016,26.22,26.28,26,78,22.08,0.31,,0.25,2.17,,26.22,28.22,28.22,,1008.26,0,0,0.3,,,,,,,,29.94,65,20.78,29.94,11.7,1.14,,1403,1,100,60
15/10/2016,04:00:00,4,Oct-16,Winter-2016,25.69,26.14,25.67,84.5,22.89,0,,0,0.93,,25.69,28,28,,1008.26,0,0,0.28,,,,,,,,29.94,65,20.78,29.94,11.7,1.14,,1405,1,100,60
15/10/2016,05:00:00,5,Oct-16,Winter-2016,25.33,25.44,25.25,84.5,22.53,0,,0,0.93,,25.33,27.47,27.47,,1008.59,0,0,0.26,,,,,,,,30.11,66,21.08,30.11,11.9,1.14,,1403,1,100,60
15/10/2016,06:00:00,6,Oct-16,Winter-2016,25.17,25.33,25.14,85,22.47,0,,0,0.62,,25.17,27.22,27.22,,1009.14,0,0,0.26,,,,,,,,30.11,66,21.08,30.11,11.9,1.14,,1402,1,100,60
15/10/2016,07:00:00,7,Oct-16,Winter-2016,25.42,25.44,25.03,87,23.11,0,,0,0.93,,25.42,27.75,27.75,,1009.82,0,0,0.27,,,,,,,,30.17,66,21.11,30.17,11.9,1.14,,1401,1,100,60
15/10/2016,08:00:00,8,Oct-16,Winter-2016,27.72,27.72,26.5,78.5,23.61,0.62,,0.5,2.49,,27.72,31.31,31.31,,1010.28,0,0,0.35,,,,,,,,30.17,66,21.11,30.17,11.9,1.14,,1402,1,100,60
15/10/2016,09:00:00,9,Oct-16,Winter-2016,29.17,29.19,28.53,71,23.36,0.93,,0.75,4.66,,29.17,33.47,33.47,,1010.62,0,0,0.41,,,,,,,,30.17,66,21.11,30.17,11.9,1.14,,1404,1,100,60
15/10/2016,10:00:00,10,Oct-16,Winter-2016,30.69,30.75,29.81,64.5,23.22,1.24,,1,4.35,,30.69,35.25,35.25,,1010.72,0,0,0.46,,,,,,,,30.22,66,21.14,30.22,11.9,1.14,,1401,1,100,60
15/10/2016,11:00:00,11,Oct-16,Winter-2016,31.78,31.81,31.22,60,23.06,1.24,,1,4.35,,31.78,36.58,36.58,,1010.13,0,0,0.5,,,,,,,,30.28,66,21.17,30.28,11.9,1.14,,1403,1,100,60
15/10/2016,12:00:00,12,Oct-16,Winter-2016,32.42,32.75,31.81,59,23.39,0.93,,0.75,3.42,,32.42,37.94,37.94,,1009.2,0,0,0.53,,,,,,,,30.28,66,21.17,30.28,11.9,1.14,,1404,1,100,60
15/10/2016,13:00:00,13,Oct-16,Winter-2016,32.28,33,32.17,63.5,24.47,0.62,,0.5,4.04,,32.28,38.97,38.97,,1008.3,0,0,0.52,,,,,,,,30.39,66,21.22,30.39,11.9,1.14,,1397,1,100,60
15/10/2016,14:00:00,14,Oct-16,Winter-2016,32.33,32.94,31.94,63,24.36,0.62,,0.5,2.8,,32.33,38.86,38.86,,1007.4,0,0,0.53,,,,,,,,30.39,66,21.22,30.39,11.9,1.14,,1400,1,100,60
15/10/2016,15:00:00,15,Oct-16,Winter-2016,32.11,32.61,31.97,64,24.44,0.62,,0.5,2.49,,32.11,38.64,38.64,,1006.6,0,0,0.52,,,,,,,,30.42,66,21.25,30.42,11.9,1.13,,1380,1,100,60
15/10/2016,16:00:00,16,Oct-16,Winter-2016,31.75,31.97,31.61,66,24.61,1.55,,1.25,5.28,,31.75,38.17,38.17,,1006.23,0,0,0.5,,,,,,,,30.53,66.5,21.39,30.53,11.99,1.13,,1401,1,100,60
15/10/2016,17:00:00,17,Oct-16,Winter-2016,31.17,31.56,31.17,66,24.06,1.86,,1.5,6.21,,31.17,36.56,36.56,,1006.3,0,0,0.48,,,,,,,,30.61,67,21.5,30.61,12.09,1.13,,1402,1,100,60
15/10/2016,18:00:00,18,Oct-16,Winter-2016,30.33,30.69,30.31,64.5,22.89,1.24,,1,4.66,,30.33,34.72,34.72,,1006.59,0,0,0.45,,,,,,,,30.67,67,21.53,30.67,12.09,1.13,,1400,1,100,60
15/10/2016,19:00:00,19,Oct-16,Winter-2016,29.83,30.11,29.83,62.5,21.92,0.93,,0.75,2.8,,29.83,33.22,33.22,,1007.1,0,0,0.43,,,,,,,,30.67,67,21.53,30.67,12.09,1.13,,1403,1,100,60
15/10/2016,20:00:00,20,Oct-16,Winter-2016,29.47,29.67,29.44,61,21.17,1.24,,1,3.42,,29.47,32.17,32.17,,1008.11,0,0,0.42,,,,,,,,30.72,67,21.56,30.72,12.09,1.14,,1403,1,100,60
15/10/2016,21:00:00,21,Oct-16,Winter-2016,28.72,29.11,28.72,69,22.47,0.62,,0.5,2.17,,28.72,32.11,32.11,,1008.75,0,0,0.39,,,,,,,,30.78,67,21.58,30.78,12.09,1.14,,1403,1,100,60
15/10/2016,22:00:00,22,Oct-16,Winter-2016,28.22,28.39,28.11,76,23.58,0.31,,0.25,2.17,,28.22,32.17,32.17,,1009.03,0,0,0.37,,,,,,,,30.83,67,21.61,30.83,12.09,1.14,,1402,1,100,60
15/10/2016,23:00:00,23,Oct-16,Winter-2016,27.92,28.14,27.92,80,24.14,0.62,,0.5,2.8,,27.92,32,32,,1009.2,0,0,0.36,,,,,,,,30.83,67,21.61,30.83,12.09,1.14,,1399,1,100,60
16/10/2016,00:00:00,24,Oct-16,Winter-2016,27.72,27.86,27.69,81.5,24.28,0.31,,0.25,2.17,,27.72,31.75,31.75,,1009.28,0,0,0.35,,,,,,,,30.83,67,21.61,30.83,12.09,1.14,,1402,1,100,60
16/10/2016,01:00:00,1,Oct-16,Winter-2016,27.36,27.53,27.28,81.5,23.92,0.31,,0.25,2.49,,27.36,30.83,30.83,,1009.11,0,0,0.34,,,,,,,,30.89,67,21.64,30.89,12.09,1.14,,1399,1,100,60
16/10/2016,02:00:00,2,Oct-16,Winter-2016,26.94,27.22,26.94,85,24.19,0.31,,0.25,2.49,,26.94,30.39,30.39,,1008.86,0,0,0.32,,,,,,,,30.94,67,21.67,30.94,12.09,1.14,,1405,1,100,60
16/10/2016,03:00:00,3,Oct-16,Winter-2016,26.75,26.83,26.69,88.5,24.69,0.62,,0.5,2.17,,26.75,30.44,30.44,,1008.82,0,0,0.32,,,,,,,,31.03,67.5,21.78,31.03,12.19,1.14,,1402,1,100,60
16/10/2016,04:00:00,4,Oct-16,Winter-2016,26.44,26.58,26.44,89.5,24.58,0.62,,0.5,3.11,,26.44,29.92,29.92,,1008.7,0,0,0.3,,,,,,,,31.19,68,21.92,31.19,12.29,1.14,,1398,1,100,60
16/10/2016,05:00:00,5,Oct-16,Winter-2016,26.19,26.33,26.19,90.5,24.5,1.24,,1,3.73,,26.19,29.5,29.5,,1008.96,0,0,0.3,,,,,,,,31.11,68,21.89,31.11,12.29,1.14,,1403,1,100,60
16/10/2016,06:00:00,6,Oct-16,Winter-2016,26.06,26.11,26,90,24.28,0.93,,0.75,3.11,,26.06,29.17,29.17,,1009.48,0,0,0.29,,,,,,,,31.11,68,21.89,31.11,12.29,1.14,,1400,1,100,60
16/10/2016,07:00:00,7,Oct-16,Winter-2016,26.36,26.36,26.03,86.5,23.92,0.62,,0.5,3.11,,26.36,29.36,29.36,,1010.21,0,0,0.3,,,,,,,,31.19,68,21.92,31.19,12.29,1.14,,1401,1,100,60
16/10/2016,08:00:00,8,Oct-16,Winter-2016,27.97,27.97,27.14,78.5,23.89,1.24,,1,4.66,,27.97,31.92,31.92,,1010.63,0,0,0.36,,,,,,,,31.36,68.5,22.08,31.36,12.36,1.14,,1403,1,100,60
16/10/2016,09:00:00,9,Oct-16,Winter-2016,29.31,29.36,28.67,74,24.19,1.55,,1.25,5.59,,29.31,34.33,34.33,,1011.04,0,0,0.41,,,,,,,,31.36,68.5,22.08,31.36,12.36,1.14,,1402,1,100,60
16/10/2016,10:00:00,10,Oct-16,Winter-2016,30.72,30.72,29.97,70.5,24.75,1.24,,1,5.59,,30.72,36.72,36.72,,1011.29,0,0,0.46,,,,,,,,30.33,65,20.92,30.33,11.69,1.14,,1387,1,100,60
16/10/2016,11:00:00,11,Oct-16,Winter-2016,32.14,32.19,31.36,64,24.44,1.55,,1.25,4.97,,32.14,38.67,38.67,,1010.82,0,0,0.52,,,,,,,,26.61,53.5,16.14,26.61,9.7,1.15,,1267,1,92.65,60
16/10/2016,12:00:00,12,Oct-16,Winter-2016,33.06,33.22,32.47,57.5,23.53,1.86,,1.5,6.21,,33.06,39.03,39.03,,1010.01,0,0,0.55,,,,,,,,24.67,46.5,12.64,24.67,8.62,1.16,,1214,1,88.75,60
16/10/2016,13:00:00,13,Oct-16,Winter-2016,33.78,33.94,33.31,49,21.56,1.55,,1.25,5.59,,33.78,37.94,37.94,,1009.14,0,0,0.58,,,,,,,,24.69,45.5,12.36,24.69,8.46,1.16,,1309,1,95.65,60
16/10/2016,14:00:00,14,Oct-16,Winter-2016,33.89,34.06,33.56,53,22.94,1.24,,1,5.28,,33.89,39.58,39.58,,1008.09,0,0,0.58,,,,,,,,25.47,49,14.03,25.47,8.99,1.16,,1346,1,98.1,60
16/10/2016,15:00:00,15,Oct-16,Winter-2016,33.31,33.89,33.31,53.5,22.58,1.86,,1.5,7.15,,33.31,38.36,38.36,,1007.28,0,0,0.56,,,,,,,,24.83,45.5,12.47,24.83,8.46,1.16,,1251,1,90.15,60
16/10/2016,16:00:00,16,Oct-16,Winter-2016,32.92,33.31,32.89,54.5,22.53,2.17,,1.75,6.52,,32.92,37.81,37.81,,1006.84,0,0,0.55,,,,,,,,24.53,43.5,11.56,24.53,8.13,1.16,,1400,1,100,60
16/10/2016,17:00:00,17,Oct-16,Winter-2016,31.89,32.47,31.89,53.5,21.28,2.17,,1.75,6.84,,31.89,35.33,35.33,,1006.89,0,0,0.51,,,,,,,,24.53,43,11.42,24.53,8.05,1.16,,1382,1,100,60
16/10/2016,18:00:00,18,Oct-16,Winter-2016,30.81,31.28,30.81,59,21.86,1.24,,1,4.97,,30.81,34.36,34.36,,1006.89,0,0,0.47,,,,,,,,26.25,46.5,14,26.25,8.56,1.15,,1400,1,100,60
16/10/2016,19:00:00,19,Oct-16,Winter-2016,30.11,30.44,30.11,67,23.28,0.93,,0.75,3.73,,30.11,34.78,34.78,,1007.4,0,0,0.44,,,,,,,,26.97,48.5,15.19,26.97,8.89,1.15,,1401,1,100,60
16/10/2016,20:00:00,20,Oct-16,Winter-2016,29.75,29.94,29.75,63.5,22.08,1.24,,1,5.9,,29.75,33.22,33.22,,1008.18,0,0,0.43,,,,,,,,27.44,51.5,16.36,27.44,9.38,1.15,,1403,1,100,60
16/10/2016,21:00:00,21,Oct-16,Winter-2016,29.42,29.61,29.42,61,21.08,1.55,,1.25,5.28,,29.42,32.03,32.03,,1008.55,0,0,0.42,,,,,,,,27.86,53,16.97,27.86,9.62,1.15,,1402,1,100,60
16/10/2016,22:00:00,22,Oct-16,Winter-2016,28.69,29.06,28.69,67,21.97,1.55,,1.25,4.35,,28.69,31.69,31.69,,1008.65,0,0,0.39,,,,,,,,28.08,54,17.39,28.08,9.75,1.15,,1401,1,100,60
16/10/2016,23:00:00,23,Oct-16,Winter-2016,28.17,28.42,28.17,74.5,23.22,1.24,,1,4.66,,28.17,31.75,31.75,,1008.65,0,0,0.37,,,,,,,,28.33,55,17.81,28.33,9.85,1.15,,1402,1,100,60
17/10/2016,00:00:00,24,Oct-16,Winter-2016,27.69,27.94,27.69,80,23.92,1.24,,1,4.35,,27.69,31.42,31.42,,1008.59,0,0,0.35,,,,,,,,28.56,56,18.17,28.56,10.05,1.14,,1398,1,100,60
17/10/2016,01:00:00,1,Oct-16,Winter-2016,27.33,27.5,27.31,83,24.19,1.24,,1,3.73,,27.33,30.97,30.97,,1008.35,0,0,0.34,,,,,,,,28.72,57,18.5,28.72,10.19,1.14,,1401,1,100,60
17/10/2016,02:00:00,2,Oct-16,Winter-2016,27,27.14,27,85.5,24.36,0.93,,0.75,4.35,,27,30.58,30.58,,1007.77,0,0,0.33,,,,,,,,28.94,58,18.86,28.94,10.35,1.14,,1403,1,100,60
17/10/2016,03:00:00,3,Oct-16,Winter-2016,26.75,26.92,26.75,87.5,24.5,0.93,,0.75,4.04,,26.75,30.31,30.31,,1007.54,0,0,0.32,,,,,,,,29.08,58.5,19.03,29.08,10.45,1.14,,1404,1,100,60
17/10/2016,04:00:00,4,Oct-16,Winter-2016,26.56,26.67,26.56,88,24.39,1.24,,1,4.35,,26.56,29.94,29.94,,1007.38,0,0,0.31,,,,,,,,29.17,59,19.17,29.17,10.55,1.14,,1400,1,100,60
17/10/2016,05:00:00,5,Oct-16,Winter-2016,26.44,26.5,26.44,88,24.28,1.24,,1,3.73,,26.44,29.72,29.72,,1007.42,0,0,0.3,,,,,,,,29.33,60,19.5,29.33,10.75,1.14,,1402,1,100,60
17/10/2016,06:00:00,6,Oct-16,Winter-2016,26.17,26.33,26.14,89,24.22,0.93,,0.75,4.66,,26.17,29.28,29.28,,1007.91,0,0,0.29,,,,,,,,29.44,61,19.78,29.44,10.95,1.14,,1403,1,100,60
17/10/2016,07:00:00,7,Oct-16,Winter-2016,26.42,26.42,26.19,88.5,24.36,0.62,,0.5,3.42,,26.42,29.72,29.72,,1008.64,0,0,0.3,,,,,,,,29.56,61,19.83,29.56,10.95,1.14,,1401,1,100,60
17/10/2016,08:00:00,8,Oct-16,Winter-2016,27.86,27.86,27.03,83.5,24.81,0.93,,0.75,4.66,,27.86,32.44,32.44,,1009.14,0,0,0.36,,,,,,,,29.67,61.5,20.03,29.67,11.03,1.14,,1402,1,100,60
17/10/2016,09:00:00,9,Oct-16,Winter-2016,29.25,29.33,28.64,79,25.25,1.55,,1.25,4.66,,29.25,35.22,35.22,,1009.53,0,0,0.41,,,,,,,,29.78,62,20.19,29.78,11.1,1.14,,1402,1,100,60
17/10/2016,10:00:00,10,Oct-16,Winter-2016,30.89,31.17,30.03,72,25.25,1.24,,1,4.35,,30.89,37.42,37.42,,1009.48,0,0,0.47,,,,,,,,29.42,61,19.75,29.42,10.95,1.14,,1397,1,100,60
17/10/2016,11:00:00,11,Oct-16,Winter-2016,32.06,32.06,31.42,66.5,25.03,1.86,,1.5,4.66,,32.06,39.28,39.28,,1008.62,0,0,0.51,,,,,,,,30.33,64.5,20.92,30.33,11.6,1.14,,1401,1,100,60
17/10/2016,12:00:00,12,Oct-16,Winter-2016,32.94,33.03,32.44,65,25.5,1.55,,1.25,4.97,,32.94,41.39,41.39,,1007.5,0,0,0.55,,,,,,,,31.22,66.5,21.69,31.22,11.98,1.13,,1404,1,100,60
17/10/2016,13:00:00,13,Oct-16,Winter-2016,33.61,33.61,33.17,61.5,25.19,1.86,,1.5,5.28,,33.61,41.92,41.92,,1006.52,0,0,0.57,,,,,,,,31.31,66,21.61,31.31,11.88,1.13,,1400,1,100,60
17/10/2016,14:00:00,14,Oct-16,Winter-2016,33.83,33.89,33.53,61,25.28,1.86,,1.5,5.9,,33.83,42.33,42.33,,1005.47,0,0,0.58,,,,,,,,31.83,67,22.03,31.83,12.08,1.13,,1399,1,100,60
17/10/2016,15:00:00,15,Oct-16,Winter-2016,33.72,34.11,33.72,61,25.17,1.55,,1.25,5.59,,33.72,42.03,42.03,,1004.59,0,0,0.58,,,,,,,,28.53,57.5,18.42,28.53,10.35,1.14,,1403,1,100,60
17/10/2016,16:00:00,16,Oct-16,Winter-2016,33.44,33.69,33.44,63,25.44,2.17,,1.75,5.9,,33.44,42.06,42.06,,1004.35,0,0,0.57,,,,,,,,26.67,49,15.08,26.67,9,1.15,,1400,1,100,60
17/10/2016,17:00:00,17,Oct-16,Winter-2016,32.61,33.17,32.61,65,25.17,2.17,,1.75,6.21,,32.61,40.42,40.42,,1004.57,0,0,0.54,,,,,,,,26.28,47,14.11,26.28,8.66,1.15,,1401,1,100,60
17/10/2016,18:00:00,18,Oct-16,Winter-2016,31.53,32,31.53,69.5,25.28,1.24,,1,5.28,,31.53,38.47,38.47,,1004.91,0,0,0.5,,,,,,,,27.72,51,16.42,27.72,9.27,1.14,,1402,1,100,60
17/10/2016,19:00:00,19,Oct-16,Winter-2016,30.69,31.08,30.67,72.5,25.19,1.55,,1.25,5.59,,30.69,37.19,37.19,,1005.66,0,0,0.46,,,,,,,,28.67,53.5,17.64,28.67,9.68,1.14,,1402,1,100,60
17/10/2016,20:00:00,20,Oct-16,Winter-2016,30.17,30.42,30.17,72.5,24.67,1.24,,1,4.04,,30.17,36.03,36.03,,1006.57,0,0,0.44,,,,,,,,29.11,54.5,18.14,29.11,9.8,1.14,,1403,1,100,60
17/10/2016,21:00:00,21,Oct-16,Winter-2016,29.72,29.92,29.69,76,25.06,1.24,,1,4.04,,29.72,35.64,35.64,,1007.23,0,0,0.43,,,,,,,,29.47,56.5,18.83,29.47,10.13,1.14,,1403,1,100,60
17/10/2016,22:00:00,22,Oct-16,Winter-2016,29.31,29.47,29.28,80,25.5,1.24,,1,4.35,,29.31,35.53,35.53,,1007.54,0,0,0.41,,,,,,,,29.78,57.5,19.22,29.78,10.28,1.14,,1400,1,100,60
17/10/2016,23:00:00,23,Oct-16,Winter-2016,29.17,29.25,29.14,81.5,25.67,1.24,,1,3.73,,29.17,35.56,35.56,,1007.74,0,0,0.41,,,,,,,,29.97,58.5,19.56,29.97,10.45,1.14,,1400,1,100,60
18/10/2016,00:00:00,24,Oct-16,Winter-2016,28.92,29.06,28.92,84.5,26.03,1.24,,1,4.66,,28.92,35.58,35.58,,1007.55,0,0,0.4,,,,,,,,30.22,59.5,19.92,30.22,10.65,1.14,,1402,1,100,60
18/10/2016,01:00:00,1,Oct-16,Winter-2016,28.47,28.75,28.47,86.5,26,0.93,,0.75,3.73,,28.47,34.67,34.67,,1007.6,0,0,0.38,,,,,,,,30.42,60.5,20.19,30.42,10.85,1.14,,1402,1,100,60
18/10/2016,02:00:00,2,Oct-16,Winter-2016,28.06,28.25,28.06,88.5,25.97,1.24,,1,4.35,,28.06,33.86,33.86,,1007.5,0,0,0.36,,,,,,,,30.56,61,20.33,30.56,10.95,1.14,,1400,1,100,60
18/10/2016,03:00:00,3,Oct-16,Winter-2016,27.64,27.86,27.61,90.5,25.94,0.62,,0.5,2.17,,27.64,33.08,33.08,,1007.35,0,0,0.35,,,,,,,,30.67,61,20.39,30.67,10.95,1.14,,1404,1,100,60
18/10/2016,04:00:00,4,Oct-16,Winter-2016,27.39,27.5,27.33,91.5,25.89,0,,0,1.55,,27.39,32.53,32.53,,1007.13,0,0,0.34,,,,,,,,30.94,62,20.72,30.94,11.08,1.13,,1403,1,100,60
18/10/2016,05:00:00,5,Oct-16,Winter-2016,27.06,27.28,27.03,93.5,25.92,0,,0,0,,27.06,31.94,31.94,,1007.35,0,0,0.33,,,,,,,,31,62.5,20.86,31,11.18,1.13,,1399,1,100,60
18/10/2016,06:00:00,6,Oct-16,Winter-2016,27.17,27.22,27.03,92.5,25.86,0,,0,0,,27.17,32.06,32.06,,1007.65,0,0,0.33,,,,,,,,31.22,63,21.06,31.22,11.27,1.13,,1403,1,100,60
18/10/2016,07:00:00,7,Oct-16,Winter-2016,27.69,27.69,27.22,91.5,26.19,0,,0,0.93,,27.69,33.42,33.42,,1008.3,0,0,0.35,,,,,,,,31.22,63,21.06,31.22,11.27,1.14,,1400,1,100,60
18/10/2016,08:00:00,8,Oct-16,Winter-2016,29.36,29.44,28.5,85.5,26.67,0,,0,1.24,,29.36,36.86,36.86,,1008.75,0,0,0.41,,,,,,,,31.33,63,21.11,31.33,11.27,1.14,,1401,1,100,60
18/10/2016,09:00:00,9,Oct-16,Winter-2016,29.97,30,29.81,85,27.17,0,,0,1.55,,29.97,38.42,38.42,,1008.84,0,0,0.44,,,,,,,,31.5,64,21.33,31.5,11.47,1.14,,1401,1,100,60
18/10/2016,10:00:00,10,Oct-16,Winter-2016,31.31,31.31,30.25,79,27.19,0.62,,0.5,2.17,,31.31,41.19,41.19,,1008.74,0,0,0.49,,,,,,,,28.97,57,18.53,28.97,10.29,1.14,,1402,1,100,60
18/10/2016,11:00:00,11,Oct-16,Winter-2016,31.67,32.03,31.44,76.5,27.03,0.62,,0.5,3.42,,31.67,41.44,41.44,,1008.09,0,0,0.5,,,,,,,,27.64,52,16.56,27.64,9.48,1.15,,1403,1,100,60
18/10/2016,12:00:00,12,Oct-16,Winter-2016,32.92,33,31.92,70,26.69,0.93,,0.75,2.49,,32.92,43.22,43.22,,1006.99,0,0,0.55,,,,,,,,26.86,50,15.47,26.86,9.15,1.15,,1402,1,100,60
18/10/2016,13:00:00,13,Oct-16,Winter-2016,33.42,33.42,32.92,67,26.44,1.24,,1,3.73,,33.42,43.64,43.64,,1005.76,0,0,0.57,,,,,,,,26.5,51,15.39,26.5,9.31,1.15,,1392,1,100,60
18/10/2016,14:00:00,14,Oct-16,Winter-2016,33.94,34.03,33.67,61.5,25.47,1.55,,1.25,5.28,,33.94,42.89,42.89,,1004.69,0,0,0.59,,,,,,,,26.11,48.5,14.39,26.11,8.93,1.15,,1398,1,100,60
18/10/2016,15:00:00,15,Oct-16,Winter-2016,33.44,33.97,33.42,66,26.22,1.55,,1.25,4.97,,33.44,43.31,43.31,,1003.95,0,0,0.57,,,,,,,,25.92,47,13.81,25.92,8.68,1.15,,1374,1,99.5,60
18/10/2016,16:00:00,16,Oct-16,Winter-2016,33.17,33.44,33.08,64.5,25.58,1.24,,1,4.97,,33.17,41.86,41.86,,1003.62,0,0,0.56,,,,,,,,25.44,46,13.11,25.44,8.49,1.15,,1352,1,98.7,60
18/10/2016,17:00:00,17,Oct-16,Winter-2016,29.47,31.44,29.39,63.5,21.81,1.24,,1,4.97,,29.47,32.69,32.69,,1004.28,0,0,0.42,,,,,,,,26.08,46.5,13.83,26.08,8.57,1.15,,1360,1,99.25,60
18/10/2016,18:00:00,18,Oct-16,Winter-2016,28.42,28.97,28.42,69.5,22.31,0.31,,0.25,1.24,,28.42,31.5,31.5,,1004.3,0,0,0.38,,,,,,,,27.44,48.5,15.56,27.44,8.88,1.14,,1402,1,100,60
18/10/2016,19:00:00,19,Oct-16,Winter-2016,29.22,29.39,28.61,68.5,22.83,0.31,,0.25,2.49,,29.22,33.08,33.08,,1004.72,0,0,0.41,,,,,,,,28,49.5,16.19,28,9.01,1.14,,1401,1,100,60
18/10/2016,20:00:00,20,Oct-16,Winter-2016,28.39,28.83,28.31,75.5,23.64,0,,0,0,,28.39,32.53,32.53,,1005.72,0,0,0.38,,,,,,,,28.47,51.5,17,28.47,9.36,1.14,,1400,1,100,60
18/10/2016,21:00:00,21,Oct-16,Winter-2016,28.14,28.56,28.11,79.5,24.25,0,,0,0.93,,28.14,32.53,32.53,,1006.45,0,0,0.37,,,,,,,,28.75,52.5,17.42,28.75,9.5,1.14,,1401,1,100,60
18/10/2016,22:00:00,22,Oct-16,Winter-2016,28.64,28.64,28.03,77.5,24.31,0.31,,0.25,1.55,,28.64,33.5,33.5,,1006.71,0,0,0.39,,,,,,,,28.97,53.5,17.81,28.97,9.68,1.14,,1398,1,100,60
18/10/2016,23:00:00,23,Oct-16,Winter-2016,28.97,29.11,28.86,77,24.53,0.62,,0.5,2.8,,28.97,34.28,34.28,,1006.57,0,0,0.4,,,,,,,,29.25,54.5,18.22,29.25,9.8,1.14,,1399,1,100,60
19/10/2016,00:00:00,24,Oct-16,Winter-2016,28.69,28.86,28.67,79.5,24.81,0.62,,0.5,3.11,,28.69,34.08,34.08,,1006.71,0,0,0.39,,,,,,,,29.42,55.5,18.56,29.42,9.95,1.14,,1398,1,100,60
19/10/2016,01:00:00,1,Oct-16,Winter-2016,28.22,28.44,28.08,84,25.28,0.31,,0.25,3.42,,28.22,33.47,33.47,,1006.69,0,0,0.37,,,,,,,,29.58,56.5,18.89,29.58,10.13,1.14,,1401,1,100,60
19/10/2016,02:00:00,2,Oct-16,Winter-2016,28.06,28.33,28.03,85.5,25.39,0.31,,0.25,2.17,,28.06,33.31,33.31,,1006.49,0,0,0.36,,,,,,,,29.78,57,19.11,29.78,10.21,1.14,,1402,1,100,60
19/10/2016,03:00:00,3,Oct-16,Winter-2016,27.78,27.83,27.64,88,25.61,0.93,,0.75,4.04,,27.78,33,33,,1006.37,0,0,0.35,,,,,,,,29.83,57.5,19.25,29.83,10.28,1.14,,1397,1,100,60
19/10/2016,04:00:00,4,Oct-16,Winter-2016,27.58,27.75,27.58,90,25.78,0.62,,0.5,2.49,,27.58,32.83,32.83,,1006.27,0,0,0.35,,,,,,,,30,58.5,19.58,30,10.45,1.14,,1402,1,100,60
19/10/2016,05:00:00,5,Oct-16,Winter-2016,27.14,27.39,27.14,92.5,25.83,0,,0,1.24,,27.14,32,32,,1006.25,0,0,0.33,,,,,,,,30.17,59,19.78,30.17,10.55,1.14,,1404,1,100,60
19/10/2016,06:00:00,6,Oct-16,Winter-2016,26.69,27.03,26.69,93,25.47,0,,0,1.24,,26.69,30.97,30.97,,1006.55,0,0,0.31,,,,,,,,30.22,59,19.81,30.22,10.55,1.14,,1403,1,100,60
19/10/2016,07:00:00,7,Oct-16,Winter-2016,26.67,26.72,26.33,95,25.78,0,,0,0.62,,26.67,31.22,31.22,,1007.3,0,0,0.31,,,,,,,,30.39,60,20.11,30.39,10.75,1.14,,1398,1,100,60
19/10/2016,08:00:00,8,Oct-16,Winter-2016,29.19,29.19,27.72,85,26.39,0,,0,1.86,,29.19,36.14,36.14,,1007.91,0,0,0.41,,,,,,,,30.47,60.5,20.22,30.47,10.85,1.14,,1403,1,100,60
19/10/2016,09:00:00,9,Oct-16,Winter-2016,30.75,30.78,30.25,78,26.47,0.62,,0.5,1.86,,30.75,38.78,38.78,,1008.18,0,0,0.47,,,,,,,,30.61,61,20.36,30.61,10.95,1.14,,1401,1,100,60
19/10/2016,10:00:00,10,Oct-16,Winter-2016,31.83,32,31.31,71.5,26.03,0.62,,0.5,2.17,,31.83,40.25,40.25,,1008.11,0,0,0.51,,,,,,,,29.58,58,19.11,29.58,10.4,1.14,,1399,1,100,60
19/10/2016,11:00:00,11,Oct-16,Winter-2016,32.03,32.11,31.47,70,25.86,0.93,,0.75,3.73,,32.03,40.28,40.28,,1007.59,0,0,0.51,,,,,,,,26.42,48.5,14.67,26.42,8.91,1.15,,1383,1,100,60
19/10/2016,12:00:00,12,Oct-16,Winter-2016,33.19,33.44,32.61,58.5,23.94,1.24,,1,4.66,,33.19,39.72,39.72,,1006.42,0,0,0.56,,,,,,,,25.97,50,14.67,25.97,9.17,1.15,,1396,1,100,60
19/10/2016,13:00:00,13,Oct-16,Winter-2016,33.67,33.78,33.33,61,25.11,1.86,,1.5,4.97,,33.67,41.86,41.86,,1005.39,0,0,0.58,,,,,,,,25.06,46,12.81,25.06,8.55,1.16,,1283,1,93.8,60
19/10/2016,14:00:00,14,Oct-16,Winter-2016,33.64,33.78,33.39,62,25.33,1.86,,1.5,5.59,,33.64,42.22,42.22,,1004.4,0,0,0.57,,,,,,,,24.36,44,11.58,24.36,8.23,1.16,,1390,1,100,60
19/10/2016,15:00:00,15,Oct-16,Winter-2016,34.14,34.36,33.78,59,24.97,1.55,,1.25,4.97,,34.14,42.44,42.44,,1003.64,0,0,0.59,,,,,,,,24.86,45,12.36,24.86,8.41,1.16,,1402,1,100,60
19/10/2016,16:00:00,16,Oct-16,Winter-2016,34.11,34.31,33.94,56,24.08,1.24,,1,5.28,,34.11,41.28,41.28,,1003.29,0,0,0.59,,,,,,,,25.03,45,12.5,25.03,8.4,1.15,,1398,1,100,60
19/10/2016,17:00:00,17,Oct-16,Winter-2016,32.81,33.69,32.81,60.5,24.14,0.93,,0.75,4.04,,32.81,39.36,39.36,,1003.3,0,0,0.54,,,,,,,,26.47,46.5,14.17,26.47,8.55,1.15,,1400,1,100,60
19/10/2016,18:00:00,18,Oct-16,Winter-2016,31.56,32.03,31.56,69.5,25.31,1.24,,1,4.35,,31.56,38.53,38.53,,1003.68,0,0,0.5,,,,,,,,27.28,49.5,15.72,27.28,9.03,1.14,,1402,1,100,60
19/10/2016,19:00:00,19,Oct-16,Winter-2016,30.92,31.22,30.89,69,24.58,0.62,,0.5,2.8,,30.92,36.69,36.69,,1004.25,0,0,0.47,,,,,,,,27.94,52.5,16.92,27.94,9.52,1.14,,1401,1,100,60
19/10/2016,20:00:00,20,Oct-16,Winter-2016,30.28,30.61,30.28,70.5,24.31,0.62,,0.5,2.8,,30.28,35.89,35.89,,1005.18,0,0,0.45,,,,,,,,28.25,53.5,17.36,28.25,9.69,1.14,,1402,1,100,60
19/10/2016,21:00:00,21,Oct-16,Winter-2016,29.83,30.03,29.81,77.5,25.47,1.24,,1,3.73,,29.83,36.19,36.19,,1005.64,0,0,0.43,,,,,,,,28.56,54.5,17.78,28.56,9.8,1.14,,1401,1,100,60
19/10/2016,22:00:00,22,Oct-16,Winter-2016,29.28,29.56,29.28,82,25.89,0.93,,0.75,2.49,,29.28,35.86,35.86,,1005.77,0,0,0.41,,,,,,,,28.89,56,18.33,28.89,10.05,1.14,,1402,1,100,60
19/10/2016,23:00:00,23,Oct-16,Winter-2016,28.92,29.08,28.92,83,25.75,1.24,,1,2.8,,28.92,35.31,35.31,,1005.83,0,0,0.4,,,,,,,,29.08,56.5,18.56,29.08,10.13,1.14,,1405,1,100,60
20/10/2016,00:00:00,24,Oct-16,Winter-2016,28.44,28.69,28.44,84.5,25.58,0.93,,0.75,4.66,,28.44,34.19,34.19,,1005.93,0,0,0.38,,,,,,,,29.33,58,19.06,29.33,10.35,1.14,,1398,1,100,60
20/10/2016,01:00:00,1,Oct-16,Winter-2016,28.08,28.25,28.08,84.5,25.22,0.93,,0.75,3.42,,28.08,33.19,33.19,,1005.62,0,0,0.37,,,,,,,,29.42,57.5,19,29.42,10.28,1.14,,1398,1,100,60
20/10/2016,02:00:00,2,Oct-16,Winter-2016,27.89,27.94,27.81,84.5,25.03,0.62,,0.5,3.42,,27.89,32.64,32.64,,1005.3,0,0,0.36,,,,,,,,29.5,58,19.17,29.5,10.35,1.14,,1404,1,100,60
20/10/2016,03:00:00,3,Oct-16,Winter-2016,27.67,27.83,27.67,84,24.69,0.62,,0.5,3.42,,27.67,32,32,,1005.18,0,0,0.35,,,,,,,,29.69,59,19.53,29.69,10.55,1.14,,1402,1,100,60
20/10/2016,04:00:00,4,Oct-16,Winter-2016,27.11,27.42,27.11,86,24.58,0,,0,0.62,,27.11,30.92,30.92,,1005.22,0,0,0.33,,,,,,,,29.72,59,19.56,29.72,10.55,1.14,,1402,1,100,60
20/10/2016,05:00:00,5,Oct-16,Winter-2016,26.11,26.64,26.11,90.5,24.44,0,,0,0,,26.11,29.33,29.33,,1005.18,0,0,0.29,,,,,,,,29.89,59.5,19.75,29.89,10.65,1.14,,1403,1,100,60
20/10/2016,06:00:00,6,Oct-16,Winter-2016,25.97,26.03,25.75,87,23.64,0,,0,0.93,,25.97,28.69,28.69,,1005.5,0,0,0.29,,,,,,,,29.94,60,19.89,29.94,10.75,1.14,,1402,1,100,60
20/10/2016,07:00:00,7,Oct-16,Winter-2016,26.64,26.69,26.22,82.5,23.39,0.31,,0.25,2.49,,26.64,29.42,29.42,,1006.3,0,0,0.31,,,,,,,,30.06,60,19.94,30.06,10.75,1.14,,1405,1,100,60
20/10/2016,08:00:00,8,Oct-16,Winter-2016,28.83,28.86,27.67,74.5,23.83,0.62,,0.5,4.04,,28.83,33.33,33.33,,1006.93,0,0,0.39,,,,,,,,30.28,61,20.19,30.28,10.95,1.14,,1399,1,100,60
20/10/2016,09:00:00,9,Oct-16,Winter-2016,30.28,30.28,29.64,67.5,23.58,1.24,,1,4.66,,30.28,35.25,35.25,,1007.26,0,0,0.45,,,,,,,,30.33,61,20.22,30.33,10.95,1.14,,1399,1,100,60
20/10/2016,10:00:00,10,Oct-16,Winter-2016,31.28,31.28,30.75,63,23.39,1.24,,1,4.35,,31.28,36.14,36.14,,1007.38,0,0,0.49,,,,,,,,28.19,54,17.36,28.19,9.75,1.14,,1397,1,100,60
20/10/2016,11:00:00,11,Oct-16,Winter-2016,32.31,32.39,31.75,60,23.56,1.24,,1,4.04,,32.31,37.89,37.89,,1006.71,0,0,0.52,,,,,,,,25.83,46,13.44,25.83,8.53,1.16,,1374,1,99.65,60
20/10/2016,12:00:00,12,Oct-16,Winter-2016,33.19,33.31,32.72,56.5,23.39,0.93,,0.75,3.73,,33.19,39.08,39.08,,1005.62,0,0,0.56,,,,,,,,25.36,43.5,12.33,25.36,8.12,1.16,,1326,1,96.95,60
20/10/2016,13:00:00,13,Oct-16,Winter-2016,34.06,34.14,33.56,55,23.69,0.62,,0.5,3.73,,34.06,40.67,40.67,,1004.56,0,0,0.59,,,,,,,,25.03,44.5,12.31,25.03,8.3,1.16,,1361,1,99.5,60
20/10/2016,14:00:00,14,Oct-16,Winter-2016,34,34.64,33.06,50,22.11,0.31,,0.25,3.11,,34,38.75,38.75,,1003.79,0,0,0.59,,,,,,,,24.03,41.5,10.5,24.03,7.84,1.16,,1385,1,100,60
20/10/2016,15:00:00,15,Oct-16,Winter-2016,35.25,35.42,34.78,37.5,18.53,1.24,,1,4.04,,35.25,37.42,37.42,,1003.12,0,0,0.63,,,,,,,,24.64,42.5,11.39,24.64,7.98,1.16,,1390,1,100,60
20/10/2016,16:00:00,16,Oct-16,Winter-2016,33.86,34.67,33.86,49.5,21.81,2.17,,1.75,6.21,,33.86,38.31,38.31,,1003.08,0,0,0.58,,,,,,,,24.83,45,12.31,24.83,8.36,1.16,,1403,1,100,60
20/10/2016,17:00:00,17,Oct-16,Winter-2016,32.42,33.19,32.42,57,22.81,2.17,,1.75,5.9,,32.42,37.31,37.31,,1003.49,0,0,0.53,,,,,,,,23.78,42,10.42,23.78,7.94,1.16,,1402,1,100,60
20/10/2016,18:00:00,18,Oct-16,Winter-2016,31.19,31.72,31.19,62.5,23.17,1.24,,1,4.66,,31.19,35.81,35.81,,1003.93,0,0,0.48,,,,,,,,25.5,44.5,12.72,25.5,8.29,1.15,,1403,1,100,60
20/10/2016,19:00:00,19,Oct-16,Winter-2016,30.42,30.86,30.42,66.5,23.44,0.93,,0.75,3.11,,30.42,35.22,35.22,,1004.49,0,0,0.45,,,,,,,,26.5,46.5,14.22,26.5,8.56,1.15,,1405,1,100,60
20/10/2016,20:00:00,20,Oct-16,Winter-2016,29.42,29.83,29.42,73.5,24.17,0,,0,1.55,,29.42,34.47,34.47,,1004.98,0,0,0.42,,,,,,,,27.03,48.5,15.25,27.03,8.89,1.15,,1400,1,100,60
20/10/2016,21:00:00,21,Oct-16,Winter-2016,28.67,29.06,28.61,79.5,24.78,0.93,,0.75,4.35,,28.67,34,34,,1005.72,0,0,0.39,,,,,,,,27.42,50.5,16.08,27.42,9.23,1.15,,1403,1,100,60
20/10/2016,22:00:00,22,Oct-16,Winter-2016,28.31,28.44,28.19,73,22.97,0.62,,0.5,3.11,,28.31,31.86,31.86,,1006.01,0,0,0.37,,,,,,,,27.78,52,16.69,27.78,9.42,1.14,,1400,1,100,60
20/10/2016,23:00:00,23,Oct-16,Winter-2016,27.81,28.17,27.81,75,22.97,0,,0,1.55,,27.81,30.92,30.92,,1006.06,0,0,0.36,,,,,,,,27.97,52.5,16.94,27.97,9.52,1.14,,1402,1,100,60
21/10/2016,00:00:00,24,Oct-16,Winter-2016,27.36,27.58,27.25,78,23.19,0,,0,1.86,,27.36,30.33,30.33,,1005.96,0,0,0.34,,,,,,,,28.17,53,17.19,28.17,9.62,1.14,,1403,1,100,60
21/10/2016,01:00:00,1,Oct-16,Winter-2016,27.19,27.39,27.03,78.5,23.14,0.31,,0.25,1.86,,27.19,30.06,30.06,,1005.76,0,0,0.33,,,,,,,,28.39,54,17.56,28.39,9.75,1.14,,1402,1,100,60
21/10/2016,02:00:00,2,Oct-16,Winter-2016,26.81,27.06,26.81,81,23.28,0.31,,0.25,1.86,,26.81,29.56,29.56,,1005.64,0,0,0.32,,,,,,,,28.5,54,17.64,28.5,9.75,1.14,,1402,1,100,60
21/10/2016,03:00:00,3,Oct-16,Winter-2016,26.42,26.58,26.33,84,23.5,0,,0,1.24,,26.42,29.19,29.19,,1005.44,0,0,0.3,,,,,,,,28.64,54.5,17.83,28.64,9.8,1.14,,1402,1,100,60
21/10/2016,04:00:00,4,Oct-16,Winter-2016,26.75,26.81,26.5,83,23.64,0,,0,1.86,,26.75,29.72,29.72,,1005.25,0,0,0.32,,,,,,,,28.78,55,18.03,28.78,9.85,1.14,,1404,1,100,60
21/10/2016,05:00:00,5,Oct-16,Winter-2016,26.53,26.69,26.53,85.5,23.89,0,,0,2.49,,26.53,29.58,29.58,,1005.62,0,0,0.31,,,,,,,,28.92,55.5,18.22,28.92,9.95,1.14,,1403,1,100,60
21/10/2016,06:00:00,6,Oct-16,Winter-2016,26.11,26.42,26.11,87,23.75,0.31,,0.25,1.86,,26.11,28.97,28.97,,1006.23,0,0,0.29,,,,,,,,29.08,56.5,18.56,29.08,10.13,1.14,,1402,1,100,60
21/10/2016,07:00:00,7,Oct-16,Winter-2016,26.39,26.39,25.97,87.5,24.14,0.31,,0.25,3.11,,26.39,29.56,29.56,,1007.16,0,0,0.3,,,,,,,,29.17,57,18.72,29.17,10.2,1.14,,1400,1,100,60
21/10/2016,08:00:00,8,Oct-16,Winter-2016,28.39,28.39,27.33,80,24.61,0.31,,0.25,3.42,,28.39,33.28,33.28,,1007.98,0,0,0.38,,,,,,,,29.22,57,18.78,29.22,10.2,1.14,,1397,1,100,60
21/10/2016,09:00:00,9,Oct-16,Winter-2016,29.72,29.72,29.03,73,24.36,1.24,,1,3.73,,29.72,35.08,35.08,,1008.4,0,0,0.43,,,,,,,,29.39,58,19.11,29.39,10.35,1.14,,1403,1,100,60
21/10/2016,10:00:00,10,Oct-16,Winter-2016,31.17,31.17,30.44,63,23.25,0.93,,0.75,4.04,,31.17,35.89,35.89,,1008.28,0,0,0.48,,,,,,,,29.5,58,19.17,29.5,10.35,1.14,,1400,1,100,60
21/10/2016,11:00:00,11,Oct-16,Winter-2016,32.47,32.53,31.81,50.5,20.89,1.24,,1,4.35,,32.47,35.72,35.72,,1007.65,0,0,0.53,,,,,,,,29.61,59,19.47,29.61,10.55,1.14,,1398,1,100,60
21/10/2016,12:00:00,12,Oct-16,Winter-2016,32.94,33.08,32.61,46,19.78,1.24,,1,5.59,,32.94,35.56,35.56,,1006.86,0,0,0.55,,,,,,,,29.67,59,19.5,29.67,10.55,1.14,,1401,1,100,60
21/10/2016,13:00:00,13,Oct-16,Winter-2016,33.61,34,33.22,42.5,19.11,1.24,,1,5.28,,33.61,35.89,35.89,,1005.96,0,0,0.57,,,,,,,,29.69,58.5,19.42,29.69,10.45,1.14,,1402,1,100,60
21/10/2016,14:00:00,14,Oct-16,Winter-2016,34.47,34.69,34.08,44,20.42,1.24,,1,4.35,,34.47,37.94,37.94,,1005.03,0,0,0.61,,,,,,,,29.72,58,19.31,29.72,10.35,1.14,,1402,1,100,60
21/10/2016,15:00:00,15,Oct-16,Winter-2016,34.03,34.39,33.78,50,22.14,1.24,,1,5.59,,34.03,38.86,38.86,,1004.44,0,0,0.59,,,,,,,,29.83,58,19.36,29.83,10.35,1.13,,1404,1,100,60
21/10/2016,16:00:00,16,Oct-16,Winter-2016,33.56,33.94,33.44,49.5,21.56,0.93,,0.75,3.73,,33.56,37.61,37.61,,1004.44,0,0,0.57,,,,,,,,29.89,58,19.39,29.89,10.35,1.13,,1399,1,100,60
21/10/2016,17:00:00,17,Oct-16,Winter-2016,32.28,33.22,32.28,52,21.17,0.31,,0.25,2.17,,32.28,35.75,35.75,,1004.78,0,0,0.52,,,,,,,,30,59,19.69,30,10.55,1.13,,1402,1,100,60
21/10/2016,18:00:00,18,Oct-16,Winter-2016,30.14,31.11,30.14,62.5,22.17,0,,0,0.31,,30.14,33.81,33.81,,1005.05,0,0,0.44,,,,,,,,30.06,59,19.72,30.06,10.55,1.13,,1401,1,100,60
21/10/2016,19:00:00,19,Oct-16,Winter-2016,29.56,29.81,29.08,65,22.28,0.31,,0.25,1.86,,29.56,33.14,33.14,,1005.67,0,0,0.42,,,,,,,,30.06,59,19.72,30.06,10.55,1.14,,1403,1,100,60
21/10/2016,20:00:00,20,Oct-16,Winter-2016,29.81,29.97,29.81,66.5,22.89,1.55,,1.25,4.66,,29.81,33.97,33.97,,1006.71,0,0,0.43,,,,,,,,30.17,59,19.78,30.17,10.55,1.14,,1402,1,100,60
21/10/2016,21:00:00,21,Oct-16,Winter-2016,28.97,29.42,28.94,72,23.42,0.31,,0.25,1.86,,28.97,33.28,33.28,,1007.18,0,0,0.4,,,,,,,,30.28,59,19.83,30.28,10.55,1.14,,1402,1,100,60
21/10/2016,22:00:00,22,Oct-16,Winter-2016,28.42,28.75,28.36,73,23.11,0,,0,1.86,,28.42,32.11,32.11,,1007.47,0,0,0.38,,,,,,,,30.33,59,19.86,30.33,10.55,1.14,,1395,1,100,60
21/10/2016,23:00:00,23,Oct-16,Winter-2016,27.58,27.89,27.5,76,22.97,0,,0,0.31,,27.58,30.58,30.58,,1007.35,0,0,0.35,,,,,,,,30.44,60,20.11,30.44,10.75,1.14,,1401,1,100,60
22/10/2016,00:00:00,24,Oct-16,Winter-2016,28.08,28.08,27.67,72,22.56,0.31,,0.25,2.8,,28.08,31.11,31.11,,1007.01,0,0,0.37,,,,,,,,30.56,60,20.14,30.56,10.75,1.14,,1401,1,100,60
22/10/2016,01:00:00,1,Oct-16,Winter-2016,28.03,28.25,28.03,72,22.53,0.93,,0.75,4.04,,28.03,31.03,31.03,,1006.88,0,0,0.36,,,,,,,,30.56,60,20.14,30.56,10.75,1.14,,1400,1,100,60
22/10/2016,02:00:00,2,Oct-16,Winter-2016,27.67,27.86,27.67,74.5,22.72,1.24,,1,4.04,,27.67,30.56,30.56,,1006.79,0,0,0.35,,,,,,,,30.61,60,20.17,30.61,10.75,1.14,,1402,1,100,60
22/10/2016,03:00:00,3,Oct-16,Winter-2016,27.08,27.42,27.08,79,23.11,0.62,,0.5,2.49,,27.08,29.89,29.89,,1006.94,0,0,0.33,,,,,,,,30.83,61,20.47,30.83,10.95,1.13,,1402,1,100,60
22/10/2016,04:00:00,4,Oct-16,Winter-2016,25.61,26.36,25.61,84.5,22.81,0,,0,0.93,,25.61,27.86,27.86,,1007.2,0,0,0.27,,,,,,,,30.78,61,20.44,30.78,10.95,1.14,,1401,1,100,60
22/10/2016,05:00:00,5,Oct-16,Winter-2016,24.83,25.14,24.81,86,22.33,0,,0,0.31,,24.83,26.81,26.81,,1007.47,0,0,0.24,,,,,,,,30.78,61,20.44,30.78,10.95,1.14,,1403,1,100,60
22/10/2016,06:00:00,6,Oct-16,Winter-2016,23.89,24.44,23.89,86,21.42,0,,0,0,,23.89,25.5,25.5,,1008.13,0,0,0.21,,,,,,,,30.83,61,20.47,30.83,10.95,1.14,,1401,1,100,60
22/10/2016,07:00:00,7,Oct-16,Winter-2016,23.69,23.83,23.39,89.5,21.86,0,,0,0,,23.69,25.33,25.33,,1008.69,0,0,0.2,,,,,,,,30.92,61.5,20.61,30.92,11.01,1.14,,1403,1,100,60
22/10/2016,08:00:00,8,Oct-16,Winter-2016,27.86,27.86,25.56,73.5,22.67,0.31,,0.25,0.93,,27.86,30.92,30.92,,1009.4,0,0,0.36,,,,,,,,31,62,20.75,31,11.08,1.14,,1398,1,100,60
22/10/2016,09:00:00,9,Oct-16,Winter-2016,29.5,29.5,28.97,67,22.72,0.62,,0.5,2.49,,29.5,33.39,33.39,,1009.79,0,0,0.42,,,,,,,,30.97,61.5,20.64,30.97,11.01,1.14,,1403,1,100,60
22/10/2016,10:00:00,10,Oct-16,Winter-2016,30.69,30.69,29.86,60.5,22.17,0.62,,0.5,3.42,,30.69,34.47,34.47,,1009.69,0,0,0.46,,,,,,,,30.94,61,20.53,30.94,10.95,1.14,,1405,1,100,60
22/10/2016,11:00:00,11,Oct-16,Winter-2016,31.69,31.69,31.08,51,20.31,1.24,,1,4.04,,31.69,34.42,34.42,,1009.03,0,0,0.5,,,,,,,,31,61,20.56,31,10.95,1.14,,1405,1,100,60
22/10/2016,12:00:00,12,Oct-16,Winter-2016,31.81,32.03,31.61,47,19.11,0.93,,0.75,4.04,,31.81,33.86,33.86,,1008.09,0,0,0.51,,,,,,,,31,61,20.56,31,10.95,1.14,,1400,1,100,60
22/10/2016,13:00:00,13,Oct-16,Winter-2016,32.78,32.89,32.28,45.5,19.44,1.24,,1,4.04,,32.78,35.17,35.17,,1007.11,0,0,0.54,,,,,,,,30.92,60.5,20.42,30.92,10.85,1.13,,1400,1,100,60
22/10/2016,14:00:00,14,Oct-16,Winter-2016,32.28,32.78,32,50.5,20.67,1.24,,1,3.73,,32.28,35.36,35.36,,1006.45,0,0,0.52,,,,,,,,30.94,60,20.33,30.94,10.75,1.13,,1386,1,100,60
22/10/2016,15:00:00,15,Oct-16,Winter-2016,31.72,32.08,31.64,57,22.17,0.62,,0.5,4.35,,31.72,35.78,35.78,,1005.72,0,0,0.5,,,,,,,,30.94,60,20.33,30.94,10.75,1.13,,1395,1,100,60
22/10/2016,16:00:00,16,Oct-16,Winter-2016,31.44,31.72,31.44,57.5,22.03,0.62,,0.5,2.49,,31.44,35.22,35.22,,1005.5,0,0,0.49,,,,,,,,30.94,60,20.33,30.94,10.75,1.13,,1396,1,100,60
22/10/2016,17:00:00,17,Oct-16,Winter-2016,30.81,31.19,30.81,58.5,21.72,0.31,,0.25,1.86,,30.81,34.25,34.25,,1005.44,0,0,0.47,,,,,,,,31.11,61,20.61,31.11,10.95,1.13,,1399,1,100,60
22/10/2016,18:00:00,18,Oct-16,Winter-2016,29.89,30.31,29.86,62.5,21.94,0.31,,0.25,2.49,,29.89,33.33,33.33,,1005.67,0,0,0.43,,,,,,,,31.11,61,20.61,31.11,10.95,1.13,,1400,1,100,60
22/10/2016,19:00:00,19,Oct-16,Winter-2016,29.47,29.69,29.44,64,21.94,0.93,,0.75,4.35,,29.47,32.75,32.75,,1006.23,0,0,0.42,,,,,,,,31.17,61,20.64,31.17,10.95,1.13,,1400,1,100,60
22/10/2016,20:00:00,20,Oct-16,Winter-2016,28.31,28.94,28.31,70.5,22.44,0,,0,0.62,,28.31,31.39,31.39,,1007.04,0,0,0.37,,,,,,,,31.22,61,20.67,31.22,10.95,1.13,,1403,1,100,60
22/10/2016,21:00:00,21,Oct-16,Winter-2016,27.64,28.03,27.64,73.5,22.47,0,,0,0,,27.64,30.33,30.33,,1007.54,0,0,0.35,,,,,,,,31.22,61,20.67,31.22,10.95,1.13,,1403,1,100,60
22/10/2016,22:00:00,22,Oct-16,Winter-2016,26.86,27.22,26.81,78.5,22.81,0,,0,0.62,,26.86,29.39,29.39,,1007.69,0,0,0.32,,,,,,,,31.22,61,20.67,31.22,10.95,1.13,,1403,1,100,60
22/10/2016,23:00:00,23,Oct-16,Winter-2016,26.94,26.94,26.69,76.5,22.44,0,,0,1.24,,26.94,29.31,29.31,,1007.69,0,0,0.32,,,,,,,,31.39,62,20.94,31.39,11.07,1.13,,1403,1,100,60
23/10/2016,00:00:00,24,Oct-16,Winter-2016,27.11,27.39,27.03,78,22.94,0.62,,0.5,2.17,,27.11,29.83,29.83,,1007.52,0,0,0.33,,,,,,,,31.39,62,20.94,31.39,11.07,1.13,,1403,1,100,60
23/10/2016,01:00:00,1,Oct-16,Winter-2016,26.25,26.83,26.25,80.5,22.61,0.31,,0.25,0.93,,26.25,28.53,28.53,,1007.21,0,0,0.3,,,,,,,,31.39,62,20.94,31.39,11.07,1.13,,1402,1,100,60
23/10/2016,02:00:00,2,Oct-16,Winter-2016,25.39,25.69,25.31,84,22.5,0,,0,0,,25.39,27.53,27.53,,1006.98,0,0,0.26,,,,,,,,31.39,62,20.94,31.39,11.07,1.13,,1402,1,100,60
23/10/2016,03:00:00,3,Oct-16,Winter-2016,24.69,25.28,24.69,85.5,22.11,0,,0,0,,24.69,26.58,26.58,,1006.49,0,0,0.24,,,,,,,,31.39,62,20.94,31.39,11.07,1.13,,1401,1,100,60
23/10/2016,04:00:00,4,Oct-16,Winter-2016,23.75,24.08,23.69,89.5,21.92,0,,0,0,,23.75,25.47,25.47,,1006.35,0,0,0.2,,,,,,,,31.39,62,20.94,31.39,11.07,1.13,,1400,1,100,60
23/10/2016,05:00:00,5,Oct-16,Winter-2016,23.44,23.67,23.44,91,21.89,0,,0,0,,23.44,24.97,24.97,,1006.57,0,0,0.19,,,,,,,,31.39,62,20.94,31.39,11.07,1.13,,1401,1,100,60
23/10/2016,06:00:00,6,Oct-16,Winter-2016,23,23.22,23,93.5,21.92,0,,0,0,,23,24.53,24.53,,1007.35,0,0,0.18,,,,,,,,31.47,62.5,21.06,31.47,11.17,1.13,,1403,1,100,60
23/10/2016,07:00:00,7,Oct-16,Winter-2016,23.89,23.89,23.06,93,22.69,0,,0,0.93,,23.89,25.75,25.75,,1008.04,0,0,0.21,,,,,,,,31.56,63,21.17,31.56,11.27,1.13,,1401,1,100,60
23/10/2016,08:00:00,8,Oct-16,Winter-2016,27.03,27.03,25.56,78.5,22.94,0.93,,0.75,2.8,,27.03,29.75,29.75,,1008.57,0,0,0.33,,,,,,,,31.56,63,21.17,31.56,11.27,1.13,,1397,1,100,60
23/10/2016,09:00:00,9,Oct-16,Winter-2016,28.64,28.64,27.92,70,22.61,1.24,,1,3.42,,28.64,32.08,32.08,,1009.03,0,0,0.39,,,,,,,,31.56,63,21.17,31.56,11.27,1.14,,1399,1,100,60
23/10/2016,10:00:00,10,Oct-16,Winter-2016,29.83,29.92,29.33,61.5,21.64,1.55,,1.25,4.35,,29.83,33,33,,1009.01,0,0,0.43,,,,,,,,31.56,63,21.17,31.56,11.27,1.14,,1362,1,98.7,60
23/10/2016,11:00:00,11,Oct-16,Winter-2016,30.5,30.81,30.14,60,21.83,1.55,,1.25,5.59,,30.5,34.11,34.11,,1008.48,0,0,0.46,,,,,,,,27.97,52,16.75,27.97,9.4,1.15,,1397,1,100,60
23/10/2016,12:00:00,12,Oct-16,Winter-2016,31.86,31.89,31,49,19.72,1.24,,1,5.28,,31.86,34.22,34.22,,1007.54,0,0,0.51,,,,,,,,26.08,46,13.69,26.08,8.52,1.15,,1358,1,99.3,60
23/10/2016,13:00:00,13,Oct-16,Winter-2016,32.19,32.5,31.92,47.5,19.61,1.24,,1,4.97,,32.19,34.53,34.53,,1006.37,0,0,0.52,,,,,,,,25.33,42.5,11.97,25.33,7.97,1.16,,1387,1,100,60
23/10/2016,14:00:00,14,Oct-16,Winter-2016,32.22,32.61,32.06,47.5,19.64,1.55,,1.25,6.52,,32.22,34.58,34.58,,1005.52,0,0,0.52,,,,,,,,25,41,11.22,25,7.75,1.16,,1402,1,100,60
23/10/2016,15:00:00,15,Oct-16,Winter-2016,31.86,32.36,31.81,50,20.14,2.49,,2,7.15,,31.86,34.56,34.56,,1004.86,0,0,0.51,,,,,,,,24.89,41,11.14,24.89,7.75,1.16,,1402,1,100,60
23/10/2016,16:00:00,16,Oct-16,Winter-2016,31.83,32.14,31.67,48,19.47,1.86,,1.5,5.9,,31.83,34.06,34.06,,1004.59,0,0,0.51,,,,,,,,24.94,42,11.47,24.94,7.9,1.16,,1393,1,100,60
23/10/2016,17:00:00,17,Oct-16,Winter-2016,30.67,31.28,30.67,49.5,18.89,1.55,,1.25,5.9,,30.67,32.25,32.25,,1004.74,0,0,0.46,,,,,,,,26.53,44.5,13.69,26.53,8.25,1.15,,1348,1,97.2,60
23/10/2016,18:00:00,18,Oct-16,Winter-2016,29.64,30.06,29.64,56.5,20.08,0.93,,0.75,3.73,,29.64,31.67,31.67,,1004.84,0,0,0.42,,,,,,,,27.33,46,14.78,27.33,8.45,1.15,,1359,1,98.4,60
23/10/2016,19:00:00,19,Oct-16,Winter-2016,29.06,29.33,29.06,64,21.56,0.93,,0.75,3.42,,29.06,31.92,31.92,,1005.37,0,0,0.4,,,,,,,,27.83,47.5,15.56,27.83,8.71,1.14,,1389,1,100,60
23/10/2016,20:00:00,20,Oct-16,Winter-2016,28.44,28.78,28.44,68,21.94,1.24,,1,4.97,,28.44,31.28,31.28,,1006.1,0,0,0.38,,,,,,,,28.14,48.5,16,28.14,8.86,1.14,,1402,1,100,60
23/10/2016,21:00:00,21,Oct-16,Winter-2016,28.11,28.22,28.06,68.5,21.75,1.24,,1,3.42,,28.11,30.67,30.67,,1006.38,0,0,0.37,,,,,,,,28.47,50.5,16.75,28.47,9.2,1.14,,1402,1,100,60
23/10/2016,22:00:00,22,Oct-16,Winter-2016,27.86,28.06,27.83,66,20.92,0.62,,0.5,3.42,,27.86,29.83,29.83,,1006.25,0,0,0.36,,,,,,,,28.64,51.5,17.11,28.64,9.35,1.14,,1394,1,100,60
23/10/2016,23:00:00,23,Oct-16,Winter-2016,27.33,27.64,27.33,68.5,21.03,0.93,,0.75,3.11,,27.33,29.17,29.17,,1006.25,0,0,0.34,,,,,,,,28.86,52.5,17.47,28.86,9.5,1.14,,1205,1,88.1,60
24/10/2016,00:00:00,24,Oct-16,Winter-2016,26.75,27.03,26.69,71,21.06,0.93,,0.75,3.11,,26.75,28.42,28.42,,1006.08,0,0,0.32,,,,,,,,29.03,53.5,17.83,29.03,9.68,1.14,,1377,1,99.95,60
24/10/2016,01:00:00,1,Oct-16,Winter-2016,26.25,26.47,26.25,76.5,21.78,0.93,,0.75,3.73,,26.25,28.11,28.11,,1005.61,0,0,0.3,,,,,,,,29.11,54,18.03,29.11,9.75,1.14,,1351,1,98.7,60
24/10/2016,02:00:00,2,Oct-16,Winter-2016,25.69,26,25.69,81,22.19,0.93,,0.75,3.73,,25.69,27.72,27.72,,1005.3,0,0,0.28,,,,,,,,29.22,55,18.33,29.22,9.85,1.14,,1361,1,99.5,60
24/10/2016,03:00:00,3,Oct-16,Winter-2016,25,25.33,25,84,22.08,0.31,,0.25,2.17,,25,26.94,26.94,,1005.17,0,0,0.25,,,,,,,,29.28,55,18.36,29.28,9.85,1.14,,1395,1,100,60
24/10/2016,04:00:00,4,Oct-16,Winter-2016,25.14,25.25,24.94,84,22.25,0.93,,0.75,3.42,,25.14,27.14,27.14,,1005.11,0,0,0.26,,,,,,,,29.42,56,18.67,29.42,10.05,1.14,,1399,1,100,60
24/10/2016,05:00:00,5,Oct-16,Winter-2016,24.67,24.94,24.67,84,21.78,1.55,,1.25,4.66,,24.67,26.47,26.47,,1005.18,0,0,0.24,,,,,,,,29.39,56,18.67,29.39,10.05,1.14,,1400,1,100,60
24/10/2016,06:00:00,6,Oct-16,Winter-2016,24.53,24.64,24.47,84.5,21.75,0.62,,0.5,3.11,,24.53,26.31,26.31,,1005.76,0,0,0.23,,,,,,,,29.5,57,18.94,29.5,10.21,1.14,,1392,1,100,60
24/10/2016,07:00:00,7,Oct-16,Winter-2016,24.92,24.92,24.56,86,22.42,0.93,,0.75,3.73,,24.92,26.94,26.94,,1006.28,0,0,0.25,,,,,,,,29.61,57.5,19.14,29.61,10.28,1.14,,1314,1,96.05,60
24/10/2016,08:00:00,8,Oct-16,Winter-2016,26.03,26.03,25.25,83,22.89,0.93,,0.75,4.35,,26.03,28.42,28.42,,1006.91,0,0,0.29,,,,,,,,29.67,58,19.28,29.67,10.35,1.14,,1289,1,93.35,60
24/10/2016,09:00:00,9,Oct-16,Winter-2016,27.97,27.97,27.17,73.5,22.78,1.24,,1,4.35,,27.97,31.08,31.08,,1007.37,0,0,0.36,,,,,,,,29.69,58.5,19.42,29.69,10.45,1.14,,1405,1,100,60
24/10/2016,10:00:00,10,Oct-16,Winter-2016,29.22,29.39,28.53,66.5,22.33,1.86,,1.5,5.28,,29.22,32.69,32.69,,1007.32,0,0,0.41,,,,,,,,26.86,49,15.17,26.86,9,1.15,,1401,1,100,60
24/10/2016,11:00:00,11,Oct-16,Winter-2016,29.83,30.22,29.44,65.5,22.67,0.93,,0.75,3.73,,29.83,33.83,33.83,,1006.72,0,0,0.43,,,,,,,,25.58,44.5,12.81,25.58,8.28,1.16,,1402,1,100,60
24/10/2016,12:00:00,12,Oct-16,Winter-2016,30.17,30.47,29.86,63,22.33,1.24,,1,4.97,,30.17,34.06,34.06,,1005.79,0,0,0.44,,,,,,,,25.39,45.5,12.92,25.39,8.44,1.16,,1393,1,100,60
24/10/2016,13:00:00,13,Oct-16,Winter-2016,31.42,31.47,30.61,59,22.44,1.24,,1,5.28,,31.42,35.47,35.47,,1004.81,0,0,0.49,,,,,,,,25.33,45.5,12.86,25.33,8.44,1.16,,1404,1,100,60
24/10/2016,14:00:00,14,Oct-16,Winter-2016,31.42,31.61,31.17,58.5,22.31,1.55,,1.25,4.66,,31.42,35.36,35.36,,1003.84,0,0,0.49,,,,,,,,24.72,41.5,11.11,24.72,7.83,1.16,,1403,1,100,60
24/10/2016,15:00:00,15,Oct-16,Winter-2016,31.69,31.94,31.44,58.5,22.56,1.55,,1.25,5.28,,31.69,36.03,36.03,,1003.34,0,0,0.5,,,,,,,,24.5,41,10.75,24.5,7.75,1.16,,1400,1,100,60
24/10/2016,16:00:00,16,Oct-16,Winter-2016,31.33,31.58,31.31,56.5,21.64,1.55,,1.25,5.9,,31.33,34.75,34.75,,1003.18,0,0,0.49,,,,,,,,24.28,39.5,10.06,24.28,7.57,1.16,,1401,1,100,60
24/10/2016,17:00:00,17,Oct-16,Winter-2016,30.47,31,30.47,58,21.28,1.24,,1,4.66,,30.47,33.56,33.56,,1003.3,0,0,0.46,,,,,,,,24.36,39.5,10.11,24.36,7.57,1.16,,1397,1,100,60
24/10/2016,18:00:00,18,Oct-16,Winter-2016,28.97,29.69,28.97,62.5,21.08,0.62,,0.5,2.17,,28.97,31.44,31.44,,1003.56,0,0,0.4,,,,,,,,25.89,41.5,12.17,25.89,7.81,1.15,,1391,1,100,60
24/10/2016,19:00:00,19,Oct-16,Winter-2016,27.92,28.31,27.83,69,21.69,0,,0,0,,27.92,30.31,30.31,,1004.05,0,0,0.36,,,,,,,,26.56,43.5,13.42,26.56,8.1,1.15,,1403,1,100,60
24/10/2016,20:00:00,20,Oct-16,Winter-2016,28.17,28.19,27.81,71.5,22.53,0.31,,0.25,2.49,,28.17,31.22,31.22,,1004.95,0,0,0.37,,,,,,,,26.89,45,14.17,26.89,8.34,1.15,,1402,1,100,60
24/10/2016,21:00:00,21,Oct-16,Winter-2016,27.72,28.22,27.69,74.5,22.78,0.31,,0.25,2.49,,27.72,30.69,30.69,,1005.42,0,0,0.35,,,,,,,,27.22,46.5,14.86,27.22,8.54,1.15,,1395,1,100,60
24/10/2016,22:00:00,22,Oct-16,Winter-2016,27.81,27.89,27.56,71.5,22.19,0.62,,0.5,2.8,,27.81,30.44,30.44,,1005.69,0,0,0.36,,,,,,,,27.47,48,15.42,27.47,8.82,1.15,,1402,1,100,60
24/10/2016,23:00:00,23,Oct-16,Winter-2016,27.36,27.61,27.14,75.5,22.64,0.31,,0.25,2.49,,27.36,30.03,30.03,,1005.81,0,0,0.34,,,,,,,,27.67,49,15.83,27.67,8.92,1.15,,1404,1,100,60
25/10/2016,00:00:00,24,Oct-16,Winter-2016,27.25,27.39,27.19,75.5,22.53,0.93,,0.75,3.11,,27.25,29.78,29.78,,1005.49,0,0,0.33,,,,,,,,27.83,50,16.22,27.83,9.12,1.14,,1403,1,100,60
25/10/2016,01:00:00,1,Oct-16,Winter-2016,26.69,27.06,26.69,80,22.94,0.31,,0.25,2.17,,26.69,29.25,29.25,,1005.13,0,0,0.31,,,,,,,,27.97,50.5,16.42,27.97,9.22,1.14,,1400,1,100,60
25/10/2016,02:00:00,2,Oct-16,Winter-2016,25.89,26.42,25.86,83.5,22.86,0,,0,0.93,,25.89,28.22,28.22,,1004.78,0,0,0.28,,,,,,,,28.08,51.5,16.78,28.08,9.36,1.14,,1402,1,100,60
25/10/2016,03:00:00,3,Oct-16,Winter-2016,24.75,25.33,24.75,87.5,22.53,0,,0,0.93,,24.75,26.72,26.72,,1004.52,0,0,0.24,,,,,,,,28.25,52.5,17.11,28.25,9.51,1.14,,1404,1,100,60
25/10/2016,04:00:00,4,Oct-16,Winter-2016,24.03,24.33,24.03,91,22.47,0,,0,0,,24.03,25.94,25.94,,1004.52,0,0,0.21,,,,,,,,28.36,53.5,17.44,28.36,9.68,1.14,,1402,1,100,60
25/10/2016,05:00:00,5,Oct-16,Winter-2016,24.22,24.25,23.97,91.5,22.75,0,,0,0,,24.22,26.22,26.22,,1004.64,0,0,0.22,,,,,,,,28.44,54,17.61,28.44,9.75,1.14,,1403,1,100,60
25/10/2016,06:00:00,6,Oct-16,Winter-2016,24.67,24.72,24.14,89.5,22.81,0.31,,0.25,1.55,,24.67,26.72,26.72,,1005.08,0,0,0.24,,,,,,,,28.67,55,17.94,28.67,9.85,1.14,,1401,1,100,60
25/10/2016,07:00:00,7,Oct-16,Winter-2016,25.5,25.56,25.28,86,23,0.31,,0.25,1.55,,25.5,27.83,27.83,,1006.13,0,0,0.27,,,,,,,,28.67,55,17.94,28.67,9.85,1.14,,1399,1,100,60
25/10/2016,08:00:00,8,Oct-16,Winter-2016,27.14,27.14,26,80,23.39,0,,0,1.24,,27.14,30.19,30.19,,1007.03,0,0,0.33,,,,,,,,28.78,56,18.25,28.78,10.05,1.14,,1403,1,100,60
25/10/2016,09:00:00,9,Oct-16,Winter-2016,29.17,29.17,28.28,72.5,23.69,0.31,,0.25,1.55,,29.17,33.75,33.75,,1007.59,0,0,0.41,,,,,,,,28.83,56,18.28,28.83,10.05,1.14,,1402,1,100,60
25/10/2016,10:00:00,10,Oct-16,Winter-2016,29.92,30.03,29.56,67,23.11,0.93,,0.75,3.73,,29.92,34.33,34.33,,1007.54,0,0,0.43,,,,,,,,26.42,48,14.53,26.42,8.81,1.15,,1401,1,100,60
25/10/2016,11:00:00,11,Oct-16,Winter-2016,30.86,30.86,30.28,62.5,22.86,1.24,,1,4.35,,30.86,35.17,35.17,,1006.94,0,0,0.47,,,,,,,,25.17,43.5,12.14,25.17,8.12,1.16,,1399,1,100,60
25/10/2016,12:00:00,12,Oct-16,Winter-2016,31.53,31.58,31.11,57,21.97,0.93,,0.75,3.11,,31.53,35.31,35.31,,1006.15,0,0,0.5,,,,,,,,25.5,43.5,12.44,25.5,8.12,1.16,,1397,1,100,60
25/10/2016,13:00:00,13,Oct-16,Winter-2016,32.39,32.58,31.89,54,21.89,0.93,,0.75,3.42,,32.39,36.47,36.47,,1005.39,0,0,0.53,,,,,,,,24.69,41,10.94,24.69,7.75,1.16,,1402,1,100,60
25/10/2016,14:00:00,14,Oct-16,Winter-2016,32.97,33.22,32.67,50.5,21.33,1.24,,1,3.42,,32.97,36.72,36.72,,1004.61,0,0,0.55,,,,,,,,24.42,41,10.69,24.42,7.75,1.16,,1402,1,100,60
25/10/2016,15:00:00,15,Oct-16,Winter-2016,32.86,33.11,32.75,50.5,21.25,1.24,,1,4.04,,32.86,36.47,36.47,,1004,0,0,0.55,,,,,,,,25.78,43,12.56,25.78,8.02,1.15,,1404,1,100,60
25/10/2016,16:00:00,16,Oct-16,Winter-2016,32.72,32.86,32.61,49.5,20.78,1.24,,1,3.42,,32.72,35.94,35.94,,1003.71,0,0,0.54,,,,,,,,26.69,45.5,14.11,26.69,8.4,1.15,,1381,1,99.8,60
25/10/2016,17:00:00,17,Oct-16,Winter-2016,31.31,32.17,31.31,61.5,23,0.62,,0.5,3.73,,31.31,35.92,35.92,,1004.06,0,0,0.49,,,,,,,,27.17,47.5,15.11,27.17,8.73,1.15,,1392,1,100,60
25/10/2016,18:00:00,18,Oct-16,Winter-2016,29.89,30.42,29.89,67,23.11,0.62,,0.5,3.11,,29.89,34.28,34.28,,1004.42,0,0,0.43,,,,,,,,27.44,48.5,15.56,27.44,8.88,1.14,,1387,1,100,60
25/10/2016,19:00:00,19,Oct-16,Winter-2016,29.17,29.56,29.14,67.5,22.53,0.31,,0.25,2.17,,29.17,32.81,32.81,,1005.28,0,0,0.41,,,,,,,,27.72,49.5,16.03,27.72,9.02,1.14,,1401,1,100,60
25/10/2016,20:00:00,20,Oct-16,Winter-2016,28.64,28.86,28.5,68.5,22.28,0,,0,1.86,,28.64,31.83,31.83,,1006.6,0,0,0.39,,,,,,,,27.92,50,16.25,27.92,9.12,1.15,,1402,1,100,60
25/10/2016,21:00:00,21,Oct-16,Winter-2016,27.69,28.31,27.69,73,22.42,0,,0,0,,27.69,30.39,30.39,,1007.42,0,0,0.35,,,,,,,,28.08,51,16.64,28.08,9.31,1.15,,1404,1,100,60
25/10/2016,22:00:00,22,Oct-16,Winter-2016,28.17,28.28,27.78,73,22.86,0.62,,0.5,2.17,,28.17,31.5,31.5,,1007.52,0,0,0.37,,,,,,,,28.17,51,16.69,28.17,9.31,1.15,,1403,1,100,60
25/10/2016,23:00:00,23,Oct-16,Winter-2016,27.97,28.17,27.92,74,22.92,0.62,,0.5,2.8,,27.97,31.19,31.19,,1007.55,0,0,0.36,,,,,,,,28.39,52,17.06,28.39,9.41,1.14,,1401,1,100,60
